stratum,r,gene_set,dose
any_pair,-0.0077,all,0.05
any_pair,0.0039,all,0.05
any_pair,0.0112,all,0.05
any_pair,0.0081,all,0.05
any_pair,0.0095,all,0.05
any_pair,0.027,all,0.05
any_pair,0.0404,all,0.05
any_pair,0.0182,all,0.05
any_pair,0.0147,all,0.05
any_pair,0.0196,all,0.05
any_pair,0.0229,all,0.05
any_pair,0.0043,all,0.05
any_pair,0.0165,all,0.05
any_pair,0.0291,all,0.05
any_pair,0.0032,all,0.05
any_pair,-0.0007,all,0.05
any_pair,0.0328,all,0.05
any_pair,0.0625,all,0.05
any_pair,0.0003,all,0.05
any_pair,-0.0003,all,0.05
any_pair,0.0202,all,0.05
any_pair,0.0212,all,0.05
any_pair,-0.0013,all,0.05
any_pair,0.0287,all,0.05
any_pair,0.0295,all,0.05
any_pair,0.0314,all,0.05
any_pair,0.0069,all,0.05
any_pair,0.0392,all,0.05
any_pair,0.0698,all,0.05
any_pair,-0.0076,all,0.05
any_pair,0.0248,all,0.05
any_pair,0.0026,all,0.05
any_pair,0.0384,all,0.05
any_pair,0.0004,all,0.05
any_pair,0.0368,all,0.05
any_pair,0.0114,all,0.05
any_pair,0.2564,all,0.05
any_pair,-0.0435,all,0.05
any_pair,0.0025,all,0.05
any_pair,0.009,all,0.05
any_pair,0.0018,all,0.05
any_pair,-0.0072,all,0.05
any_pair,0.0156,all,0.05
any_pair,0.0324,all,0.05
any_pair,0.0369,all,0.05
any_pair,0.0595,all,0.05
any_pair,0.0107,all,0.05
any_pair,-0.0097,all,0.05
any_pair,0.004,all,0.05
any_pair,0.0206,all,0.05
any_pair,0.0328,all,0.05
any_pair,0.0337,all,0.05
any_pair,-0.0049,all,0.05
any_pair,0.0163,all,0.05
any_pair,0.0066,all,0.05
any_pair,0.0139,all,0.05
any_pair,-0.0134,all,0.05
any_pair,0.0268,all,0.05
any_pair,0.0032,all,0.05
any_pair,-0.0038,all,0.05
any_pair,0.0186,all,0.05
any_pair,0.0398,all,0.05
any_pair,-0.0088,all,0.05
any_pair,-0.0239,all,0.05
any_pair,0.0443,all,0.05
any_pair,-0.0033,all,0.05
any_pair,0.0592,all,0.05
any_pair,-0.0105,all,0.05
any_pair,0.0313,all,0.05
any_pair,0.0683,all,0.05
any_pair,0.0578,all,0.05
any_pair,-0.0012,all,0.05
any_pair,0.0458,all,0.05
any_pair,0.0615,all,0.05
any_pair,0.0188,all,0.05
any_pair,0.0285,all,0.05
any_pair,0.0094,all,0.05
any_pair,0.0525,all,0.05
any_pair,0.0075,all,0.05
any_pair,0.0062,all,0.05
any_pair,-0.0191,all,0.05
any_pair,0.0283,all,0.05
any_pair,0.011,all,0.05
any_pair,0.0051,all,0.05
any_pair,-0.0183,all,0.05
any_pair,0.0027,all,0.05
any_pair,0.0017,all,0.05
any_pair,-0.0088,all,0.05
any_pair,0.0052,all,0.05
any_pair,0.0087,all,0.05
any_pair,0.0338,all,0.05
any_pair,0.0229,all,0.05
any_pair,0.0265,all,0.05
any_pair,0.0145,all,0.05
any_pair,-0.0089,all,0.05
any_pair,0.0336,all,0.05
any_pair,0.02,all,0.05
any_pair,-0.0066,all,0.05
any_pair,0.0426,all,0.05
any_pair,-0.0183,all,0.05
any_pair,0.0388,all,0.05
any_pair,0.0338,all,0.05
any_pair,0.0061,all,0.05
any_pair,0.0237,all,0.05
any_pair,0.0744,all,0.05
any_pair,0.0093,all,0.05
any_pair,0.0087,all,0.05
any_pair,0.0011,all,0.05
any_pair,-0.006,all,0.05
any_pair,-0.0216,all,0.05
any_pair,0.0341,all,0.05
any_pair,0.0045,all,0.05
any_pair,0.0193,all,0.05
any_pair,0.038,all,0.05
any_pair,0.0681,all,0.05
any_pair,0.0244,all,0.05
any_pair,-0.0033,all,0.05
any_pair,0.0406,all,0.05
any_pair,-0.0015,all,0.05
any_pair,0.0236,all,0.05
any_pair,0.0095,all,0.05
any_pair,0.0298,all,0.05
any_pair,0.0025,all,0.05
any_pair,0.0361,all,0.05
any_pair,0.0081,all,0.05
any_pair,0.0173,all,0.05
any_pair,0.1141,all,0.05
any_pair,-0.0192,all,0.05
any_pair,0.0168,all,0.05
any_pair,0.1392,all,0.05
any_pair,0.0422,all,0.05
any_pair,0.0352,all,0.05
any_pair,0.0157,all,0.05
any_pair,-0.0001,all,0.05
any_pair,-0.0189,all,0.05
any_pair,0.0234,all,0.05
any_pair,0.011,all,0.05
any_pair,0.0503,all,0.05
any_pair,0.0017,all,0.05
any_pair,-0.0194,all,0.05
any_pair,-0.004,all,0.05
any_pair,0.0185,all,0.05
any_pair,0.0393,all,0.05
any_pair,0.0189,all,0.05
any_pair,-0.0064,all,0.05
any_pair,-0.0002,all,0.05
any_pair,0.0398,all,0.05
any_pair,0.0165,all,0.05
any_pair,0.0006,all,0.05
any_pair,0.0025,all,0.05
any_pair,0.0325,all,0.05
any_pair,0.0049,all,0.05
any_pair,0.0149,all,0.05
any_pair,-0.0048,all,0.05
any_pair,-0.0072,all,0.05
any_pair,0.0079,all,0.05
any_pair,0.0207,all,0.05
any_pair,-0.0078,all,0.05
any_pair,0.0149,all,0.05
any_pair,0.0134,all,0.05
any_pair,0.0306,all,0.05
any_pair,-0.0185,all,0.05
any_pair,0.0335,all,0.05
any_pair,-0.0014,all,0.05
any_pair,0.0357,all,0.05
any_pair,0.008,all,0.05
any_pair,0.0306,all,0.05
any_pair,-0.0,all,0.05
any_pair,0.1842,all,0.05
any_pair,0.0265,all,0.05
any_pair,0.0001,all,0.05
any_pair,0.0071,all,0.05
any_pair,0.0043,all,0.05
any_pair,0.0375,all,0.05
any_pair,-0.0003,all,0.05
any_pair,0.0237,all,0.05
any_pair,0.0165,all,0.05
any_pair,0.0389,all,0.05
any_pair,0.0044,all,0.05
any_pair,0.0196,all,0.05
any_pair,-0.0026,all,0.05
any_pair,0.0264,all,0.05
any_pair,0.0727,all,0.05
any_pair,-0.0238,all,0.05
any_pair,0.0297,all,0.05
any_pair,0.006,all,0.05
any_pair,0.0624,all,0.05
any_pair,0.0392,all,0.05
any_pair,0.0422,all,0.05
any_pair,0.0201,all,0.05
any_pair,0.0073,all,0.05
any_pair,0.1954,all,0.05
any_pair,0.0812,all,0.05
any_pair,0.0462,all,0.05
any_pair,0.0494,all,0.05
any_pair,0.0264,all,0.05
any_pair,0.0363,all,0.05
any_pair,0.0124,all,0.05
any_pair,0.0082,all,0.05
any_pair,0.0425,all,0.05
any_pair,0.0386,all,0.05
any_pair,0.0827,all,0.05
any_pair,0.0525,all,0.05
any_pair,-0.0127,all,0.05
any_pair,0.0169,all,0.05
any_pair,0.0631,all,0.05
any_pair,0.0442,all,0.05
any_pair,-0.0226,all,0.05
any_pair,-0.0025,all,0.05
any_pair,0.004,all,0.05
any_pair,-0.0199,all,0.05
any_pair,0.0225,all,0.05
any_pair,0.0339,all,0.05
any_pair,-0.0089,all,0.05
any_pair,-0.0257,all,0.05
any_pair,0.0159,all,0.05
any_pair,0.0338,all,0.05
any_pair,-0.0246,all,0.05
any_pair,-0.0057,all,0.05
any_pair,0.0238,all,0.05
any_pair,-0.0079,all,0.05
any_pair,-0.0012,all,0.05
any_pair,0.0379,all,0.05
any_pair,0.0544,all,0.05
any_pair,0.0127,all,0.05
any_pair,0.0031,all,0.05
any_pair,0.034,all,0.05
any_pair,0.0236,all,0.05
any_pair,0.0274,all,0.05
any_pair,0.0199,all,0.05
any_pair,-0.0175,all,0.05
any_pair,-0.0063,all,0.05
any_pair,0.0067,all,0.05
any_pair,-0.0008,all,0.05
any_pair,0.0043,all,0.05
any_pair,0.0389,all,0.05
any_pair,-0.0154,all,0.05
any_pair,0.0117,all,0.05
any_pair,-0.0038,all,0.05
any_pair,-0.0059,all,0.05
any_pair,-0.0173,all,0.05
any_pair,0.0066,all,0.05
any_pair,0.0161,all,0.05
any_pair,0.0218,all,0.05
any_pair,0.0384,all,0.05
any_pair,0.0474,all,0.05
any_pair,0.0316,all,0.05
any_pair,-0.0096,all,0.05
any_pair,-0.0054,all,0.05
any_pair,-0.0081,all,0.05
any_pair,-0.0127,all,0.05
any_pair,0.0541,all,0.05
any_pair,0.0248,all,0.05
any_pair,0.0277,all,0.05
any_pair,0.0166,all,0.05
any_pair,-0.021,all,0.05
any_pair,0.0322,all,0.05
any_pair,-0.0466,all,0.05
any_pair,0.0011,all,0.05
any_pair,0.0094,all,0.05
any_pair,-0.0016,all,0.05
any_pair,0.0168,all,0.05
any_pair,0.0008,all,0.05
any_pair,0.041,all,0.05
any_pair,-0.0219,all,0.05
any_pair,0.0176,all,0.05
any_pair,-0.0174,all,0.05
any_pair,-0.0065,all,0.05
any_pair,0.009,all,0.05
any_pair,0.1444,all,0.05
any_pair,0.0494,all,0.05
any_pair,0.0842,all,0.05
any_pair,0.0069,all,0.05
any_pair,0.026,all,0.05
any_pair,0.0084,all,0.05
any_pair,0.0052,all,0.05
any_pair,-0.0206,all,0.05
any_pair,0.0215,all,0.05
any_pair,0.0366,all,0.05
any_pair,-0.021,all,0.05
any_pair,0.0291,all,0.05
any_pair,0.0108,all,0.05
any_pair,-0.0069,all,0.05
any_pair,-0.0052,all,0.05
any_pair,0.0113,all,0.05
any_pair,-0.0206,all,0.05
any_pair,-0.0087,all,0.05
any_pair,-0.0146,all,0.05
any_pair,0.0256,all,0.05
any_pair,0.0751,all,0.05
any_pair,0.0265,all,0.05
any_pair,-0.004,all,0.05
any_pair,-0.0004,all,0.05
any_pair,0.0055,all,0.05
any_pair,0.0104,all,0.05
any_pair,-0.0279,all,0.05
any_pair,0.0228,all,0.05
any_pair,0.0338,all,0.05
any_pair,-0.0044,all,0.05
any_pair,0.0177,all,0.05
any_pair,0.0185,all,0.05
any_pair,-0.0051,all,0.05
any_pair,0.0293,all,0.05
any_pair,0.0103,all,0.05
any_pair,0.0123,all,0.05
any_pair,0.0441,all,0.05
any_pair,0.0097,all,0.05
any_pair,0.0083,all,0.05
any_pair,-0.0278,all,0.05
any_pair,0.0775,all,0.05
any_pair,0.036,all,0.05
any_pair,-0.0002,all,0.05
any_pair,-0.0017,all,0.05
any_pair,0.0336,all,0.05
any_pair,0.0177,all,0.05
any_pair,0.0196,all,0.05
any_pair,0.023,all,0.05
any_pair,0.0301,all,0.05
any_pair,-0.0247,all,0.05
any_pair,-0.0121,all,0.05
any_pair,-0.0004,all,0.05
any_pair,0.0031,all,0.05
any_pair,0.0308,all,0.05
any_pair,0.0188,all,0.05
any_pair,0.0102,all,0.05
any_pair,-0.01,all,0.05
any_pair,0.0132,all,0.05
any_pair,0.0373,all,0.05
any_pair,0.0187,all,0.05
any_pair,0.0175,all,0.05
any_pair,0.0112,all,0.05
any_pair,0.0442,all,0.05
any_pair,-0.0259,all,0.05
any_pair,-0.0451,all,0.05
any_pair,0.0048,all,0.05
any_pair,0.0214,all,0.05
any_pair,0.0082,all,0.05
any_pair,0.0359,all,0.05
any_pair,0.0156,all,0.05
any_pair,0.0064,all,0.05
any_pair,0.0225,all,0.05
any_pair,0.0895,all,0.05
any_pair,0.0157,all,0.05
any_pair,-0.0116,all,0.05
any_pair,-0.0101,all,0.05
any_pair,0.0404,all,0.05
any_pair,-0.0351,all,0.05
any_pair,0.011,all,0.05
any_pair,0.0223,all,0.05
any_pair,0.0868,all,0.05
any_pair,0.0512,all,0.05
any_pair,0.0192,all,0.05
any_pair,-0.0123,all,0.05
any_pair,0.0107,all,0.05
any_pair,0.0183,all,0.05
any_pair,0.0281,all,0.05
any_pair,0.0077,all,0.05
any_pair,-0.0064,all,0.05
any_pair,-0.0069,all,0.05
any_pair,0.0343,all,0.05
any_pair,-0.005,all,0.05
any_pair,-0.0546,all,0.05
any_pair,0.0086,all,0.05
any_pair,0.0147,all,0.05
any_pair,0.0315,all,0.05
any_pair,-0.0063,all,0.05
any_pair,0.0697,all,0.05
any_pair,0.1149,all,0.05
any_pair,0.0293,all,0.05
any_pair,-0.004,all,0.05
any_pair,0.0518,all,0.05
any_pair,0.0055,all,0.05
any_pair,0.0015,all,0.05
any_pair,0.0143,all,0.05
any_pair,0.0211,all,0.05
any_pair,0.0135,all,0.05
any_pair,0.0211,all,0.05
any_pair,0.025,all,0.05
any_pair,-0.0154,all,0.05
any_pair,0.0568,all,0.05
any_pair,-0.0149,all,0.05
any_pair,0.0477,all,0.05
any_pair,0.0087,all,0.05
any_pair,0.0291,all,0.05
any_pair,-0.0169,all,0.05
any_pair,0.0374,all,0.05
any_pair,0.1139,all,0.05
any_pair,0.0095,all,0.05
any_pair,-0.016,all,0.05
any_pair,0.029,all,0.05
any_pair,-0.0198,all,0.05
any_pair,0.0757,all,0.05
any_pair,0.0133,all,0.05
any_pair,0.1322,all,0.05
any_pair,-0.0101,all,0.05
any_pair,0.0244,all,0.05
any_pair,0.0177,all,0.05
any_pair,0.0051,all,0.05
any_pair,0.0338,all,0.05
any_pair,0.0209,all,0.05
any_pair,0.0204,all,0.05
any_pair,0.0387,all,0.05
any_pair,0.0154,all,0.05
any_pair,0.0675,all,0.05
any_pair,0.0013,all,0.05
any_pair,0.0545,all,0.05
any_pair,0.0386,all,0.05
any_pair,0.0038,all,0.05
any_pair,0.0242,all,0.05
any_pair,0.0291,all,0.05
any_pair,0.0255,all,0.05
any_pair,0.0088,all,0.05
any_pair,0.0222,all,0.05
any_pair,0.0039,all,0.05
any_pair,0.0424,all,0.05
any_pair,0.014,all,0.05
any_pair,0.1085,all,0.05
any_pair,0.0277,all,0.05
any_pair,0.0708,all,0.05
any_pair,0.0786,all,0.05
any_pair,-0.0018,all,0.05
any_pair,-0.0166,all,0.05
any_pair,0.0642,all,0.05
any_pair,0.0278,all,0.05
any_pair,-0.0102,all,0.05
any_pair,0.0219,all,0.05
any_pair,-0.0011,all,0.05
any_pair,0.0172,all,0.05
any_pair,0.0098,all,0.05
any_pair,0.0265,all,0.05
any_pair,0.011,all,0.05
any_pair,0.0036,all,0.05
any_pair,0.0189,all,0.05
any_pair,0.0167,all,0.05
any_pair,0.0902,all,0.05
any_pair,0.0421,all,0.05
any_pair,0.0135,all,0.05
any_pair,0.0221,all,0.05
any_pair,-0.0201,all,0.05
any_pair,0.041,all,0.05
any_pair,-0.0258,all,0.05
any_pair,-0.0272,all,0.05
any_pair,0.1556,all,0.05
any_pair,0.1003,all,0.05
any_pair,-0.0009,all,0.05
any_pair,0.1412,all,0.05
any_pair,0.0302,all,0.05
any_pair,0.006,all,0.05
any_pair,0.0222,all,0.05
any_pair,0.0126,all,0.05
any_pair,0.076,all,0.05
any_pair,0.0396,all,0.05
any_pair,-0.005,all,0.05
any_pair,-0.0081,all,0.05
any_pair,0.0258,all,0.05
any_pair,0.0086,all,0.05
any_pair,0.023,all,0.05
any_pair,0.0149,all,0.05
any_pair,0.1469,all,0.05
any_pair,0.0643,all,0.05
any_pair,-0.0177,all,0.05
any_pair,-0.0245,all,0.05
any_pair,0.0096,all,0.05
any_pair,0.0142,all,0.05
any_pair,-0.0245,all,0.05
any_pair,0.0362,all,0.05
any_pair,0.0484,all,0.05
any_pair,0.0159,all,0.05
any_pair,0.0402,all,0.05
any_pair,0.0211,all,0.05
any_pair,0.0548,all,0.05
any_pair,0.0147,all,0.05
any_pair,0.0527,all,0.05
any_pair,-0.0215,all,0.05
any_pair,-0.0013,all,0.05
any_pair,0.029,all,0.05
any_pair,0.0199,all,0.05
any_pair,-0.0008,all,0.05
any_pair,0.0248,all,0.05
any_pair,0.0753,all,0.05
any_pair,0.0223,all,0.05
any_pair,0.034,all,0.05
any_pair,0.0008,all,0.05
any_pair,0.0184,all,0.05
any_pair,0.045,all,0.05
any_pair,0.0551,all,0.05
any_pair,0.0166,all,0.05
any_pair,-0.0033,all,0.05
any_pair,0.0495,all,0.05
any_pair,0.1521,all,0.05
any_pair,-0.0145,all,0.05
any_pair,0.1317,all,0.05
any_pair,0.0157,all,0.05
any_pair,-0.0074,all,0.05
any_pair,-0.0129,all,0.05
any_pair,0.0265,all,0.05
any_pair,0.0093,all,0.05
any_pair,0.0255,all,0.05
any_pair,0.0211,all,0.05
any_pair,-0.0184,all,0.05
diff_drug,0.0156,all,0.05
diff_drug,0.0013,all,0.05
diff_drug,0.0628,all,0.05
diff_drug,-0.0258,all,0.05
diff_drug,0.0723,all,0.05
diff_drug,0.0152,all,0.05
diff_drug,-0.011,all,0.05
diff_drug,0.0296,all,0.05
diff_drug,0.0075,all,0.05
diff_drug,-0.0253,all,0.05
diff_drug,0.0274,all,0.05
diff_drug,0.0327,all,0.05
diff_drug,0.0222,all,0.05
diff_drug,0.0025,all,0.05
diff_drug,0.0419,all,0.05
diff_drug,0.0265,all,0.05
diff_drug,0.0151,all,0.05
diff_drug,-0.0067,all,0.05
diff_drug,0.0121,all,0.05
diff_drug,0.0753,all,0.05
diff_drug,0.0278,all,0.05
diff_drug,-0.0099,all,0.05
diff_drug,0.0461,all,0.05
diff_drug,0.0425,all,0.05
diff_drug,0.0286,all,0.05
diff_drug,-0.0087,all,0.05
diff_drug,0.0422,all,0.05
diff_drug,-0.0188,all,0.05
diff_drug,0.0129,all,0.05
diff_drug,0.0097,all,0.05
diff_drug,0.0221,all,0.05
diff_drug,0.0286,all,0.05
diff_drug,-0.0268,all,0.05
diff_drug,-0.0151,all,0.05
diff_drug,0.014,all,0.05
diff_drug,0.0199,all,0.05
diff_drug,0.0213,all,0.05
diff_drug,-0.0038,all,0.05
diff_drug,0.0383,all,0.05
diff_drug,0.0712,all,0.05
diff_drug,0.0294,all,0.05
diff_drug,0.0082,all,0.05
diff_drug,0.0079,all,0.05
diff_drug,-0.0088,all,0.05
diff_drug,0.0276,all,0.05
diff_drug,-0.0028,all,0.05
diff_drug,0.01,all,0.05
diff_drug,0.0338,all,0.05
diff_drug,0.0095,all,0.05
diff_drug,0.0056,all,0.05
diff_drug,0.0148,all,0.05
diff_drug,-0.0038,all,0.05
diff_drug,-0.0024,all,0.05
diff_drug,0.0061,all,0.05
diff_drug,0.0271,all,0.05
diff_drug,0.0681,all,0.05
diff_drug,0.0346,all,0.05
diff_drug,0.0216,all,0.05
diff_drug,0.0448,all,0.05
diff_drug,0.0099,all,0.05
diff_drug,0.0835,all,0.05
diff_drug,0.0224,all,0.05
diff_drug,0.0052,all,0.05
diff_drug,0.0608,all,0.05
diff_drug,0.0232,all,0.05
diff_drug,0.0159,all,0.05
diff_drug,0.0084,all,0.05
diff_drug,-0.0085,all,0.05
diff_drug,0.0077,all,0.05
diff_drug,0.0212,all,0.05
diff_drug,0.0244,all,0.05
diff_drug,0.0339,all,0.05
diff_drug,-0.0042,all,0.05
diff_drug,-0.0072,all,0.05
diff_drug,0.0082,all,0.05
diff_drug,0.0131,all,0.05
diff_drug,0.0004,all,0.05
diff_drug,-0.0169,all,0.05
diff_drug,-0.0039,all,0.05
diff_drug,0.0469,all,0.05
diff_drug,0.1588,all,0.05
diff_drug,-0.0178,all,0.05
diff_drug,-0.0001,all,0.05
diff_drug,0.0281,all,0.05
diff_drug,0.0028,all,0.05
diff_drug,0.0282,all,0.05
diff_drug,0.023,all,0.05
diff_drug,0.0064,all,0.05
diff_drug,0.0057,all,0.05
diff_drug,-0.0137,all,0.05
diff_drug,0.0248,all,0.05
diff_drug,0.0354,all,0.05
diff_drug,0.0075,all,0.05
diff_drug,0.0365,all,0.05
diff_drug,0.0095,all,0.05
diff_drug,0.102,all,0.05
diff_drug,0.0345,all,0.05
diff_drug,0.0236,all,0.05
diff_drug,0.0159,all,0.05
diff_drug,0.0362,all,0.05
diff_drug,0.1039,all,0.05
diff_drug,0.0282,all,0.05
diff_drug,0.0069,all,0.05
diff_drug,0.0081,all,0.05
diff_drug,-0.0006,all,0.05
diff_drug,-0.0159,all,0.05
diff_drug,0.1157,all,0.05
diff_drug,0.0127,all,0.05
diff_drug,0.012,all,0.05
diff_drug,0.0293,all,0.05
diff_drug,0.0679,all,0.05
diff_drug,0.0116,all,0.05
diff_drug,0.0108,all,0.05
diff_drug,0.0593,all,0.05
diff_drug,-0.0123,all,0.05
diff_drug,0.0453,all,0.05
diff_drug,0.0063,all,0.05
diff_drug,0.0882,all,0.05
diff_drug,-0.0253,all,0.05
diff_drug,0.044,all,0.05
diff_drug,0.0352,all,0.05
diff_drug,-0.023,all,0.05
diff_drug,-0.0003,all,0.05
diff_drug,0.0204,all,0.05
diff_drug,0.0024,all,0.05
diff_drug,-0.0049,all,0.05
diff_drug,0.0204,all,0.05
diff_drug,0.0231,all,0.05
diff_drug,-0.0206,all,0.05
diff_drug,0.0714,all,0.05
diff_drug,-0.0265,all,0.05
diff_drug,0.0217,all,0.05
diff_drug,0.0051,all,0.05
diff_drug,0.0552,all,0.05
diff_drug,0.0232,all,0.05
diff_drug,0.0473,all,0.05
diff_drug,0.0056,all,0.05
diff_drug,0.0254,all,0.05
diff_drug,-0.015,all,0.05
diff_drug,0.0157,all,0.05
diff_drug,0.0454,all,0.05
diff_drug,0.011,all,0.05
diff_drug,0.0066,all,0.05
diff_drug,0.0103,all,0.05
diff_drug,-0.013,all,0.05
diff_drug,-0.01,all,0.05
diff_drug,-0.0177,all,0.05
diff_drug,0.0173,all,0.05
diff_drug,0.0422,all,0.05
diff_drug,0.0131,all,0.05
diff_drug,0.0512,all,0.05
diff_drug,0.0235,all,0.05
diff_drug,-0.0246,all,0.05
diff_drug,0.0206,all,0.05
diff_drug,-0.0444,all,0.05
diff_drug,0.0121,all,0.05
diff_drug,-0.0213,all,0.05
diff_drug,0.0081,all,0.05
diff_drug,0.009,all,0.05
diff_drug,0.0198,all,0.05
diff_drug,-0.0015,all,0.05
diff_drug,0.0305,all,0.05
diff_drug,-0.0196,all,0.05
diff_drug,0.0109,all,0.05
diff_drug,0.0314,all,0.05
diff_drug,0.0098,all,0.05
diff_drug,0.0167,all,0.05
diff_drug,0.043,all,0.05
diff_drug,0.0094,all,0.05
diff_drug,0.0052,all,0.05
diff_drug,-0.035,all,0.05
diff_drug,-0.0181,all,0.05
diff_drug,0.0369,all,0.05
diff_drug,0.0125,all,0.05
diff_drug,-0.0116,all,0.05
diff_drug,0.1096,all,0.05
diff_drug,0.0154,all,0.05
diff_drug,-0.0028,all,0.05
diff_drug,0.042,all,0.05
diff_drug,0.0073,all,0.05
diff_drug,0.0235,all,0.05
diff_drug,0.0293,all,0.05
diff_drug,0.0374,all,0.05
diff_drug,0.0547,all,0.05
diff_drug,0.0054,all,0.05
diff_drug,0.0561,all,0.05
diff_drug,0.0256,all,0.05
diff_drug,-0.0167,all,0.05
diff_drug,0.0067,all,0.05
diff_drug,-0.0013,all,0.05
diff_drug,0.0241,all,0.05
diff_drug,-0.0136,all,0.05
diff_drug,0.0244,all,0.05
diff_drug,0.0198,all,0.05
diff_drug,0.03,all,0.05
diff_drug,0.0209,all,0.05
diff_drug,0.0291,all,0.05
diff_drug,-0.0304,all,0.05
diff_drug,0.0089,all,0.05
diff_drug,-0.0135,all,0.05
diff_drug,0.0213,all,0.05
diff_drug,0.0102,all,0.05
diff_drug,0.0219,all,0.05
diff_drug,0.0011,all,0.05
diff_drug,0.0104,all,0.05
diff_drug,0.0084,all,0.05
diff_drug,0.0106,all,0.05
diff_drug,0.0187,all,0.05
diff_drug,0.0068,all,0.05
diff_drug,-0.0018,all,0.05
diff_drug,-0.0066,all,0.05
diff_drug,0.0403,all,0.05
diff_drug,-0.0235,all,0.05
diff_drug,0.0037,all,0.05
diff_drug,-0.0036,all,0.05
diff_drug,0.0278,all,0.05
diff_drug,0.0618,all,0.05
diff_drug,0.0123,all,0.05
diff_drug,0.0343,all,0.05
diff_drug,0.0059,all,0.05
diff_drug,-0.013,all,0.05
diff_drug,-0.0018,all,0.05
diff_drug,0.1041,all,0.05
diff_drug,-0.0051,all,0.05
diff_drug,0.0116,all,0.05
diff_drug,0.0491,all,0.05
diff_drug,-0.0093,all,0.05
diff_drug,0.059,all,0.05
diff_drug,-0.0042,all,0.05
diff_drug,0.0013,all,0.05
diff_drug,0.0448,all,0.05
diff_drug,0.0894,all,0.05
diff_drug,-0.0359,all,0.05
diff_drug,0.0031,all,0.05
diff_drug,0.0286,all,0.05
diff_drug,0.06,all,0.05
diff_drug,0.0077,all,0.05
diff_drug,0.1146,all,0.05
diff_drug,0.0211,all,0.05
diff_drug,-0.0107,all,0.05
diff_drug,0.0798,all,0.05
diff_drug,0.0055,all,0.05
diff_drug,0.0011,all,0.05
diff_drug,0.0186,all,0.05
diff_drug,0.0017,all,0.05
diff_drug,0.1034,all,0.05
diff_drug,0.0235,all,0.05
diff_drug,0.0139,all,0.05
diff_drug,0.0199,all,0.05
diff_drug,-0.0227,all,0.05
diff_drug,0.0238,all,0.05
diff_drug,0.0166,all,0.05
diff_drug,-0.0186,all,0.05
diff_drug,0.0588,all,0.05
diff_drug,0.0052,all,0.05
diff_drug,0.0513,all,0.05
diff_drug,-0.022,all,0.05
diff_drug,0.0137,all,0.05
diff_drug,-0.0205,all,0.05
diff_drug,0.0182,all,0.05
diff_drug,0.0118,all,0.05
diff_drug,0.0177,all,0.05
diff_drug,0.0161,all,0.05
diff_drug,0.0601,all,0.05
diff_drug,0.0016,all,0.05
diff_drug,0.0143,all,0.05
diff_drug,0.0503,all,0.05
diff_drug,0.0623,all,0.05
diff_drug,0.0211,all,0.05
diff_drug,0.0065,all,0.05
diff_drug,-0.0089,all,0.05
diff_drug,-0.0199,all,0.05
diff_drug,0.0043,all,0.05
diff_drug,0.0385,all,0.05
diff_drug,0.0354,all,0.05
diff_drug,0.0151,all,0.05
diff_drug,0.0365,all,0.05
diff_drug,0.006,all,0.05
diff_drug,-0.0081,all,0.05
diff_drug,0.0173,all,0.05
diff_drug,0.0399,all,0.05
diff_drug,0.0031,all,0.05
diff_drug,-0.0067,all,0.05
diff_drug,0.0368,all,0.05
diff_drug,0.0521,all,0.05
diff_drug,0.0175,all,0.05
diff_drug,0.0111,all,0.05
diff_drug,0.0014,all,0.05
diff_drug,0.0726,all,0.05
diff_drug,-0.0049,all,0.05
diff_drug,0.038,all,0.05
diff_drug,0.0296,all,0.05
diff_drug,0.0019,all,0.05
diff_drug,0.0418,all,0.05
diff_drug,-0.0121,all,0.05
diff_drug,-0.006,all,0.05
diff_drug,-0.036,all,0.05
diff_drug,-0.0022,all,0.05
diff_drug,0.0386,all,0.05
diff_drug,0.0276,all,0.05
diff_drug,0.073,all,0.05
diff_drug,0.031,all,0.05
diff_drug,-0.0109,all,0.05
diff_drug,0.0222,all,0.05
diff_drug,-0.005,all,0.05
diff_drug,0.0716,all,0.05
diff_drug,0.0375,all,0.05
diff_drug,-0.0045,all,0.05
diff_drug,0.0237,all,0.05
diff_drug,0.026,all,0.05
diff_drug,0.0232,all,0.05
diff_drug,0.0066,all,0.05
diff_drug,0.004,all,0.05
diff_drug,0.0479,all,0.05
diff_drug,0.0538,all,0.05
diff_drug,0.0325,all,0.05
diff_drug,0.0588,all,0.05
diff_drug,0.0016,all,0.05
diff_drug,0.0174,all,0.05
diff_drug,0.0319,all,0.05
diff_drug,-0.0055,all,0.05
diff_drug,0.0843,all,0.05
diff_drug,0.1175,all,0.05
diff_drug,0.0296,all,0.05
diff_drug,0.0403,all,0.05
diff_drug,0.0315,all,0.05
diff_drug,0.1419,all,0.05
diff_drug,-0.0162,all,0.05
diff_drug,0.0205,all,0.05
diff_drug,0.0081,all,0.05
diff_drug,0.0357,all,0.05
diff_drug,0.0186,all,0.05
diff_drug,0.0191,all,0.05
diff_drug,0.0068,all,0.05
diff_drug,0.077,all,0.05
diff_drug,0.1416,all,0.05
diff_drug,0.0063,all,0.05
diff_drug,-0.0196,all,0.05
diff_drug,0.0155,all,0.05
diff_drug,0.0156,all,0.05
diff_drug,0.0339,all,0.05
diff_drug,0.0286,all,0.05
diff_drug,0.0303,all,0.05
diff_drug,-0.0105,all,0.05
diff_drug,0.0331,all,0.05
diff_drug,0.0192,all,0.05
diff_drug,-0.0011,all,0.05
diff_drug,0.0006,all,0.05
diff_drug,-0.0006,all,0.05
diff_drug,0.0029,all,0.05
diff_drug,0.0112,all,0.05
diff_drug,-0.001,all,0.05
diff_drug,0.0324,all,0.05
diff_drug,-0.0123,all,0.05
diff_drug,-0.007,all,0.05
diff_drug,-0.0348,all,0.05
diff_drug,0.0101,all,0.05
diff_drug,0.0325,all,0.05
diff_drug,-0.0212,all,0.05
diff_drug,0.0294,all,0.05
diff_drug,0.0339,all,0.05
diff_drug,0.0231,all,0.05
diff_drug,-0.0397,all,0.05
diff_drug,-0.0072,all,0.05
diff_drug,0.0142,all,0.05
diff_drug,-0.0237,all,0.05
diff_drug,0.0177,all,0.05
diff_drug,0.0128,all,0.05
diff_drug,0.008,all,0.05
diff_drug,-0.0427,all,0.05
diff_drug,0.0587,all,0.05
diff_drug,0.0065,all,0.05
diff_drug,0.0285,all,0.05
diff_drug,0.0509,all,0.05
diff_drug,0.0254,all,0.05
diff_drug,0.008,all,0.05
diff_drug,0.0504,all,0.05
diff_drug,0.0381,all,0.05
diff_drug,0.0265,all,0.05
diff_drug,0.133,all,0.05
diff_drug,-0.0028,all,0.05
diff_drug,0.0238,all,0.05
diff_drug,0.0096,all,0.05
diff_drug,0.0191,all,0.05
diff_drug,0.0293,all,0.05
diff_drug,0.013,all,0.05
diff_drug,0.0036,all,0.05
diff_drug,0.0297,all,0.05
diff_drug,-0.019,all,0.05
diff_drug,-0.0191,all,0.05
diff_drug,-0.0086,all,0.05
diff_drug,0.0129,all,0.05
diff_drug,0.0278,all,0.05
diff_drug,-0.0331,all,0.05
diff_drug,0.0884,all,0.05
diff_drug,-0.0394,all,0.05
diff_drug,0.014,all,0.05
diff_drug,-0.0254,all,0.05
diff_drug,0.0593,all,0.05
diff_drug,0.0313,all,0.05
diff_drug,0.0188,all,0.05
diff_drug,0.0598,all,0.05
diff_drug,-0.0037,all,0.05
diff_drug,0.0193,all,0.05
diff_drug,0.0422,all,0.05
diff_drug,0.0176,all,0.05
diff_drug,0.0085,all,0.05
diff_drug,0.1473,all,0.05
diff_drug,0.0345,all,0.05
diff_drug,0.0361,all,0.05
diff_drug,-0.0352,all,0.05
diff_drug,-0.0127,all,0.05
diff_drug,-0.0302,all,0.05
diff_drug,0.0096,all,0.05
diff_drug,0.0154,all,0.05
diff_drug,0.0796,all,0.05
diff_drug,0.0049,all,0.05
diff_drug,0.0488,all,0.05
diff_drug,0.0328,all,0.05
diff_drug,-0.0002,all,0.05
diff_drug,-0.0036,all,0.05
diff_drug,0.019,all,0.05
diff_drug,0.0908,all,0.05
diff_drug,-0.0186,all,0.05
diff_drug,-0.0165,all,0.05
diff_drug,0.0148,all,0.05
diff_drug,0.0054,all,0.05
diff_drug,0.0281,all,0.05
diff_drug,0.0356,all,0.05
diff_drug,-0.0053,all,0.05
diff_drug,0.0265,all,0.05
diff_drug,-0.0055,all,0.05
diff_drug,0.0119,all,0.05
diff_drug,0.0419,all,0.05
diff_drug,0.0131,all,0.05
diff_drug,0.0623,all,0.05
diff_drug,0.0104,all,0.05
diff_drug,0.0061,all,0.05
diff_drug,0.0375,all,0.05
diff_drug,0.0638,all,0.05
diff_drug,0.0158,all,0.05
diff_drug,0.0053,all,0.05
diff_drug,0.0646,all,0.05
diff_drug,0.0263,all,0.05
diff_drug,-0.0023,all,0.05
diff_drug,0.0611,all,0.05
diff_drug,0.0292,all,0.05
diff_drug,0.0169,all,0.05
diff_drug,0.0392,all,0.05
diff_drug,0.0466,all,0.05
diff_drug,0.013,all,0.05
diff_drug,0.0159,all,0.05
diff_drug,0.0446,all,0.05
diff_drug,0.0296,all,0.05
diff_drug,0.0227,all,0.05
diff_drug,0.0324,all,0.05
diff_drug,-0.0004,all,0.05
diff_drug,-0.0228,all,0.05
diff_drug,-0.0104,all,0.05
diff_drug,-0.0094,all,0.05
diff_drug,0.0772,all,0.05
diff_drug,0.0099,all,0.05
diff_drug,0.0158,all,0.05
diff_drug,0.0215,all,0.05
diff_drug,0.0201,all,0.05
diff_drug,0.0477,all,0.05
diff_drug,0.0433,all,0.05
diff_drug,0.0487,all,0.05
diff_drug,0.013,all,0.05
diff_drug,0.0536,all,0.05
diff_drug,0.0127,all,0.05
diff_drug,0.0066,all,0.05
diff_drug,0.0196,all,0.05
diff_drug,0.0073,all,0.05
diff_drug,0.0122,all,0.05
diff_drug,-0.0031,all,0.05
diff_drug,-0.0873,all,0.05
diff_drug,0.0538,all,0.05
diff_drug,0.0338,all,0.05
diff_drug,0.0114,all,0.05
diff_drug,0.0242,all,0.05
diff_drug,0.0192,all,0.05
diff_drug,-0.0322,all,0.05
diff_drug,0.0363,all,0.05
diff_drug,-0.0013,all,0.05
diff_drug,0.0047,all,0.05
diff_drug,0.0148,all,0.05
diff_drug,-0.0063,all,0.05
diff_drug,0.0053,all,0.05
diff_drug,0.0299,all,0.05
diff_drug,-0.0157,all,0.05
diff_drug,0.0142,all,0.05
diff_drug,0.0336,all,0.05
diff_drug,0.0597,all,0.05
diff_drug,-0.0112,all,0.05
diff_drug,0.0213,all,0.05
diff_drug,0.0044,all,0.05
diff_drug,0.0252,all,0.05
diff_drug,0.0937,all,0.05
diff_drug,0.0106,all,0.05
same_drug,-0.0035,all,0.05
same_drug,0.0191,all,0.05
same_drug,0.0011,all,0.05
same_drug,0.0646,all,0.05
same_drug,-0.0033,all,0.05
same_drug,0.029,all,0.05
same_drug,0.0607,all,0.05
same_drug,0.0429,all,0.05
same_drug,0.012,all,0.05
same_drug,0.006,all,0.05
same_drug,0.0162,all,0.05
same_drug,0.0358,all,0.05
same_drug,-0.0038,all,0.05
same_drug,0.0146,all,0.05
same_drug,0.0397,all,0.05
same_drug,0.0257,all,0.05
same_drug,0.0215,all,0.05
same_drug,0.0821,all,0.05
same_drug,0.0213,all,0.05
same_drug,0.0205,all,0.05
same_drug,-0.0073,all,0.05
same_drug,-0.0122,all,0.05
same_drug,0.0145,all,0.05
same_drug,0.0021,all,0.05
same_drug,0.0383,all,0.05
same_drug,0.0095,all,0.05
same_drug,0.0117,all,0.05
same_drug,-0.009,all,0.05
same_drug,0.0068,all,0.05
same_drug,0.0886,all,0.05
same_drug,0.0838,all,0.05
same_drug,0.0332,all,0.05
same_drug,0.0619,all,0.05
same_drug,0.0191,all,0.05
same_drug,-0.0008,all,0.05
same_drug,0.0634,all,0.05
same_drug,0.0107,all,0.05
same_drug,-0.0119,all,0.05
same_drug,0.0089,all,0.05
same_drug,0.0139,all,0.05
same_drug,0.0247,all,0.05
same_drug,0.0348,all,0.05
same_drug,-0.0332,all,0.05
same_drug,0.0075,all,0.05
same_drug,0.0361,all,0.05
same_drug,0.006,all,0.05
same_drug,-0.0014,all,0.05
same_drug,0.02,all,0.05
same_drug,0.0079,all,0.05
same_drug,-0.0173,all,0.05
same_drug,0.0337,all,0.05
same_drug,0.0015,all,0.05
same_drug,0.0269,all,0.05
same_drug,0.022,all,0.05
same_drug,0.0557,all,0.05
same_drug,0.0032,all,0.05
same_drug,0.0415,all,0.05
same_drug,0.0528,all,0.05
same_drug,0.03,all,0.05
same_drug,0.0651,all,0.05
same_drug,0.004,all,0.05
same_drug,0.0272,all,0.05
same_drug,0.0272,all,0.05
same_drug,0.0258,all,0.05
same_drug,0.041,all,0.05
same_drug,-0.0007,all,0.05
same_drug,-0.0062,all,0.05
same_drug,-0.0066,all,0.05
same_drug,-0.0071,all,0.05
same_drug,0.0042,all,0.05
same_drug,-0.0019,all,0.05
same_drug,-0.0195,all,0.05
same_drug,0.0006,all,0.05
same_drug,0.0041,all,0.05
same_drug,0.0612,all,0.05
same_drug,0.0192,all,0.05
same_drug,0.0279,all,0.05
same_drug,0.0856,all,0.05
same_drug,-0.0124,all,0.05
same_drug,0.0456,all,0.05
same_drug,0.0283,all,0.05
same_drug,-0.0104,all,0.05
same_drug,0.0076,all,0.05
same_drug,0.004,all,0.05
same_drug,0.0052,all,0.05
same_drug,0.0184,all,0.05
same_drug,-0.0002,all,0.05
same_drug,0.0225,all,0.05
same_drug,0.0241,all,0.05
same_drug,-0.0343,all,0.05
same_drug,0.0088,all,0.05
same_drug,-0.0225,all,0.05
same_drug,0.0019,all,0.05
same_drug,0.1077,all,0.05
same_drug,0.0102,all,0.05
same_drug,0.0044,all,0.05
same_drug,-0.0188,all,0.05
same_drug,0.0122,all,0.05
same_drug,0.0153,all,0.05
same_drug,0.0071,all,0.05
same_drug,-0.0229,all,0.05
same_drug,0.0216,all,0.05
same_drug,0.0189,all,0.05
same_drug,0.0288,all,0.05
same_drug,-0.0174,all,0.05
same_drug,0.0783,all,0.05
same_drug,0.0425,all,0.05
same_drug,0.0798,all,0.05
same_drug,0.0113,all,0.05
same_drug,0.022,all,0.05
same_drug,0.0276,all,0.05
same_drug,0.0012,all,0.05
same_drug,0.0787,all,0.05
same_drug,0.0185,all,0.05
same_drug,0.0396,all,0.05
same_drug,0.041,all,0.05
same_drug,0.0259,all,0.05
same_drug,0.0234,all,0.05
same_drug,-0.0416,all,0.05
same_drug,0.0008,all,0.05
same_drug,0.0436,all,0.05
same_drug,-0.0226,all,0.05
same_drug,0.0112,all,0.05
same_drug,0.0003,all,0.05
same_drug,0.0215,all,0.05
same_drug,-0.0093,all,0.05
same_drug,0.0331,all,0.05
same_drug,-0.0136,all,0.05
same_drug,0.0256,all,0.05
same_drug,0.0087,all,0.05
same_drug,0.0153,all,0.05
same_drug,0.0176,all,0.05
same_drug,-0.0096,all,0.05
same_drug,0.0181,all,0.05
same_drug,0.0132,all,0.05
same_drug,-0.0172,all,0.05
same_drug,0.1062,all,0.05
same_drug,0.0031,all,0.05
same_drug,0.0257,all,0.05
same_drug,-0.0014,all,0.05
same_drug,0.0408,all,0.05
same_drug,0.0197,all,0.05
same_drug,0.0196,all,0.05
same_drug,0.0063,all,0.05
same_drug,0.0045,all,0.05
same_drug,0.003,all,0.05
same_drug,-0.0085,all,0.05
same_drug,-0.0007,all,0.05
same_drug,0.0842,all,0.05
same_drug,0.0068,all,0.05
same_drug,0.0093,all,0.05
same_drug,-0.0052,all,0.05
same_drug,0.0229,all,0.05
same_drug,0.0216,all,0.05
same_drug,0.0042,all,0.05
same_drug,-0.0046,all,0.05
same_drug,0.019,all,0.05
same_drug,0.0317,all,0.05
same_drug,0.0198,all,0.05
same_drug,0.0526,all,0.05
same_drug,0.01,all,0.05
same_drug,0.0235,all,0.05
same_drug,-0.01,all,0.05
same_drug,0.0212,all,0.05
same_drug,0.0262,all,0.05
same_drug,0.0036,all,0.05
same_drug,0.0098,all,0.05
same_drug,0.0068,all,0.05
same_drug,0.1243,all,0.05
same_drug,0.0314,all,0.05
same_drug,0.026,all,0.05
same_drug,-0.0014,all,0.05
same_drug,-0.008,all,0.05
same_drug,0.0076,all,0.05
same_drug,-0.0048,all,0.05
same_drug,0.1,all,0.05
same_drug,-0.0147,all,0.05
same_drug,0.0278,all,0.05
same_drug,0.0287,all,0.05
same_drug,0.0027,all,0.05
same_drug,0.0206,all,0.05
same_drug,0.006,all,0.05
same_drug,-0.0175,all,0.05
same_drug,0.0486,all,0.05
same_drug,-0.003,all,0.05
same_drug,0.0223,all,0.05
same_drug,0.0978,all,0.05
same_drug,0.0175,all,0.05
same_drug,0.0165,all,0.05
same_drug,-0.0097,all,0.05
same_drug,0.0069,all,0.05
same_drug,0.0364,all,0.05
same_drug,0.0204,all,0.05
same_drug,0.053,all,0.05
same_drug,0.0309,all,0.05
same_drug,0.0007,all,0.05
same_drug,0.0122,all,0.05
same_drug,0.0014,all,0.05
same_drug,0.0174,all,0.05
same_drug,0.0191,all,0.05
same_drug,-0.0115,all,0.05
same_drug,0.0121,all,0.05
same_drug,0.0736,all,0.05
same_drug,0.0023,all,0.05
same_drug,0.0725,all,0.05
same_drug,0.0267,all,0.05
same_drug,0.0359,all,0.05
same_drug,0.0335,all,0.05
same_drug,0.0822,all,0.05
same_drug,0.0128,all,0.05
same_drug,-0.0381,all,0.05
same_drug,-0.0285,all,0.05
same_drug,0.0864,all,0.05
same_drug,0.0397,all,0.05
same_drug,0.023,all,0.05
same_drug,0.0314,all,0.05
same_drug,0.0004,all,0.05
same_drug,-0.0223,all,0.05
same_drug,0.0136,all,0.05
same_drug,-0.0013,all,0.05
same_drug,-0.0027,all,0.05
same_drug,0.0291,all,0.05
same_drug,0.0067,all,0.05
same_drug,0.0846,all,0.05
same_drug,0.0105,all,0.05
same_drug,0.0061,all,0.05
same_drug,0.0687,all,0.05
same_drug,0.0319,all,0.05
same_drug,0.031,all,0.05
same_drug,-0.0063,all,0.05
same_drug,0.0051,all,0.05
same_drug,-0.0384,all,0.05
same_drug,0.0226,all,0.05
same_drug,0.0183,all,0.05
same_drug,0.0097,all,0.05
same_drug,0.0721,all,0.05
same_drug,0.0029,all,0.05
same_drug,0.0211,all,0.05
same_drug,0.017,all,0.05
same_drug,0.033,all,0.05
same_drug,0.0105,all,0.05
same_drug,0.0206,all,0.05
same_drug,0.0157,all,0.05
same_drug,-0.0254,all,0.05
same_drug,0.0173,all,0.05
same_drug,0.0163,all,0.05
same_drug,0.0733,all,0.05
same_drug,0.0059,all,0.05
same_drug,0.1024,all,0.05
same_drug,0.0393,all,0.05
same_drug,0.0172,all,0.05
same_drug,-0.0035,all,0.05
same_drug,-0.006,all,0.05
same_drug,0.0769,all,0.05
same_drug,-0.0076,all,0.05
same_drug,0.0158,all,0.05
same_drug,0.0234,all,0.05
same_drug,0.0031,all,0.05
same_drug,0.0265,all,0.05
same_drug,0.0311,all,0.05
same_drug,0.0112,all,0.05
same_drug,0.0248,all,0.05
same_drug,-0.0099,all,0.05
same_drug,0.0391,all,0.05
same_drug,0.0101,all,0.05
same_drug,-0.0024,all,0.05
same_drug,0.0763,all,0.05
same_drug,0.0294,all,0.05
same_drug,0.0163,all,0.05
same_drug,0.0595,all,0.05
same_drug,0.025,all,0.05
same_drug,0.0217,all,0.05
same_drug,0.0017,all,0.05
same_drug,0.1196,all,0.05
same_drug,0.0011,all,0.05
same_drug,0.0031,all,0.05
same_drug,0.0006,all,0.05
same_drug,-0.0093,all,0.05
same_drug,0.0088,all,0.05
same_drug,0.0271,all,0.05
same_drug,0.002,all,0.05
same_drug,0.0644,all,0.05
same_drug,0.0219,all,0.05
same_drug,0.0035,all,0.05
same_drug,0.0156,all,0.05
same_drug,-0.003,all,0.05
same_drug,0.0221,all,0.05
same_drug,0.0552,all,0.05
same_drug,0.0374,all,0.05
same_drug,0.0171,all,0.05
same_drug,0.0036,all,0.05
same_drug,0.0089,all,0.05
same_drug,0.0115,all,0.05
same_drug,0.0173,all,0.05
same_drug,-0.0011,all,0.05
same_drug,0.0993,all,0.05
same_drug,0.0025,all,0.05
same_drug,0.0372,all,0.05
same_drug,0.0083,all,0.05
same_drug,0.0084,all,0.05
same_drug,0.0043,all,0.05
same_drug,0.014,all,0.05
same_drug,0.1202,all,0.05
same_drug,0.0291,all,0.05
same_drug,0.0142,all,0.05
same_drug,-0.0062,all,0.05
same_drug,0.0015,all,0.05
same_drug,-0.0034,all,0.05
same_drug,0.0254,all,0.05
same_drug,0.1014,all,0.05
same_drug,0.0115,all,0.05
same_drug,0.0211,all,0.05
same_drug,0.0108,all,0.05
same_drug,0.0653,all,0.05
same_drug,0.049,all,0.05
same_drug,-0.0034,all,0.05
same_drug,0.025,all,0.05
same_drug,0.0159,all,0.05
same_drug,-0.0163,all,0.05
same_drug,-0.0031,all,0.05
same_drug,0.0025,all,0.05
same_drug,0.0701,all,0.05
same_drug,-0.0135,all,0.05
same_drug,0.0209,all,0.05
same_drug,0.0327,all,0.05
same_drug,-0.0103,all,0.05
same_drug,0.0081,all,0.05
same_drug,-0.0019,all,0.05
same_drug,-0.0175,all,0.05
same_drug,0.0158,all,0.05
same_drug,0.0086,all,0.05
same_drug,0.0071,all,0.05
same_drug,0.018,all,0.05
same_drug,0.0356,all,0.05
same_drug,0.0916,all,0.05
same_drug,-0.0092,all,0.05
same_drug,0.0374,all,0.05
same_drug,0.0068,all,0.05
same_drug,0.0115,all,0.05
same_drug,-0.0039,all,0.05
same_drug,-0.0013,all,0.05
same_drug,0.0653,all,0.05
same_drug,0.0552,all,0.05
same_drug,0.0198,all,0.05
same_drug,0.0552,all,0.05
same_drug,0.0205,all,0.05
same_drug,0.1005,all,0.05
same_drug,0.0117,all,0.05
same_drug,0.0097,all,0.05
same_drug,0.0349,all,0.05
same_drug,0.0,all,0.05
same_drug,0.1455,all,0.05
same_drug,0.0315,all,0.05
same_drug,0.0592,all,0.05
same_drug,0.0384,all,0.05
same_drug,0.0792,all,0.05
same_drug,0.035,all,0.05
same_drug,0.0143,all,0.05
same_drug,0.0345,all,0.05
same_drug,0.0442,all,0.05
same_drug,-0.0052,all,0.05
same_drug,0.0214,all,0.05
same_drug,0.0006,all,0.05
same_drug,0.0181,all,0.05
same_drug,0.0069,all,0.05
same_drug,-0.0074,all,0.05
same_drug,0.0288,all,0.05
same_drug,0.0424,all,0.05
same_drug,0.0108,all,0.05
same_drug,0.0049,all,0.05
same_drug,-0.0107,all,0.05
same_drug,-0.016,all,0.05
same_drug,-0.0162,all,0.05
same_drug,0.0262,all,0.05
same_drug,0.0248,all,0.05
same_drug,0.0346,all,0.05
same_drug,0.0046,all,0.05
same_drug,0.016,all,0.05
same_drug,0.0395,all,0.05
same_drug,-0.007,all,0.05
same_drug,-0.0039,all,0.05
same_drug,0.0001,all,0.05
same_drug,0.018,all,0.05
same_drug,0.0132,all,0.05
same_drug,0.0003,all,0.05
same_drug,0.0093,all,0.05
same_drug,-0.0079,all,0.05
same_drug,-0.0076,all,0.05
same_drug,-0.0039,all,0.05
same_drug,0.0039,all,0.05
same_drug,0.0809,all,0.05
same_drug,-0.0022,all,0.05
same_drug,0.0138,all,0.05
same_drug,0.0342,all,0.05
same_drug,0.0276,all,0.05
same_drug,0.0342,all,0.05
same_drug,0.0022,all,0.05
same_drug,-0.0071,all,0.05
same_drug,-0.0047,all,0.05
same_drug,0.0103,all,0.05
same_drug,-0.0022,all,0.05
same_drug,0.0217,all,0.05
same_drug,0.0267,all,0.05
same_drug,0.0238,all,0.05
same_drug,0.0496,all,0.05
same_drug,0.0249,all,0.05
same_drug,0.0059,all,0.05
same_drug,0.0079,all,0.05
same_drug,0.0046,all,0.05
same_drug,0.0326,all,0.05
same_drug,0.0296,all,0.05
same_drug,-0.0015,all,0.05
same_drug,0.008,all,0.05
same_drug,0.0396,all,0.05
same_drug,-0.0308,all,0.05
same_drug,-0.0043,all,0.05
same_drug,0.0045,all,0.05
same_drug,0.0669,all,0.05
same_drug,-0.0047,all,0.05
same_drug,0.0016,all,0.05
same_drug,0.0106,all,0.05
same_drug,0.0067,all,0.05
same_drug,-0.0042,all,0.05
same_drug,0.015,all,0.05
same_drug,0.0555,all,0.05
same_drug,-0.0171,all,0.05
same_drug,0.0252,all,0.05
same_drug,0.0511,all,0.05
same_drug,0.0872,all,0.05
same_drug,0.0175,all,0.05
same_drug,0.0126,all,0.05
same_drug,0.0456,all,0.05
same_drug,-0.0098,all,0.05
same_drug,0.0192,all,0.05
same_drug,0.0592,all,0.05
same_drug,-0.016,all,0.05
same_drug,0.0875,all,0.05
same_drug,0.0376,all,0.05
same_drug,0.0214,all,0.05
same_drug,0.0117,all,0.05
same_drug,0.0049,all,0.05
same_drug,0.0297,all,0.05
same_drug,-0.0099,all,0.05
same_drug,0.0197,all,0.05
same_drug,0.0615,all,0.05
same_drug,0.0587,all,0.05
same_drug,0.0255,all,0.05
same_drug,-0.0034,all,0.05
same_drug,0.0314,all,0.05
same_drug,0.0111,all,0.05
same_drug,-0.0102,all,0.05
same_drug,0.0284,all,0.05
same_drug,0.0111,all,0.05
same_drug,0.0373,all,0.05
same_drug,0.0362,all,0.05
same_drug,0.0251,all,0.05
same_drug,0.0091,all,0.05
same_drug,0.0118,all,0.05
same_drug,0.0174,all,0.05
same_drug,-0.0125,all,0.05
same_drug,0.1096,all,0.05
same_drug,-0.0085,all,0.05
same_drug,0.0333,all,0.05
same_drug,0.0635,all,0.05
same_drug,-0.0124,all,0.05
same_drug,0.0907,all,0.05
same_drug,-0.0099,all,0.05
same_drug,-0.0023,all,0.05
same_drug,0.0497,all,0.05
same_drug,-0.0221,all,0.05
same_drug,-0.001,all,0.05
same_drug,0.0048,all,0.05
same_drug,0.0126,all,0.05
same_drug,0.029,all,0.05
same_drug,0.0844,all,0.05
same_drug,-0.0059,all,0.05
same_drug,0.0393,all,0.05
same_drug,0.0417,all,0.05
same_drug,-0.0075,all,0.05
same_drug,0.0274,all,0.05
same_drug,0.0169,all,0.05
same_drug,0.0071,all,0.05
same_drug,0.0188,all,0.05
same_drug,-0.0007,all,0.05
same_drug,0.0202,all,0.05
same_drug,0.0076,all,0.05
same_drug,0.0272,all,0.05
same_drug,0.0252,all,0.05
same_drug,0.0292,all,0.05
same_drug,0.0166,all,0.05
same_drug,0.0246,all,0.05
same_drug,-0.0017,all,0.05
same_drug,0.0487,all,0.05
same_drug,0.0099,all,0.05
same_drug,0.0172,all,0.05
same_drug,0.0329,all,0.05
same_drug,0.0116,all,0.05
same_drug,0.0278,all,0.05
same_drug,0.0119,all,0.05
same_drug,0.0569,all,0.05
any_pair,-0.0152,responder,0.05
any_pair,0.1046,responder,0.05
any_pair,0.0184,responder,0.05
any_pair,0.0187,responder,0.05
any_pair,-0.0098,responder,0.05
any_pair,0.1258,responder,0.05
any_pair,0.0988,responder,0.05
any_pair,0.0251,responder,0.05
any_pair,0.1396,responder,0.05
any_pair,0.0173,responder,0.05
any_pair,-0.096,responder,0.05
any_pair,0.0575,responder,0.05
any_pair,-0.0558,responder,0.05
any_pair,-0.0023,responder,0.05
any_pair,0.2411,responder,0.05
any_pair,0.2309,responder,0.05
any_pair,-0.0713,responder,0.05
any_pair,-0.0152,responder,0.05
any_pair,-0.0486,responder,0.05
any_pair,0.0563,responder,0.05
any_pair,0.113,responder,0.05
any_pair,0.0757,responder,0.05
any_pair,0.0332,responder,0.05
any_pair,-0.1031,responder,0.05
any_pair,-0.0043,responder,0.05
any_pair,0.0811,responder,0.05
any_pair,0.018,responder,0.05
any_pair,0.3033,responder,0.05
any_pair,0.0215,responder,0.05
any_pair,-0.0598,responder,0.05
any_pair,0.1209,responder,0.05
any_pair,0.0246,responder,0.05
any_pair,0.5784,responder,0.05
any_pair,-0.0177,responder,0.05
any_pair,-0.0142,responder,0.05
any_pair,-0.0334,responder,0.05
any_pair,-0.1095,responder,0.05
any_pair,0.0402,responder,0.05
any_pair,0.0016,responder,0.05
any_pair,0.1952,responder,0.05
any_pair,0.2021,responder,0.05
any_pair,-0.0768,responder,0.05
any_pair,-0.1017,responder,0.05
any_pair,0.032,responder,0.05
any_pair,0.2297,responder,0.05
any_pair,0.3424,responder,0.05
any_pair,0.0169,responder,0.05
any_pair,-0.0141,responder,0.05
any_pair,-0.0332,responder,0.05
any_pair,-0.032,responder,0.05
any_pair,-0.0111,responder,0.05
any_pair,-0.0488,responder,0.05
any_pair,0.4097,responder,0.05
any_pair,0.0162,responder,0.05
any_pair,0.0848,responder,0.05
any_pair,-0.1205,responder,0.05
any_pair,0.1464,responder,0.05
any_pair,-0.0298,responder,0.05
any_pair,0.1571,responder,0.05
any_pair,0.0626,responder,0.05
any_pair,0.0438,responder,0.05
any_pair,0.2111,responder,0.05
any_pair,0.0242,responder,0.05
any_pair,0.0099,responder,0.05
any_pair,0.2619,responder,0.05
any_pair,-0.0606,responder,0.05
any_pair,0.4853,responder,0.05
any_pair,0.0121,responder,0.05
any_pair,-0.004,responder,0.05
any_pair,0.1085,responder,0.05
any_pair,0.0062,responder,0.05
any_pair,0.4167,responder,0.05
any_pair,0.138,responder,0.05
any_pair,-0.1399,responder,0.05
any_pair,-0.0145,responder,0.05
any_pair,0.0089,responder,0.05
any_pair,-0.0727,responder,0.05
any_pair,-0.1061,responder,0.05
any_pair,0.0426,responder,0.05
any_pair,-0.0509,responder,0.05
any_pair,0.0519,responder,0.05
any_pair,0.1459,responder,0.05
any_pair,0.1182,responder,0.05
any_pair,0.0216,responder,0.05
any_pair,0.155,responder,0.05
any_pair,0.013,responder,0.05
any_pair,-0.0353,responder,0.05
any_pair,0.0879,responder,0.05
any_pair,0.1935,responder,0.05
any_pair,0.4253,responder,0.05
any_pair,0.1129,responder,0.05
any_pair,0.0949,responder,0.05
any_pair,0.1884,responder,0.05
any_pair,0.1036,responder,0.05
any_pair,0.0937,responder,0.05
any_pair,-0.0023,responder,0.05
any_pair,-0.0479,responder,0.05
any_pair,0.0059,responder,0.05
any_pair,0.0992,responder,0.05
any_pair,0.443,responder,0.05
any_pair,-0.0913,responder,0.05
any_pair,0.0435,responder,0.05
any_pair,0.0758,responder,0.05
any_pair,-0.0733,responder,0.05
any_pair,0.3495,responder,0.05
any_pair,0.0255,responder,0.05
any_pair,0.3572,responder,0.05
any_pair,-0.1873,responder,0.05
any_pair,0.0258,responder,0.05
any_pair,0.0913,responder,0.05
any_pair,0.0406,responder,0.05
any_pair,0.3645,responder,0.05
any_pair,0.002,responder,0.05
any_pair,0.0496,responder,0.05
any_pair,-0.1322,responder,0.05
any_pair,0.2255,responder,0.05
any_pair,0.1057,responder,0.05
any_pair,0.0115,responder,0.05
any_pair,-0.0958,responder,0.05
any_pair,-0.1438,responder,0.05
any_pair,-0.0542,responder,0.05
any_pair,0.3509,responder,0.05
any_pair,0.0165,responder,0.05
any_pair,0.5711,responder,0.05
any_pair,-0.0195,responder,0.05
any_pair,-0.0746,responder,0.05
any_pair,0.0396,responder,0.05
any_pair,0.3414,responder,0.05
any_pair,0.0814,responder,0.05
any_pair,0.0693,responder,0.05
any_pair,0.0945,responder,0.05
any_pair,0.5141,responder,0.05
any_pair,0.1627,responder,0.05
any_pair,0.3192,responder,0.05
any_pair,-0.0004,responder,0.05
any_pair,0.0385,responder,0.05
any_pair,0.0057,responder,0.05
any_pair,0.0239,responder,0.05
any_pair,-0.0087,responder,0.05
any_pair,0.1377,responder,0.05
any_pair,0.0651,responder,0.05
any_pair,-0.1585,responder,0.05
any_pair,-0.017,responder,0.05
any_pair,-0.1474,responder,0.05
any_pair,0.1053,responder,0.05
any_pair,0.1045,responder,0.05
any_pair,0.0599,responder,0.05
any_pair,0.0454,responder,0.05
any_pair,0.0577,responder,0.05
any_pair,0.276,responder,0.05
any_pair,0.0626,responder,0.05
any_pair,0.0429,responder,0.05
any_pair,-0.0046,responder,0.05
any_pair,0.0974,responder,0.05
any_pair,-0.0677,responder,0.05
any_pair,0.1763,responder,0.05
any_pair,0.0161,responder,0.05
any_pair,-0.0689,responder,0.05
any_pair,0.314,responder,0.05
any_pair,-0.0511,responder,0.05
any_pair,0.0134,responder,0.05
any_pair,0.0394,responder,0.05
any_pair,0.028,responder,0.05
any_pair,-0.0526,responder,0.05
any_pair,0.0593,responder,0.05
any_pair,0.1414,responder,0.05
any_pair,0.0696,responder,0.05
any_pair,0.1284,responder,0.05
any_pair,0.0091,responder,0.05
any_pair,0.167,responder,0.05
any_pair,0.0956,responder,0.05
any_pair,0.0069,responder,0.05
any_pair,0.178,responder,0.05
any_pair,0.0649,responder,0.05
any_pair,0.0246,responder,0.05
any_pair,0.2625,responder,0.05
any_pair,-0.0003,responder,0.05
any_pair,0.0678,responder,0.05
any_pair,0.0461,responder,0.05
any_pair,0.074,responder,0.05
any_pair,0.0366,responder,0.05
any_pair,-0.0526,responder,0.05
any_pair,-0.01,responder,0.05
any_pair,0.0252,responder,0.05
any_pair,0.0877,responder,0.05
any_pair,0.0319,responder,0.05
any_pair,0.008,responder,0.05
any_pair,-0.1001,responder,0.05
any_pair,0.2284,responder,0.05
any_pair,0.2682,responder,0.05
any_pair,-0.0259,responder,0.05
any_pair,-0.0315,responder,0.05
any_pair,0.0515,responder,0.05
any_pair,0.1413,responder,0.05
any_pair,-0.2331,responder,0.05
any_pair,-0.079,responder,0.05
any_pair,0.0404,responder,0.05
any_pair,-0.0695,responder,0.05
any_pair,-0.0646,responder,0.05
any_pair,0.0739,responder,0.05
any_pair,0.4029,responder,0.05
any_pair,0.0176,responder,0.05
any_pair,-0.0085,responder,0.05
any_pair,0.0257,responder,0.05
any_pair,0.0214,responder,0.05
any_pair,0.0916,responder,0.05
any_pair,0.0152,responder,0.05
any_pair,0.0225,responder,0.05
any_pair,0.0445,responder,0.05
any_pair,-0.0028,responder,0.05
any_pair,-0.1209,responder,0.05
any_pair,0.0554,responder,0.05
any_pair,0.0017,responder,0.05
any_pair,0.0141,responder,0.05
any_pair,-0.0234,responder,0.05
any_pair,0.1534,responder,0.05
any_pair,-0.0704,responder,0.05
any_pair,0.2234,responder,0.05
any_pair,-0.0112,responder,0.05
any_pair,0.0489,responder,0.05
any_pair,0.0176,responder,0.05
any_pair,0.193,responder,0.05
any_pair,0.1389,responder,0.05
any_pair,0.0361,responder,0.05
any_pair,0.0083,responder,0.05
any_pair,0.013,responder,0.05
any_pair,-0.0146,responder,0.05
any_pair,0.0423,responder,0.05
any_pair,0.3273,responder,0.05
any_pair,0.1169,responder,0.05
any_pair,-0.0449,responder,0.05
any_pair,-0.0489,responder,0.05
any_pair,-0.1449,responder,0.05
any_pair,-0.2597,responder,0.05
any_pair,0.0379,responder,0.05
any_pair,0.0617,responder,0.05
any_pair,0.2149,responder,0.05
any_pair,0.0057,responder,0.05
any_pair,0.2845,responder,0.05
any_pair,-0.1754,responder,0.05
any_pair,0.1629,responder,0.05
any_pair,-0.0444,responder,0.05
any_pair,-0.4189,responder,0.05
any_pair,-0.0348,responder,0.05
any_pair,0.1888,responder,0.05
any_pair,0.0128,responder,0.05
any_pair,0.1835,responder,0.05
any_pair,0.0003,responder,0.05
any_pair,0.1991,responder,0.05
any_pair,-0.1172,responder,0.05
any_pair,-0.1965,responder,0.05
any_pair,-0.2496,responder,0.05
any_pair,0.1113,responder,0.05
any_pair,0.3661,responder,0.05
any_pair,0.0119,responder,0.05
any_pair,-0.1147,responder,0.05
any_pair,0.0042,responder,0.05
any_pair,-0.0084,responder,0.05
any_pair,0.1389,responder,0.05
any_pair,0.2987,responder,0.05
any_pair,0.3238,responder,0.05
any_pair,0.1267,responder,0.05
any_pair,0.0346,responder,0.05
any_pair,0.2661,responder,0.05
any_pair,-0.1408,responder,0.05
any_pair,0.0258,responder,0.05
any_pair,0.1907,responder,0.05
any_pair,0.148,responder,0.05
any_pair,0.0937,responder,0.05
any_pair,-0.0839,responder,0.05
any_pair,0.3756,responder,0.05
any_pair,0.013,responder,0.05
any_pair,-0.0902,responder,0.05
any_pair,0.2255,responder,0.05
any_pair,0.088,responder,0.05
any_pair,-0.0242,responder,0.05
any_pair,-0.0691,responder,0.05
any_pair,-0.0047,responder,0.05
any_pair,-0.0093,responder,0.05
any_pair,-0.1137,responder,0.05
any_pair,0.0265,responder,0.05
any_pair,0.2222,responder,0.05
any_pair,0.0819,responder,0.05
any_pair,0.267,responder,0.05
any_pair,0.2775,responder,0.05
any_pair,-0.1135,responder,0.05
any_pair,0.0709,responder,0.05
any_pair,-0.0008,responder,0.05
any_pair,0.0875,responder,0.05
any_pair,-0.0197,responder,0.05
any_pair,-0.0259,responder,0.05
any_pair,0.1461,responder,0.05
any_pair,0.0401,responder,0.05
any_pair,0.0944,responder,0.05
any_pair,-0.0034,responder,0.05
any_pair,0.0002,responder,0.05
any_pair,0.0836,responder,0.05
any_pair,0.1829,responder,0.05
any_pair,0.0462,responder,0.05
any_pair,0.6436,responder,0.05
any_pair,-0.302,responder,0.05
any_pair,0.2038,responder,0.05
any_pair,-0.0203,responder,0.05
any_pair,0.0826,responder,0.05
any_pair,0.0179,responder,0.05
any_pair,0.0299,responder,0.05
any_pair,-0.0861,responder,0.05
any_pair,0.1513,responder,0.05
any_pair,-0.1608,responder,0.05
any_pair,0.0938,responder,0.05
any_pair,-0.1332,responder,0.05
any_pair,0.3222,responder,0.05
any_pair,0.4414,responder,0.05
any_pair,0.0044,responder,0.05
any_pair,-0.2234,responder,0.05
any_pair,0.3945,responder,0.05
any_pair,0.015,responder,0.05
any_pair,-0.1292,responder,0.05
any_pair,-0.1237,responder,0.05
any_pair,-0.0801,responder,0.05
any_pair,-0.0726,responder,0.05
any_pair,0.119,responder,0.05
any_pair,0.0778,responder,0.05
any_pair,-0.3861,responder,0.05
any_pair,0.1391,responder,0.05
any_pair,0.0382,responder,0.05
any_pair,0.0245,responder,0.05
any_pair,0.3846,responder,0.05
any_pair,0.2697,responder,0.05
any_pair,0.096,responder,0.05
any_pair,0.1951,responder,0.05
any_pair,0.0315,responder,0.05
any_pair,0.2287,responder,0.05
any_pair,0.0606,responder,0.05
any_pair,-0.0848,responder,0.05
any_pair,0.0314,responder,0.05
any_pair,-0.008,responder,0.05
any_pair,0.0289,responder,0.05
any_pair,0.2576,responder,0.05
any_pair,0.3068,responder,0.05
any_pair,-0.2076,responder,0.05
any_pair,0.2791,responder,0.05
any_pair,-0.099,responder,0.05
any_pair,0.2047,responder,0.05
any_pair,0.0707,responder,0.05
any_pair,0.1298,responder,0.05
any_pair,-0.1463,responder,0.05
any_pair,0.0253,responder,0.05
any_pair,-0.0073,responder,0.05
any_pair,0.1625,responder,0.05
any_pair,-0.0075,responder,0.05
any_pair,-0.0311,responder,0.05
any_pair,0.2121,responder,0.05
any_pair,0.0574,responder,0.05
any_pair,-0.0313,responder,0.05
any_pair,-0.117,responder,0.05
any_pair,0.0796,responder,0.05
any_pair,0.0213,responder,0.05
any_pair,-0.1458,responder,0.05
any_pair,-0.0525,responder,0.05
any_pair,0.1897,responder,0.05
any_pair,0.0663,responder,0.05
any_pair,0.044,responder,0.05
any_pair,0.2163,responder,0.05
any_pair,0.2525,responder,0.05
any_pair,0.0181,responder,0.05
any_pair,0.1582,responder,0.05
any_pair,0.4029,responder,0.05
any_pair,0.2467,responder,0.05
any_pair,0.1118,responder,0.05
any_pair,0.1973,responder,0.05
any_pair,0.2104,responder,0.05
any_pair,-0.097,responder,0.05
any_pair,0.0135,responder,0.05
any_pair,0.008,responder,0.05
any_pair,-0.0051,responder,0.05
any_pair,0.0514,responder,0.05
any_pair,0.4101,responder,0.05
any_pair,0.1999,responder,0.05
any_pair,0.0769,responder,0.05
any_pair,-0.0839,responder,0.05
any_pair,-0.0372,responder,0.05
any_pair,0.0178,responder,0.05
any_pair,0.0018,responder,0.05
any_pair,-0.023,responder,0.05
any_pair,0.0348,responder,0.05
any_pair,0.0314,responder,0.05
any_pair,0.0939,responder,0.05
any_pair,0.4577,responder,0.05
any_pair,0.0385,responder,0.05
any_pair,0.0017,responder,0.05
any_pair,-0.0091,responder,0.05
any_pair,0.0149,responder,0.05
any_pair,-0.081,responder,0.05
any_pair,0.0522,responder,0.05
any_pair,0.369,responder,0.05
any_pair,0.2038,responder,0.05
any_pair,-0.1083,responder,0.05
any_pair,-0.1944,responder,0.05
any_pair,0.1024,responder,0.05
any_pair,0.4798,responder,0.05
any_pair,-0.0322,responder,0.05
any_pair,0.0803,responder,0.05
any_pair,0.2144,responder,0.05
any_pair,-0.044,responder,0.05
any_pair,0.2243,responder,0.05
any_pair,0.0044,responder,0.05
any_pair,0.0471,responder,0.05
any_pair,0.1553,responder,0.05
any_pair,-0.1328,responder,0.05
any_pair,-0.0556,responder,0.05
any_pair,0.0533,responder,0.05
any_pair,0.1447,responder,0.05
any_pair,0.1834,responder,0.05
any_pair,0.1922,responder,0.05
any_pair,0.12,responder,0.05
any_pair,0.0432,responder,0.05
any_pair,-0.0115,responder,0.05
any_pair,-0.2196,responder,0.05
any_pair,-0.027,responder,0.05
any_pair,0.2222,responder,0.05
any_pair,-0.0471,responder,0.05
any_pair,0.3927,responder,0.05
any_pair,-0.0016,responder,0.05
any_pair,0.1527,responder,0.05
any_pair,0.0186,responder,0.05
any_pair,0.0438,responder,0.05
any_pair,0.2061,responder,0.05
any_pair,0.0062,responder,0.05
any_pair,0.2585,responder,0.05
any_pair,0.0155,responder,0.05
any_pair,0.0361,responder,0.05
any_pair,0.2297,responder,0.05
any_pair,-0.0049,responder,0.05
any_pair,-0.0084,responder,0.05
any_pair,0.3739,responder,0.05
any_pair,0.02,responder,0.05
any_pair,0.2836,responder,0.05
any_pair,-0.0669,responder,0.05
any_pair,0.2509,responder,0.05
any_pair,0.1597,responder,0.05
any_pair,0.1939,responder,0.05
any_pair,0.0801,responder,0.05
any_pair,-0.1124,responder,0.05
any_pair,0.334,responder,0.05
any_pair,0.4099,responder,0.05
any_pair,-0.1011,responder,0.05
any_pair,0.2722,responder,0.05
any_pair,0.0245,responder,0.05
any_pair,0.06,responder,0.05
any_pair,-0.1038,responder,0.05
any_pair,-0.0695,responder,0.05
any_pair,0.1477,responder,0.05
any_pair,0.0385,responder,0.05
any_pair,0.0557,responder,0.05
diff_drug,-0.0033,responder,0.05
diff_drug,0.1757,responder,0.05
diff_drug,0.2159,responder,0.05
diff_drug,0.0246,responder,0.05
diff_drug,0.1807,responder,0.05
diff_drug,0.1078,responder,0.05
diff_drug,0.0094,responder,0.05
diff_drug,0.165,responder,0.05
diff_drug,-0.0,responder,0.05
diff_drug,0.0235,responder,0.05
diff_drug,0.1446,responder,0.05
diff_drug,0.0069,responder,0.05
diff_drug,0.1123,responder,0.05
diff_drug,-0.3542,responder,0.05
diff_drug,0.0257,responder,0.05
diff_drug,0.0084,responder,0.05
diff_drug,0.3798,responder,0.05
diff_drug,-0.0254,responder,0.05
diff_drug,-0.0349,responder,0.05
diff_drug,0.0037,responder,0.05
diff_drug,0.0263,responder,0.05
diff_drug,-0.2502,responder,0.05
diff_drug,0.0287,responder,0.05
diff_drug,0.0309,responder,0.05
diff_drug,0.3402,responder,0.05
diff_drug,0.0047,responder,0.05
diff_drug,-0.4095,responder,0.05
diff_drug,-0.2909,responder,0.05
diff_drug,-0.0916,responder,0.05
diff_drug,0.132,responder,0.05
diff_drug,0.2369,responder,0.05
diff_drug,-0.114,responder,0.05
diff_drug,0.649,responder,0.05
diff_drug,0.0365,responder,0.05
diff_drug,0.0142,responder,0.05
diff_drug,0.0035,responder,0.05
diff_drug,0.0029,responder,0.05
diff_drug,-0.0062,responder,0.05
diff_drug,0.0385,responder,0.05
diff_drug,0.0772,responder,0.05
diff_drug,0.2688,responder,0.05
diff_drug,-0.0002,responder,0.05
diff_drug,0.4055,responder,0.05
diff_drug,0.0778,responder,0.05
diff_drug,0.0067,responder,0.05
diff_drug,-0.1166,responder,0.05
diff_drug,0.1634,responder,0.05
diff_drug,0.3243,responder,0.05
diff_drug,0.1792,responder,0.05
diff_drug,0.2972,responder,0.05
diff_drug,0.0745,responder,0.05
diff_drug,0.1112,responder,0.05
diff_drug,0.2572,responder,0.05
diff_drug,0.1067,responder,0.05
diff_drug,0.0404,responder,0.05
diff_drug,0.0968,responder,0.05
diff_drug,-0.033,responder,0.05
diff_drug,0.055,responder,0.05
diff_drug,-0.0416,responder,0.05
diff_drug,0.3498,responder,0.05
diff_drug,-0.0864,responder,0.05
diff_drug,0.0214,responder,0.05
diff_drug,0.1722,responder,0.05
diff_drug,-0.0921,responder,0.05
diff_drug,-0.0821,responder,0.05
diff_drug,0.0352,responder,0.05
diff_drug,0.1511,responder,0.05
diff_drug,-0.0359,responder,0.05
diff_drug,0.0182,responder,0.05
diff_drug,-0.1962,responder,0.05
diff_drug,0.0436,responder,0.05
diff_drug,0.1587,responder,0.05
diff_drug,-0.2636,responder,0.05
diff_drug,-0.055,responder,0.05
diff_drug,0.073,responder,0.05
diff_drug,-0.0051,responder,0.05
diff_drug,0.2124,responder,0.05
diff_drug,-0.2764,responder,0.05
diff_drug,0.0197,responder,0.05
diff_drug,-0.2165,responder,0.05
diff_drug,-0.0728,responder,0.05
diff_drug,0.2434,responder,0.05
diff_drug,0.2924,responder,0.05
diff_drug,0.1205,responder,0.05
diff_drug,0.0688,responder,0.05
diff_drug,-0.0593,responder,0.05
diff_drug,0.0955,responder,0.05
diff_drug,0.4643,responder,0.05
diff_drug,-0.0089,responder,0.05
diff_drug,0.0148,responder,0.05
diff_drug,0.1352,responder,0.05
diff_drug,0.1203,responder,0.05
diff_drug,-0.0739,responder,0.05
diff_drug,0.0319,responder,0.05
diff_drug,-0.0046,responder,0.05
diff_drug,0.0546,responder,0.05
diff_drug,0.0823,responder,0.05
diff_drug,0.0265,responder,0.05
diff_drug,0.1842,responder,0.05
diff_drug,-0.0943,responder,0.05
diff_drug,0.2463,responder,0.05
diff_drug,0.1048,responder,0.05
diff_drug,0.0208,responder,0.05
diff_drug,0.325,responder,0.05
diff_drug,0.1778,responder,0.05
diff_drug,0.1486,responder,0.05
diff_drug,-0.1635,responder,0.05
diff_drug,0.0683,responder,0.05
diff_drug,-0.0797,responder,0.05
diff_drug,-0.0082,responder,0.05
diff_drug,0.1073,responder,0.05
diff_drug,-0.0222,responder,0.05
diff_drug,-0.0425,responder,0.05
diff_drug,0.0416,responder,0.05
diff_drug,-0.0065,responder,0.05
diff_drug,-0.0909,responder,0.05
diff_drug,0.0764,responder,0.05
diff_drug,0.0133,responder,0.05
diff_drug,0.0734,responder,0.05
diff_drug,-0.1151,responder,0.05
diff_drug,0.0226,responder,0.05
diff_drug,0.0691,responder,0.05
diff_drug,0.0605,responder,0.05
diff_drug,0.007,responder,0.05
diff_drug,0.117,responder,0.05
diff_drug,-0.0416,responder,0.05
diff_drug,0.1009,responder,0.05
diff_drug,-0.1839,responder,0.05
diff_drug,0.1421,responder,0.05
diff_drug,0.2447,responder,0.05
diff_drug,0.0163,responder,0.05
diff_drug,-0.1421,responder,0.05
diff_drug,0.4158,responder,0.05
diff_drug,-0.0338,responder,0.05
diff_drug,-0.1928,responder,0.05
diff_drug,-0.3096,responder,0.05
diff_drug,0.0144,responder,0.05
diff_drug,0.1611,responder,0.05
diff_drug,-0.0149,responder,0.05
diff_drug,0.2878,responder,0.05
diff_drug,0.2531,responder,0.05
diff_drug,-0.0049,responder,0.05
diff_drug,0.0222,responder,0.05
diff_drug,0.0642,responder,0.05
diff_drug,-0.0274,responder,0.05
diff_drug,0.0382,responder,0.05
diff_drug,-0.0891,responder,0.05
diff_drug,0.0065,responder,0.05
diff_drug,0.0728,responder,0.05
diff_drug,-0.0471,responder,0.05
diff_drug,0.0575,responder,0.05
diff_drug,0.052,responder,0.05
diff_drug,0.3028,responder,0.05
diff_drug,-0.0043,responder,0.05
diff_drug,0.0358,responder,0.05
diff_drug,-0.0989,responder,0.05
diff_drug,-0.0949,responder,0.05
diff_drug,0.0351,responder,0.05
diff_drug,0.1298,responder,0.05
diff_drug,0.3302,responder,0.05
diff_drug,0.1008,responder,0.05
diff_drug,0.0913,responder,0.05
diff_drug,0.0726,responder,0.05
diff_drug,-0.0541,responder,0.05
diff_drug,0.0581,responder,0.05
diff_drug,0.0469,responder,0.05
diff_drug,0.0234,responder,0.05
diff_drug,0.0012,responder,0.05
diff_drug,0.0384,responder,0.05
diff_drug,0.1061,responder,0.05
diff_drug,-0.1553,responder,0.05
diff_drug,0.2057,responder,0.05
diff_drug,-0.0368,responder,0.05
diff_drug,0.1185,responder,0.05
diff_drug,0.0973,responder,0.05
diff_drug,0.1427,responder,0.05
diff_drug,0.0138,responder,0.05
diff_drug,0.1038,responder,0.05
diff_drug,0.0126,responder,0.05
diff_drug,0.1716,responder,0.05
diff_drug,0.0478,responder,0.05
diff_drug,0.026,responder,0.05
diff_drug,0.0245,responder,0.05
diff_drug,-0.1255,responder,0.05
diff_drug,0.2009,responder,0.05
diff_drug,0.0259,responder,0.05
diff_drug,-0.1978,responder,0.05
diff_drug,0.1949,responder,0.05
diff_drug,-0.1472,responder,0.05
diff_drug,-0.054,responder,0.05
diff_drug,0.0589,responder,0.05
diff_drug,-0.2247,responder,0.05
diff_drug,-0.0029,responder,0.05
diff_drug,-0.0145,responder,0.05
diff_drug,-0.1985,responder,0.05
diff_drug,0.0951,responder,0.05
diff_drug,0.1005,responder,0.05
diff_drug,-0.0012,responder,0.05
diff_drug,-0.1607,responder,0.05
diff_drug,-0.0153,responder,0.05
diff_drug,0.0236,responder,0.05
diff_drug,-0.1222,responder,0.05
diff_drug,0.1033,responder,0.05
diff_drug,0.23,responder,0.05
diff_drug,-0.0165,responder,0.05
diff_drug,0.0215,responder,0.05
diff_drug,0.1219,responder,0.05
diff_drug,0.0305,responder,0.05
diff_drug,-0.0305,responder,0.05
diff_drug,0.0095,responder,0.05
diff_drug,0.0879,responder,0.05
diff_drug,0.0229,responder,0.05
diff_drug,0.0692,responder,0.05
diff_drug,0.0994,responder,0.05
diff_drug,0.1377,responder,0.05
diff_drug,0.1032,responder,0.05
diff_drug,0.2338,responder,0.05
diff_drug,0.1242,responder,0.05
diff_drug,0.1346,responder,0.05
diff_drug,0.1938,responder,0.05
diff_drug,0.0542,responder,0.05
diff_drug,0.0588,responder,0.05
diff_drug,0.0352,responder,0.05
diff_drug,0.4107,responder,0.05
diff_drug,-0.0739,responder,0.05
diff_drug,-0.265,responder,0.05
diff_drug,0.2613,responder,0.05
diff_drug,0.0613,responder,0.05
diff_drug,-0.0907,responder,0.05
diff_drug,0.0268,responder,0.05
diff_drug,-0.0207,responder,0.05
diff_drug,0.085,responder,0.05
diff_drug,0.0056,responder,0.05
diff_drug,-0.0977,responder,0.05
diff_drug,-0.0001,responder,0.05
diff_drug,0.2356,responder,0.05
diff_drug,0.3984,responder,0.05
diff_drug,-0.0242,responder,0.05
diff_drug,-0.0206,responder,0.05
diff_drug,0.4295,responder,0.05
diff_drug,-0.1403,responder,0.05
diff_drug,0.1468,responder,0.05
diff_drug,0.1206,responder,0.05
diff_drug,0.1414,responder,0.05
diff_drug,0.1189,responder,0.05
diff_drug,-0.1635,responder,0.05
diff_drug,-0.3055,responder,0.05
diff_drug,0.0524,responder,0.05
diff_drug,0.3355,responder,0.05
diff_drug,0.0369,responder,0.05
diff_drug,0.1873,responder,0.05
diff_drug,0.2022,responder,0.05
diff_drug,0.0261,responder,0.05
diff_drug,0.0335,responder,0.05
diff_drug,0.2765,responder,0.05
diff_drug,-0.0048,responder,0.05
diff_drug,0.3288,responder,0.05
diff_drug,0.3317,responder,0.05
diff_drug,0.0598,responder,0.05
diff_drug,0.1768,responder,0.05
diff_drug,0.0267,responder,0.05
diff_drug,-0.0311,responder,0.05
diff_drug,0.0556,responder,0.05
diff_drug,-0.1201,responder,0.05
diff_drug,0.1919,responder,0.05
diff_drug,0.057,responder,0.05
diff_drug,-0.0138,responder,0.05
diff_drug,0.2359,responder,0.05
diff_drug,-0.0523,responder,0.05
diff_drug,-0.0141,responder,0.05
diff_drug,0.2583,responder,0.05
diff_drug,0.2825,responder,0.05
diff_drug,0.2096,responder,0.05
diff_drug,0.1616,responder,0.05
diff_drug,-0.049,responder,0.05
diff_drug,0.0544,responder,0.05
diff_drug,-0.132,responder,0.05
diff_drug,0.2383,responder,0.05
diff_drug,0.4859,responder,0.05
diff_drug,-0.0151,responder,0.05
diff_drug,0.2792,responder,0.05
diff_drug,-0.0019,responder,0.05
diff_drug,0.0167,responder,0.05
diff_drug,-0.0409,responder,0.05
diff_drug,0.015,responder,0.05
diff_drug,0.3806,responder,0.05
diff_drug,0.1133,responder,0.05
diff_drug,0.1625,responder,0.05
diff_drug,-0.0716,responder,0.05
diff_drug,0.0748,responder,0.05
diff_drug,0.1296,responder,0.05
diff_drug,0.0196,responder,0.05
diff_drug,0.079,responder,0.05
diff_drug,-0.012,responder,0.05
diff_drug,0.0759,responder,0.05
diff_drug,0.5391,responder,0.05
diff_drug,0.3378,responder,0.05
diff_drug,0.1667,responder,0.05
diff_drug,-0.0023,responder,0.05
diff_drug,0.3859,responder,0.05
diff_drug,-0.0778,responder,0.05
diff_drug,0.0812,responder,0.05
diff_drug,0.0421,responder,0.05
diff_drug,0.0215,responder,0.05
diff_drug,0.266,responder,0.05
diff_drug,0.0548,responder,0.05
diff_drug,0.0467,responder,0.05
diff_drug,0.0612,responder,0.05
diff_drug,0.0438,responder,0.05
diff_drug,0.0005,responder,0.05
diff_drug,0.1552,responder,0.05
diff_drug,0.0182,responder,0.05
diff_drug,0.0189,responder,0.05
diff_drug,-0.0904,responder,0.05
diff_drug,0.0893,responder,0.05
diff_drug,0.2568,responder,0.05
diff_drug,-0.1714,responder,0.05
diff_drug,0.0322,responder,0.05
diff_drug,-0.1362,responder,0.05
diff_drug,0.072,responder,0.05
diff_drug,-0.0485,responder,0.05
diff_drug,-0.199,responder,0.05
diff_drug,-0.2312,responder,0.05
diff_drug,-0.0848,responder,0.05
diff_drug,0.0536,responder,0.05
diff_drug,-0.1348,responder,0.05
diff_drug,0.0873,responder,0.05
diff_drug,0.0908,responder,0.05
diff_drug,0.1665,responder,0.05
diff_drug,-0.0536,responder,0.05
diff_drug,0.0336,responder,0.05
diff_drug,-0.1672,responder,0.05
diff_drug,0.2625,responder,0.05
diff_drug,0.2257,responder,0.05
diff_drug,-0.0054,responder,0.05
diff_drug,0.0109,responder,0.05
diff_drug,0.0165,responder,0.05
diff_drug,0.0543,responder,0.05
diff_drug,0.0926,responder,0.05
diff_drug,0.3677,responder,0.05
diff_drug,0.1179,responder,0.05
diff_drug,0.1455,responder,0.05
diff_drug,0.0702,responder,0.05
diff_drug,0.277,responder,0.05
diff_drug,0.034,responder,0.05
diff_drug,0.0416,responder,0.05
diff_drug,0.1634,responder,0.05
diff_drug,0.2062,responder,0.05
diff_drug,0.0367,responder,0.05
diff_drug,0.0062,responder,0.05
diff_drug,-0.0139,responder,0.05
diff_drug,-0.0898,responder,0.05
diff_drug,0.3236,responder,0.05
diff_drug,0.0328,responder,0.05
diff_drug,-0.1193,responder,0.05
diff_drug,0.0407,responder,0.05
diff_drug,0.0731,responder,0.05
diff_drug,-0.1707,responder,0.05
diff_drug,0.0319,responder,0.05
diff_drug,0.0431,responder,0.05
diff_drug,0.0618,responder,0.05
diff_drug,0.2202,responder,0.05
diff_drug,-0.0348,responder,0.05
diff_drug,0.0859,responder,0.05
diff_drug,0.4073,responder,0.05
diff_drug,0.031,responder,0.05
diff_drug,-0.0635,responder,0.05
diff_drug,0.1942,responder,0.05
diff_drug,0.1154,responder,0.05
diff_drug,0.1704,responder,0.05
diff_drug,-0.0537,responder,0.05
diff_drug,-0.0825,responder,0.05
diff_drug,0.0595,responder,0.05
diff_drug,0.1016,responder,0.05
diff_drug,0.6122,responder,0.05
diff_drug,-0.0103,responder,0.05
diff_drug,0.0427,responder,0.05
diff_drug,0.1239,responder,0.05
diff_drug,-0.223,responder,0.05
diff_drug,0.1254,responder,0.05
diff_drug,0.1599,responder,0.05
diff_drug,-0.0976,responder,0.05
diff_drug,0.102,responder,0.05
diff_drug,0.0084,responder,0.05
diff_drug,0.0509,responder,0.05
diff_drug,0.1081,responder,0.05
diff_drug,0.0018,responder,0.05
diff_drug,0.0764,responder,0.05
diff_drug,0.0806,responder,0.05
diff_drug,0.0818,responder,0.05
diff_drug,0.0385,responder,0.05
diff_drug,-0.1307,responder,0.05
diff_drug,0.2589,responder,0.05
diff_drug,0.0216,responder,0.05
diff_drug,0.199,responder,0.05
diff_drug,0.0542,responder,0.05
diff_drug,0.0273,responder,0.05
diff_drug,0.1015,responder,0.05
diff_drug,0.0838,responder,0.05
diff_drug,0.3752,responder,0.05
diff_drug,0.3326,responder,0.05
diff_drug,0.1842,responder,0.05
diff_drug,0.1308,responder,0.05
diff_drug,0.1223,responder,0.05
diff_drug,0.3545,responder,0.05
diff_drug,0.0948,responder,0.05
diff_drug,0.0759,responder,0.05
diff_drug,0.4093,responder,0.05
diff_drug,0.2788,responder,0.05
diff_drug,0.2614,responder,0.05
diff_drug,0.1083,responder,0.05
diff_drug,-0.0713,responder,0.05
diff_drug,-0.0764,responder,0.05
diff_drug,-0.007,responder,0.05
diff_drug,0.2409,responder,0.05
diff_drug,0.1908,responder,0.05
diff_drug,0.1596,responder,0.05
diff_drug,0.1905,responder,0.05
diff_drug,0.1081,responder,0.05
diff_drug,0.0905,responder,0.05
diff_drug,0.3255,responder,0.05
diff_drug,0.1967,responder,0.05
diff_drug,0.0405,responder,0.05
diff_drug,0.0482,responder,0.05
diff_drug,0.0747,responder,0.05
diff_drug,-0.1853,responder,0.05
diff_drug,0.015,responder,0.05
diff_drug,0.0106,responder,0.05
diff_drug,0.1709,responder,0.05
diff_drug,0.18,responder,0.05
diff_drug,0.0168,responder,0.05
diff_drug,0.1597,responder,0.05
diff_drug,0.2662,responder,0.05
diff_drug,-0.0546,responder,0.05
diff_drug,-0.1265,responder,0.05
diff_drug,0.0052,responder,0.05
diff_drug,-0.5003,responder,0.05
diff_drug,0.0948,responder,0.05
diff_drug,-0.0691,responder,0.05
diff_drug,-0.0682,responder,0.05
diff_drug,0.0437,responder,0.05
diff_drug,0.1485,responder,0.05
diff_drug,0.0869,responder,0.05
diff_drug,-0.0702,responder,0.05
diff_drug,0.0281,responder,0.05
diff_drug,0.1864,responder,0.05
diff_drug,0.0377,responder,0.05
diff_drug,0.1693,responder,0.05
diff_drug,0.2609,responder,0.05
same_drug,-0.0472,responder,0.05
same_drug,-0.1195,responder,0.05
same_drug,0.0115,responder,0.05
same_drug,-0.0787,responder,0.05
same_drug,-0.0016,responder,0.05
same_drug,0.0075,responder,0.05
same_drug,0.34,responder,0.05
same_drug,0.0327,responder,0.05
same_drug,0.1093,responder,0.05
same_drug,-0.0819,responder,0.05
same_drug,0.0294,responder,0.05
same_drug,0.1556,responder,0.05
same_drug,-0.0428,responder,0.05
same_drug,0.1637,responder,0.05
same_drug,0.1942,responder,0.05
same_drug,0.1091,responder,0.05
same_drug,-0.0103,responder,0.05
same_drug,0.2836,responder,0.05
same_drug,0.163,responder,0.05
same_drug,0.1081,responder,0.05
same_drug,-0.2276,responder,0.05
same_drug,0.0445,responder,0.05
same_drug,0.026,responder,0.05
same_drug,-0.2337,responder,0.05
same_drug,0.3997,responder,0.05
same_drug,0.0675,responder,0.05
same_drug,-0.0119,responder,0.05
same_drug,-0.1365,responder,0.05
same_drug,0.0656,responder,0.05
same_drug,0.3431,responder,0.05
same_drug,0.1794,responder,0.05
same_drug,0.2269,responder,0.05
same_drug,0.168,responder,0.05
same_drug,0.0067,responder,0.05
same_drug,0.1925,responder,0.05
same_drug,-0.3829,responder,0.05
same_drug,0.07,responder,0.05
same_drug,0.4047,responder,0.05
same_drug,0.0416,responder,0.05
same_drug,0.1373,responder,0.05
same_drug,-0.0722,responder,0.05
same_drug,0.0056,responder,0.05
same_drug,0.1839,responder,0.05
same_drug,0.0469,responder,0.05
same_drug,0.1207,responder,0.05
same_drug,-0.1373,responder,0.05
same_drug,-0.0778,responder,0.05
same_drug,0.3908,responder,0.05
same_drug,0.2232,responder,0.05
same_drug,0.0044,responder,0.05
same_drug,0.0098,responder,0.05
same_drug,0.1592,responder,0.05
same_drug,-0.0387,responder,0.05
same_drug,0.01,responder,0.05
same_drug,-0.2678,responder,0.05
same_drug,-0.0203,responder,0.05
same_drug,0.0027,responder,0.05
same_drug,0.4689,responder,0.05
same_drug,-0.1054,responder,0.05
same_drug,0.0695,responder,0.05
same_drug,-0.1053,responder,0.05
same_drug,-0.1013,responder,0.05
same_drug,-0.0145,responder,0.05
same_drug,0.0189,responder,0.05
same_drug,-0.0299,responder,0.05
same_drug,0.0577,responder,0.05
same_drug,0.2704,responder,0.05
same_drug,0.0814,responder,0.05
same_drug,0.0502,responder,0.05
same_drug,0.2361,responder,0.05
same_drug,-0.1944,responder,0.05
same_drug,0.1372,responder,0.05
same_drug,0.0429,responder,0.05
same_drug,0.0091,responder,0.05
same_drug,-0.3167,responder,0.05
same_drug,-0.2204,responder,0.05
same_drug,0.0152,responder,0.05
same_drug,-0.0688,responder,0.05
same_drug,-0.066,responder,0.05
same_drug,0.0933,responder,0.05
same_drug,-0.0652,responder,0.05
same_drug,0.0757,responder,0.05
same_drug,-0.142,responder,0.05
same_drug,0.0544,responder,0.05
same_drug,0.5153,responder,0.05
same_drug,0.023,responder,0.05
same_drug,-0.0229,responder,0.05
same_drug,0.0127,responder,0.05
same_drug,0.1216,responder,0.05
same_drug,-0.1354,responder,0.05
same_drug,-0.0413,responder,0.05
same_drug,0.0495,responder,0.05
same_drug,0.1917,responder,0.05
same_drug,0.1288,responder,0.05
same_drug,0.0763,responder,0.05
same_drug,0.3356,responder,0.05
same_drug,0.0396,responder,0.05
same_drug,0.2994,responder,0.05
same_drug,0.1326,responder,0.05
same_drug,0.1794,responder,0.05
same_drug,-0.0164,responder,0.05
same_drug,0.1037,responder,0.05
same_drug,0.059,responder,0.05
same_drug,0.0067,responder,0.05
same_drug,-0.0071,responder,0.05
same_drug,-0.004,responder,0.05
same_drug,-0.0954,responder,0.05
same_drug,0.0643,responder,0.05
same_drug,0.1715,responder,0.05
same_drug,-0.0212,responder,0.05
same_drug,0.1893,responder,0.05
same_drug,-0.2159,responder,0.05
same_drug,-0.0276,responder,0.05
same_drug,-0.0818,responder,0.05
same_drug,-0.178,responder,0.05
same_drug,-0.0088,responder,0.05
same_drug,0.0675,responder,0.05
same_drug,0.1308,responder,0.05
same_drug,-0.0059,responder,0.05
same_drug,-0.0402,responder,0.05
same_drug,0.1024,responder,0.05
same_drug,-0.0414,responder,0.05
same_drug,0.7331,responder,0.05
same_drug,-0.0205,responder,0.05
same_drug,-0.1821,responder,0.05
same_drug,0.0243,responder,0.05
same_drug,-0.0085,responder,0.05
same_drug,0.0013,responder,0.05
same_drug,-0.0517,responder,0.05
same_drug,0.0156,responder,0.05
same_drug,-0.0141,responder,0.05
same_drug,-0.0147,responder,0.05
same_drug,0.2762,responder,0.05
same_drug,0.1401,responder,0.05
same_drug,-0.0017,responder,0.05
same_drug,-0.1578,responder,0.05
same_drug,0.1326,responder,0.05
same_drug,0.1146,responder,0.05
same_drug,0.1489,responder,0.05
same_drug,-0.0043,responder,0.05
same_drug,0.0622,responder,0.05
same_drug,-0.0063,responder,0.05
same_drug,0.0089,responder,0.05
same_drug,0.0298,responder,0.05
same_drug,-0.0216,responder,0.05
same_drug,0.0025,responder,0.05
same_drug,-0.0214,responder,0.05
same_drug,-0.0236,responder,0.05
same_drug,0.0107,responder,0.05
same_drug,0.0304,responder,0.05
same_drug,0.0042,responder,0.05
same_drug,0.0276,responder,0.05
same_drug,0.7125,responder,0.05
same_drug,-0.0038,responder,0.05
same_drug,0.1018,responder,0.05
same_drug,0.0823,responder,0.05
same_drug,-0.0991,responder,0.05
same_drug,0.1633,responder,0.05
same_drug,0.5104,responder,0.05
same_drug,-0.0426,responder,0.05
same_drug,0.05,responder,0.05
same_drug,0.0274,responder,0.05
same_drug,0.0062,responder,0.05
same_drug,0.0133,responder,0.05
same_drug,0.0644,responder,0.05
same_drug,0.2078,responder,0.05
same_drug,-0.0098,responder,0.05
same_drug,0.0214,responder,0.05
same_drug,0.0699,responder,0.05
same_drug,-0.0624,responder,0.05
same_drug,0.1253,responder,0.05
same_drug,0.206,responder,0.05
same_drug,0.0271,responder,0.05
same_drug,-0.0149,responder,0.05
same_drug,-0.0511,responder,0.05
same_drug,0.1456,responder,0.05
same_drug,-0.0508,responder,0.05
same_drug,0.0668,responder,0.05
same_drug,0.0276,responder,0.05
same_drug,0.0308,responder,0.05
same_drug,0.2589,responder,0.05
same_drug,-0.0195,responder,0.05
same_drug,0.4354,responder,0.05
same_drug,-0.0122,responder,0.05
same_drug,0.1475,responder,0.05
same_drug,0.1979,responder,0.05
same_drug,0.2317,responder,0.05
same_drug,0.061,responder,0.05
same_drug,-0.0645,responder,0.05
same_drug,0.4486,responder,0.05
same_drug,0.1302,responder,0.05
same_drug,0.0712,responder,0.05
same_drug,-0.0198,responder,0.05
same_drug,0.0824,responder,0.05
same_drug,0.3147,responder,0.05
same_drug,0.0088,responder,0.05
same_drug,-0.0001,responder,0.05
same_drug,-0.0419,responder,0.05
same_drug,0.0817,responder,0.05
same_drug,0.2893,responder,0.05
same_drug,-0.1074,responder,0.05
same_drug,0.1388,responder,0.05
same_drug,0.0255,responder,0.05
same_drug,0.0277,responder,0.05
same_drug,0.1094,responder,0.05
same_drug,0.0826,responder,0.05
same_drug,-0.214,responder,0.05
same_drug,-0.0315,responder,0.05
same_drug,0.1518,responder,0.05
same_drug,0.2616,responder,0.05
same_drug,-0.0232,responder,0.05
same_drug,-0.1364,responder,0.05
same_drug,0.0372,responder,0.05
same_drug,-0.0368,responder,0.05
same_drug,-0.0502,responder,0.05
same_drug,0.0129,responder,0.05
same_drug,-0.1888,responder,0.05
same_drug,0.0322,responder,0.05
same_drug,0.4786,responder,0.05
same_drug,0.8919,responder,0.05
same_drug,0.0413,responder,0.05
same_drug,0.4424,responder,0.05
same_drug,0.0596,responder,0.05
same_drug,0.0875,responder,0.05
same_drug,0.0004,responder,0.05
same_drug,-0.1085,responder,0.05
same_drug,0.3525,responder,0.05
same_drug,0.1275,responder,0.05
same_drug,0.0167,responder,0.05
same_drug,0.1008,responder,0.05
same_drug,0.0278,responder,0.05
same_drug,0.019,responder,0.05
same_drug,0.1853,responder,0.05
same_drug,0.0615,responder,0.05
same_drug,0.0636,responder,0.05
same_drug,-0.1996,responder,0.05
same_drug,-0.0229,responder,0.05
same_drug,0.11,responder,0.05
same_drug,0.0373,responder,0.05
same_drug,0.3921,responder,0.05
same_drug,0.082,responder,0.05
same_drug,0.0462,responder,0.05
same_drug,0.133,responder,0.05
same_drug,0.0143,responder,0.05
same_drug,0.006,responder,0.05
same_drug,0.465,responder,0.05
same_drug,0.1867,responder,0.05
same_drug,0.0054,responder,0.05
same_drug,-0.0603,responder,0.05
same_drug,-0.0048,responder,0.05
same_drug,0.0491,responder,0.05
same_drug,-0.0509,responder,0.05
same_drug,0.5129,responder,0.05
same_drug,0.0221,responder,0.05
same_drug,-0.0394,responder,0.05
same_drug,0.0834,responder,0.05
same_drug,0.0997,responder,0.05
same_drug,-0.0022,responder,0.05
same_drug,0.1539,responder,0.05
same_drug,0.0022,responder,0.05
same_drug,0.0478,responder,0.05
same_drug,0.0395,responder,0.05
same_drug,-0.0128,responder,0.05
same_drug,0.3221,responder,0.05
same_drug,-0.0165,responder,0.05
same_drug,0.0179,responder,0.05
same_drug,0.122,responder,0.05
same_drug,0.0706,responder,0.05
same_drug,0.3231,responder,0.05
same_drug,0.4412,responder,0.05
same_drug,0.0573,responder,0.05
same_drug,0.01,responder,0.05
same_drug,-0.0492,responder,0.05
same_drug,-0.2479,responder,0.05
same_drug,-0.182,responder,0.05
same_drug,0.1515,responder,0.05
same_drug,0.4645,responder,0.05
same_drug,0.0016,responder,0.05
same_drug,0.0256,responder,0.05
same_drug,0.3096,responder,0.05
same_drug,0.1087,responder,0.05
same_drug,0.0019,responder,0.05
same_drug,-0.0153,responder,0.05
same_drug,0.0436,responder,0.05
same_drug,-0.0933,responder,0.05
same_drug,0.0587,responder,0.05
same_drug,0.3391,responder,0.05
same_drug,0.0582,responder,0.05
same_drug,0.1487,responder,0.05
same_drug,0.0151,responder,0.05
same_drug,-0.088,responder,0.05
same_drug,-0.0722,responder,0.05
same_drug,-0.1023,responder,0.05
same_drug,0.082,responder,0.05
same_drug,0.0899,responder,0.05
same_drug,0.1198,responder,0.05
same_drug,-0.0704,responder,0.05
same_drug,-0.0686,responder,0.05
same_drug,0.0246,responder,0.05
same_drug,0.2582,responder,0.05
same_drug,0.1765,responder,0.05
same_drug,-0.0375,responder,0.05
same_drug,0.32,responder,0.05
same_drug,0.0109,responder,0.05
same_drug,0.4381,responder,0.05
same_drug,0.1961,responder,0.05
same_drug,-0.0219,responder,0.05
same_drug,0.0273,responder,0.05
same_drug,0.1209,responder,0.05
same_drug,0.5221,responder,0.05
same_drug,0.0564,responder,0.05
same_drug,0.217,responder,0.05
same_drug,0.0355,responder,0.05
same_drug,0.602,responder,0.05
same_drug,-0.0041,responder,0.05
same_drug,0.3235,responder,0.05
same_drug,0.146,responder,0.05
same_drug,0.8422,responder,0.05
same_drug,0.3326,responder,0.05
same_drug,-0.1252,responder,0.05
same_drug,-0.0025,responder,0.05
same_drug,0.0969,responder,0.05
same_drug,0.1986,responder,0.05
same_drug,0.087,responder,0.05
same_drug,-0.0768,responder,0.05
same_drug,0.0638,responder,0.05
same_drug,-0.0095,responder,0.05
same_drug,-0.0822,responder,0.05
same_drug,0.1806,responder,0.05
same_drug,0.0369,responder,0.05
same_drug,0.0591,responder,0.05
same_drug,0.1809,responder,0.05
same_drug,0.0434,responder,0.05
same_drug,0.0023,responder,0.05
same_drug,0.1594,responder,0.05
same_drug,0.0527,responder,0.05
same_drug,0.0045,responder,0.05
same_drug,-0.1408,responder,0.05
same_drug,0.0451,responder,0.05
same_drug,0.4447,responder,0.05
same_drug,0.1382,responder,0.05
same_drug,-0.0327,responder,0.05
same_drug,0.0065,responder,0.05
same_drug,0.1156,responder,0.05
same_drug,-0.05,responder,0.05
same_drug,-0.0065,responder,0.05
same_drug,-0.0845,responder,0.05
same_drug,0.2171,responder,0.05
same_drug,0.0111,responder,0.05
same_drug,0.0487,responder,0.05
same_drug,0.1681,responder,0.05
same_drug,0.0227,responder,0.05
same_drug,0.0955,responder,0.05
same_drug,0.0223,responder,0.05
same_drug,-0.2231,responder,0.05
same_drug,-0.042,responder,0.05
same_drug,0.0355,responder,0.05
same_drug,-0.0404,responder,0.05
same_drug,0.2089,responder,0.05
same_drug,-0.0304,responder,0.05
same_drug,0.0123,responder,0.05
same_drug,0.0553,responder,0.05
same_drug,-0.1281,responder,0.05
same_drug,0.0408,responder,0.05
same_drug,0.0641,responder,0.05
same_drug,0.0115,responder,0.05
same_drug,0.028,responder,0.05
same_drug,-0.1132,responder,0.05
same_drug,0.0225,responder,0.05
same_drug,0.1711,responder,0.05
same_drug,-0.041,responder,0.05
same_drug,-0.0513,responder,0.05
same_drug,-0.0448,responder,0.05
same_drug,0.1895,responder,0.05
same_drug,0.0856,responder,0.05
same_drug,-0.0294,responder,0.05
same_drug,-0.0028,responder,0.05
same_drug,-0.0331,responder,0.05
same_drug,0.2155,responder,0.05
same_drug,-0.1941,responder,0.05
same_drug,0.0669,responder,0.05
same_drug,0.2388,responder,0.05
same_drug,0.3922,responder,0.05
same_drug,-0.1408,responder,0.05
same_drug,0.0841,responder,0.05
same_drug,0.0174,responder,0.05
same_drug,-0.1188,responder,0.05
same_drug,-0.0255,responder,0.05
same_drug,0.2598,responder,0.05
same_drug,0.0711,responder,0.05
same_drug,0.8797,responder,0.05
same_drug,0.1843,responder,0.05
same_drug,0.1548,responder,0.05
same_drug,-0.0035,responder,0.05
same_drug,0.2078,responder,0.05
same_drug,-0.0131,responder,0.05
same_drug,0.3716,responder,0.05
same_drug,0.0743,responder,0.05
same_drug,-0.2239,responder,0.05
same_drug,0.1724,responder,0.05
same_drug,0.0152,responder,0.05
same_drug,-0.0023,responder,0.05
same_drug,0.0131,responder,0.05
same_drug,0.0988,responder,0.05
same_drug,0.015,responder,0.05
same_drug,0.0677,responder,0.05
same_drug,-0.1552,responder,0.05
same_drug,0.012,responder,0.05
same_drug,-0.0109,responder,0.05
same_drug,0.4656,responder,0.05
same_drug,-0.0042,responder,0.05
same_drug,0.0642,responder,0.05
same_drug,0.3195,responder,0.05
same_drug,-0.2163,responder,0.05
same_drug,0.5001,responder,0.05
same_drug,-0.1207,responder,0.05
same_drug,-0.1512,responder,0.05
same_drug,0.2539,responder,0.05
same_drug,-0.2125,responder,0.05
same_drug,-0.0854,responder,0.05
same_drug,0.2191,responder,0.05
same_drug,0.0719,responder,0.05
same_drug,0.4595,responder,0.05
same_drug,-0.0603,responder,0.05
same_drug,0.006,responder,0.05
same_drug,0.0372,responder,0.05
same_drug,0.0414,responder,0.05
same_drug,0.0202,responder,0.05
same_drug,0.2025,responder,0.05
same_drug,-0.0774,responder,0.05
same_drug,-0.1139,responder,0.05
same_drug,-0.1627,responder,0.05
same_drug,-0.0426,responder,0.05
same_drug,-0.0376,responder,0.05
same_drug,0.0035,responder,0.05
same_drug,0.0439,responder,0.05
same_drug,0.0957,responder,0.05
same_drug,0.0222,responder,0.05
same_drug,0.145,responder,0.05
same_drug,0.0666,responder,0.05
same_drug,-0.0722,responder,0.05
same_drug,0.1068,responder,0.05
same_drug,0.0933,responder,0.05
same_drug,0.0101,responder,0.05
any_pair,0.0297,all,0.5
any_pair,-0.0187,all,0.5
any_pair,-0.0098,all,0.5
any_pair,0.0105,all,0.5
any_pair,0.0089,all,0.5
any_pair,0.0346,all,0.5
any_pair,0.0257,all,0.5
any_pair,-0.0106,all,0.5
any_pair,0.0137,all,0.5
any_pair,0.0046,all,0.5
any_pair,-0.0423,all,0.5
any_pair,0.0269,all,0.5
any_pair,0.0385,all,0.5
any_pair,0.0093,all,0.5
any_pair,-0.0152,all,0.5
any_pair,0.0106,all,0.5
any_pair,-0.0183,all,0.5
any_pair,-0.0191,all,0.5
any_pair,-0.0329,all,0.5
any_pair,-0.0154,all,0.5
any_pair,0.007,all,0.5
any_pair,-0.0129,all,0.5
any_pair,0.0285,all,0.5
any_pair,0.0294,all,0.5
any_pair,-0.0,all,0.5
any_pair,0.0177,all,0.5
any_pair,-0.0221,all,0.5
any_pair,0.0195,all,0.5
any_pair,0.0041,all,0.5
any_pair,0.0511,all,0.5
any_pair,-0.0081,all,0.5
any_pair,-0.008,all,0.5
any_pair,-0.0027,all,0.5
any_pair,-0.0188,all,0.5
any_pair,0.0218,all,0.5
any_pair,-0.0608,all,0.5
any_pair,-0.0342,all,0.5
any_pair,0.0006,all,0.5
any_pair,0.0355,all,0.5
any_pair,0.0121,all,0.5
any_pair,0.0239,all,0.5
any_pair,-0.0272,all,0.5
any_pair,0.0083,all,0.5
any_pair,0.0224,all,0.5
any_pair,-0.0543,all,0.5
any_pair,0.026,all,0.5
any_pair,0.0078,all,0.5
any_pair,0.0082,all,0.5
any_pair,-0.033,all,0.5
any_pair,0.0026,all,0.5
any_pair,0.0023,all,0.5
any_pair,-0.0119,all,0.5
any_pair,0.0202,all,0.5
any_pair,0.0564,all,0.5
any_pair,0.0269,all,0.5
any_pair,0.0348,all,0.5
any_pair,0.0302,all,0.5
any_pair,-0.0131,all,0.5
any_pair,-0.0339,all,0.5
any_pair,0.0089,all,0.5
any_pair,0.0202,all,0.5
any_pair,0.0135,all,0.5
any_pair,0.0059,all,0.5
any_pair,-0.0369,all,0.5
any_pair,-0.0006,all,0.5
any_pair,0.0263,all,0.5
any_pair,0.0005,all,0.5
any_pair,-0.0142,all,0.5
any_pair,-0.0388,all,0.5
any_pair,0.0096,all,0.5
any_pair,0.0191,all,0.5
any_pair,0.0272,all,0.5
any_pair,0.024,all,0.5
any_pair,0.0329,all,0.5
any_pair,0.0129,all,0.5
any_pair,0.009,all,0.5
any_pair,0.005,all,0.5
any_pair,-0.0304,all,0.5
any_pair,0.007,all,0.5
any_pair,0.0003,all,0.5
any_pair,-0.0211,all,0.5
any_pair,0.0062,all,0.5
any_pair,-0.0166,all,0.5
any_pair,-0.0156,all,0.5
any_pair,0.0426,all,0.5
any_pair,0.0157,all,0.5
any_pair,-0.0115,all,0.5
any_pair,0.035,all,0.5
any_pair,-0.0007,all,0.5
any_pair,0.0369,all,0.5
any_pair,0.0007,all,0.5
any_pair,-0.0358,all,0.5
any_pair,-0.0144,all,0.5
any_pair,0.0346,all,0.5
any_pair,0.0129,all,0.5
any_pair,-0.0141,all,0.5
any_pair,-0.0082,all,0.5
any_pair,0.0556,all,0.5
any_pair,0.0026,all,0.5
any_pair,0.0151,all,0.5
any_pair,0.0089,all,0.5
any_pair,0.0043,all,0.5
any_pair,0.0082,all,0.5
any_pair,0.0339,all,0.5
any_pair,0.0089,all,0.5
any_pair,0.0165,all,0.5
any_pair,0.0046,all,0.5
any_pair,-0.0388,all,0.5
any_pair,0.0507,all,0.5
any_pair,0.0108,all,0.5
any_pair,0.0178,all,0.5
any_pair,0.0058,all,0.5
any_pair,0.0472,all,0.5
any_pair,0.038,all,0.5
any_pair,0.001,all,0.5
any_pair,-0.01,all,0.5
any_pair,-0.0311,all,0.5
any_pair,0.023,all,0.5
any_pair,-0.0128,all,0.5
any_pair,0.0244,all,0.5
any_pair,0.0322,all,0.5
any_pair,-0.0352,all,0.5
any_pair,0.0183,all,0.5
any_pair,0.0111,all,0.5
any_pair,-0.0361,all,0.5
any_pair,0.0229,all,0.5
any_pair,0.001,all,0.5
any_pair,0.0178,all,0.5
any_pair,-0.0319,all,0.5
any_pair,-0.0074,all,0.5
any_pair,0.0036,all,0.5
any_pair,-0.0118,all,0.5
any_pair,0.0196,all,0.5
any_pair,-0.0048,all,0.5
any_pair,-0.0516,all,0.5
any_pair,-0.0326,all,0.5
any_pair,0.0044,all,0.5
any_pair,-0.0038,all,0.5
any_pair,0.0058,all,0.5
any_pair,-0.0021,all,0.5
any_pair,0.0326,all,0.5
any_pair,-0.0199,all,0.5
any_pair,-0.0408,all,0.5
any_pair,-0.0103,all,0.5
any_pair,0.0109,all,0.5
any_pair,0.0027,all,0.5
any_pair,0.031,all,0.5
any_pair,0.0183,all,0.5
any_pair,0.0357,all,0.5
any_pair,0.0151,all,0.5
any_pair,0.0035,all,0.5
any_pair,0.0062,all,0.5
any_pair,0.0289,all,0.5
any_pair,0.006,all,0.5
any_pair,0.0071,all,0.5
any_pair,-0.0032,all,0.5
any_pair,-0.0034,all,0.5
any_pair,0.0063,all,0.5
any_pair,-0.0001,all,0.5
any_pair,-0.0435,all,0.5
any_pair,0.0135,all,0.5
any_pair,0.03,all,0.5
any_pair,0.0054,all,0.5
any_pair,0.0173,all,0.5
any_pair,0.0062,all,0.5
any_pair,0.0131,all,0.5
any_pair,-0.0345,all,0.5
any_pair,-0.0157,all,0.5
any_pair,0.0521,all,0.5
any_pair,-0.0079,all,0.5
any_pair,0.0123,all,0.5
any_pair,0.0145,all,0.5
any_pair,-0.0036,all,0.5
any_pair,0.0295,all,0.5
any_pair,-0.0061,all,0.5
any_pair,0.0482,all,0.5
any_pair,-0.0119,all,0.5
any_pair,-0.0002,all,0.5
any_pair,-0.0044,all,0.5
any_pair,0.0629,all,0.5
any_pair,0.0138,all,0.5
any_pair,-0.0066,all,0.5
any_pair,0.0234,all,0.5
any_pair,-0.0029,all,0.5
any_pair,-0.0096,all,0.5
any_pair,-0.0371,all,0.5
any_pair,-0.0078,all,0.5
any_pair,-0.0224,all,0.5
any_pair,-0.063,all,0.5
any_pair,0.0092,all,0.5
any_pair,0.0179,all,0.5
any_pair,-0.0161,all,0.5
any_pair,-0.0159,all,0.5
any_pair,0.0017,all,0.5
any_pair,-0.0043,all,0.5
any_pair,-0.0133,all,0.5
any_pair,0.0156,all,0.5
any_pair,0.0094,all,0.5
any_pair,-0.0129,all,0.5
any_pair,-0.0172,all,0.5
any_pair,0.0343,all,0.5
any_pair,-0.0125,all,0.5
any_pair,0.0244,all,0.5
any_pair,0.0098,all,0.5
any_pair,-0.0417,all,0.5
any_pair,0.021,all,0.5
any_pair,0.0089,all,0.5
any_pair,-0.0305,all,0.5
any_pair,0.0036,all,0.5
any_pair,0.0128,all,0.5
any_pair,0.0096,all,0.5
any_pair,0.0041,all,0.5
any_pair,0.0155,all,0.5
any_pair,0.0041,all,0.5
any_pair,0.0135,all,0.5
any_pair,0.0144,all,0.5
any_pair,-0.0042,all,0.5
any_pair,-0.0021,all,0.5
any_pair,0.0326,all,0.5
any_pair,0.0453,all,0.5
any_pair,-0.0128,all,0.5
any_pair,0.0124,all,0.5
any_pair,-0.0095,all,0.5
any_pair,0.006,all,0.5
any_pair,-0.0211,all,0.5
any_pair,0.0261,all,0.5
any_pair,0.0159,all,0.5
any_pair,0.0138,all,0.5
any_pair,0.0097,all,0.5
any_pair,0.0394,all,0.5
any_pair,0.0355,all,0.5
any_pair,0.0508,all,0.5
any_pair,-0.0286,all,0.5
any_pair,0.0222,all,0.5
any_pair,-0.0045,all,0.5
any_pair,0.0291,all,0.5
any_pair,0.0099,all,0.5
any_pair,0.0033,all,0.5
any_pair,-0.0025,all,0.5
any_pair,0.004,all,0.5
any_pair,-0.0147,all,0.5
any_pair,0.0303,all,0.5
any_pair,0.0075,all,0.5
any_pair,-0.0083,all,0.5
any_pair,0.0026,all,0.5
any_pair,0.046,all,0.5
any_pair,0.0187,all,0.5
any_pair,0.0065,all,0.5
any_pair,0.0193,all,0.5
any_pair,0.0421,all,0.5
any_pair,-0.0182,all,0.5
any_pair,0.0123,all,0.5
any_pair,0.0237,all,0.5
any_pair,0.0214,all,0.5
any_pair,0.0162,all,0.5
any_pair,0.0323,all,0.5
any_pair,-0.0556,all,0.5
any_pair,-0.0063,all,0.5
any_pair,0.0067,all,0.5
any_pair,0.0033,all,0.5
any_pair,-0.0092,all,0.5
any_pair,0.0097,all,0.5
any_pair,0.0006,all,0.5
any_pair,0.0225,all,0.5
any_pair,0.0306,all,0.5
any_pair,0.0478,all,0.5
any_pair,0.0306,all,0.5
any_pair,-0.0168,all,0.5
any_pair,-0.0301,all,0.5
any_pair,0.0156,all,0.5
any_pair,0.0073,all,0.5
any_pair,0.0116,all,0.5
any_pair,0.0399,all,0.5
any_pair,0.0083,all,0.5
any_pair,-0.0139,all,0.5
any_pair,0.0061,all,0.5
any_pair,-0.0169,all,0.5
any_pair,0.0111,all,0.5
any_pair,0.0905,all,0.5
any_pair,-0.016,all,0.5
any_pair,-0.0007,all,0.5
any_pair,0.0368,all,0.5
any_pair,-0.0208,all,0.5
any_pair,-0.0237,all,0.5
any_pair,0.0409,all,0.5
any_pair,0.0195,all,0.5
any_pair,-0.066,all,0.5
any_pair,-0.0172,all,0.5
any_pair,0.0179,all,0.5
any_pair,0.0278,all,0.5
any_pair,-0.0031,all,0.5
any_pair,-0.0523,all,0.5
any_pair,-0.0025,all,0.5
any_pair,0.0188,all,0.5
any_pair,0.012,all,0.5
any_pair,0.0051,all,0.5
any_pair,0.0049,all,0.5
any_pair,0.0037,all,0.5
any_pair,0.016,all,0.5
any_pair,0.0098,all,0.5
any_pair,0.0418,all,0.5
any_pair,-0.0078,all,0.5
any_pair,-0.0287,all,0.5
any_pair,-0.0134,all,0.5
any_pair,0.0217,all,0.5
any_pair,0.0562,all,0.5
any_pair,0.0293,all,0.5
any_pair,0.0115,all,0.5
any_pair,-0.0049,all,0.5
any_pair,-0.0047,all,0.5
any_pair,0.0223,all,0.5
any_pair,-0.0516,all,0.5
any_pair,-0.0129,all,0.5
any_pair,0.0036,all,0.5
any_pair,0.0098,all,0.5
any_pair,-0.0355,all,0.5
any_pair,0.0147,all,0.5
any_pair,0.0308,all,0.5
any_pair,0.0221,all,0.5
any_pair,0.0475,all,0.5
any_pair,0.0368,all,0.5
any_pair,0.0028,all,0.5
any_pair,0.0196,all,0.5
any_pair,-0.0272,all,0.5
any_pair,0.0141,all,0.5
any_pair,0.0206,all,0.5
any_pair,-0.0191,all,0.5
any_pair,-0.0013,all,0.5
any_pair,0.008,all,0.5
any_pair,-0.0339,all,0.5
any_pair,0.011,all,0.5
any_pair,-0.0247,all,0.5
any_pair,0.0079,all,0.5
any_pair,-0.0004,all,0.5
any_pair,0.0035,all,0.5
any_pair,0.0001,all,0.5
any_pair,0.0201,all,0.5
any_pair,-0.0412,all,0.5
any_pair,-0.0116,all,0.5
any_pair,-0.0109,all,0.5
any_pair,0.0132,all,0.5
any_pair,0.0067,all,0.5
any_pair,-0.0432,all,0.5
any_pair,0.0868,all,0.5
any_pair,0.0086,all,0.5
any_pair,-0.0047,all,0.5
any_pair,0.0187,all,0.5
any_pair,0.0019,all,0.5
any_pair,-0.0026,all,0.5
any_pair,-0.0141,all,0.5
any_pair,0.0181,all,0.5
any_pair,0.0065,all,0.5
any_pair,-0.0074,all,0.5
any_pair,0.0091,all,0.5
any_pair,0.0227,all,0.5
any_pair,0.0269,all,0.5
any_pair,0.0073,all,0.5
any_pair,0.0022,all,0.5
any_pair,-0.0059,all,0.5
any_pair,0.0439,all,0.5
any_pair,0.0112,all,0.5
any_pair,0.0104,all,0.5
any_pair,0.0398,all,0.5
any_pair,-0.0043,all,0.5
any_pair,-0.0069,all,0.5
any_pair,0.0293,all,0.5
any_pair,0.0206,all,0.5
any_pair,0.01,all,0.5
any_pair,0.0635,all,0.5
any_pair,0.0401,all,0.5
any_pair,0.0109,all,0.5
any_pair,-0.0266,all,0.5
any_pair,-0.0028,all,0.5
any_pair,0.0075,all,0.5
any_pair,-0.0287,all,0.5
any_pair,0.0062,all,0.5
any_pair,-0.005,all,0.5
any_pair,-0.0149,all,0.5
any_pair,-0.0202,all,0.5
any_pair,0.0103,all,0.5
any_pair,0.0132,all,0.5
any_pair,-0.0191,all,0.5
any_pair,0.0122,all,0.5
any_pair,0.0048,all,0.5
any_pair,-0.063,all,0.5
any_pair,0.0217,all,0.5
any_pair,0.0029,all,0.5
any_pair,0.0107,all,0.5
any_pair,0.0072,all,0.5
any_pair,-0.0102,all,0.5
any_pair,-0.0228,all,0.5
any_pair,0.0137,all,0.5
any_pair,0.0477,all,0.5
any_pair,0.0198,all,0.5
any_pair,0.0043,all,0.5
any_pair,-0.0158,all,0.5
any_pair,-0.0098,all,0.5
any_pair,0.034,all,0.5
any_pair,0.0297,all,0.5
any_pair,-0.0014,all,0.5
any_pair,-0.0132,all,0.5
any_pair,0.0261,all,0.5
any_pair,-0.0787,all,0.5
any_pair,-0.0161,all,0.5
any_pair,0.0261,all,0.5
any_pair,0.0204,all,0.5
any_pair,0.0186,all,0.5
any_pair,0.0352,all,0.5
any_pair,-0.0127,all,0.5
any_pair,0.0061,all,0.5
any_pair,0.0399,all,0.5
any_pair,0.0056,all,0.5
any_pair,0.0028,all,0.5
any_pair,0.0073,all,0.5
any_pair,-0.0023,all,0.5
any_pair,0.0358,all,0.5
any_pair,-0.0091,all,0.5
any_pair,0.0529,all,0.5
any_pair,0.0016,all,0.5
any_pair,-0.0104,all,0.5
any_pair,-0.0063,all,0.5
any_pair,0.0133,all,0.5
any_pair,0.0064,all,0.5
any_pair,-0.0088,all,0.5
any_pair,0.0219,all,0.5
any_pair,-0.0162,all,0.5
any_pair,0.0162,all,0.5
any_pair,0.0132,all,0.5
any_pair,0.0116,all,0.5
any_pair,0.0356,all,0.5
any_pair,0.0021,all,0.5
any_pair,0.0003,all,0.5
any_pair,-0.022,all,0.5
any_pair,0.0073,all,0.5
any_pair,-0.0057,all,0.5
any_pair,0.0178,all,0.5
any_pair,-0.0463,all,0.5
any_pair,-0.0003,all,0.5
any_pair,0.0169,all,0.5
any_pair,-0.0098,all,0.5
any_pair,0.0056,all,0.5
any_pair,-0.0396,all,0.5
any_pair,-0.0233,all,0.5
any_pair,0.0021,all,0.5
any_pair,-0.0032,all,0.5
any_pair,0.0294,all,0.5
any_pair,0.0228,all,0.5
any_pair,0.0134,all,0.5
any_pair,0.0346,all,0.5
any_pair,-0.0037,all,0.5
any_pair,0.0069,all,0.5
any_pair,-0.0412,all,0.5
any_pair,-0.029,all,0.5
any_pair,-0.0014,all,0.5
any_pair,0.014,all,0.5
any_pair,0.027,all,0.5
any_pair,0.0021,all,0.5
any_pair,0.0237,all,0.5
any_pair,0.0047,all,0.5
any_pair,0.0255,all,0.5
any_pair,0.0148,all,0.5
any_pair,-0.0362,all,0.5
any_pair,-0.0052,all,0.5
any_pair,-0.0064,all,0.5
any_pair,-0.0028,all,0.5
any_pair,-0.004,all,0.5
any_pair,-0.0019,all,0.5
any_pair,-0.021,all,0.5
any_pair,-0.0117,all,0.5
any_pair,0.0001,all,0.5
any_pair,0.0294,all,0.5
any_pair,0.0434,all,0.5
any_pair,0.0295,all,0.5
any_pair,-0.0021,all,0.5
any_pair,0.0246,all,0.5
any_pair,-0.0232,all,0.5
any_pair,0.0161,all,0.5
any_pair,0.0144,all,0.5
any_pair,-0.0129,all,0.5
any_pair,-0.0155,all,0.5
any_pair,-0.0113,all,0.5
any_pair,0.0236,all,0.5
any_pair,-0.005,all,0.5
any_pair,0.026,all,0.5
any_pair,-0.0329,all,0.5
any_pair,0.0237,all,0.5
any_pair,0.0121,all,0.5
any_pair,0.002,all,0.5
any_pair,0.0352,all,0.5
any_pair,0.0232,all,0.5
any_pair,0.028,all,0.5
any_pair,0.0315,all,0.5
any_pair,0.0077,all,0.5
any_pair,0.0007,all,0.5
any_pair,-0.0341,all,0.5
any_pair,0.0045,all,0.5
any_pair,-0.0217,all,0.5
any_pair,-0.0229,all,0.5
any_pair,-0.0201,all,0.5
any_pair,-0.0102,all,0.5
diff_drug,0.0109,all,0.5
diff_drug,0.014,all,0.5
diff_drug,0.0027,all,0.5
diff_drug,-0.0057,all,0.5
diff_drug,0.0111,all,0.5
diff_drug,-0.0069,all,0.5
diff_drug,-0.0238,all,0.5
diff_drug,-0.0148,all,0.5
diff_drug,0.0396,all,0.5
diff_drug,0.0295,all,0.5
diff_drug,0.0073,all,0.5
diff_drug,-0.0002,all,0.5
diff_drug,0.0239,all,0.5
diff_drug,0.0074,all,0.5
diff_drug,-0.0162,all,0.5
diff_drug,-0.006,all,0.5
diff_drug,-0.0666,all,0.5
diff_drug,0.0146,all,0.5
diff_drug,-0.042,all,0.5
diff_drug,0.0188,all,0.5
diff_drug,0.0158,all,0.5
diff_drug,-0.006,all,0.5
diff_drug,-0.0136,all,0.5
diff_drug,0.0078,all,0.5
diff_drug,0.036,all,0.5
diff_drug,0.0053,all,0.5
diff_drug,0.0463,all,0.5
diff_drug,-0.0361,all,0.5
diff_drug,0.0182,all,0.5
diff_drug,0.0028,all,0.5
diff_drug,-0.0132,all,0.5
diff_drug,-0.0046,all,0.5
diff_drug,0.019,all,0.5
diff_drug,-0.0027,all,0.5
diff_drug,-0.001,all,0.5
diff_drug,0.0233,all,0.5
diff_drug,0.0125,all,0.5
diff_drug,-0.0027,all,0.5
diff_drug,-0.0415,all,0.5
diff_drug,0.0303,all,0.5
diff_drug,0.0061,all,0.5
diff_drug,0.0225,all,0.5
diff_drug,0.0254,all,0.5
diff_drug,-0.0282,all,0.5
diff_drug,-0.012,all,0.5
diff_drug,0.0073,all,0.5
diff_drug,0.0006,all,0.5
diff_drug,0.0319,all,0.5
diff_drug,-0.0117,all,0.5
diff_drug,-0.0247,all,0.5
diff_drug,0.011,all,0.5
diff_drug,0.0196,all,0.5
diff_drug,-0.0191,all,0.5
diff_drug,-0.0426,all,0.5
diff_drug,0.0065,all,0.5
diff_drug,-0.004,all,0.5
diff_drug,0.0057,all,0.5
diff_drug,0.0213,all,0.5
diff_drug,-0.0078,all,0.5
diff_drug,-0.0342,all,0.5
diff_drug,-0.0298,all,0.5
diff_drug,-0.0076,all,0.5
diff_drug,0.004,all,0.5
diff_drug,-0.0469,all,0.5
diff_drug,0.0048,all,0.5
diff_drug,0.0063,all,0.5
diff_drug,-0.0056,all,0.5
diff_drug,-0.0046,all,0.5
diff_drug,0.0156,all,0.5
diff_drug,0.034,all,0.5
diff_drug,-0.0089,all,0.5
diff_drug,0.0085,all,0.5
diff_drug,0.0385,all,0.5
diff_drug,0.0014,all,0.5
diff_drug,-0.0085,all,0.5
diff_drug,-0.056,all,0.5
diff_drug,0.0104,all,0.5
diff_drug,0.0179,all,0.5
diff_drug,-0.0064,all,0.5
diff_drug,0.0119,all,0.5
diff_drug,0.0006,all,0.5
diff_drug,0.0175,all,0.5
diff_drug,0.0062,all,0.5
diff_drug,0.0367,all,0.5
diff_drug,0.0081,all,0.5
diff_drug,0.0137,all,0.5
diff_drug,0.0107,all,0.5
diff_drug,0.0405,all,0.5
diff_drug,-0.0108,all,0.5
diff_drug,0.0039,all,0.5
diff_drug,-0.0124,all,0.5
diff_drug,0.0021,all,0.5
diff_drug,0.0252,all,0.5
diff_drug,0.0059,all,0.5
diff_drug,-0.0204,all,0.5
diff_drug,-0.0298,all,0.5
diff_drug,-0.0109,all,0.5
diff_drug,0.0087,all,0.5
diff_drug,0.0004,all,0.5
diff_drug,0.0076,all,0.5
diff_drug,0.013,all,0.5
diff_drug,0.0052,all,0.5
diff_drug,0.0299,all,0.5
diff_drug,0.0107,all,0.5
diff_drug,0.0163,all,0.5
diff_drug,0.0098,all,0.5
diff_drug,0.0398,all,0.5
diff_drug,0.0056,all,0.5
diff_drug,-0.0028,all,0.5
diff_drug,0.041,all,0.5
diff_drug,0.0602,all,0.5
diff_drug,-0.0189,all,0.5
diff_drug,-0.0425,all,0.5
diff_drug,0.012,all,0.5
diff_drug,0.0114,all,0.5
diff_drug,0.0251,all,0.5
diff_drug,-0.0114,all,0.5
diff_drug,0.0127,all,0.5
diff_drug,0.0275,all,0.5
diff_drug,0.0085,all,0.5
diff_drug,0.0101,all,0.5
diff_drug,0.0278,all,0.5
diff_drug,-0.0479,all,0.5
diff_drug,0.0039,all,0.5
diff_drug,-0.0033,all,0.5
diff_drug,0.036,all,0.5
diff_drug,0.0234,all,0.5
diff_drug,0.0319,all,0.5
diff_drug,0.0307,all,0.5
diff_drug,0.0049,all,0.5
diff_drug,0.0137,all,0.5
diff_drug,0.0091,all,0.5
diff_drug,0.046,all,0.5
diff_drug,0.0192,all,0.5
diff_drug,-0.0241,all,0.5
diff_drug,0.0283,all,0.5
diff_drug,0.0053,all,0.5
diff_drug,0.0278,all,0.5
diff_drug,0.0086,all,0.5
diff_drug,0.0216,all,0.5
diff_drug,0.0043,all,0.5
diff_drug,0.0039,all,0.5
diff_drug,0.0322,all,0.5
diff_drug,-0.0435,all,0.5
diff_drug,0.0049,all,0.5
diff_drug,-0.0047,all,0.5
diff_drug,-0.0135,all,0.5
diff_drug,0.0139,all,0.5
diff_drug,-0.0056,all,0.5
diff_drug,-0.0539,all,0.5
diff_drug,0.0206,all,0.5
diff_drug,0.0017,all,0.5
diff_drug,0.0026,all,0.5
diff_drug,-0.0027,all,0.5
diff_drug,0.0121,all,0.5
diff_drug,0.0331,all,0.5
diff_drug,0.008,all,0.5
diff_drug,-0.072,all,0.5
diff_drug,-0.0469,all,0.5
diff_drug,0.0352,all,0.5
diff_drug,0.031,all,0.5
diff_drug,-0.0039,all,0.5
diff_drug,0.0204,all,0.5
diff_drug,-0.0232,all,0.5
diff_drug,0.0168,all,0.5
diff_drug,0.0162,all,0.5
diff_drug,-0.0322,all,0.5
diff_drug,0.0058,all,0.5
diff_drug,0.0311,all,0.5
diff_drug,0.047,all,0.5
diff_drug,0.0348,all,0.5
diff_drug,-0.004,all,0.5
diff_drug,-0.0035,all,0.5
diff_drug,0.0083,all,0.5
diff_drug,-0.0018,all,0.5
diff_drug,0.0086,all,0.5
diff_drug,0.0267,all,0.5
diff_drug,-0.0506,all,0.5
diff_drug,0.0381,all,0.5
diff_drug,0.0059,all,0.5
diff_drug,-0.0202,all,0.5
diff_drug,0.0156,all,0.5
diff_drug,0.0264,all,0.5
diff_drug,0.0244,all,0.5
diff_drug,-0.0112,all,0.5
diff_drug,-0.0071,all,0.5
diff_drug,-0.0048,all,0.5
diff_drug,-0.0045,all,0.5
diff_drug,-0.0134,all,0.5
diff_drug,-0.0091,all,0.5
diff_drug,0.0222,all,0.5
diff_drug,-0.0159,all,0.5
diff_drug,-0.0202,all,0.5
diff_drug,0.0185,all,0.5
diff_drug,-0.017,all,0.5
diff_drug,-0.026,all,0.5
diff_drug,-0.0344,all,0.5
diff_drug,0.0272,all,0.5
diff_drug,-0.0287,all,0.5
diff_drug,0.0128,all,0.5
diff_drug,0.0017,all,0.5
diff_drug,-0.0055,all,0.5
diff_drug,0.0145,all,0.5
diff_drug,0.0153,all,0.5
diff_drug,0.0126,all,0.5
diff_drug,-0.0153,all,0.5
diff_drug,0.0175,all,0.5
diff_drug,0.0172,all,0.5
diff_drug,0.0032,all,0.5
diff_drug,-0.0402,all,0.5
diff_drug,0.0039,all,0.5
diff_drug,0.0013,all,0.5
diff_drug,-0.0138,all,0.5
diff_drug,0.0239,all,0.5
diff_drug,0.0303,all,0.5
diff_drug,-0.011,all,0.5
diff_drug,0.0146,all,0.5
diff_drug,-0.002,all,0.5
diff_drug,-0.0097,all,0.5
diff_drug,0.0013,all,0.5
diff_drug,-0.0183,all,0.5
diff_drug,0.0091,all,0.5
diff_drug,0.0124,all,0.5
diff_drug,-0.0153,all,0.5
diff_drug,-0.0039,all,0.5
diff_drug,0.0494,all,0.5
diff_drug,0.0124,all,0.5
diff_drug,-0.0311,all,0.5
diff_drug,0.0128,all,0.5
diff_drug,0.0162,all,0.5
diff_drug,-0.006,all,0.5
diff_drug,0.0136,all,0.5
diff_drug,0.0241,all,0.5
diff_drug,-0.0145,all,0.5
diff_drug,-0.0042,all,0.5
diff_drug,-0.0043,all,0.5
diff_drug,0.0755,all,0.5
diff_drug,0.0215,all,0.5
diff_drug,-0.0161,all,0.5
diff_drug,0.0298,all,0.5
diff_drug,0.0083,all,0.5
diff_drug,0.002,all,0.5
diff_drug,0.003,all,0.5
diff_drug,0.0305,all,0.5
diff_drug,-0.0033,all,0.5
diff_drug,0.0283,all,0.5
diff_drug,-0.0161,all,0.5
diff_drug,-0.022,all,0.5
diff_drug,-0.0098,all,0.5
diff_drug,-0.0264,all,0.5
diff_drug,0.0102,all,0.5
diff_drug,-0.0195,all,0.5
diff_drug,-0.0245,all,0.5
diff_drug,-0.0082,all,0.5
diff_drug,-0.0067,all,0.5
diff_drug,0.0031,all,0.5
diff_drug,0.0273,all,0.5
diff_drug,0.0082,all,0.5
diff_drug,0.0136,all,0.5
diff_drug,0.0112,all,0.5
diff_drug,-0.0151,all,0.5
diff_drug,-0.0177,all,0.5
diff_drug,0.0013,all,0.5
diff_drug,0.0064,all,0.5
diff_drug,-0.0025,all,0.5
diff_drug,-0.011,all,0.5
diff_drug,0.0112,all,0.5
diff_drug,0.0108,all,0.5
diff_drug,-0.0251,all,0.5
diff_drug,-0.007,all,0.5
diff_drug,-0.0274,all,0.5
diff_drug,0.0358,all,0.5
diff_drug,-0.0061,all,0.5
diff_drug,-0.0037,all,0.5
diff_drug,-0.0022,all,0.5
diff_drug,0.0238,all,0.5
diff_drug,-0.002,all,0.5
diff_drug,0.0305,all,0.5
diff_drug,0.0103,all,0.5
diff_drug,0.0023,all,0.5
diff_drug,0.014,all,0.5
diff_drug,0.001,all,0.5
diff_drug,0.0108,all,0.5
diff_drug,0.0399,all,0.5
diff_drug,0.0031,all,0.5
diff_drug,0.0167,all,0.5
diff_drug,0.0289,all,0.5
diff_drug,0.0001,all,0.5
diff_drug,-0.102,all,0.5
diff_drug,-0.0038,all,0.5
diff_drug,0.0103,all,0.5
diff_drug,-0.0166,all,0.5
diff_drug,-0.0119,all,0.5
diff_drug,0.0016,all,0.5
diff_drug,-0.0026,all,0.5
diff_drug,0.0308,all,0.5
diff_drug,-0.0422,all,0.5
diff_drug,-0.0159,all,0.5
diff_drug,-0.0077,all,0.5
diff_drug,0.0125,all,0.5
diff_drug,-0.0127,all,0.5
diff_drug,0.0178,all,0.5
diff_drug,0.0076,all,0.5
diff_drug,-0.0199,all,0.5
diff_drug,0.0007,all,0.5
diff_drug,0.0039,all,0.5
diff_drug,0.0212,all,0.5
diff_drug,0.0241,all,0.5
diff_drug,0.0233,all,0.5
diff_drug,0.0018,all,0.5
diff_drug,0.0166,all,0.5
diff_drug,0.0001,all,0.5
diff_drug,0.0166,all,0.5
diff_drug,-0.019,all,0.5
diff_drug,0.0196,all,0.5
diff_drug,-0.0053,all,0.5
diff_drug,0.0133,all,0.5
diff_drug,0.0058,all,0.5
diff_drug,0.017,all,0.5
diff_drug,-0.0241,all,0.5
diff_drug,-0.0055,all,0.5
diff_drug,0.0126,all,0.5
diff_drug,-0.0056,all,0.5
diff_drug,-0.0149,all,0.5
diff_drug,0.0119,all,0.5
diff_drug,-0.0092,all,0.5
diff_drug,-0.0149,all,0.5
diff_drug,-0.0183,all,0.5
diff_drug,0.0182,all,0.5
diff_drug,-0.0386,all,0.5
diff_drug,-0.007,all,0.5
diff_drug,-0.0061,all,0.5
diff_drug,0.0174,all,0.5
diff_drug,0.0034,all,0.5
diff_drug,0.079,all,0.5
diff_drug,-0.0127,all,0.5
diff_drug,-0.01,all,0.5
diff_drug,0.0193,all,0.5
diff_drug,0.0106,all,0.5
diff_drug,0.0063,all,0.5
diff_drug,0.0081,all,0.5
diff_drug,-0.0077,all,0.5
diff_drug,-0.0017,all,0.5
diff_drug,0.0004,all,0.5
diff_drug,-0.0122,all,0.5
diff_drug,-0.0185,all,0.5
diff_drug,-0.0004,all,0.5
diff_drug,0.0229,all,0.5
diff_drug,-0.0009,all,0.5
diff_drug,-0.001,all,0.5
diff_drug,-0.001,all,0.5
diff_drug,-0.0066,all,0.5
diff_drug,-0.0502,all,0.5
diff_drug,-0.0417,all,0.5
diff_drug,-0.0192,all,0.5
diff_drug,-0.0155,all,0.5
diff_drug,-0.0229,all,0.5
diff_drug,-0.0261,all,0.5
diff_drug,-0.0178,all,0.5
diff_drug,0.0124,all,0.5
diff_drug,0.016,all,0.5
diff_drug,0.0374,all,0.5
diff_drug,-0.0075,all,0.5
diff_drug,0.0006,all,0.5
diff_drug,0.0138,all,0.5
diff_drug,0.0308,all,0.5
diff_drug,0.0079,all,0.5
diff_drug,-0.0244,all,0.5
diff_drug,0.0125,all,0.5
diff_drug,-0.0348,all,0.5
diff_drug,0.0229,all,0.5
diff_drug,-0.0437,all,0.5
diff_drug,-0.0285,all,0.5
diff_drug,-0.0296,all,0.5
diff_drug,0.008,all,0.5
diff_drug,-0.0193,all,0.5
diff_drug,-0.0171,all,0.5
diff_drug,0.0221,all,0.5
diff_drug,-0.0017,all,0.5
diff_drug,-0.0068,all,0.5
diff_drug,0.0135,all,0.5
diff_drug,0.0306,all,0.5
diff_drug,0.0061,all,0.5
diff_drug,0.0028,all,0.5
diff_drug,0.011,all,0.5
diff_drug,0.0181,all,0.5
diff_drug,-0.0036,all,0.5
diff_drug,-0.0807,all,0.5
diff_drug,0.0153,all,0.5
diff_drug,-0.0009,all,0.5
diff_drug,0.0308,all,0.5
diff_drug,0.0067,all,0.5
diff_drug,-0.0123,all,0.5
diff_drug,-0.014,all,0.5
diff_drug,-0.0351,all,0.5
diff_drug,-0.0059,all,0.5
diff_drug,0.0044,all,0.5
diff_drug,0.0048,all,0.5
diff_drug,-0.0008,all,0.5
diff_drug,0.0092,all,0.5
diff_drug,0.0095,all,0.5
diff_drug,0.0205,all,0.5
diff_drug,0.0272,all,0.5
diff_drug,0.0168,all,0.5
diff_drug,0.0304,all,0.5
diff_drug,-0.0518,all,0.5
diff_drug,-0.0027,all,0.5
diff_drug,0.0001,all,0.5
diff_drug,0.0025,all,0.5
diff_drug,-0.0088,all,0.5
diff_drug,0.0111,all,0.5
diff_drug,-0.0192,all,0.5
diff_drug,-0.0024,all,0.5
diff_drug,0.0226,all,0.5
diff_drug,0.0238,all,0.5
diff_drug,-0.008,all,0.5
diff_drug,-0.0025,all,0.5
diff_drug,-0.0164,all,0.5
diff_drug,0.015,all,0.5
diff_drug,-0.0038,all,0.5
diff_drug,0.0226,all,0.5
diff_drug,-0.0119,all,0.5
diff_drug,-0.0176,all,0.5
diff_drug,-0.0194,all,0.5
diff_drug,0.0155,all,0.5
diff_drug,-0.014,all,0.5
diff_drug,-0.026,all,0.5
diff_drug,0.0108,all,0.5
diff_drug,0.0477,all,0.5
diff_drug,0.0028,all,0.5
diff_drug,-0.0257,all,0.5
diff_drug,0.015,all,0.5
diff_drug,0.0143,all,0.5
diff_drug,-0.0193,all,0.5
diff_drug,0.0154,all,0.5
diff_drug,0.0068,all,0.5
diff_drug,0.0208,all,0.5
diff_drug,-0.0116,all,0.5
diff_drug,-0.0071,all,0.5
diff_drug,-0.0041,all,0.5
diff_drug,-0.0126,all,0.5
diff_drug,-0.0175,all,0.5
diff_drug,0.017,all,0.5
diff_drug,0.0031,all,0.5
diff_drug,-0.0441,all,0.5
diff_drug,-0.0089,all,0.5
diff_drug,0.005,all,0.5
diff_drug,0.001,all,0.5
diff_drug,-0.0258,all,0.5
diff_drug,0.0077,all,0.5
diff_drug,-0.0117,all,0.5
diff_drug,0.0069,all,0.5
diff_drug,0.0003,all,0.5
diff_drug,0.0246,all,0.5
diff_drug,0.0176,all,0.5
diff_drug,-0.0136,all,0.5
diff_drug,0.0083,all,0.5
diff_drug,-0.011,all,0.5
diff_drug,0.0145,all,0.5
diff_drug,-0.0172,all,0.5
diff_drug,0.0178,all,0.5
diff_drug,-0.0171,all,0.5
diff_drug,-0.0383,all,0.5
diff_drug,-0.0164,all,0.5
diff_drug,-0.0247,all,0.5
diff_drug,0.0317,all,0.5
diff_drug,0.0067,all,0.5
diff_drug,0.0059,all,0.5
diff_drug,0.0056,all,0.5
diff_drug,0.0147,all,0.5
diff_drug,-0.0,all,0.5
diff_drug,-0.0071,all,0.5
diff_drug,-0.0076,all,0.5
diff_drug,-0.0362,all,0.5
diff_drug,0.0219,all,0.5
diff_drug,0.0357,all,0.5
diff_drug,0.0428,all,0.5
diff_drug,-0.0028,all,0.5
diff_drug,-0.0228,all,0.5
diff_drug,-0.0484,all,0.5
diff_drug,-0.0346,all,0.5
diff_drug,0.0345,all,0.5
diff_drug,0.0113,all,0.5
diff_drug,-0.0177,all,0.5
diff_drug,-0.0042,all,0.5
diff_drug,-0.0127,all,0.5
diff_drug,0.0103,all,0.5
diff_drug,-0.0062,all,0.5
diff_drug,0.005,all,0.5
diff_drug,0.0,all,0.5
diff_drug,-0.0033,all,0.5
diff_drug,0.0581,all,0.5
diff_drug,-0.001,all,0.5
diff_drug,-0.02,all,0.5
diff_drug,0.0056,all,0.5
diff_drug,0.0048,all,0.5
diff_drug,-0.0095,all,0.5
diff_drug,0.0119,all,0.5
diff_drug,-0.0068,all,0.5
diff_drug,-0.0053,all,0.5
same_drug,-0.02,all,0.5
same_drug,-0.0251,all,0.5
same_drug,0.0018,all,0.5
same_drug,0.0146,all,0.5
same_drug,0.026,all,0.5
same_drug,0.0383,all,0.5
same_drug,0.0029,all,0.5
same_drug,-0.0405,all,0.5
same_drug,0.0549,all,0.5
same_drug,0.0036,all,0.5
same_drug,0.0153,all,0.5
same_drug,0.0232,all,0.5
same_drug,0.0186,all,0.5
same_drug,0.0061,all,0.5
same_drug,0.0074,all,0.5
same_drug,0.0059,all,0.5
same_drug,0.0139,all,0.5
same_drug,-0.0036,all,0.5
same_drug,0.0033,all,0.5
same_drug,-0.0059,all,0.5
same_drug,0.0272,all,0.5
same_drug,0.0137,all,0.5
same_drug,-0.0303,all,0.5
same_drug,-0.0213,all,0.5
same_drug,0.0033,all,0.5
same_drug,0.0112,all,0.5
same_drug,-0.0168,all,0.5
same_drug,0.004,all,0.5
same_drug,0.0106,all,0.5
same_drug,0.0378,all,0.5
same_drug,-0.0001,all,0.5
same_drug,0.0213,all,0.5
same_drug,-0.0093,all,0.5
same_drug,-0.0329,all,0.5
same_drug,-0.0399,all,0.5
same_drug,0.0121,all,0.5
same_drug,0.0162,all,0.5
same_drug,0.0326,all,0.5
same_drug,0.0042,all,0.5
same_drug,0.0559,all,0.5
same_drug,0.0164,all,0.5
same_drug,0.0065,all,0.5
same_drug,0.0223,all,0.5
same_drug,0.0032,all,0.5
same_drug,0.009,all,0.5
same_drug,-0.0282,all,0.5
same_drug,0.0079,all,0.5
same_drug,-0.0044,all,0.5
same_drug,-0.0292,all,0.5
same_drug,-0.0188,all,0.5
same_drug,0.0283,all,0.5
same_drug,-0.0195,all,0.5
same_drug,0.0099,all,0.5
same_drug,0.0063,all,0.5
same_drug,-0.0156,all,0.5
same_drug,-0.0126,all,0.5
same_drug,0.0198,all,0.5
same_drug,0.0154,all,0.5
same_drug,0.0259,all,0.5
same_drug,0.0264,all,0.5
same_drug,-0.0058,all,0.5
same_drug,0.0031,all,0.5
same_drug,0.0369,all,0.5
same_drug,0.0418,all,0.5
same_drug,-0.0092,all,0.5
same_drug,0.0163,all,0.5
same_drug,0.0057,all,0.5
same_drug,-0.0131,all,0.5
same_drug,-0.0018,all,0.5
same_drug,0.0277,all,0.5
same_drug,0.0022,all,0.5
same_drug,0.0105,all,0.5
same_drug,-0.0124,all,0.5
same_drug,0.0105,all,0.5
same_drug,0.0205,all,0.5
same_drug,0.0165,all,0.5
same_drug,0.0229,all,0.5
same_drug,0.0067,all,0.5
same_drug,-0.0106,all,0.5
same_drug,0.0107,all,0.5
same_drug,-0.0361,all,0.5
same_drug,0.0054,all,0.5
same_drug,-0.0227,all,0.5
same_drug,0.0007,all,0.5
same_drug,0.002,all,0.5
same_drug,0.0338,all,0.5
same_drug,0.0563,all,0.5
same_drug,0.0121,all,0.5
same_drug,0.027,all,0.5
same_drug,0.0084,all,0.5
same_drug,-0.0113,all,0.5
same_drug,-0.0056,all,0.5
same_drug,-0.0222,all,0.5
same_drug,-0.0373,all,0.5
same_drug,-0.0024,all,0.5
same_drug,0.0135,all,0.5
same_drug,0.0712,all,0.5
same_drug,0.0201,all,0.5
same_drug,-0.009,all,0.5
same_drug,0.0191,all,0.5
same_drug,0.0069,all,0.5
same_drug,0.0153,all,0.5
same_drug,0.0239,all,0.5
same_drug,-0.0019,all,0.5
same_drug,0.0026,all,0.5
same_drug,0.0252,all,0.5
same_drug,-0.0124,all,0.5
same_drug,0.065,all,0.5
same_drug,0.0173,all,0.5
same_drug,0.0092,all,0.5
same_drug,0.048,all,0.5
same_drug,0.0227,all,0.5
same_drug,-0.0037,all,0.5
same_drug,-0.0032,all,0.5
same_drug,0.0015,all,0.5
same_drug,-0.0429,all,0.5
same_drug,-0.0057,all,0.5
same_drug,0.0083,all,0.5
same_drug,0.0167,all,0.5
same_drug,0.0021,all,0.5
same_drug,-0.0274,all,0.5
same_drug,0.0042,all,0.5
same_drug,0.0796,all,0.5
same_drug,0.0243,all,0.5
same_drug,-0.0222,all,0.5
same_drug,-0.0107,all,0.5
same_drug,0.0519,all,0.5
same_drug,0.041,all,0.5
same_drug,-0.0296,all,0.5
same_drug,0.0539,all,0.5
same_drug,0.015,all,0.5
same_drug,0.0214,all,0.5
same_drug,0.0928,all,0.5
same_drug,0.0051,all,0.5
same_drug,0.0162,all,0.5
same_drug,-0.0245,all,0.5
same_drug,0.0498,all,0.5
same_drug,-0.0031,all,0.5
same_drug,0.0287,all,0.5
same_drug,0.0181,all,0.5
same_drug,0.038,all,0.5
same_drug,0.0323,all,0.5
same_drug,0.0044,all,0.5
same_drug,-0.0146,all,0.5
same_drug,-0.0052,all,0.5
same_drug,0.009,all,0.5
same_drug,0.055,all,0.5
same_drug,0.007,all,0.5
same_drug,0.03,all,0.5
same_drug,-0.0004,all,0.5
same_drug,0.0147,all,0.5
same_drug,-0.0146,all,0.5
same_drug,-0.0135,all,0.5
same_drug,0.066,all,0.5
same_drug,0.0262,all,0.5
same_drug,0.0152,all,0.5
same_drug,-0.022,all,0.5
same_drug,0.0133,all,0.5
same_drug,-0.0163,all,0.5
same_drug,0.0296,all,0.5
same_drug,-0.0122,all,0.5
same_drug,-0.0259,all,0.5
same_drug,0.0092,all,0.5
same_drug,-0.0271,all,0.5
same_drug,0.0166,all,0.5
same_drug,-0.0283,all,0.5
same_drug,0.0176,all,0.5
same_drug,0.0411,all,0.5
same_drug,0.0184,all,0.5
same_drug,0.0426,all,0.5
same_drug,0.0007,all,0.5
same_drug,0.0451,all,0.5
same_drug,-0.0173,all,0.5
same_drug,-0.0326,all,0.5
same_drug,0.0066,all,0.5
same_drug,-0.0019,all,0.5
same_drug,0.0176,all,0.5
same_drug,-0.0266,all,0.5
same_drug,0.0052,all,0.5
same_drug,0.0235,all,0.5
same_drug,-0.0097,all,0.5
same_drug,0.0324,all,0.5
same_drug,-0.0286,all,0.5
same_drug,0.0216,all,0.5
same_drug,0.0052,all,0.5
same_drug,0.0085,all,0.5
same_drug,0.0066,all,0.5
same_drug,-0.0058,all,0.5
same_drug,0.0204,all,0.5
same_drug,-0.0112,all,0.5
same_drug,0.0434,all,0.5
same_drug,0.0214,all,0.5
same_drug,-0.0037,all,0.5
same_drug,0.0156,all,0.5
same_drug,0.0059,all,0.5
same_drug,-0.0222,all,0.5
same_drug,0.0211,all,0.5
same_drug,-0.0032,all,0.5
same_drug,0.0249,all,0.5
same_drug,0.0156,all,0.5
same_drug,0.0089,all,0.5
same_drug,0.0262,all,0.5
same_drug,-0.0031,all,0.5
same_drug,0.017,all,0.5
same_drug,0.0091,all,0.5
same_drug,0.013,all,0.5
same_drug,0.0256,all,0.5
same_drug,-0.0107,all,0.5
same_drug,0.0049,all,0.5
same_drug,0.0202,all,0.5
same_drug,0.0273,all,0.5
same_drug,0.0365,all,0.5
same_drug,-0.0215,all,0.5
same_drug,0.0315,all,0.5
same_drug,0.0445,all,0.5
same_drug,-0.0197,all,0.5
same_drug,-0.0112,all,0.5
same_drug,-0.0152,all,0.5
same_drug,0.0038,all,0.5
same_drug,0.0114,all,0.5
same_drug,-0.0041,all,0.5
same_drug,-0.0028,all,0.5
same_drug,0.0109,all,0.5
same_drug,-0.0228,all,0.5
same_drug,-0.0092,all,0.5
same_drug,0.0469,all,0.5
same_drug,0.0267,all,0.5
same_drug,-0.0088,all,0.5
same_drug,-0.0041,all,0.5
same_drug,-0.0053,all,0.5
same_drug,-0.0421,all,0.5
same_drug,-0.0353,all,0.5
same_drug,0.0847,all,0.5
same_drug,0.0341,all,0.5
same_drug,0.0041,all,0.5
same_drug,0.0894,all,0.5
same_drug,0.0011,all,0.5
same_drug,0.1071,all,0.5
same_drug,-0.0117,all,0.5
same_drug,0.017,all,0.5
same_drug,-0.0184,all,0.5
same_drug,-0.0233,all,0.5
same_drug,-0.0068,all,0.5
same_drug,-0.021,all,0.5
same_drug,0.0576,all,0.5
same_drug,0.0943,all,0.5
same_drug,0.0801,all,0.5
same_drug,-0.0279,all,0.5
same_drug,0.018,all,0.5
same_drug,0.0691,all,0.5
same_drug,0.0183,all,0.5
same_drug,-0.0072,all,0.5
same_drug,-0.0153,all,0.5
same_drug,0.054,all,0.5
same_drug,0.0064,all,0.5
same_drug,0.0086,all,0.5
same_drug,0.0115,all,0.5
same_drug,0.0259,all,0.5
same_drug,0.0346,all,0.5
same_drug,0.0318,all,0.5
same_drug,-0.0259,all,0.5
same_drug,-0.0314,all,0.5
same_drug,-0.0069,all,0.5
same_drug,-0.0286,all,0.5
same_drug,0.0899,all,0.5
same_drug,-0.0129,all,0.5
same_drug,0.0013,all,0.5
same_drug,0.0184,all,0.5
same_drug,0.0514,all,0.5
same_drug,0.0021,all,0.5
same_drug,0.0252,all,0.5
same_drug,-0.0107,all,0.5
same_drug,-0.0013,all,0.5
same_drug,0.0011,all,0.5
same_drug,0.0308,all,0.5
same_drug,0.006,all,0.5
same_drug,0.0098,all,0.5
same_drug,-0.0233,all,0.5
same_drug,0.0033,all,0.5
same_drug,-0.0071,all,0.5
same_drug,0.1035,all,0.5
same_drug,-0.0264,all,0.5
same_drug,0.0345,all,0.5
same_drug,0.0211,all,0.5
same_drug,0.0641,all,0.5
same_drug,0.0751,all,0.5
same_drug,0.0147,all,0.5
same_drug,0.0416,all,0.5
same_drug,0.0087,all,0.5
same_drug,-0.0191,all,0.5
same_drug,-0.0274,all,0.5
same_drug,0.0072,all,0.5
same_drug,0.0181,all,0.5
same_drug,-0.0205,all,0.5
same_drug,0.0196,all,0.5
same_drug,0.0291,all,0.5
same_drug,0.0582,all,0.5
same_drug,0.0173,all,0.5
same_drug,0.027,all,0.5
same_drug,0.094,all,0.5
same_drug,-0.0227,all,0.5
same_drug,0.0004,all,0.5
same_drug,-0.0386,all,0.5
same_drug,0.0024,all,0.5
same_drug,0.0403,all,0.5
same_drug,-0.0189,all,0.5
same_drug,-0.0215,all,0.5
same_drug,0.018,all,0.5
same_drug,0.0127,all,0.5
same_drug,0.0658,all,0.5
same_drug,0.0218,all,0.5
same_drug,0.0125,all,0.5
same_drug,-0.0017,all,0.5
same_drug,0.0268,all,0.5
same_drug,-0.0054,all,0.5
same_drug,0.0534,all,0.5
same_drug,-0.0177,all,0.5
same_drug,0.0364,all,0.5
same_drug,0.0082,all,0.5
same_drug,0.0667,all,0.5
same_drug,0.006,all,0.5
same_drug,0.0366,all,0.5
same_drug,-0.022,all,0.5
same_drug,-0.0052,all,0.5
same_drug,0.0194,all,0.5
same_drug,0.0123,all,0.5
same_drug,-0.0092,all,0.5
same_drug,0.0134,all,0.5
same_drug,-0.0298,all,0.5
same_drug,0.0092,all,0.5
same_drug,0.0069,all,0.5
same_drug,0.0863,all,0.5
same_drug,0.0014,all,0.5
same_drug,-0.0004,all,0.5
same_drug,0.0766,all,0.5
same_drug,0.0169,all,0.5
same_drug,0.0027,all,0.5
same_drug,-0.0495,all,0.5
same_drug,-0.0039,all,0.5
same_drug,-0.0012,all,0.5
same_drug,0.0103,all,0.5
same_drug,-0.018,all,0.5
same_drug,0.0016,all,0.5
same_drug,0.0782,all,0.5
same_drug,0.0034,all,0.5
same_drug,0.0226,all,0.5
same_drug,0.0556,all,0.5
same_drug,-0.0057,all,0.5
same_drug,0.0544,all,0.5
same_drug,-0.0051,all,0.5
same_drug,0.0016,all,0.5
same_drug,-0.0295,all,0.5
same_drug,0.0035,all,0.5
same_drug,0.049,all,0.5
same_drug,0.0333,all,0.5
same_drug,0.0899,all,0.5
same_drug,-0.0124,all,0.5
same_drug,-0.0053,all,0.5
same_drug,-0.008,all,0.5
same_drug,-0.005,all,0.5
same_drug,0.0428,all,0.5
same_drug,0.0047,all,0.5
same_drug,0.0259,all,0.5
same_drug,0.0204,all,0.5
same_drug,-0.0343,all,0.5
same_drug,0.0427,all,0.5
same_drug,-0.0269,all,0.5
same_drug,0.0121,all,0.5
same_drug,0.0012,all,0.5
same_drug,-0.0235,all,0.5
same_drug,-0.0222,all,0.5
same_drug,0.0207,all,0.5
same_drug,0.0147,all,0.5
same_drug,0.0139,all,0.5
same_drug,0.0082,all,0.5
same_drug,0.0559,all,0.5
same_drug,0.0401,all,0.5
same_drug,0.0101,all,0.5
same_drug,0.026,all,0.5
same_drug,0.0274,all,0.5
same_drug,0.0216,all,0.5
same_drug,-0.0171,all,0.5
same_drug,0.0071,all,0.5
same_drug,0.0086,all,0.5
same_drug,-0.0065,all,0.5
same_drug,0.0202,all,0.5
same_drug,0.017,all,0.5
same_drug,-0.028,all,0.5
same_drug,0.015,all,0.5
same_drug,-0.0199,all,0.5
same_drug,0.0195,all,0.5
same_drug,-0.0229,all,0.5
same_drug,0.0664,all,0.5
same_drug,0.0327,all,0.5
same_drug,-0.0263,all,0.5
same_drug,0.0343,all,0.5
same_drug,0.0225,all,0.5
same_drug,0.0225,all,0.5
same_drug,0.0114,all,0.5
same_drug,0.0146,all,0.5
same_drug,-0.0134,all,0.5
same_drug,0.0262,all,0.5
same_drug,-0.0307,all,0.5
same_drug,0.0607,all,0.5
same_drug,0.0159,all,0.5
same_drug,0.0112,all,0.5
same_drug,-0.0017,all,0.5
same_drug,0.0369,all,0.5
same_drug,-0.0034,all,0.5
same_drug,0.026,all,0.5
same_drug,0.015,all,0.5
same_drug,-0.0089,all,0.5
same_drug,0.005,all,0.5
same_drug,-0.0281,all,0.5
same_drug,0.0031,all,0.5
same_drug,0.0169,all,0.5
same_drug,0.0199,all,0.5
same_drug,0.0309,all,0.5
same_drug,0.0199,all,0.5
same_drug,-0.0128,all,0.5
same_drug,0.0054,all,0.5
same_drug,0.0007,all,0.5
same_drug,0.0292,all,0.5
same_drug,0.0031,all,0.5
same_drug,0.0109,all,0.5
same_drug,-0.0018,all,0.5
same_drug,-0.028,all,0.5
same_drug,-0.0004,all,0.5
same_drug,0.0187,all,0.5
same_drug,0.032,all,0.5
same_drug,0.0709,all,0.5
same_drug,-0.0359,all,0.5
same_drug,0.0103,all,0.5
same_drug,0.0105,all,0.5
same_drug,0.0383,all,0.5
same_drug,0.0046,all,0.5
same_drug,-0.0046,all,0.5
same_drug,0.006,all,0.5
same_drug,-0.046,all,0.5
same_drug,-0.0167,all,0.5
same_drug,-0.0143,all,0.5
same_drug,-0.0229,all,0.5
same_drug,0.0006,all,0.5
same_drug,0.0082,all,0.5
same_drug,0.1022,all,0.5
same_drug,0.0389,all,0.5
same_drug,0.0149,all,0.5
same_drug,0.0235,all,0.5
same_drug,0.0063,all,0.5
same_drug,-0.0434,all,0.5
same_drug,-0.0059,all,0.5
same_drug,0.0155,all,0.5
same_drug,0.0048,all,0.5
same_drug,0.0071,all,0.5
same_drug,0.019,all,0.5
same_drug,0.0061,all,0.5
same_drug,-0.0254,all,0.5
same_drug,0.008,all,0.5
same_drug,0.028,all,0.5
same_drug,-0.0326,all,0.5
same_drug,-0.0056,all,0.5
same_drug,0.009,all,0.5
same_drug,-0.0049,all,0.5
same_drug,0.0075,all,0.5
same_drug,0.0003,all,0.5
same_drug,-0.0081,all,0.5
same_drug,0.0085,all,0.5
same_drug,0.016,all,0.5
same_drug,0.013,all,0.5
same_drug,-0.0055,all,0.5
same_drug,0.0035,all,0.5
same_drug,-0.0024,all,0.5
same_drug,0.0168,all,0.5
same_drug,-0.0006,all,0.5
same_drug,0.0057,all,0.5
same_drug,-0.0071,all,0.5
same_drug,-0.0099,all,0.5
same_drug,0.0159,all,0.5
same_drug,0.0083,all,0.5
same_drug,-0.0041,all,0.5
same_drug,0.0238,all,0.5
same_drug,-0.0034,all,0.5
same_drug,-0.0316,all,0.5
same_drug,0.0215,all,0.5
same_drug,0.1016,all,0.5
same_drug,0.0211,all,0.5
same_drug,0.0174,all,0.5
same_drug,0.023,all,0.5
same_drug,0.0119,all,0.5
same_drug,0.0035,all,0.5
same_drug,0.0306,all,0.5
same_drug,-0.0337,all,0.5
same_drug,0.0344,all,0.5
same_drug,-0.0202,all,0.5
same_drug,0.0109,all,0.5
same_drug,-0.0044,all,0.5
same_drug,-0.0102,all,0.5
same_drug,0.0073,all,0.5
same_drug,0.0138,all,0.5
same_drug,0.063,all,0.5
any_pair,0.0047,responder,0.5
any_pair,-0.184,responder,0.5
any_pair,-0.0583,responder,0.5
any_pair,0.0607,responder,0.5
any_pair,-0.0068,responder,0.5
any_pair,0.0019,responder,0.5
any_pair,0.3876,responder,0.5
any_pair,-0.1161,responder,0.5
any_pair,0.0732,responder,0.5
any_pair,-0.4789,responder,0.5
any_pair,0.2387,responder,0.5
any_pair,0.0448,responder,0.5
any_pair,-0.038,responder,0.5
any_pair,-0.204,responder,0.5
any_pair,-0.1885,responder,0.5
any_pair,0.0277,responder,0.5
any_pair,-0.1462,responder,0.5
any_pair,-0.102,responder,0.5
any_pair,0.276,responder,0.5
any_pair,0.1271,responder,0.5
any_pair,0.031,responder,0.5
any_pair,0.0372,responder,0.5
any_pair,-0.2345,responder,0.5
any_pair,0.0485,responder,0.5
any_pair,0.0874,responder,0.5
any_pair,-0.0909,responder,0.5
any_pair,-0.1354,responder,0.5
any_pair,0.1985,responder,0.5
any_pair,-0.0556,responder,0.5
any_pair,0.0349,responder,0.5
any_pair,-0.5096,responder,0.5
any_pair,-0.2036,responder,0.5
any_pair,0.0753,responder,0.5
any_pair,0.2534,responder,0.5
any_pair,0.113,responder,0.5
any_pair,0.207,responder,0.5
any_pair,-0.5585,responder,0.5
any_pair,-0.1084,responder,0.5
any_pair,0.0551,responder,0.5
any_pair,-0.3434,responder,0.5
any_pair,0.1104,responder,0.5
any_pair,-0.0563,responder,0.5
any_pair,0.1262,responder,0.5
any_pair,-0.1604,responder,0.5
any_pair,-0.2682,responder,0.5
any_pair,0.0711,responder,0.5
any_pair,0.0577,responder,0.5
any_pair,0.0444,responder,0.5
any_pair,0.0959,responder,0.5
any_pair,0.1488,responder,0.5
any_pair,0.0136,responder,0.5
any_pair,-0.4455,responder,0.5
any_pair,0.2116,responder,0.5
any_pair,0.1852,responder,0.5
any_pair,-0.1167,responder,0.5
any_pair,-0.2561,responder,0.5
any_pair,-0.0977,responder,0.5
any_pair,0.0939,responder,0.5
any_pair,0.0835,responder,0.5
any_pair,-0.1014,responder,0.5
any_pair,-0.1574,responder,0.5
any_pair,0.124,responder,0.5
any_pair,0.0183,responder,0.5
any_pair,0.0104,responder,0.5
any_pair,0.1388,responder,0.5
any_pair,0.1436,responder,0.5
any_pair,0.1933,responder,0.5
any_pair,-0.1079,responder,0.5
any_pair,-0.2169,responder,0.5
any_pair,-0.0537,responder,0.5
any_pair,0.0015,responder,0.5
any_pair,-0.056,responder,0.5
any_pair,0.014,responder,0.5
any_pair,-0.1831,responder,0.5
any_pair,-0.0299,responder,0.5
any_pair,-0.0348,responder,0.5
any_pair,-0.2181,responder,0.5
any_pair,-0.1784,responder,0.5
any_pair,0.1609,responder,0.5
any_pair,0.0174,responder,0.5
any_pair,0.1431,responder,0.5
any_pair,-0.0823,responder,0.5
any_pair,-0.1699,responder,0.5
any_pair,-0.0352,responder,0.5
any_pair,-0.0514,responder,0.5
any_pair,-0.0277,responder,0.5
any_pair,-0.0884,responder,0.5
any_pair,0.2193,responder,0.5
any_pair,-0.0168,responder,0.5
any_pair,-0.0273,responder,0.5
any_pair,-0.1178,responder,0.5
any_pair,0.0374,responder,0.5
any_pair,0.0442,responder,0.5
any_pair,-0.0308,responder,0.5
any_pair,-0.1042,responder,0.5
any_pair,-0.3205,responder,0.5
any_pair,0.0481,responder,0.5
any_pair,0.1944,responder,0.5
any_pair,0.0681,responder,0.5
any_pair,0.1725,responder,0.5
any_pair,0.3401,responder,0.5
any_pair,0.1078,responder,0.5
any_pair,-0.0876,responder,0.5
any_pair,-0.0872,responder,0.5
any_pair,0.1117,responder,0.5
any_pair,-0.0605,responder,0.5
any_pair,0.2607,responder,0.5
any_pair,0.2349,responder,0.5
any_pair,-0.1637,responder,0.5
any_pair,0.1292,responder,0.5
any_pair,-0.0939,responder,0.5
any_pair,-0.3061,responder,0.5
any_pair,-0.0091,responder,0.5
any_pair,-0.0781,responder,0.5
any_pair,-0.0771,responder,0.5
any_pair,-0.1586,responder,0.5
any_pair,-0.0788,responder,0.5
any_pair,-0.1541,responder,0.5
any_pair,-0.2323,responder,0.5
any_pair,-0.0347,responder,0.5
any_pair,-0.1795,responder,0.5
any_pair,-0.3034,responder,0.5
any_pair,-0.2272,responder,0.5
any_pair,0.0009,responder,0.5
any_pair,-0.0139,responder,0.5
any_pair,0.0213,responder,0.5
any_pair,-0.2251,responder,0.5
any_pair,-0.0705,responder,0.5
any_pair,-0.0137,responder,0.5
any_pair,0.0028,responder,0.5
any_pair,0.0368,responder,0.5
any_pair,0.1239,responder,0.5
any_pair,0.0981,responder,0.5
any_pair,-0.0695,responder,0.5
any_pair,-0.1497,responder,0.5
any_pair,-0.008,responder,0.5
any_pair,0.1133,responder,0.5
any_pair,-0.003,responder,0.5
any_pair,0.1036,responder,0.5
any_pair,-0.0748,responder,0.5
any_pair,-0.0922,responder,0.5
any_pair,-0.0834,responder,0.5
any_pair,-0.1412,responder,0.5
any_pair,-0.0786,responder,0.5
any_pair,0.1237,responder,0.5
any_pair,-0.0567,responder,0.5
any_pair,0.0965,responder,0.5
any_pair,0.1445,responder,0.5
any_pair,0.0862,responder,0.5
any_pair,-0.325,responder,0.5
any_pair,-0.0584,responder,0.5
any_pair,0.2265,responder,0.5
any_pair,-0.0292,responder,0.5
any_pair,-0.0073,responder,0.5
any_pair,0.1272,responder,0.5
any_pair,0.0221,responder,0.5
any_pair,0.0668,responder,0.5
any_pair,-0.1455,responder,0.5
any_pair,0.1622,responder,0.5
any_pair,0.0181,responder,0.5
any_pair,-0.1816,responder,0.5
any_pair,0.0766,responder,0.5
any_pair,-0.0436,responder,0.5
any_pair,-0.1078,responder,0.5
any_pair,0.0776,responder,0.5
any_pair,0.0234,responder,0.5
any_pair,-0.1279,responder,0.5
any_pair,0.2532,responder,0.5
any_pair,-0.0488,responder,0.5
any_pair,-0.4284,responder,0.5
any_pair,0.0903,responder,0.5
any_pair,0.1428,responder,0.5
any_pair,0.032,responder,0.5
any_pair,-0.0352,responder,0.5
any_pair,-0.0929,responder,0.5
any_pair,0.0024,responder,0.5
any_pair,-0.0845,responder,0.5
any_pair,0.134,responder,0.5
any_pair,0.1038,responder,0.5
any_pair,0.0819,responder,0.5
any_pair,0.0197,responder,0.5
any_pair,-0.0186,responder,0.5
any_pair,0.0812,responder,0.5
any_pair,0.118,responder,0.5
any_pair,-0.1184,responder,0.5
any_pair,0.2346,responder,0.5
any_pair,-0.0291,responder,0.5
any_pair,0.1263,responder,0.5
any_pair,0.1787,responder,0.5
any_pair,0.1031,responder,0.5
any_pair,0.0494,responder,0.5
any_pair,0.0164,responder,0.5
any_pair,-0.0196,responder,0.5
any_pair,-0.0577,responder,0.5
any_pair,0.0519,responder,0.5
any_pair,0.0352,responder,0.5
any_pair,0.0564,responder,0.5
any_pair,0.3002,responder,0.5
any_pair,0.2333,responder,0.5
any_pair,-0.1046,responder,0.5
any_pair,0.1318,responder,0.5
any_pair,-0.3394,responder,0.5
any_pair,-0.0526,responder,0.5
any_pair,0.0254,responder,0.5
any_pair,0.1311,responder,0.5
any_pair,0.2297,responder,0.5
any_pair,0.1075,responder,0.5
any_pair,0.0756,responder,0.5
any_pair,0.1888,responder,0.5
any_pair,0.0783,responder,0.5
any_pair,-0.2568,responder,0.5
any_pair,-0.1173,responder,0.5
any_pair,0.1023,responder,0.5
any_pair,0.4816,responder,0.5
any_pair,-0.0755,responder,0.5
any_pair,0.1084,responder,0.5
any_pair,-0.1199,responder,0.5
any_pair,-0.0379,responder,0.5
any_pair,0.0683,responder,0.5
any_pair,0.0067,responder,0.5
any_pair,0.0046,responder,0.5
any_pair,0.046,responder,0.5
any_pair,0.2371,responder,0.5
any_pair,0.1269,responder,0.5
any_pair,0.0503,responder,0.5
any_pair,0.2872,responder,0.5
any_pair,0.0535,responder,0.5
any_pair,0.0052,responder,0.5
any_pair,0.085,responder,0.5
any_pair,0.1699,responder,0.5
any_pair,-0.0068,responder,0.5
any_pair,-0.0186,responder,0.5
any_pair,-0.4239,responder,0.5
any_pair,-0.0765,responder,0.5
any_pair,0.1065,responder,0.5
any_pair,0.066,responder,0.5
any_pair,-0.0348,responder,0.5
any_pair,-0.0233,responder,0.5
any_pair,0.0826,responder,0.5
any_pair,0.16,responder,0.5
any_pair,0.2531,responder,0.5
any_pair,-0.2246,responder,0.5
any_pair,0.0196,responder,0.5
any_pair,-0.0028,responder,0.5
any_pair,-0.0291,responder,0.5
any_pair,0.13,responder,0.5
any_pair,0.1667,responder,0.5
any_pair,0.0647,responder,0.5
any_pair,0.0617,responder,0.5
any_pair,-0.248,responder,0.5
any_pair,-0.0564,responder,0.5
any_pair,-0.2178,responder,0.5
any_pair,-0.1431,responder,0.5
any_pair,0.0789,responder,0.5
any_pair,-0.1846,responder,0.5
any_pair,0.1247,responder,0.5
any_pair,-0.3982,responder,0.5
any_pair,0.0406,responder,0.5
any_pair,0.2311,responder,0.5
any_pair,0.185,responder,0.5
any_pair,-0.0145,responder,0.5
any_pair,-0.0735,responder,0.5
any_pair,0.2097,responder,0.5
any_pair,0.0714,responder,0.5
any_pair,0.0277,responder,0.5
any_pair,-0.0581,responder,0.5
any_pair,0.1254,responder,0.5
any_pair,0.1076,responder,0.5
any_pair,-0.0585,responder,0.5
any_pair,-0.3476,responder,0.5
any_pair,0.0118,responder,0.5
any_pair,-0.0207,responder,0.5
any_pair,0.2309,responder,0.5
any_pair,0.4716,responder,0.5
any_pair,0.0812,responder,0.5
any_pair,-0.3944,responder,0.5
any_pair,0.0136,responder,0.5
any_pair,-0.1268,responder,0.5
any_pair,-0.2527,responder,0.5
any_pair,0.0115,responder,0.5
any_pair,-0.3301,responder,0.5
any_pair,0.0245,responder,0.5
any_pair,0.1922,responder,0.5
any_pair,0.1082,responder,0.5
any_pair,0.0568,responder,0.5
any_pair,-0.0072,responder,0.5
any_pair,-0.1193,responder,0.5
any_pair,-0.1864,responder,0.5
any_pair,0.1212,responder,0.5
any_pair,-0.0691,responder,0.5
any_pair,0.179,responder,0.5
any_pair,0.0207,responder,0.5
any_pair,-0.1304,responder,0.5
any_pair,-0.0005,responder,0.5
any_pair,0.0348,responder,0.5
any_pair,-0.3981,responder,0.5
any_pair,0.0201,responder,0.5
any_pair,0.1143,responder,0.5
any_pair,0.0843,responder,0.5
any_pair,-0.3186,responder,0.5
any_pair,-0.0916,responder,0.5
any_pair,-0.2979,responder,0.5
any_pair,0.0796,responder,0.5
any_pair,0.1259,responder,0.5
any_pair,-0.0765,responder,0.5
any_pair,0.1863,responder,0.5
any_pair,-0.1606,responder,0.5
any_pair,-0.096,responder,0.5
any_pair,0.0274,responder,0.5
any_pair,0.1243,responder,0.5
any_pair,0.0609,responder,0.5
any_pair,-0.1085,responder,0.5
any_pair,-0.006,responder,0.5
any_pair,0.0457,responder,0.5
any_pair,-0.1339,responder,0.5
any_pair,0.0363,responder,0.5
any_pair,0.0946,responder,0.5
any_pair,0.0672,responder,0.5
any_pair,-0.1183,responder,0.5
any_pair,-0.0563,responder,0.5
any_pair,-0.1845,responder,0.5
any_pair,0.1541,responder,0.5
any_pair,-0.0914,responder,0.5
any_pair,0.0388,responder,0.5
any_pair,0.2154,responder,0.5
any_pair,0.0217,responder,0.5
any_pair,0.1171,responder,0.5
any_pair,0.253,responder,0.5
any_pair,-0.031,responder,0.5
any_pair,-0.0968,responder,0.5
any_pair,0.3501,responder,0.5
any_pair,0.2406,responder,0.5
any_pair,-0.0992,responder,0.5
any_pair,-0.0915,responder,0.5
any_pair,-0.0569,responder,0.5
any_pair,-0.0182,responder,0.5
any_pair,-0.0719,responder,0.5
any_pair,-0.0462,responder,0.5
any_pair,-0.0435,responder,0.5
any_pair,0.0559,responder,0.5
any_pair,-0.1784,responder,0.5
any_pair,0.067,responder,0.5
any_pair,0.0731,responder,0.5
any_pair,-0.2709,responder,0.5
any_pair,-0.1402,responder,0.5
any_pair,-0.0353,responder,0.5
any_pair,-0.3565,responder,0.5
any_pair,0.072,responder,0.5
any_pair,-0.0855,responder,0.5
any_pair,-0.0517,responder,0.5
any_pair,0.193,responder,0.5
any_pair,-0.1319,responder,0.5
any_pair,0.03,responder,0.5
any_pair,0.2613,responder,0.5
any_pair,0.1048,responder,0.5
any_pair,0.0953,responder,0.5
any_pair,-0.2142,responder,0.5
any_pair,-0.1355,responder,0.5
any_pair,0.2326,responder,0.5
any_pair,0.1378,responder,0.5
any_pair,0.0364,responder,0.5
any_pair,-0.2971,responder,0.5
any_pair,0.1475,responder,0.5
any_pair,-0.5242,responder,0.5
any_pair,0.0094,responder,0.5
any_pair,-0.0189,responder,0.5
any_pair,0.0275,responder,0.5
any_pair,0.0579,responder,0.5
any_pair,-0.248,responder,0.5
any_pair,-0.0423,responder,0.5
any_pair,0.0312,responder,0.5
any_pair,-0.0428,responder,0.5
any_pair,0.0189,responder,0.5
any_pair,0.0769,responder,0.5
any_pair,-0.0251,responder,0.5
any_pair,0.158,responder,0.5
any_pair,0.0023,responder,0.5
any_pair,0.3241,responder,0.5
any_pair,-0.0381,responder,0.5
any_pair,-0.011,responder,0.5
any_pair,-0.1647,responder,0.5
any_pair,-0.025,responder,0.5
any_pair,-0.0826,responder,0.5
any_pair,0.0356,responder,0.5
any_pair,-0.0161,responder,0.5
any_pair,-0.2091,responder,0.5
any_pair,0.0434,responder,0.5
any_pair,0.0994,responder,0.5
any_pair,0.0825,responder,0.5
any_pair,0.0797,responder,0.5
any_pair,0.1784,responder,0.5
any_pair,-0.0944,responder,0.5
any_pair,-0.0889,responder,0.5
any_pair,0.0097,responder,0.5
any_pair,-0.1829,responder,0.5
any_pair,0.1503,responder,0.5
any_pair,0.0675,responder,0.5
any_pair,0.0342,responder,0.5
any_pair,-0.3861,responder,0.5
any_pair,-0.1616,responder,0.5
any_pair,-0.077,responder,0.5
any_pair,-0.0451,responder,0.5
any_pair,0.0781,responder,0.5
any_pair,0.1233,responder,0.5
any_pair,-0.0202,responder,0.5
any_pair,0.1395,responder,0.5
any_pair,-0.0317,responder,0.5
any_pair,-0.016,responder,0.5
any_pair,-0.0397,responder,0.5
any_pair,-0.1077,responder,0.5
any_pair,0.0672,responder,0.5
any_pair,0.3409,responder,0.5
any_pair,-0.1463,responder,0.5
any_pair,0.0835,responder,0.5
any_pair,-0.0421,responder,0.5
any_pair,0.3301,responder,0.5
any_pair,0.078,responder,0.5
any_pair,-0.1617,responder,0.5
any_pair,-0.1,responder,0.5
any_pair,-0.0697,responder,0.5
any_pair,-0.0186,responder,0.5
any_pair,-0.1027,responder,0.5
any_pair,-0.0413,responder,0.5
any_pair,-0.1546,responder,0.5
any_pair,-0.0827,responder,0.5
any_pair,-0.0116,responder,0.5
any_pair,-0.0083,responder,0.5
any_pair,0.1226,responder,0.5
any_pair,0.116,responder,0.5
any_pair,-0.0019,responder,0.5
any_pair,-0.0862,responder,0.5
any_pair,0.1475,responder,0.5
any_pair,-0.2734,responder,0.5
any_pair,-0.0255,responder,0.5
any_pair,-0.2392,responder,0.5
any_pair,0.111,responder,0.5
any_pair,0.0683,responder,0.5
any_pair,-0.1442,responder,0.5
any_pair,0.0224,responder,0.5
any_pair,-0.014,responder,0.5
any_pair,-0.0173,responder,0.5
any_pair,0.0423,responder,0.5
any_pair,0.1983,responder,0.5
any_pair,0.2401,responder,0.5
any_pair,0.0361,responder,0.5
any_pair,0.0497,responder,0.5
any_pair,0.0225,responder,0.5
any_pair,-0.0095,responder,0.5
any_pair,-0.23,responder,0.5
any_pair,-0.3141,responder,0.5
any_pair,-0.2547,responder,0.5
any_pair,0.073,responder,0.5
diff_drug,-0.0196,responder,0.5
diff_drug,-0.0603,responder,0.5
diff_drug,-0.1198,responder,0.5
diff_drug,-0.092,responder,0.5
diff_drug,-0.0631,responder,0.5
diff_drug,-0.1277,responder,0.5
diff_drug,0.0847,responder,0.5
diff_drug,0.0528,responder,0.5
diff_drug,-0.1321,responder,0.5
diff_drug,0.1372,responder,0.5
diff_drug,-0.2776,responder,0.5
diff_drug,-0.0269,responder,0.5
diff_drug,0.1726,responder,0.5
diff_drug,-0.1877,responder,0.5
diff_drug,0.0328,responder,0.5
diff_drug,-0.0359,responder,0.5
diff_drug,-0.0453,responder,0.5
diff_drug,-0.0149,responder,0.5
diff_drug,-0.4311,responder,0.5
diff_drug,0.1946,responder,0.5
diff_drug,0.0717,responder,0.5
diff_drug,0.4496,responder,0.5
diff_drug,-0.3061,responder,0.5
diff_drug,-0.1209,responder,0.5
diff_drug,-0.0841,responder,0.5
diff_drug,-0.0557,responder,0.5
diff_drug,0.1314,responder,0.5
diff_drug,0.2474,responder,0.5
diff_drug,-0.0978,responder,0.5
diff_drug,0.225,responder,0.5
diff_drug,0.2167,responder,0.5
diff_drug,-0.037,responder,0.5
diff_drug,-0.0592,responder,0.5
diff_drug,-0.2506,responder,0.5
diff_drug,0.026,responder,0.5
diff_drug,0.09,responder,0.5
diff_drug,0.116,responder,0.5
diff_drug,-0.0808,responder,0.5
diff_drug,-0.0748,responder,0.5
diff_drug,-0.068,responder,0.5
diff_drug,-0.0262,responder,0.5
diff_drug,-0.0968,responder,0.5
diff_drug,-0.0108,responder,0.5
diff_drug,-0.124,responder,0.5
diff_drug,-0.0774,responder,0.5
diff_drug,-0.1024,responder,0.5
diff_drug,-0.2165,responder,0.5
diff_drug,-0.3233,responder,0.5
diff_drug,-0.1352,responder,0.5
diff_drug,0.0567,responder,0.5
diff_drug,0.1318,responder,0.5
diff_drug,-0.2835,responder,0.5
diff_drug,-0.2715,responder,0.5
diff_drug,-0.0882,responder,0.5
diff_drug,-0.1195,responder,0.5
diff_drug,-0.0265,responder,0.5
diff_drug,-0.088,responder,0.5
diff_drug,-0.0025,responder,0.5
diff_drug,-0.0353,responder,0.5
diff_drug,0.1628,responder,0.5
diff_drug,0.1118,responder,0.5
diff_drug,-0.0738,responder,0.5
diff_drug,0.0873,responder,0.5
diff_drug,-0.0283,responder,0.5
diff_drug,0.1157,responder,0.5
diff_drug,0.0554,responder,0.5
diff_drug,-0.3454,responder,0.5
diff_drug,0.0372,responder,0.5
diff_drug,0.4349,responder,0.5
diff_drug,0.0182,responder,0.5
diff_drug,-0.0107,responder,0.5
diff_drug,0.1962,responder,0.5
diff_drug,-0.1122,responder,0.5
diff_drug,-0.0121,responder,0.5
diff_drug,-0.0016,responder,0.5
diff_drug,0.1012,responder,0.5
diff_drug,0.0616,responder,0.5
diff_drug,0.1173,responder,0.5
diff_drug,0.1141,responder,0.5
diff_drug,-0.2008,responder,0.5
diff_drug,-0.1198,responder,0.5
diff_drug,0.015,responder,0.5
diff_drug,0.162,responder,0.5
diff_drug,0.1174,responder,0.5
diff_drug,0.0119,responder,0.5
diff_drug,-0.1828,responder,0.5
diff_drug,-0.1121,responder,0.5
diff_drug,-0.0287,responder,0.5
diff_drug,0.0543,responder,0.5
diff_drug,0.0835,responder,0.5
diff_drug,0.127,responder,0.5
diff_drug,-0.0728,responder,0.5
diff_drug,0.1391,responder,0.5
diff_drug,0.1533,responder,0.5
diff_drug,0.1315,responder,0.5
diff_drug,0.0373,responder,0.5
diff_drug,0.1744,responder,0.5
diff_drug,-0.0131,responder,0.5
diff_drug,-0.4115,responder,0.5
diff_drug,0.2555,responder,0.5
diff_drug,0.346,responder,0.5
diff_drug,0.1314,responder,0.5
diff_drug,-0.374,responder,0.5
diff_drug,-0.0532,responder,0.5
diff_drug,-0.0341,responder,0.5
diff_drug,0.0635,responder,0.5
diff_drug,-0.0799,responder,0.5
diff_drug,0.2261,responder,0.5
diff_drug,0.1615,responder,0.5
diff_drug,0.0764,responder,0.5
diff_drug,0.033,responder,0.5
diff_drug,0.2827,responder,0.5
diff_drug,-0.2197,responder,0.5
diff_drug,0.0769,responder,0.5
diff_drug,0.0154,responder,0.5
diff_drug,0.0942,responder,0.5
diff_drug,0.1872,responder,0.5
diff_drug,0.1068,responder,0.5
diff_drug,0.069,responder,0.5
diff_drug,0.004,responder,0.5
diff_drug,-0.002,responder,0.5
diff_drug,0.1615,responder,0.5
diff_drug,0.2278,responder,0.5
diff_drug,-0.1284,responder,0.5
diff_drug,0.1391,responder,0.5
diff_drug,-0.0574,responder,0.5
diff_drug,0.0821,responder,0.5
diff_drug,0.0116,responder,0.5
diff_drug,-0.013,responder,0.5
diff_drug,0.0186,responder,0.5
diff_drug,-0.1111,responder,0.5
diff_drug,-0.0269,responder,0.5
diff_drug,-0.2817,responder,0.5
diff_drug,-0.2226,responder,0.5
diff_drug,-0.0999,responder,0.5
diff_drug,-0.1808,responder,0.5
diff_drug,0.0248,responder,0.5
diff_drug,-0.1938,responder,0.5
diff_drug,-0.0852,responder,0.5
diff_drug,0.0545,responder,0.5
diff_drug,-0.0177,responder,0.5
diff_drug,-0.2122,responder,0.5
diff_drug,0.1749,responder,0.5
diff_drug,0.0307,responder,0.5
diff_drug,-0.551,responder,0.5
diff_drug,-0.2586,responder,0.5
diff_drug,0.354,responder,0.5
diff_drug,0.3298,responder,0.5
diff_drug,0.0506,responder,0.5
diff_drug,-0.0473,responder,0.5
diff_drug,0.0923,responder,0.5
diff_drug,0.1353,responder,0.5
diff_drug,-0.0884,responder,0.5
diff_drug,0.1803,responder,0.5
diff_drug,0.0675,responder,0.5
diff_drug,0.1281,responder,0.5
diff_drug,0.2442,responder,0.5
diff_drug,-0.0085,responder,0.5
diff_drug,0.0466,responder,0.5
diff_drug,-0.2449,responder,0.5
diff_drug,-0.0394,responder,0.5
diff_drug,0.1954,responder,0.5
diff_drug,-0.298,responder,0.5
diff_drug,0.1324,responder,0.5
diff_drug,-0.112,responder,0.5
diff_drug,-0.0973,responder,0.5
diff_drug,-0.1821,responder,0.5
diff_drug,0.2935,responder,0.5
diff_drug,0.3196,responder,0.5
diff_drug,-0.2714,responder,0.5
diff_drug,-0.0672,responder,0.5
diff_drug,-0.0935,responder,0.5
diff_drug,-0.0117,responder,0.5
diff_drug,0.0569,responder,0.5
diff_drug,-0.1335,responder,0.5
diff_drug,-0.1427,responder,0.5
diff_drug,-0.2299,responder,0.5
diff_drug,-0.2375,responder,0.5
diff_drug,-0.1027,responder,0.5
diff_drug,0.0633,responder,0.5
diff_drug,-0.1531,responder,0.5
diff_drug,-0.0359,responder,0.5
diff_drug,0.1078,responder,0.5
diff_drug,0.2034,responder,0.5
diff_drug,0.0919,responder,0.5
diff_drug,0.0253,responder,0.5
diff_drug,0.0019,responder,0.5
diff_drug,-0.094,responder,0.5
diff_drug,-0.3323,responder,0.5
diff_drug,-0.129,responder,0.5
diff_drug,0.1154,responder,0.5
diff_drug,-0.0621,responder,0.5
diff_drug,0.3126,responder,0.5
diff_drug,0.0902,responder,0.5
diff_drug,-0.049,responder,0.5
diff_drug,-0.0034,responder,0.5
diff_drug,0.0184,responder,0.5
diff_drug,-0.0495,responder,0.5
diff_drug,0.0471,responder,0.5
diff_drug,-0.3043,responder,0.5
diff_drug,-0.1678,responder,0.5
diff_drug,-0.0153,responder,0.5
diff_drug,-0.1466,responder,0.5
diff_drug,-0.3168,responder,0.5
diff_drug,0.186,responder,0.5
diff_drug,-0.2346,responder,0.5
diff_drug,0.049,responder,0.5
diff_drug,-0.0613,responder,0.5
diff_drug,-0.0287,responder,0.5
diff_drug,0.0552,responder,0.5
diff_drug,-0.2526,responder,0.5
diff_drug,-0.0465,responder,0.5
diff_drug,-0.1527,responder,0.5
diff_drug,0.1414,responder,0.5
diff_drug,-0.0248,responder,0.5
diff_drug,-0.0678,responder,0.5
diff_drug,0.0176,responder,0.5
diff_drug,-0.0215,responder,0.5
diff_drug,-0.1216,responder,0.5
diff_drug,0.1647,responder,0.5
diff_drug,0.046,responder,0.5
diff_drug,0.047,responder,0.5
diff_drug,0.0042,responder,0.5
diff_drug,-0.1433,responder,0.5
diff_drug,0.0767,responder,0.5
diff_drug,-0.1338,responder,0.5
diff_drug,-0.1764,responder,0.5
diff_drug,-0.075,responder,0.5
diff_drug,-0.1375,responder,0.5
diff_drug,-0.0062,responder,0.5
diff_drug,-0.0049,responder,0.5
diff_drug,0.0568,responder,0.5
diff_drug,0.0006,responder,0.5
diff_drug,-0.0195,responder,0.5
diff_drug,-0.2481,responder,0.5
diff_drug,-0.0805,responder,0.5
diff_drug,0.207,responder,0.5
diff_drug,-0.1376,responder,0.5
diff_drug,-0.0231,responder,0.5
diff_drug,-0.2194,responder,0.5
diff_drug,0.0402,responder,0.5
diff_drug,-0.1586,responder,0.5
diff_drug,-0.0875,responder,0.5
diff_drug,-0.217,responder,0.5
diff_drug,0.1707,responder,0.5
diff_drug,0.1146,responder,0.5
diff_drug,-0.1534,responder,0.5
diff_drug,-0.0347,responder,0.5
diff_drug,-0.1093,responder,0.5
diff_drug,-0.2666,responder,0.5
diff_drug,-0.072,responder,0.5
diff_drug,0.0916,responder,0.5
diff_drug,0.0203,responder,0.5
diff_drug,0.1621,responder,0.5
diff_drug,-0.0923,responder,0.5
diff_drug,0.1912,responder,0.5
diff_drug,0.0082,responder,0.5
diff_drug,0.1412,responder,0.5
diff_drug,0.1476,responder,0.5
diff_drug,0.1208,responder,0.5
diff_drug,-0.5594,responder,0.5
diff_drug,-0.0249,responder,0.5
diff_drug,-0.1996,responder,0.5
diff_drug,0.0063,responder,0.5
diff_drug,-0.2511,responder,0.5
diff_drug,-0.0727,responder,0.5
diff_drug,0.1359,responder,0.5
diff_drug,-0.0946,responder,0.5
diff_drug,0.0295,responder,0.5
diff_drug,-0.0072,responder,0.5
diff_drug,-0.0363,responder,0.5
diff_drug,0.2253,responder,0.5
diff_drug,0.0251,responder,0.5
diff_drug,-0.0,responder,0.5
diff_drug,-0.0176,responder,0.5
diff_drug,0.2161,responder,0.5
diff_drug,0.0515,responder,0.5
diff_drug,-0.0049,responder,0.5
diff_drug,-0.0949,responder,0.5
diff_drug,0.1009,responder,0.5
diff_drug,0.1148,responder,0.5
diff_drug,-0.0532,responder,0.5
diff_drug,-0.0558,responder,0.5
diff_drug,0.0936,responder,0.5
diff_drug,0.1402,responder,0.5
diff_drug,0.0436,responder,0.5
diff_drug,-0.0231,responder,0.5
diff_drug,0.0838,responder,0.5
diff_drug,-0.1691,responder,0.5
diff_drug,-0.256,responder,0.5
diff_drug,-0.0747,responder,0.5
diff_drug,0.005,responder,0.5
diff_drug,-0.22,responder,0.5
diff_drug,-0.0224,responder,0.5
diff_drug,-0.124,responder,0.5
diff_drug,-0.016,responder,0.5
diff_drug,-0.252,responder,0.5
diff_drug,0.1578,responder,0.5
diff_drug,-0.2109,responder,0.5
diff_drug,-0.1002,responder,0.5
diff_drug,-0.0238,responder,0.5
diff_drug,0.0083,responder,0.5
diff_drug,0.2192,responder,0.5
diff_drug,0.0496,responder,0.5
diff_drug,0.0248,responder,0.5
diff_drug,0.0967,responder,0.5
diff_drug,0.0472,responder,0.5
diff_drug,-0.0056,responder,0.5
diff_drug,-0.1248,responder,0.5
diff_drug,-0.0453,responder,0.5
diff_drug,-0.0349,responder,0.5
diff_drug,0.0855,responder,0.5
diff_drug,0.0725,responder,0.5
diff_drug,0.1125,responder,0.5
diff_drug,-0.1066,responder,0.5
diff_drug,0.0343,responder,0.5
diff_drug,-0.3186,responder,0.5
diff_drug,-0.2391,responder,0.5
diff_drug,-0.4,responder,0.5
diff_drug,-0.0324,responder,0.5
diff_drug,-0.124,responder,0.5
diff_drug,-0.0908,responder,0.5
diff_drug,0.0045,responder,0.5
diff_drug,0.0132,responder,0.5
diff_drug,0.2676,responder,0.5
diff_drug,0.0884,responder,0.5
diff_drug,0.1649,responder,0.5
diff_drug,-0.0628,responder,0.5
diff_drug,-0.1002,responder,0.5
diff_drug,-0.1888,responder,0.5
diff_drug,-0.3625,responder,0.5
diff_drug,-0.0544,responder,0.5
diff_drug,-0.366,responder,0.5
diff_drug,-0.301,responder,0.5
diff_drug,-0.2207,responder,0.5
diff_drug,-0.1358,responder,0.5
diff_drug,0.0198,responder,0.5
diff_drug,0.006,responder,0.5
diff_drug,-0.0097,responder,0.5
diff_drug,0.0584,responder,0.5
diff_drug,0.0894,responder,0.5
diff_drug,-0.2598,responder,0.5
diff_drug,-0.0656,responder,0.5
diff_drug,0.1337,responder,0.5
diff_drug,0.2068,responder,0.5
diff_drug,0.0287,responder,0.5
diff_drug,0.0488,responder,0.5
diff_drug,-0.1465,responder,0.5
diff_drug,-0.0182,responder,0.5
diff_drug,-0.1706,responder,0.5
diff_drug,-0.0578,responder,0.5
diff_drug,0.0275,responder,0.5
diff_drug,0.2103,responder,0.5
diff_drug,0.0889,responder,0.5
diff_drug,0.0904,responder,0.5
diff_drug,0.0898,responder,0.5
diff_drug,0.0351,responder,0.5
diff_drug,0.1117,responder,0.5
diff_drug,-0.2789,responder,0.5
diff_drug,0.041,responder,0.5
diff_drug,-0.0542,responder,0.5
diff_drug,-0.1977,responder,0.5
diff_drug,-0.0724,responder,0.5
diff_drug,-0.0781,responder,0.5
diff_drug,-0.0573,responder,0.5
diff_drug,0.0407,responder,0.5
diff_drug,0.0786,responder,0.5
diff_drug,0.0,responder,0.5
diff_drug,-0.0445,responder,0.5
diff_drug,-0.0826,responder,0.5
diff_drug,-0.0375,responder,0.5
diff_drug,0.023,responder,0.5
diff_drug,0.1126,responder,0.5
diff_drug,-0.0913,responder,0.5
diff_drug,-0.0374,responder,0.5
diff_drug,0.0786,responder,0.5
diff_drug,-0.0239,responder,0.5
diff_drug,0.2157,responder,0.5
diff_drug,-0.0223,responder,0.5
diff_drug,0.0039,responder,0.5
diff_drug,0.0927,responder,0.5
diff_drug,-0.093,responder,0.5
diff_drug,-0.4039,responder,0.5
diff_drug,-0.2224,responder,0.5
diff_drug,-0.1892,responder,0.5
diff_drug,-0.4722,responder,0.5
diff_drug,-0.0689,responder,0.5
diff_drug,-0.0815,responder,0.5
diff_drug,-0.0094,responder,0.5
diff_drug,-0.0972,responder,0.5
diff_drug,0.1662,responder,0.5
diff_drug,0.0354,responder,0.5
diff_drug,-0.2222,responder,0.5
diff_drug,-0.0045,responder,0.5
diff_drug,-0.0501,responder,0.5
diff_drug,-0.1907,responder,0.5
diff_drug,-0.1157,responder,0.5
diff_drug,0.0254,responder,0.5
diff_drug,-0.3259,responder,0.5
diff_drug,0.0401,responder,0.5
diff_drug,-0.0486,responder,0.5
diff_drug,0.1011,responder,0.5
diff_drug,-0.0706,responder,0.5
diff_drug,-0.2195,responder,0.5
diff_drug,-0.0089,responder,0.5
diff_drug,-0.1823,responder,0.5
diff_drug,0.0493,responder,0.5
diff_drug,-0.3192,responder,0.5
diff_drug,0.0426,responder,0.5
diff_drug,-0.2524,responder,0.5
diff_drug,-0.3847,responder,0.5
diff_drug,-0.232,responder,0.5
diff_drug,-0.1331,responder,0.5
diff_drug,-0.2576,responder,0.5
diff_drug,0.1055,responder,0.5
diff_drug,-0.0075,responder,0.5
diff_drug,-0.0164,responder,0.5
diff_drug,0.059,responder,0.5
diff_drug,-0.4683,responder,0.5
diff_drug,0.1176,responder,0.5
diff_drug,0.0443,responder,0.5
diff_drug,-0.1117,responder,0.5
diff_drug,-0.2156,responder,0.5
diff_drug,-0.4364,responder,0.5
diff_drug,0.2136,responder,0.5
diff_drug,0.0043,responder,0.5
diff_drug,-0.0548,responder,0.5
diff_drug,-0.0229,responder,0.5
diff_drug,-0.0464,responder,0.5
diff_drug,0.0546,responder,0.5
diff_drug,0.0754,responder,0.5
diff_drug,-0.0499,responder,0.5
diff_drug,0.018,responder,0.5
diff_drug,0.3691,responder,0.5
diff_drug,-0.4358,responder,0.5
diff_drug,-0.1449,responder,0.5
diff_drug,-0.0235,responder,0.5
diff_drug,-0.001,responder,0.5
diff_drug,-0.0665,responder,0.5
diff_drug,0.0353,responder,0.5
diff_drug,-0.0806,responder,0.5
diff_drug,-0.3213,responder,0.5
same_drug,-0.1305,responder,0.5
same_drug,-0.274,responder,0.5
same_drug,-0.0576,responder,0.5
same_drug,0.0365,responder,0.5
same_drug,0.0999,responder,0.5
same_drug,0.1082,responder,0.5
same_drug,-0.1254,responder,0.5
same_drug,0.1597,responder,0.5
same_drug,-0.0083,responder,0.5
same_drug,-0.0368,responder,0.5
same_drug,-0.0229,responder,0.5
same_drug,0.0633,responder,0.5
same_drug,0.0537,responder,0.5
same_drug,0.1254,responder,0.5
same_drug,0.0404,responder,0.5
same_drug,0.0098,responder,0.5
same_drug,0.0836,responder,0.5
same_drug,-0.0604,responder,0.5
same_drug,-0.1379,responder,0.5
same_drug,0.0084,responder,0.5
same_drug,-0.0343,responder,0.5
same_drug,-0.1276,responder,0.5
same_drug,-0.2102,responder,0.5
same_drug,0.1643,responder,0.5
same_drug,0.1463,responder,0.5
same_drug,-0.1659,responder,0.5
same_drug,-0.0334,responder,0.5
same_drug,-0.1862,responder,0.5
same_drug,0.1119,responder,0.5
same_drug,0.0602,responder,0.5
same_drug,0.1648,responder,0.5
same_drug,-0.0309,responder,0.5
same_drug,-0.0268,responder,0.5
same_drug,-0.2559,responder,0.5
same_drug,0.0147,responder,0.5
same_drug,0.0532,responder,0.5
same_drug,0.0446,responder,0.5
same_drug,0.203,responder,0.5
same_drug,0.0465,responder,0.5
same_drug,0.4357,responder,0.5
same_drug,-0.1138,responder,0.5
same_drug,0.1942,responder,0.5
same_drug,0.1393,responder,0.5
same_drug,-0.1539,responder,0.5
same_drug,-0.0692,responder,0.5
same_drug,-0.1816,responder,0.5
same_drug,-0.0078,responder,0.5
same_drug,0.1479,responder,0.5
same_drug,0.2254,responder,0.5
same_drug,0.0151,responder,0.5
same_drug,-0.1972,responder,0.5
same_drug,0.0208,responder,0.5
same_drug,-0.0285,responder,0.5
same_drug,0.1225,responder,0.5
same_drug,0.1345,responder,0.5
same_drug,0.0089,responder,0.5
same_drug,0.0349,responder,0.5
same_drug,0.1915,responder,0.5
same_drug,0.1564,responder,0.5
same_drug,0.033,responder,0.5
same_drug,-0.1564,responder,0.5
same_drug,0.0654,responder,0.5
same_drug,-0.0533,responder,0.5
same_drug,-0.022,responder,0.5
same_drug,-0.0994,responder,0.5
same_drug,-0.0309,responder,0.5
same_drug,0.0658,responder,0.5
same_drug,-0.0785,responder,0.5
same_drug,0.0781,responder,0.5
same_drug,0.0552,responder,0.5
same_drug,-0.043,responder,0.5
same_drug,-0.0031,responder,0.5
same_drug,-0.0549,responder,0.5
same_drug,-0.0263,responder,0.5
same_drug,-0.1847,responder,0.5
same_drug,-0.1217,responder,0.5
same_drug,-0.0719,responder,0.5
same_drug,0.0674,responder,0.5
same_drug,0.2388,responder,0.5
same_drug,0.1233,responder,0.5
same_drug,0.2634,responder,0.5
same_drug,0.1323,responder,0.5
same_drug,-0.2103,responder,0.5
same_drug,-0.1701,responder,0.5
same_drug,0.1564,responder,0.5
same_drug,0.1572,responder,0.5
same_drug,-0.0832,responder,0.5
same_drug,-0.0001,responder,0.5
same_drug,0.061,responder,0.5
same_drug,-0.0235,responder,0.5
same_drug,0.1949,responder,0.5
same_drug,-0.1594,responder,0.5
same_drug,0.0178,responder,0.5
same_drug,0.2242,responder,0.5
same_drug,0.1108,responder,0.5
same_drug,0.21,responder,0.5
same_drug,0.0854,responder,0.5
same_drug,0.2809,responder,0.5
same_drug,0.1208,responder,0.5
same_drug,-0.0503,responder,0.5
same_drug,-0.1183,responder,0.5
same_drug,-0.0589,responder,0.5
same_drug,0.0981,responder,0.5
same_drug,0.144,responder,0.5
same_drug,-0.024,responder,0.5
same_drug,-0.0721,responder,0.5
same_drug,0.1972,responder,0.5
same_drug,-0.0751,responder,0.5
same_drug,-0.1627,responder,0.5
same_drug,-0.0003,responder,0.5
same_drug,0.1274,responder,0.5
same_drug,0.2415,responder,0.5
same_drug,-0.2681,responder,0.5
same_drug,0.3071,responder,0.5
same_drug,0.0171,responder,0.5
same_drug,0.1055,responder,0.5
same_drug,0.2434,responder,0.5
same_drug,0.0436,responder,0.5
same_drug,-0.21,responder,0.5
same_drug,-0.3055,responder,0.5
same_drug,0.2287,responder,0.5
same_drug,0.1037,responder,0.5
same_drug,-0.0103,responder,0.5
same_drug,0.0263,responder,0.5
same_drug,0.119,responder,0.5
same_drug,0.0755,responder,0.5
same_drug,0.0195,responder,0.5
same_drug,0.0482,responder,0.5
same_drug,0.2735,responder,0.5
same_drug,0.064,responder,0.5
same_drug,-0.0388,responder,0.5
same_drug,-0.1,responder,0.5
same_drug,0.0902,responder,0.5
same_drug,-0.1066,responder,0.5
same_drug,-0.0455,responder,0.5
same_drug,0.0764,responder,0.5
same_drug,0.1405,responder,0.5
same_drug,-0.0312,responder,0.5
same_drug,-0.2109,responder,0.5
same_drug,-0.0328,responder,0.5
same_drug,-0.0922,responder,0.5
same_drug,0.1659,responder,0.5
same_drug,0.0426,responder,0.5
same_drug,-0.1844,responder,0.5
same_drug,0.0279,responder,0.5
same_drug,-0.1923,responder,0.5
same_drug,0.1166,responder,0.5
same_drug,-0.1791,responder,0.5
same_drug,0.2785,responder,0.5
same_drug,0.3353,responder,0.5
same_drug,0.007,responder,0.5
same_drug,0.1568,responder,0.5
same_drug,0.0576,responder,0.5
same_drug,0.0722,responder,0.5
same_drug,-0.2835,responder,0.5
same_drug,-0.1617,responder,0.5
same_drug,0.0507,responder,0.5
same_drug,0.1789,responder,0.5
same_drug,-0.0847,responder,0.5
same_drug,0.1489,responder,0.5
same_drug,-0.19,responder,0.5
same_drug,-0.0485,responder,0.5
same_drug,-0.0805,responder,0.5
same_drug,0.0651,responder,0.5
same_drug,-0.2314,responder,0.5
same_drug,-0.1798,responder,0.5
same_drug,0.0427,responder,0.5
same_drug,-0.1159,responder,0.5
same_drug,0.154,responder,0.5
same_drug,-0.0966,responder,0.5
same_drug,0.2779,responder,0.5
same_drug,0.0073,responder,0.5
same_drug,-0.0922,responder,0.5
same_drug,0.2412,responder,0.5
same_drug,-0.1423,responder,0.5
same_drug,0.0447,responder,0.5
same_drug,0.1834,responder,0.5
same_drug,0.3294,responder,0.5
same_drug,0.1491,responder,0.5
same_drug,0.0438,responder,0.5
same_drug,-0.007,responder,0.5
same_drug,0.0977,responder,0.5
same_drug,-0.0896,responder,0.5
same_drug,0.0678,responder,0.5
same_drug,0.0306,responder,0.5
same_drug,-0.0186,responder,0.5
same_drug,0.0876,responder,0.5
same_drug,0.2088,responder,0.5
same_drug,0.0921,responder,0.5
same_drug,-0.2839,responder,0.5
same_drug,0.0649,responder,0.5
same_drug,0.0081,responder,0.5
same_drug,-0.1093,responder,0.5
same_drug,-0.0907,responder,0.5
same_drug,0.1155,responder,0.5
same_drug,0.2276,responder,0.5
same_drug,-0.2179,responder,0.5
same_drug,0.0736,responder,0.5
same_drug,-0.0448,responder,0.5
same_drug,-0.1658,responder,0.5
same_drug,-0.3163,responder,0.5
same_drug,0.1011,responder,0.5
same_drug,0.0721,responder,0.5
same_drug,0.0343,responder,0.5
same_drug,0.1681,responder,0.5
same_drug,-0.243,responder,0.5
same_drug,-0.3182,responder,0.5
same_drug,-0.2963,responder,0.5
same_drug,0.2222,responder,0.5
same_drug,0.1392,responder,0.5
same_drug,0.2053,responder,0.5
same_drug,-0.0413,responder,0.5
same_drug,0.3355,responder,0.5
same_drug,-0.1906,responder,0.5
same_drug,0.1616,responder,0.5
same_drug,-0.1301,responder,0.5
same_drug,0.1896,responder,0.5
same_drug,-0.1209,responder,0.5
same_drug,-0.0939,responder,0.5
same_drug,0.2594,responder,0.5
same_drug,0.5738,responder,0.5
same_drug,0.3283,responder,0.5
same_drug,-0.3599,responder,0.5
same_drug,0.1003,responder,0.5
same_drug,0.1913,responder,0.5
same_drug,0.0089,responder,0.5
same_drug,-0.1176,responder,0.5
same_drug,-0.2575,responder,0.5
same_drug,0.0496,responder,0.5
same_drug,0.0314,responder,0.5
same_drug,0.0499,responder,0.5
same_drug,0.0768,responder,0.5
same_drug,0.162,responder,0.5
same_drug,0.1125,responder,0.5
same_drug,0.2735,responder,0.5
same_drug,-0.0537,responder,0.5
same_drug,-0.0451,responder,0.5
same_drug,-0.1449,responder,0.5
same_drug,-0.2539,responder,0.5
same_drug,0.3062,responder,0.5
same_drug,-0.127,responder,0.5
same_drug,-0.0162,responder,0.5
same_drug,0.0045,responder,0.5
same_drug,0.0328,responder,0.5
same_drug,-0.0374,responder,0.5
same_drug,0.0442,responder,0.5
same_drug,-0.0054,responder,0.5
same_drug,-0.2027,responder,0.5
same_drug,-0.015,responder,0.5
same_drug,0.2177,responder,0.5
same_drug,0.0692,responder,0.5
same_drug,-0.3831,responder,0.5
same_drug,-0.0752,responder,0.5
same_drug,-0.0277,responder,0.5
same_drug,-0.019,responder,0.5
same_drug,0.3248,responder,0.5
same_drug,0.0991,responder,0.5
same_drug,0.3966,responder,0.5
same_drug,0.2525,responder,0.5
same_drug,0.0233,responder,0.5
same_drug,0.0765,responder,0.5
same_drug,0.0743,responder,0.5
same_drug,-0.3578,responder,0.5
same_drug,0.2625,responder,0.5
same_drug,-0.0467,responder,0.5
same_drug,-0.1384,responder,0.5
same_drug,0.2153,responder,0.5
same_drug,0.1577,responder,0.5
same_drug,0.098,responder,0.5
same_drug,-0.0582,responder,0.5
same_drug,0.4679,responder,0.5
same_drug,-0.0994,responder,0.5
same_drug,0.0016,responder,0.5
same_drug,-0.2261,responder,0.5
same_drug,-0.0121,responder,0.5
same_drug,0.0883,responder,0.5
same_drug,-0.1406,responder,0.5
same_drug,-0.2879,responder,0.5
same_drug,-0.014,responder,0.5
same_drug,0.0409,responder,0.5
same_drug,0.0423,responder,0.5
same_drug,-0.0112,responder,0.5
same_drug,-0.0204,responder,0.5
same_drug,0.1451,responder,0.5
same_drug,0.1085,responder,0.5
same_drug,-0.2056,responder,0.5
same_drug,-0.0054,responder,0.5
same_drug,-0.1005,responder,0.5
same_drug,0.3309,responder,0.5
same_drug,-0.1404,responder,0.5
same_drug,0.0868,responder,0.5
same_drug,-0.1386,responder,0.5
same_drug,-0.204,responder,0.5
same_drug,-0.0152,responder,0.5
same_drug,-0.0072,responder,0.5
same_drug,-0.205,responder,0.5
same_drug,0.0114,responder,0.5
same_drug,-0.255,responder,0.5
same_drug,0.154,responder,0.5
same_drug,-0.0524,responder,0.5
same_drug,0.2934,responder,0.5
same_drug,0.1688,responder,0.5
same_drug,0.1871,responder,0.5
same_drug,0.2083,responder,0.5
same_drug,0.0392,responder,0.5
same_drug,-0.1251,responder,0.5
same_drug,0.0115,responder,0.5
same_drug,-0.1965,responder,0.5
same_drug,-0.3759,responder,0.5
same_drug,-0.1026,responder,0.5
same_drug,0.1886,responder,0.5
same_drug,0.023,responder,0.5
same_drug,0.3719,responder,0.5
same_drug,0.3379,responder,0.5
same_drug,0.1257,responder,0.5
same_drug,0.0078,responder,0.5
same_drug,-0.077,responder,0.5
same_drug,0.1085,responder,0.5
same_drug,-0.0457,responder,0.5
same_drug,0.0895,responder,0.5
same_drug,0.2722,responder,0.5
same_drug,0.0195,responder,0.5
same_drug,-0.1283,responder,0.5
same_drug,0.0224,responder,0.5
same_drug,0.0698,responder,0.5
same_drug,0.1337,responder,0.5
same_drug,0.129,responder,0.5
same_drug,-0.0026,responder,0.5
same_drug,0.419,responder,0.5
same_drug,-0.1868,responder,0.5
same_drug,0.0962,responder,0.5
same_drug,-0.2259,responder,0.5
same_drug,-0.1326,responder,0.5
same_drug,0.0643,responder,0.5
same_drug,-0.0911,responder,0.5
same_drug,-0.1564,responder,0.5
same_drug,0.0082,responder,0.5
same_drug,0.1098,responder,0.5
same_drug,0.0153,responder,0.5
same_drug,-0.0541,responder,0.5
same_drug,0.2431,responder,0.5
same_drug,0.0299,responder,0.5
same_drug,-0.0181,responder,0.5
same_drug,0.0143,responder,0.5
same_drug,-0.06,responder,0.5
same_drug,-0.0766,responder,0.5
same_drug,0.1647,responder,0.5
same_drug,-0.1389,responder,0.5
same_drug,-0.0371,responder,0.5
same_drug,-0.0517,responder,0.5
same_drug,-0.346,responder,0.5
same_drug,0.0283,responder,0.5
same_drug,0.024,responder,0.5
same_drug,-0.0335,responder,0.5
same_drug,-0.2053,responder,0.5
same_drug,0.3524,responder,0.5
same_drug,-0.0563,responder,0.5
same_drug,0.011,responder,0.5
same_drug,0.1463,responder,0.5
same_drug,0.0039,responder,0.5
same_drug,0.3312,responder,0.5
same_drug,0.0258,responder,0.5
same_drug,-0.0484,responder,0.5
same_drug,0.0163,responder,0.5
same_drug,-0.1618,responder,0.5
same_drug,0.2089,responder,0.5
same_drug,0.0026,responder,0.5
same_drug,-0.084,responder,0.5
same_drug,-0.1132,responder,0.5
same_drug,0.2161,responder,0.5
same_drug,0.1699,responder,0.5
same_drug,0.1343,responder,0.5
same_drug,0.2111,responder,0.5
same_drug,-0.0696,responder,0.5
same_drug,-0.0127,responder,0.5
same_drug,-0.0922,responder,0.5
same_drug,-0.0776,responder,0.5
same_drug,-0.3257,responder,0.5
same_drug,-0.0229,responder,0.5
same_drug,0.1399,responder,0.5
same_drug,0.1134,responder,0.5
same_drug,-0.0449,responder,0.5
same_drug,-0.0766,responder,0.5
same_drug,0.1102,responder,0.5
same_drug,0.1066,responder,0.5
same_drug,0.0867,responder,0.5
same_drug,-0.1408,responder,0.5
same_drug,0.3481,responder,0.5
same_drug,0.5663,responder,0.5
same_drug,0.1859,responder,0.5
same_drug,0.4226,responder,0.5
same_drug,-0.3412,responder,0.5
same_drug,0.4141,responder,0.5
same_drug,0.1126,responder,0.5
same_drug,0.0103,responder,0.5
same_drug,-0.0522,responder,0.5
same_drug,0.0697,responder,0.5
same_drug,-0.1233,responder,0.5
same_drug,0.0106,responder,0.5
same_drug,-0.0695,responder,0.5
same_drug,-0.0304,responder,0.5
same_drug,0.3148,responder,0.5
same_drug,0.0641,responder,0.5
same_drug,0.0506,responder,0.5
same_drug,-0.1922,responder,0.5
same_drug,0.0319,responder,0.5
same_drug,-0.1502,responder,0.5
same_drug,0.1536,responder,0.5
same_drug,0.3402,responder,0.5
same_drug,0.0334,responder,0.5
same_drug,0.0635,responder,0.5
same_drug,0.1473,responder,0.5
same_drug,-0.0659,responder,0.5
same_drug,0.0094,responder,0.5
same_drug,0.269,responder,0.5
same_drug,-0.1306,responder,0.5
same_drug,-0.1167,responder,0.5
same_drug,0.0412,responder,0.5
same_drug,-0.0603,responder,0.5
same_drug,0.0043,responder,0.5
same_drug,-0.2021,responder,0.5
same_drug,0.0419,responder,0.5
same_drug,0.1077,responder,0.5
same_drug,0.3175,responder,0.5
same_drug,0.1442,responder,0.5
same_drug,-0.0501,responder,0.5
same_drug,0.037,responder,0.5
same_drug,-0.3743,responder,0.5
same_drug,-0.128,responder,0.5
same_drug,-0.0212,responder,0.5
same_drug,0.2348,responder,0.5
same_drug,-0.0574,responder,0.5
same_drug,0.0522,responder,0.5
same_drug,0.0146,responder,0.5
same_drug,0.1516,responder,0.5
same_drug,-0.1705,responder,0.5
same_drug,0.15,responder,0.5
same_drug,0.3728,responder,0.5
same_drug,0.1017,responder,0.5
same_drug,-0.2754,responder,0.5
same_drug,0.1029,responder,0.5
same_drug,-0.0018,responder,0.5
same_drug,0.0175,responder,0.5
same_drug,0.1624,responder,0.5
same_drug,-0.3575,responder,0.5
same_drug,0.0768,responder,0.5
same_drug,0.0127,responder,0.5
same_drug,0.2122,responder,0.5
same_drug,0.0422,responder,0.5
same_drug,0.0402,responder,0.5
same_drug,0.3772,responder,0.5
any_pair,0.009,all,5.0
any_pair,0.0336,all,5.0
any_pair,0.0485,all,5.0
any_pair,0.0252,all,5.0
any_pair,0.0713,all,5.0
any_pair,0.0496,all,5.0
any_pair,0.026,all,5.0
any_pair,-0.0167,all,5.0
any_pair,0.0442,all,5.0
any_pair,0.0038,all,5.0
any_pair,0.0351,all,5.0
any_pair,0.0258,all,5.0
any_pair,-0.0097,all,5.0
any_pair,0.0398,all,5.0
any_pair,0.0214,all,5.0
any_pair,0.0349,all,5.0
any_pair,0.0192,all,5.0
any_pair,0.0379,all,5.0
any_pair,0.0515,all,5.0
any_pair,-0.001,all,5.0
any_pair,0.014,all,5.0
any_pair,-0.0207,all,5.0
any_pair,0.0345,all,5.0
any_pair,0.0075,all,5.0
any_pair,0.0349,all,5.0
any_pair,0.0225,all,5.0
any_pair,0.0269,all,5.0
any_pair,0.0252,all,5.0
any_pair,0.0052,all,5.0
any_pair,0.0499,all,5.0
any_pair,0.0199,all,5.0
any_pair,-0.0099,all,5.0
any_pair,0.0229,all,5.0
any_pair,0.0047,all,5.0
any_pair,0.015,all,5.0
any_pair,0.0198,all,5.0
any_pair,-0.016,all,5.0
any_pair,0.0194,all,5.0
any_pair,0.0219,all,5.0
any_pair,0.0455,all,5.0
any_pair,0.0159,all,5.0
any_pair,0.0134,all,5.0
any_pair,0.0392,all,5.0
any_pair,0.0059,all,5.0
any_pair,0.0445,all,5.0
any_pair,0.0336,all,5.0
any_pair,0.0066,all,5.0
any_pair,0.0341,all,5.0
any_pair,0.039,all,5.0
any_pair,0.0432,all,5.0
any_pair,-0.0112,all,5.0
any_pair,0.0089,all,5.0
any_pair,0.0156,all,5.0
any_pair,0.0039,all,5.0
any_pair,0.0078,all,5.0
any_pair,0.0327,all,5.0
any_pair,0.0389,all,5.0
any_pair,-0.0051,all,5.0
any_pair,-0.0095,all,5.0
any_pair,0.0365,all,5.0
any_pair,0.0706,all,5.0
any_pair,0.0438,all,5.0
any_pair,0.0299,all,5.0
any_pair,0.0303,all,5.0
any_pair,0.039,all,5.0
any_pair,0.0109,all,5.0
any_pair,0.0024,all,5.0
any_pair,0.0041,all,5.0
any_pair,0.0207,all,5.0
any_pair,0.0236,all,5.0
any_pair,0.0094,all,5.0
any_pair,0.0406,all,5.0
any_pair,0.0186,all,5.0
any_pair,0.014,all,5.0
any_pair,0.0098,all,5.0
any_pair,-0.0094,all,5.0
any_pair,-0.0261,all,5.0
any_pair,0.011,all,5.0
any_pair,0.0467,all,5.0
any_pair,0.0439,all,5.0
any_pair,0.0268,all,5.0
any_pair,0.0479,all,5.0
any_pair,0.0313,all,5.0
any_pair,0.0154,all,5.0
any_pair,0.0474,all,5.0
any_pair,0.0209,all,5.0
any_pair,0.0525,all,5.0
any_pair,-0.0093,all,5.0
any_pair,0.0103,all,5.0
any_pair,0.0065,all,5.0
any_pair,-0.0654,all,5.0
any_pair,0.0264,all,5.0
any_pair,0.0358,all,5.0
any_pair,0.0183,all,5.0
any_pair,0.0514,all,5.0
any_pair,0.0412,all,5.0
any_pair,-0.0051,all,5.0
any_pair,0.0505,all,5.0
any_pair,-0.0252,all,5.0
any_pair,0.0478,all,5.0
any_pair,0.0643,all,5.0
any_pair,0.0326,all,5.0
any_pair,0.0283,all,5.0
any_pair,0.0317,all,5.0
any_pair,0.0399,all,5.0
any_pair,0.003,all,5.0
any_pair,-0.0195,all,5.0
any_pair,0.0642,all,5.0
any_pair,-0.0372,all,5.0
any_pair,0.0309,all,5.0
any_pair,0.0066,all,5.0
any_pair,0.0047,all,5.0
any_pair,0.0218,all,5.0
any_pair,0.1721,all,5.0
any_pair,0.014,all,5.0
any_pair,0.0131,all,5.0
any_pair,0.0343,all,5.0
any_pair,0.032,all,5.0
any_pair,0.0329,all,5.0
any_pair,-0.0273,all,5.0
any_pair,0.0389,all,5.0
any_pair,0.017,all,5.0
any_pair,0.0282,all,5.0
any_pair,-0.0088,all,5.0
any_pair,0.0119,all,5.0
any_pair,-0.0445,all,5.0
any_pair,0.0321,all,5.0
any_pair,0.0386,all,5.0
any_pair,0.0497,all,5.0
any_pair,0.0529,all,5.0
any_pair,0.0199,all,5.0
any_pair,0.0362,all,5.0
any_pair,0.026,all,5.0
any_pair,0.0214,all,5.0
any_pair,0.0118,all,5.0
any_pair,0.0101,all,5.0
any_pair,0.0201,all,5.0
any_pair,0.0347,all,5.0
any_pair,0.0465,all,5.0
any_pair,-0.0373,all,5.0
any_pair,0.0245,all,5.0
any_pair,-0.0095,all,5.0
any_pair,0.0625,all,5.0
any_pair,0.0012,all,5.0
any_pair,0.0066,all,5.0
any_pair,0.001,all,5.0
any_pair,-0.0427,all,5.0
any_pair,0.0348,all,5.0
any_pair,0.0322,all,5.0
any_pair,0.0051,all,5.0
any_pair,0.0309,all,5.0
any_pair,0.001,all,5.0
any_pair,-0.0213,all,5.0
any_pair,0.0116,all,5.0
any_pair,0.0208,all,5.0
any_pair,0.0027,all,5.0
any_pair,0.0183,all,5.0
any_pair,0.0131,all,5.0
any_pair,0.0211,all,5.0
any_pair,0.0406,all,5.0
any_pair,0.047,all,5.0
any_pair,0.0346,all,5.0
any_pair,0.0271,all,5.0
any_pair,-0.0269,all,5.0
any_pair,0.0581,all,5.0
any_pair,0.0185,all,5.0
any_pair,0.0529,all,5.0
any_pair,-0.002,all,5.0
any_pair,0.053,all,5.0
any_pair,0.0206,all,5.0
any_pair,0.0147,all,5.0
any_pair,-0.0245,all,5.0
any_pair,-0.0017,all,5.0
any_pair,0.0281,all,5.0
any_pair,0.0301,all,5.0
any_pair,0.0273,all,5.0
any_pair,0.0551,all,5.0
any_pair,0.01,all,5.0
any_pair,-0.0349,all,5.0
any_pair,0.0263,all,5.0
any_pair,0.1139,all,5.0
any_pair,0.0191,all,5.0
any_pair,-0.0222,all,5.0
any_pair,0.0194,all,5.0
any_pair,0.0728,all,5.0
any_pair,0.0435,all,5.0
any_pair,0.0265,all,5.0
any_pair,0.0399,all,5.0
any_pair,0.0104,all,5.0
any_pair,0.0458,all,5.0
any_pair,0.03,all,5.0
any_pair,0.034,all,5.0
any_pair,0.0364,all,5.0
any_pair,-0.0185,all,5.0
any_pair,-0.0071,all,5.0
any_pair,-0.0035,all,5.0
any_pair,0.0152,all,5.0
any_pair,-0.0046,all,5.0
any_pair,0.0327,all,5.0
any_pair,-0.0286,all,5.0
any_pair,0.0025,all,5.0
any_pair,0.0183,all,5.0
any_pair,-0.0356,all,5.0
any_pair,0.0238,all,5.0
any_pair,0.0418,all,5.0
any_pair,0.0093,all,5.0
any_pair,0.0111,all,5.0
any_pair,0.0264,all,5.0
any_pair,0.0584,all,5.0
any_pair,-0.0191,all,5.0
any_pair,-0.0286,all,5.0
any_pair,-0.0101,all,5.0
any_pair,0.1591,all,5.0
any_pair,-0.0034,all,5.0
any_pair,0.0448,all,5.0
any_pair,0.0585,all,5.0
any_pair,0.0336,all,5.0
any_pair,0.0248,all,5.0
any_pair,0.0179,all,5.0
any_pair,-0.0191,all,5.0
any_pair,0.0329,all,5.0
any_pair,0.0152,all,5.0
any_pair,0.0025,all,5.0
any_pair,0.049,all,5.0
any_pair,-0.0237,all,5.0
any_pair,0.0076,all,5.0
any_pair,0.0214,all,5.0
any_pair,0.0219,all,5.0
any_pair,0.0085,all,5.0
any_pair,0.0079,all,5.0
any_pair,0.07,all,5.0
any_pair,-0.0326,all,5.0
any_pair,0.0214,all,5.0
any_pair,0.0733,all,5.0
any_pair,0.0213,all,5.0
any_pair,0.0101,all,5.0
any_pair,-0.0149,all,5.0
any_pair,0.0182,all,5.0
any_pair,0.024,all,5.0
any_pair,-0.001,all,5.0
any_pair,0.0359,all,5.0
any_pair,0.0008,all,5.0
any_pair,0.0342,all,5.0
any_pair,0.0746,all,5.0
any_pair,-0.0001,all,5.0
any_pair,0.0401,all,5.0
any_pair,0.016,all,5.0
any_pair,-0.0192,all,5.0
any_pair,0.0435,all,5.0
any_pair,0.0471,all,5.0
any_pair,0.0371,all,5.0
any_pair,0.014,all,5.0
any_pair,-0.0048,all,5.0
any_pair,0.0135,all,5.0
any_pair,0.0627,all,5.0
any_pair,0.0152,all,5.0
any_pair,-0.0012,all,5.0
any_pair,0.0273,all,5.0
any_pair,0.0571,all,5.0
any_pair,0.0618,all,5.0
any_pair,0.0063,all,5.0
any_pair,0.0034,all,5.0
any_pair,-0.0217,all,5.0
any_pair,0.036,all,5.0
any_pair,0.0225,all,5.0
any_pair,0.0529,all,5.0
any_pair,0.0375,all,5.0
any_pair,0.0342,all,5.0
any_pair,0.0085,all,5.0
any_pair,0.0399,all,5.0
any_pair,0.0024,all,5.0
any_pair,0.0378,all,5.0
any_pair,0.0225,all,5.0
any_pair,0.0208,all,5.0
any_pair,0.0372,all,5.0
any_pair,0.0273,all,5.0
any_pair,-0.0063,all,5.0
any_pair,-0.0019,all,5.0
any_pair,0.0037,all,5.0
any_pair,0.018,all,5.0
any_pair,0.0305,all,5.0
any_pair,0.0254,all,5.0
any_pair,0.0157,all,5.0
any_pair,0.0201,all,5.0
any_pair,0.0652,all,5.0
any_pair,0.0266,all,5.0
any_pair,0.0411,all,5.0
any_pair,0.0514,all,5.0
any_pair,0.0683,all,5.0
any_pair,0.0206,all,5.0
any_pair,0.0214,all,5.0
any_pair,0.0313,all,5.0
any_pair,-0.0082,all,5.0
any_pair,0.0283,all,5.0
any_pair,0.0541,all,5.0
any_pair,0.0104,all,5.0
any_pair,-0.013,all,5.0
any_pair,0.0338,all,5.0
any_pair,0.0465,all,5.0
any_pair,0.0136,all,5.0
any_pair,0.0487,all,5.0
any_pair,0.0607,all,5.0
any_pair,0.0273,all,5.0
any_pair,0.0212,all,5.0
any_pair,0.0235,all,5.0
any_pair,0.0066,all,5.0
any_pair,0.0363,all,5.0
any_pair,-0.0288,all,5.0
any_pair,0.0301,all,5.0
any_pair,0.0018,all,5.0
any_pair,0.021,all,5.0
any_pair,0.0187,all,5.0
any_pair,0.0361,all,5.0
any_pair,0.0307,all,5.0
any_pair,0.0577,all,5.0
any_pair,0.0247,all,5.0
any_pair,0.0174,all,5.0
any_pair,0.019,all,5.0
any_pair,0.0313,all,5.0
any_pair,0.0415,all,5.0
any_pair,0.0091,all,5.0
any_pair,0.0515,all,5.0
any_pair,0.0203,all,5.0
any_pair,0.0519,all,5.0
any_pair,0.0174,all,5.0
any_pair,0.0144,all,5.0
any_pair,0.0054,all,5.0
any_pair,-0.0091,all,5.0
any_pair,0.0117,all,5.0
any_pair,-0.0136,all,5.0
any_pair,0.0098,all,5.0
any_pair,0.0266,all,5.0
any_pair,0.0513,all,5.0
any_pair,0.0491,all,5.0
any_pair,0.0543,all,5.0
any_pair,0.0365,all,5.0
any_pair,0.0723,all,5.0
any_pair,0.0354,all,5.0
any_pair,0.0193,all,5.0
any_pair,-0.0007,all,5.0
any_pair,0.0796,all,5.0
any_pair,0.0403,all,5.0
any_pair,-0.024,all,5.0
any_pair,0.0416,all,5.0
any_pair,0.0181,all,5.0
any_pair,0.0271,all,5.0
any_pair,0.0326,all,5.0
any_pair,0.0146,all,5.0
any_pair,0.003,all,5.0
any_pair,0.0509,all,5.0
any_pair,0.0476,all,5.0
any_pair,0.048,all,5.0
any_pair,0.027,all,5.0
any_pair,0.0651,all,5.0
any_pair,0.0147,all,5.0
any_pair,0.0145,all,5.0
any_pair,-0.0063,all,5.0
any_pair,0.017,all,5.0
any_pair,0.0431,all,5.0
any_pair,0.0459,all,5.0
any_pair,0.0169,all,5.0
any_pair,-0.0203,all,5.0
any_pair,0.0445,all,5.0
any_pair,0.0286,all,5.0
any_pair,0.0521,all,5.0
any_pair,0.0429,all,5.0
any_pair,0.0536,all,5.0
any_pair,0.001,all,5.0
any_pair,0.0953,all,5.0
any_pair,0.0144,all,5.0
any_pair,0.0185,all,5.0
any_pair,0.0193,all,5.0
any_pair,0.0317,all,5.0
any_pair,0.0063,all,5.0
any_pair,0.0291,all,5.0
any_pair,0.01,all,5.0
any_pair,0.0193,all,5.0
any_pair,0.0201,all,5.0
any_pair,0.0147,all,5.0
any_pair,0.0361,all,5.0
any_pair,0.0116,all,5.0
any_pair,0.0515,all,5.0
any_pair,0.0237,all,5.0
any_pair,0.0046,all,5.0
any_pair,0.0037,all,5.0
any_pair,0.0436,all,5.0
any_pair,0.0372,all,5.0
any_pair,0.0169,all,5.0
any_pair,-0.0138,all,5.0
any_pair,0.0154,all,5.0
any_pair,0.0241,all,5.0
any_pair,0.066,all,5.0
any_pair,0.0201,all,5.0
any_pair,0.0329,all,5.0
any_pair,0.0401,all,5.0
any_pair,0.0171,all,5.0
any_pair,0.0566,all,5.0
any_pair,0.0235,all,5.0
any_pair,0.0099,all,5.0
any_pair,0.0054,all,5.0
any_pair,0.054,all,5.0
any_pair,-0.0022,all,5.0
any_pair,0.0375,all,5.0
any_pair,0.0414,all,5.0
any_pair,0.0582,all,5.0
any_pair,0.045,all,5.0
any_pair,0.0204,all,5.0
any_pair,0.0338,all,5.0
any_pair,0.0267,all,5.0
any_pair,0.0538,all,5.0
any_pair,0.027,all,5.0
any_pair,-0.0118,all,5.0
any_pair,0.0155,all,5.0
any_pair,0.0423,all,5.0
any_pair,0.0411,all,5.0
any_pair,0.0126,all,5.0
any_pair,0.0585,all,5.0
any_pair,0.0789,all,5.0
any_pair,0.0272,all,5.0
any_pair,0.0337,all,5.0
any_pair,0.02,all,5.0
any_pair,0.0414,all,5.0
any_pair,0.0012,all,5.0
any_pair,0.0118,all,5.0
any_pair,0.018,all,5.0
any_pair,0.0301,all,5.0
any_pair,0.0267,all,5.0
any_pair,0.0314,all,5.0
any_pair,-0.0104,all,5.0
any_pair,0.0399,all,5.0
any_pair,0.0316,all,5.0
any_pair,0.0664,all,5.0
any_pair,0.0333,all,5.0
any_pair,0.0489,all,5.0
any_pair,0.0428,all,5.0
any_pair,0.005,all,5.0
any_pair,0.0236,all,5.0
any_pair,0.0146,all,5.0
any_pair,0.028,all,5.0
any_pair,0.0366,all,5.0
any_pair,0.0154,all,5.0
any_pair,0.0782,all,5.0
any_pair,0.0022,all,5.0
any_pair,0.0558,all,5.0
any_pair,0.028,all,5.0
any_pair,0.0008,all,5.0
any_pair,0.0227,all,5.0
any_pair,0.0432,all,5.0
any_pair,0.0535,all,5.0
any_pair,0.0108,all,5.0
any_pair,0.0093,all,5.0
any_pair,0.0357,all,5.0
any_pair,-0.0233,all,5.0
any_pair,0.0364,all,5.0
any_pair,0.038,all,5.0
any_pair,0.0053,all,5.0
any_pair,0.0902,all,5.0
any_pair,0.02,all,5.0
any_pair,0.0361,all,5.0
any_pair,0.0336,all,5.0
any_pair,-0.0107,all,5.0
any_pair,0.0413,all,5.0
any_pair,0.0325,all,5.0
any_pair,0.0066,all,5.0
any_pair,-0.0168,all,5.0
any_pair,0.0172,all,5.0
any_pair,0.0317,all,5.0
any_pair,0.0485,all,5.0
any_pair,0.0196,all,5.0
any_pair,0.0315,all,5.0
any_pair,0.0325,all,5.0
any_pair,0.0237,all,5.0
any_pair,0.0088,all,5.0
any_pair,0.0078,all,5.0
any_pair,0.0573,all,5.0
any_pair,0.0387,all,5.0
any_pair,0.0317,all,5.0
any_pair,0.0493,all,5.0
any_pair,0.0242,all,5.0
any_pair,0.0533,all,5.0
any_pair,-0.016,all,5.0
any_pair,0.0182,all,5.0
any_pair,0.0312,all,5.0
any_pair,-0.0067,all,5.0
any_pair,0.0288,all,5.0
any_pair,0.0196,all,5.0
any_pair,-0.0079,all,5.0
any_pair,0.0519,all,5.0
any_pair,0.0116,all,5.0
any_pair,-0.0027,all,5.0
any_pair,0.0756,all,5.0
any_pair,0.0073,all,5.0
any_pair,0.0005,all,5.0
any_pair,0.0484,all,5.0
any_pair,0.0694,all,5.0
any_pair,-0.0155,all,5.0
any_pair,0.0408,all,5.0
any_pair,0.0328,all,5.0
any_pair,0.0514,all,5.0
any_pair,0.0383,all,5.0
diff_drug,0.0255,all,5.0
diff_drug,0.0133,all,5.0
diff_drug,0.0258,all,5.0
diff_drug,0.0166,all,5.0
diff_drug,-0.0197,all,5.0
diff_drug,0.0233,all,5.0
diff_drug,-0.0111,all,5.0
diff_drug,0.0184,all,5.0
diff_drug,0.0359,all,5.0
diff_drug,0.0173,all,5.0
diff_drug,0.0053,all,5.0
diff_drug,-0.0304,all,5.0
diff_drug,0.0148,all,5.0
diff_drug,0.0533,all,5.0
diff_drug,0.0151,all,5.0
diff_drug,0.0442,all,5.0
diff_drug,0.0509,all,5.0
diff_drug,0.0192,all,5.0
diff_drug,0.0412,all,5.0
diff_drug,0.0307,all,5.0
diff_drug,0.03,all,5.0
diff_drug,0.0114,all,5.0
diff_drug,0.0073,all,5.0
diff_drug,0.0256,all,5.0
diff_drug,0.1161,all,5.0
diff_drug,0.0498,all,5.0
diff_drug,0.0331,all,5.0
diff_drug,0.0267,all,5.0
diff_drug,0.0378,all,5.0
diff_drug,0.02,all,5.0
diff_drug,0.0559,all,5.0
diff_drug,0.0205,all,5.0
diff_drug,0.0292,all,5.0
diff_drug,0.0176,all,5.0
diff_drug,0.1065,all,5.0
diff_drug,0.0292,all,5.0
diff_drug,0.0361,all,5.0
diff_drug,-0.0287,all,5.0
diff_drug,0.0225,all,5.0
diff_drug,0.0219,all,5.0
diff_drug,-0.0625,all,5.0
diff_drug,0.0802,all,5.0
diff_drug,-0.0158,all,5.0
diff_drug,0.0068,all,5.0
diff_drug,0.0119,all,5.0
diff_drug,0.0258,all,5.0
diff_drug,0.0331,all,5.0
diff_drug,0.0298,all,5.0
diff_drug,0.021,all,5.0
diff_drug,0.0172,all,5.0
diff_drug,0.0062,all,5.0
diff_drug,0.0153,all,5.0
diff_drug,-0.002,all,5.0
diff_drug,0.023,all,5.0
diff_drug,0.0227,all,5.0
diff_drug,-0.011,all,5.0
diff_drug,0.0368,all,5.0
diff_drug,0.0452,all,5.0
diff_drug,0.0482,all,5.0
diff_drug,0.0261,all,5.0
diff_drug,0.0119,all,5.0
diff_drug,0.0593,all,5.0
diff_drug,0.0031,all,5.0
diff_drug,0.044,all,5.0
diff_drug,-0.0622,all,5.0
diff_drug,0.0233,all,5.0
diff_drug,0.039,all,5.0
diff_drug,0.0538,all,5.0
diff_drug,0.0256,all,5.0
diff_drug,0.0303,all,5.0
diff_drug,0.053,all,5.0
diff_drug,0.0272,all,5.0
diff_drug,0.0306,all,5.0
diff_drug,-0.0492,all,5.0
diff_drug,0.0339,all,5.0
diff_drug,0.0073,all,5.0
diff_drug,0.0018,all,5.0
diff_drug,0.0178,all,5.0
diff_drug,-0.0189,all,5.0
diff_drug,0.02,all,5.0
diff_drug,0.0157,all,5.0
diff_drug,-0.0106,all,5.0
diff_drug,0.0628,all,5.0
diff_drug,0.0319,all,5.0
diff_drug,0.0336,all,5.0
diff_drug,0.0285,all,5.0
diff_drug,0.0383,all,5.0
diff_drug,0.0438,all,5.0
diff_drug,0.0163,all,5.0
diff_drug,0.0414,all,5.0
diff_drug,0.0135,all,5.0
diff_drug,0.0018,all,5.0
diff_drug,0.0416,all,5.0
diff_drug,0.0301,all,5.0
diff_drug,0.022,all,5.0
diff_drug,0.0019,all,5.0
diff_drug,0.079,all,5.0
diff_drug,0.0367,all,5.0
diff_drug,0.0721,all,5.0
diff_drug,0.0428,all,5.0
diff_drug,0.0084,all,5.0
diff_drug,0.0361,all,5.0
diff_drug,0.0154,all,5.0
diff_drug,0.0331,all,5.0
diff_drug,0.0223,all,5.0
diff_drug,0.0297,all,5.0
diff_drug,0.0207,all,5.0
diff_drug,-0.0128,all,5.0
diff_drug,0.0285,all,5.0
diff_drug,-0.0019,all,5.0
diff_drug,0.0244,all,5.0
diff_drug,0.093,all,5.0
diff_drug,0.0241,all,5.0
diff_drug,0.0331,all,5.0
diff_drug,0.0309,all,5.0
diff_drug,0.0278,all,5.0
diff_drug,0.0415,all,5.0
diff_drug,0.0504,all,5.0
diff_drug,0.0096,all,5.0
diff_drug,-0.0013,all,5.0
diff_drug,0.011,all,5.0
diff_drug,0.0298,all,5.0
diff_drug,0.0253,all,5.0
diff_drug,0.0135,all,5.0
diff_drug,0.0165,all,5.0
diff_drug,0.0078,all,5.0
diff_drug,0.0276,all,5.0
diff_drug,0.0334,all,5.0
diff_drug,0.0099,all,5.0
diff_drug,0.0312,all,5.0
diff_drug,0.03,all,5.0
diff_drug,-0.0579,all,5.0
diff_drug,0.0517,all,5.0
diff_drug,0.0047,all,5.0
diff_drug,-0.0208,all,5.0
diff_drug,0.0266,all,5.0
diff_drug,0.0139,all,5.0
diff_drug,0.0072,all,5.0
diff_drug,0.035,all,5.0
diff_drug,0.0345,all,5.0
diff_drug,0.0337,all,5.0
diff_drug,0.0317,all,5.0
diff_drug,0.0325,all,5.0
diff_drug,0.0437,all,5.0
diff_drug,0.042,all,5.0
diff_drug,0.0456,all,5.0
diff_drug,0.0231,all,5.0
diff_drug,-0.0085,all,5.0
diff_drug,0.0117,all,5.0
diff_drug,0.0012,all,5.0
diff_drug,-0.0106,all,5.0
diff_drug,0.0293,all,5.0
diff_drug,0.0348,all,5.0
diff_drug,0.0106,all,5.0
diff_drug,0.01,all,5.0
diff_drug,0.0258,all,5.0
diff_drug,0.0492,all,5.0
diff_drug,-0.0368,all,5.0
diff_drug,0.0098,all,5.0
diff_drug,-0.0654,all,5.0
diff_drug,0.0048,all,5.0
diff_drug,-0.0133,all,5.0
diff_drug,0.0277,all,5.0
diff_drug,0.0254,all,5.0
diff_drug,0.0413,all,5.0
diff_drug,-0.0408,all,5.0
diff_drug,-0.0007,all,5.0
diff_drug,0.0205,all,5.0
diff_drug,-0.014,all,5.0
diff_drug,0.0282,all,5.0
diff_drug,-0.0013,all,5.0
diff_drug,0.0226,all,5.0
diff_drug,0.0307,all,5.0
diff_drug,0.0234,all,5.0
diff_drug,0.0198,all,5.0
diff_drug,0.0445,all,5.0
diff_drug,-0.0029,all,5.0
diff_drug,0.0227,all,5.0
diff_drug,0.0136,all,5.0
diff_drug,0.0339,all,5.0
diff_drug,0.0587,all,5.0
diff_drug,0.0332,all,5.0
diff_drug,0.0488,all,5.0
diff_drug,0.0423,all,5.0
diff_drug,0.0419,all,5.0
diff_drug,0.0076,all,5.0
diff_drug,0.0521,all,5.0
diff_drug,0.0287,all,5.0
diff_drug,0.0199,all,5.0
diff_drug,0.0137,all,5.0
diff_drug,0.0157,all,5.0
diff_drug,0.0384,all,5.0
diff_drug,0.0306,all,5.0
diff_drug,-0.0205,all,5.0
diff_drug,0.0218,all,5.0
diff_drug,0.0267,all,5.0
diff_drug,0.018,all,5.0
diff_drug,0.0221,all,5.0
diff_drug,-0.0337,all,5.0
diff_drug,0.0237,all,5.0
diff_drug,0.0268,all,5.0
diff_drug,0.0334,all,5.0
diff_drug,0.0064,all,5.0
diff_drug,0.0084,all,5.0
diff_drug,0.0183,all,5.0
diff_drug,0.053,all,5.0
diff_drug,0.03,all,5.0
diff_drug,0.0379,all,5.0
diff_drug,-0.0108,all,5.0
diff_drug,0.0159,all,5.0
diff_drug,0.018,all,5.0
diff_drug,-0.0309,all,5.0
diff_drug,-0.0074,all,5.0
diff_drug,-0.0253,all,5.0
diff_drug,0.0285,all,5.0
diff_drug,0.0395,all,5.0
diff_drug,0.0316,all,5.0
diff_drug,0.0236,all,5.0
diff_drug,0.0328,all,5.0
diff_drug,0.0142,all,5.0
diff_drug,0.0163,all,5.0
diff_drug,0.0429,all,5.0
diff_drug,0.0428,all,5.0
diff_drug,0.0429,all,5.0
diff_drug,0.0166,all,5.0
diff_drug,0.0063,all,5.0
diff_drug,0.0414,all,5.0
diff_drug,0.0622,all,5.0
diff_drug,0.0026,all,5.0
diff_drug,0.0564,all,5.0
diff_drug,0.0426,all,5.0
diff_drug,0.0129,all,5.0
diff_drug,0.0396,all,5.0
diff_drug,0.0438,all,5.0
diff_drug,0.0289,all,5.0
diff_drug,-0.0379,all,5.0
diff_drug,0.0241,all,5.0
diff_drug,0.0052,all,5.0
diff_drug,0.0022,all,5.0
diff_drug,0.0128,all,5.0
diff_drug,-0.0214,all,5.0
diff_drug,-0.0264,all,5.0
diff_drug,0.0571,all,5.0
diff_drug,0.0843,all,5.0
diff_drug,0.0005,all,5.0
diff_drug,-0.011,all,5.0
diff_drug,0.0725,all,5.0
diff_drug,0.021,all,5.0
diff_drug,0.0335,all,5.0
diff_drug,0.0049,all,5.0
diff_drug,-0.0181,all,5.0
diff_drug,0.0628,all,5.0
diff_drug,0.0056,all,5.0
diff_drug,0.0202,all,5.0
diff_drug,0.0622,all,5.0
diff_drug,-0.0045,all,5.0
diff_drug,0.0433,all,5.0
diff_drug,0.0276,all,5.0
diff_drug,-0.0045,all,5.0
diff_drug,0.033,all,5.0
diff_drug,0.0354,all,5.0
diff_drug,-0.0172,all,5.0
diff_drug,0.0249,all,5.0
diff_drug,0.0504,all,5.0
diff_drug,0.0121,all,5.0
diff_drug,0.003,all,5.0
diff_drug,0.0352,all,5.0
diff_drug,0.0397,all,5.0
diff_drug,0.0561,all,5.0
diff_drug,-0.0011,all,5.0
diff_drug,0.037,all,5.0
diff_drug,0.0128,all,5.0
diff_drug,-0.0123,all,5.0
diff_drug,-0.0136,all,5.0
diff_drug,0.0144,all,5.0
diff_drug,0.0254,all,5.0
diff_drug,0.0575,all,5.0
diff_drug,0.0124,all,5.0
diff_drug,-0.0197,all,5.0
diff_drug,0.009,all,5.0
diff_drug,0.0085,all,5.0
diff_drug,0.0515,all,5.0
diff_drug,0.0334,all,5.0
diff_drug,0.0219,all,5.0
diff_drug,0.0964,all,5.0
diff_drug,0.0356,all,5.0
diff_drug,0.0167,all,5.0
diff_drug,0.0229,all,5.0
diff_drug,0.0538,all,5.0
diff_drug,0.0038,all,5.0
diff_drug,0.0168,all,5.0
diff_drug,-0.0162,all,5.0
diff_drug,-0.0071,all,5.0
diff_drug,0.0464,all,5.0
diff_drug,-0.0353,all,5.0
diff_drug,-0.0095,all,5.0
diff_drug,0.0106,all,5.0
diff_drug,0.0368,all,5.0
diff_drug,0.0145,all,5.0
diff_drug,0.0117,all,5.0
diff_drug,-0.0046,all,5.0
diff_drug,-0.0051,all,5.0
diff_drug,0.0339,all,5.0
diff_drug,0.0233,all,5.0
diff_drug,0.0193,all,5.0
diff_drug,0.007,all,5.0
diff_drug,0.0174,all,5.0
diff_drug,-0.006,all,5.0
diff_drug,-0.0008,all,5.0
diff_drug,0.0239,all,5.0
diff_drug,0.0256,all,5.0
diff_drug,0.0661,all,5.0
diff_drug,0.0165,all,5.0
diff_drug,0.0156,all,5.0
diff_drug,-0.0027,all,5.0
diff_drug,-0.038,all,5.0
diff_drug,-0.0095,all,5.0
diff_drug,-0.0475,all,5.0
diff_drug,0.0404,all,5.0
diff_drug,0.0355,all,5.0
diff_drug,0.0206,all,5.0
diff_drug,0.0088,all,5.0
diff_drug,0.0272,all,5.0
diff_drug,0.0919,all,5.0
diff_drug,0.0243,all,5.0
diff_drug,0.0249,all,5.0
diff_drug,0.0167,all,5.0
diff_drug,0.0353,all,5.0
diff_drug,0.0148,all,5.0
diff_drug,-0.011,all,5.0
diff_drug,0.0558,all,5.0
diff_drug,0.024,all,5.0
diff_drug,0.0584,all,5.0
diff_drug,0.0067,all,5.0
diff_drug,0.0518,all,5.0
diff_drug,0.027,all,5.0
diff_drug,0.0369,all,5.0
diff_drug,0.0007,all,5.0
diff_drug,-0.0125,all,5.0
diff_drug,0.0179,all,5.0
diff_drug,0.0244,all,5.0
diff_drug,0.0395,all,5.0
diff_drug,0.0314,all,5.0
diff_drug,-0.0062,all,5.0
diff_drug,0.0668,all,5.0
diff_drug,0.0355,all,5.0
diff_drug,0.0248,all,5.0
diff_drug,0.0214,all,5.0
diff_drug,0.0401,all,5.0
diff_drug,0.0015,all,5.0
diff_drug,0.0196,all,5.0
diff_drug,0.0091,all,5.0
diff_drug,0.0127,all,5.0
diff_drug,0.0359,all,5.0
diff_drug,0.0611,all,5.0
diff_drug,0.0292,all,5.0
diff_drug,-0.0085,all,5.0
diff_drug,0.049,all,5.0
diff_drug,0.0344,all,5.0
diff_drug,0.014,all,5.0
diff_drug,0.0182,all,5.0
diff_drug,0.0122,all,5.0
diff_drug,0.0195,all,5.0
diff_drug,0.0013,all,5.0
diff_drug,0.0287,all,5.0
diff_drug,-0.0028,all,5.0
diff_drug,-0.0303,all,5.0
diff_drug,0.0128,all,5.0
diff_drug,0.0218,all,5.0
diff_drug,-0.0102,all,5.0
diff_drug,0.0464,all,5.0
diff_drug,0.0179,all,5.0
diff_drug,0.0019,all,5.0
diff_drug,0.0195,all,5.0
diff_drug,0.0066,all,5.0
diff_drug,0.0396,all,5.0
diff_drug,0.0198,all,5.0
diff_drug,0.018,all,5.0
diff_drug,0.0093,all,5.0
diff_drug,0.0209,all,5.0
diff_drug,0.0228,all,5.0
diff_drug,0.0055,all,5.0
diff_drug,0.0492,all,5.0
diff_drug,0.0143,all,5.0
diff_drug,0.0437,all,5.0
diff_drug,-0.0208,all,5.0
diff_drug,0.0656,all,5.0
diff_drug,0.0183,all,5.0
diff_drug,0.0359,all,5.0
diff_drug,-0.0096,all,5.0
diff_drug,0.0434,all,5.0
diff_drug,-0.0165,all,5.0
diff_drug,0.0364,all,5.0
diff_drug,-0.0098,all,5.0
diff_drug,0.0076,all,5.0
diff_drug,0.0278,all,5.0
diff_drug,-0.0039,all,5.0
diff_drug,-0.0221,all,5.0
diff_drug,-0.0302,all,5.0
diff_drug,0.0286,all,5.0
diff_drug,0.0359,all,5.0
diff_drug,0.0263,all,5.0
diff_drug,0.038,all,5.0
diff_drug,0.0158,all,5.0
diff_drug,0.0063,all,5.0
diff_drug,0.0218,all,5.0
diff_drug,0.0384,all,5.0
diff_drug,0.0138,all,5.0
diff_drug,0.007,all,5.0
diff_drug,0.0784,all,5.0
diff_drug,-0.0262,all,5.0
diff_drug,0.02,all,5.0
diff_drug,0.0509,all,5.0
diff_drug,0.0304,all,5.0
diff_drug,0.0497,all,5.0
diff_drug,0.0392,all,5.0
diff_drug,0.0561,all,5.0
diff_drug,0.0055,all,5.0
diff_drug,0.0349,all,5.0
diff_drug,-0.0066,all,5.0
diff_drug,0.0206,all,5.0
diff_drug,-0.0209,all,5.0
diff_drug,0.0261,all,5.0
diff_drug,0.037,all,5.0
diff_drug,0.0059,all,5.0
diff_drug,-0.013,all,5.0
diff_drug,0.0356,all,5.0
diff_drug,0.0358,all,5.0
diff_drug,0.0347,all,5.0
diff_drug,0.0434,all,5.0
diff_drug,0.0355,all,5.0
diff_drug,0.0454,all,5.0
diff_drug,0.0159,all,5.0
diff_drug,0.0153,all,5.0
diff_drug,0.0391,all,5.0
diff_drug,0.0605,all,5.0
diff_drug,0.0412,all,5.0
diff_drug,0.0383,all,5.0
diff_drug,0.0315,all,5.0
diff_drug,0.0938,all,5.0
diff_drug,0.0341,all,5.0
diff_drug,0.0029,all,5.0
diff_drug,0.002,all,5.0
diff_drug,0.0135,all,5.0
diff_drug,0.0171,all,5.0
diff_drug,0.0155,all,5.0
diff_drug,0.049,all,5.0
diff_drug,0.0328,all,5.0
diff_drug,0.037,all,5.0
diff_drug,0.0058,all,5.0
diff_drug,0.0123,all,5.0
diff_drug,0.0417,all,5.0
diff_drug,0.0184,all,5.0
diff_drug,0.0319,all,5.0
diff_drug,-0.037,all,5.0
diff_drug,0.066,all,5.0
diff_drug,0.016,all,5.0
diff_drug,0.0219,all,5.0
diff_drug,0.0629,all,5.0
diff_drug,-0.0008,all,5.0
diff_drug,0.0354,all,5.0
diff_drug,-0.0083,all,5.0
diff_drug,0.0131,all,5.0
diff_drug,0.0081,all,5.0
diff_drug,-0.0013,all,5.0
diff_drug,0.0172,all,5.0
diff_drug,0.038,all,5.0
diff_drug,0.0371,all,5.0
diff_drug,0.0433,all,5.0
diff_drug,0.0174,all,5.0
diff_drug,-0.018,all,5.0
diff_drug,0.0362,all,5.0
diff_drug,0.0597,all,5.0
diff_drug,0.0282,all,5.0
diff_drug,0.0447,all,5.0
diff_drug,0.0835,all,5.0
diff_drug,0.0339,all,5.0
diff_drug,0.0266,all,5.0
diff_drug,-0.0183,all,5.0
diff_drug,0.0245,all,5.0
diff_drug,0.0449,all,5.0
diff_drug,0.017,all,5.0
diff_drug,0.0168,all,5.0
diff_drug,-0.0013,all,5.0
diff_drug,0.0627,all,5.0
diff_drug,0.0271,all,5.0
diff_drug,0.0396,all,5.0
diff_drug,0.0382,all,5.0
diff_drug,0.0303,all,5.0
diff_drug,0.0105,all,5.0
diff_drug,0.0162,all,5.0
diff_drug,0.0385,all,5.0
diff_drug,0.0535,all,5.0
diff_drug,0.0108,all,5.0
diff_drug,0.0198,all,5.0
diff_drug,0.0331,all,5.0
diff_drug,0.0401,all,5.0
diff_drug,-0.0077,all,5.0
diff_drug,-0.0052,all,5.0
diff_drug,-0.0014,all,5.0
same_drug,0.4082,all,5.0
same_drug,0.0386,all,5.0
same_drug,0.0586,all,5.0
same_drug,0.0435,all,5.0
same_drug,0.08,all,5.0
same_drug,0.0099,all,5.0
same_drug,0.0556,all,5.0
same_drug,0.0656,all,5.0
same_drug,0.0054,all,5.0
same_drug,0.0529,all,5.0
same_drug,0.028,all,5.0
same_drug,-0.0539,all,5.0
same_drug,0.0623,all,5.0
same_drug,0.0393,all,5.0
same_drug,0.1078,all,5.0
same_drug,0.0143,all,5.0
same_drug,0.0445,all,5.0
same_drug,0.0856,all,5.0
same_drug,0.0253,all,5.0
same_drug,0.0781,all,5.0
same_drug,0.072,all,5.0
same_drug,0.0538,all,5.0
same_drug,0.0603,all,5.0
same_drug,0.041,all,5.0
same_drug,0.1051,all,5.0
same_drug,0.1018,all,5.0
same_drug,-0.0365,all,5.0
same_drug,0.0503,all,5.0
same_drug,0.0576,all,5.0
same_drug,0.0282,all,5.0
same_drug,0.0356,all,5.0
same_drug,-0.0222,all,5.0
same_drug,0.0687,all,5.0
same_drug,0.08,all,5.0
same_drug,0.0319,all,5.0
same_drug,0.0406,all,5.0
same_drug,0.0498,all,5.0
same_drug,0.0224,all,5.0
same_drug,0.0878,all,5.0
same_drug,-0.0182,all,5.0
same_drug,0.0672,all,5.0
same_drug,0.1583,all,5.0
same_drug,0.0537,all,5.0
same_drug,0.0862,all,5.0
same_drug,0.0494,all,5.0
same_drug,0.0487,all,5.0
same_drug,0.0769,all,5.0
same_drug,0.0635,all,5.0
same_drug,0.0273,all,5.0
same_drug,-0.0296,all,5.0
same_drug,-0.0102,all,5.0
same_drug,-0.0036,all,5.0
same_drug,0.0404,all,5.0
same_drug,0.0271,all,5.0
same_drug,0.049,all,5.0
same_drug,0.0492,all,5.0
same_drug,0.0467,all,5.0
same_drug,0.0739,all,5.0
same_drug,0.0035,all,5.0
same_drug,0.0548,all,5.0
same_drug,0.1053,all,5.0
same_drug,0.1527,all,5.0
same_drug,0.0601,all,5.0
same_drug,0.0568,all,5.0
same_drug,0.0299,all,5.0
same_drug,0.0287,all,5.0
same_drug,0.0342,all,5.0
same_drug,-0.0435,all,5.0
same_drug,0.0256,all,5.0
same_drug,0.0518,all,5.0
same_drug,0.0886,all,5.0
same_drug,0.0774,all,5.0
same_drug,0.0752,all,5.0
same_drug,0.0049,all,5.0
same_drug,-0.0296,all,5.0
same_drug,0.0504,all,5.0
same_drug,0.0024,all,5.0
same_drug,0.0468,all,5.0
same_drug,0.1007,all,5.0
same_drug,0.0291,all,5.0
same_drug,0.0604,all,5.0
same_drug,0.0609,all,5.0
same_drug,0.0788,all,5.0
same_drug,-0.0178,all,5.0
same_drug,0.0138,all,5.0
same_drug,0.0658,all,5.0
same_drug,-0.0212,all,5.0
same_drug,0.0486,all,5.0
same_drug,0.0085,all,5.0
same_drug,0.2311,all,5.0
same_drug,0.0729,all,5.0
same_drug,0.0542,all,5.0
same_drug,0.0798,all,5.0
same_drug,0.0443,all,5.0
same_drug,0.3545,all,5.0
same_drug,0.0822,all,5.0
same_drug,-0.0192,all,5.0
same_drug,0.047,all,5.0
same_drug,0.0518,all,5.0
same_drug,-0.0027,all,5.0
same_drug,-0.0236,all,5.0
same_drug,0.0338,all,5.0
same_drug,0.0983,all,5.0
same_drug,0.0381,all,5.0
same_drug,0.0602,all,5.0
same_drug,0.0467,all,5.0
same_drug,0.0253,all,5.0
same_drug,0.064,all,5.0
same_drug,0.0717,all,5.0
same_drug,0.0692,all,5.0
same_drug,-0.0315,all,5.0
same_drug,0.031,all,5.0
same_drug,0.0357,all,5.0
same_drug,0.0208,all,5.0
same_drug,-0.0296,all,5.0
same_drug,0.0447,all,5.0
same_drug,0.0603,all,5.0
same_drug,0.0674,all,5.0
same_drug,0.0518,all,5.0
same_drug,0.1147,all,5.0
same_drug,0.4546,all,5.0
same_drug,0.0379,all,5.0
same_drug,0.0027,all,5.0
same_drug,0.0976,all,5.0
same_drug,0.0755,all,5.0
same_drug,0.085,all,5.0
same_drug,0.0468,all,5.0
same_drug,-0.0061,all,5.0
same_drug,0.0662,all,5.0
same_drug,-0.0043,all,5.0
same_drug,0.0583,all,5.0
same_drug,0.0586,all,5.0
same_drug,0.0087,all,5.0
same_drug,0.0282,all,5.0
same_drug,0.0879,all,5.0
same_drug,0.0561,all,5.0
same_drug,-0.0034,all,5.0
same_drug,0.0292,all,5.0
same_drug,-0.0101,all,5.0
same_drug,0.0875,all,5.0
same_drug,-0.0,all,5.0
same_drug,0.0426,all,5.0
same_drug,0.1278,all,5.0
same_drug,0.0436,all,5.0
same_drug,0.0611,all,5.0
same_drug,0.0459,all,5.0
same_drug,0.044,all,5.0
same_drug,0.0389,all,5.0
same_drug,0.0345,all,5.0
same_drug,0.0163,all,5.0
same_drug,0.0368,all,5.0
same_drug,0.0363,all,5.0
same_drug,0.0355,all,5.0
same_drug,0.0352,all,5.0
same_drug,-0.0325,all,5.0
same_drug,0.0428,all,5.0
same_drug,0.0005,all,5.0
same_drug,0.0708,all,5.0
same_drug,0.0511,all,5.0
same_drug,0.0354,all,5.0
same_drug,0.0376,all,5.0
same_drug,0.1944,all,5.0
same_drug,0.1412,all,5.0
same_drug,0.3814,all,5.0
same_drug,-0.0163,all,5.0
same_drug,0.007,all,5.0
same_drug,0.058,all,5.0
same_drug,0.4997,all,5.0
same_drug,0.0147,all,5.0
same_drug,0.0549,all,5.0
same_drug,0.043,all,5.0
same_drug,0.078,all,5.0
same_drug,0.0037,all,5.0
same_drug,0.1078,all,5.0
same_drug,0.4487,all,5.0
same_drug,0.0458,all,5.0
same_drug,0.0638,all,5.0
same_drug,0.0523,all,5.0
same_drug,0.0171,all,5.0
same_drug,0.0369,all,5.0
same_drug,0.0162,all,5.0
same_drug,0.1326,all,5.0
same_drug,0.0496,all,5.0
same_drug,0.0717,all,5.0
same_drug,0.1032,all,5.0
same_drug,0.101,all,5.0
same_drug,0.0179,all,5.0
same_drug,0.0758,all,5.0
same_drug,0.0636,all,5.0
same_drug,0.0847,all,5.0
same_drug,0.0424,all,5.0
same_drug,0.0724,all,5.0
same_drug,0.0675,all,5.0
same_drug,0.0856,all,5.0
same_drug,0.043,all,5.0
same_drug,0.0266,all,5.0
same_drug,0.0405,all,5.0
same_drug,0.0921,all,5.0
same_drug,0.0631,all,5.0
same_drug,0.0701,all,5.0
same_drug,0.4053,all,5.0
same_drug,0.0783,all,5.0
same_drug,0.4704,all,5.0
same_drug,0.1537,all,5.0
same_drug,0.0613,all,5.0
same_drug,0.0578,all,5.0
same_drug,0.199,all,5.0
same_drug,0.3938,all,5.0
same_drug,0.0573,all,5.0
same_drug,0.0684,all,5.0
same_drug,0.0436,all,5.0
same_drug,0.0428,all,5.0
same_drug,0.0519,all,5.0
same_drug,0.0521,all,5.0
same_drug,0.4603,all,5.0
same_drug,0.0732,all,5.0
same_drug,0.0615,all,5.0
same_drug,0.0947,all,5.0
same_drug,0.0924,all,5.0
same_drug,0.0808,all,5.0
same_drug,0.0362,all,5.0
same_drug,0.0629,all,5.0
same_drug,0.0732,all,5.0
same_drug,0.0428,all,5.0
same_drug,0.0384,all,5.0
same_drug,0.0484,all,5.0
same_drug,0.0694,all,5.0
same_drug,0.0108,all,5.0
same_drug,0.0442,all,5.0
same_drug,-0.0642,all,5.0
same_drug,0.0496,all,5.0
same_drug,0.0278,all,5.0
same_drug,0.0564,all,5.0
same_drug,0.0611,all,5.0
same_drug,0.043,all,5.0
same_drug,0.0385,all,5.0
same_drug,0.0601,all,5.0
same_drug,0.0518,all,5.0
same_drug,0.0533,all,5.0
same_drug,0.0466,all,5.0
same_drug,0.0355,all,5.0
same_drug,0.4418,all,5.0
same_drug,0.0351,all,5.0
same_drug,0.011,all,5.0
same_drug,0.0722,all,5.0
same_drug,0.0419,all,5.0
same_drug,0.0592,all,5.0
same_drug,0.0171,all,5.0
same_drug,0.061,all,5.0
same_drug,0.051,all,5.0
same_drug,0.0415,all,5.0
same_drug,0.0662,all,5.0
same_drug,0.047,all,5.0
same_drug,0.0673,all,5.0
same_drug,0.0275,all,5.0
same_drug,0.0175,all,5.0
same_drug,-0.0412,all,5.0
same_drug,0.0412,all,5.0
same_drug,0.0204,all,5.0
same_drug,0.0633,all,5.0
same_drug,0.0187,all,5.0
same_drug,0.4333,all,5.0
same_drug,0.0653,all,5.0
same_drug,0.0615,all,5.0
same_drug,0.079,all,5.0
same_drug,0.06,all,5.0
same_drug,0.0491,all,5.0
same_drug,-0.0129,all,5.0
same_drug,0.0771,all,5.0
same_drug,0.0441,all,5.0
same_drug,0.0578,all,5.0
same_drug,0.0249,all,5.0
same_drug,0.033,all,5.0
same_drug,0.0543,all,5.0
same_drug,0.0442,all,5.0
same_drug,0.1014,all,5.0
same_drug,0.0598,all,5.0
same_drug,0.0524,all,5.0
same_drug,0.0628,all,5.0
same_drug,0.0557,all,5.0
same_drug,0.0372,all,5.0
same_drug,0.022,all,5.0
same_drug,0.0613,all,5.0
same_drug,0.072,all,5.0
same_drug,0.0361,all,5.0
same_drug,-0.0106,all,5.0
same_drug,0.5384,all,5.0
same_drug,0.0736,all,5.0
same_drug,0.0541,all,5.0
same_drug,0.0078,all,5.0
same_drug,0.0424,all,5.0
same_drug,0.0741,all,5.0
same_drug,0.0365,all,5.0
same_drug,0.0582,all,5.0
same_drug,0.056,all,5.0
same_drug,0.0205,all,5.0
same_drug,0.0834,all,5.0
same_drug,0.0445,all,5.0
same_drug,0.0481,all,5.0
same_drug,0.0607,all,5.0
same_drug,0.0406,all,5.0
same_drug,0.0075,all,5.0
same_drug,0.0055,all,5.0
same_drug,0.0543,all,5.0
same_drug,0.0397,all,5.0
same_drug,0.0903,all,5.0
same_drug,0.0096,all,5.0
same_drug,-0.0171,all,5.0
same_drug,0.0974,all,5.0
same_drug,0.0472,all,5.0
same_drug,-0.0506,all,5.0
same_drug,0.019,all,5.0
same_drug,0.0323,all,5.0
same_drug,0.2916,all,5.0
same_drug,0.0788,all,5.0
same_drug,0.063,all,5.0
same_drug,0.0843,all,5.0
same_drug,0.0687,all,5.0
same_drug,0.0072,all,5.0
same_drug,0.1409,all,5.0
same_drug,0.0413,all,5.0
same_drug,0.0156,all,5.0
same_drug,0.0532,all,5.0
same_drug,0.0105,all,5.0
same_drug,0.0413,all,5.0
same_drug,-0.0639,all,5.0
same_drug,0.0807,all,5.0
same_drug,0.059,all,5.0
same_drug,0.0824,all,5.0
same_drug,0.0891,all,5.0
same_drug,0.0006,all,5.0
same_drug,0.0803,all,5.0
same_drug,-0.0176,all,5.0
same_drug,0.0903,all,5.0
same_drug,0.1065,all,5.0
same_drug,0.0175,all,5.0
same_drug,0.051,all,5.0
same_drug,0.0344,all,5.0
same_drug,0.0476,all,5.0
same_drug,0.0103,all,5.0
same_drug,0.0518,all,5.0
same_drug,0.0928,all,5.0
same_drug,-0.018,all,5.0
same_drug,0.0154,all,5.0
same_drug,0.0522,all,5.0
same_drug,0.0796,all,5.0
same_drug,0.0312,all,5.0
same_drug,0.0604,all,5.0
same_drug,0.0396,all,5.0
same_drug,0.0934,all,5.0
same_drug,0.0489,all,5.0
same_drug,0.3723,all,5.0
same_drug,0.0461,all,5.0
same_drug,-0.036,all,5.0
same_drug,0.0697,all,5.0
same_drug,0.0842,all,5.0
same_drug,0.029,all,5.0
same_drug,0.0521,all,5.0
same_drug,0.0112,all,5.0
same_drug,0.0622,all,5.0
same_drug,0.0386,all,5.0
same_drug,0.0368,all,5.0
same_drug,0.0763,all,5.0
same_drug,0.1356,all,5.0
same_drug,0.0453,all,5.0
same_drug,0.08,all,5.0
same_drug,0.0527,all,5.0
same_drug,0.0406,all,5.0
same_drug,0.1225,all,5.0
same_drug,0.0519,all,5.0
same_drug,0.1033,all,5.0
same_drug,0.0483,all,5.0
same_drug,0.0668,all,5.0
same_drug,-0.0116,all,5.0
same_drug,0.0241,all,5.0
same_drug,0.0546,all,5.0
same_drug,0.0334,all,5.0
same_drug,-0.043,all,5.0
same_drug,0.0585,all,5.0
same_drug,-0.0233,all,5.0
same_drug,0.051,all,5.0
same_drug,0.0381,all,5.0
same_drug,0.0533,all,5.0
same_drug,0.008,all,5.0
same_drug,0.0327,all,5.0
same_drug,0.0214,all,5.0
same_drug,0.0325,all,5.0
same_drug,0.0234,all,5.0
same_drug,0.0828,all,5.0
same_drug,0.0455,all,5.0
same_drug,0.0313,all,5.0
same_drug,0.0731,all,5.0
same_drug,0.0035,all,5.0
same_drug,0.0525,all,5.0
same_drug,0.0687,all,5.0
same_drug,0.0413,all,5.0
same_drug,0.0206,all,5.0
same_drug,0.0129,all,5.0
same_drug,0.0691,all,5.0
same_drug,0.0499,all,5.0
same_drug,0.0416,all,5.0
same_drug,0.0623,all,5.0
same_drug,0.0443,all,5.0
same_drug,0.1239,all,5.0
same_drug,-0.0142,all,5.0
same_drug,0.0679,all,5.0
same_drug,0.3823,all,5.0
same_drug,0.0559,all,5.0
same_drug,0.0449,all,5.0
same_drug,0.0695,all,5.0
same_drug,0.0557,all,5.0
same_drug,0.0495,all,5.0
same_drug,0.065,all,5.0
same_drug,0.0117,all,5.0
same_drug,0.0547,all,5.0
same_drug,0.0102,all,5.0
same_drug,0.0733,all,5.0
same_drug,0.052,all,5.0
same_drug,0.0341,all,5.0
same_drug,0.0403,all,5.0
same_drug,0.0558,all,5.0
same_drug,0.0138,all,5.0
same_drug,0.0812,all,5.0
same_drug,0.0193,all,5.0
same_drug,0.0209,all,5.0
same_drug,0.0698,all,5.0
same_drug,0.078,all,5.0
same_drug,0.0534,all,5.0
same_drug,0.0798,all,5.0
same_drug,0.0368,all,5.0
same_drug,0.0516,all,5.0
same_drug,0.0484,all,5.0
same_drug,0.0402,all,5.0
same_drug,-0.0142,all,5.0
same_drug,0.0526,all,5.0
same_drug,0.0518,all,5.0
same_drug,0.0185,all,5.0
same_drug,-0.0196,all,5.0
same_drug,0.0671,all,5.0
same_drug,0.0292,all,5.0
same_drug,0.0543,all,5.0
same_drug,0.0366,all,5.0
same_drug,0.095,all,5.0
same_drug,0.0942,all,5.0
same_drug,0.0458,all,5.0
same_drug,0.5414,all,5.0
same_drug,0.0474,all,5.0
same_drug,0.0681,all,5.0
same_drug,0.0191,all,5.0
same_drug,0.0587,all,5.0
same_drug,0.0663,all,5.0
same_drug,0.0517,all,5.0
same_drug,0.0553,all,5.0
same_drug,0.0292,all,5.0
same_drug,0.05,all,5.0
same_drug,0.0371,all,5.0
same_drug,0.0542,all,5.0
same_drug,0.0643,all,5.0
same_drug,0.0895,all,5.0
same_drug,0.0683,all,5.0
same_drug,0.0576,all,5.0
same_drug,0.0555,all,5.0
same_drug,0.0461,all,5.0
same_drug,0.0596,all,5.0
same_drug,0.0352,all,5.0
same_drug,0.0775,all,5.0
same_drug,0.048,all,5.0
same_drug,0.0503,all,5.0
same_drug,0.033,all,5.0
same_drug,0.0662,all,5.0
same_drug,0.0752,all,5.0
same_drug,0.2006,all,5.0
same_drug,0.0352,all,5.0
same_drug,0.0421,all,5.0
same_drug,0.0961,all,5.0
same_drug,0.0579,all,5.0
same_drug,0.0729,all,5.0
same_drug,0.0425,all,5.0
same_drug,0.0474,all,5.0
same_drug,0.0417,all,5.0
same_drug,0.0344,all,5.0
same_drug,0.0463,all,5.0
same_drug,-0.0013,all,5.0
same_drug,0.0099,all,5.0
same_drug,-0.0241,all,5.0
same_drug,0.0285,all,5.0
same_drug,0.0555,all,5.0
same_drug,0.087,all,5.0
same_drug,0.0677,all,5.0
same_drug,0.0421,all,5.0
same_drug,0.0467,all,5.0
same_drug,0.0608,all,5.0
same_drug,0.0644,all,5.0
same_drug,0.04,all,5.0
same_drug,0.0097,all,5.0
same_drug,0.0283,all,5.0
same_drug,0.0406,all,5.0
same_drug,0.0818,all,5.0
same_drug,0.0662,all,5.0
same_drug,0.0186,all,5.0
any_pair,-0.0938,responder,5.0
any_pair,0.4834,responder,5.0
any_pair,0.1043,responder,5.0
any_pair,0.3766,responder,5.0
any_pair,0.4714,responder,5.0
any_pair,0.3486,responder,5.0
any_pair,0.4087,responder,5.0
any_pair,-0.1616,responder,5.0
any_pair,0.4323,responder,5.0
any_pair,0.4032,responder,5.0
any_pair,0.1518,responder,5.0
any_pair,0.2025,responder,5.0
any_pair,0.2142,responder,5.0
any_pair,0.1257,responder,5.0
any_pair,0.2464,responder,5.0
any_pair,0.3128,responder,5.0
any_pair,0.2373,responder,5.0
any_pair,0.2486,responder,5.0
any_pair,0.2015,responder,5.0
any_pair,0.1504,responder,5.0
any_pair,0.116,responder,5.0
any_pair,0.1507,responder,5.0
any_pair,0.1124,responder,5.0
any_pair,0.4891,responder,5.0
any_pair,0.1629,responder,5.0
any_pair,-0.0096,responder,5.0
any_pair,0.1531,responder,5.0
any_pair,0.0769,responder,5.0
any_pair,0.0827,responder,5.0
any_pair,0.2582,responder,5.0
any_pair,-0.0052,responder,5.0
any_pair,0.4579,responder,5.0
any_pair,0.0806,responder,5.0
any_pair,0.3114,responder,5.0
any_pair,0.3466,responder,5.0
any_pair,0.0934,responder,5.0
any_pair,0.2889,responder,5.0
any_pair,0.4156,responder,5.0
any_pair,0.2221,responder,5.0
any_pair,0.1176,responder,5.0
any_pair,0.1886,responder,5.0
any_pair,0.384,responder,5.0
any_pair,-0.0576,responder,5.0
any_pair,-0.0366,responder,5.0
any_pair,0.0964,responder,5.0
any_pair,-0.0399,responder,5.0
any_pair,-0.0235,responder,5.0
any_pair,0.2493,responder,5.0
any_pair,0.0392,responder,5.0
any_pair,-0.0115,responder,5.0
any_pair,-0.2994,responder,5.0
any_pair,0.2528,responder,5.0
any_pair,0.3642,responder,5.0
any_pair,0.0658,responder,5.0
any_pair,0.1156,responder,5.0
any_pair,0.4835,responder,5.0
any_pair,0.1365,responder,5.0
any_pair,0.0702,responder,5.0
any_pair,0.2093,responder,5.0
any_pair,0.1548,responder,5.0
any_pair,0.1698,responder,5.0
any_pair,0.1628,responder,5.0
any_pair,-0.093,responder,5.0
any_pair,0.2391,responder,5.0
any_pair,0.1698,responder,5.0
any_pair,-0.2128,responder,5.0
any_pair,0.0038,responder,5.0
any_pair,0.0756,responder,5.0
any_pair,0.3488,responder,5.0
any_pair,0.3119,responder,5.0
any_pair,0.1923,responder,5.0
any_pair,0.3834,responder,5.0
any_pair,0.2953,responder,5.0
any_pair,0.0283,responder,5.0
any_pair,0.3557,responder,5.0
any_pair,0.0346,responder,5.0
any_pair,0.4695,responder,5.0
any_pair,0.2641,responder,5.0
any_pair,0.1333,responder,5.0
any_pair,-0.2722,responder,5.0
any_pair,0.0474,responder,5.0
any_pair,0.5724,responder,5.0
any_pair,0.0665,responder,5.0
any_pair,0.5433,responder,5.0
any_pair,0.2146,responder,5.0
any_pair,0.2753,responder,5.0
any_pair,-0.082,responder,5.0
any_pair,0.4126,responder,5.0
any_pair,0.4537,responder,5.0
any_pair,0.2141,responder,5.0
any_pair,0.3175,responder,5.0
any_pair,0.1956,responder,5.0
any_pair,0.3508,responder,5.0
any_pair,-0.128,responder,5.0
any_pair,0.0267,responder,5.0
any_pair,-0.089,responder,5.0
any_pair,0.3079,responder,5.0
any_pair,-0.1166,responder,5.0
any_pair,-0.0876,responder,5.0
any_pair,0.0655,responder,5.0
any_pair,0.1602,responder,5.0
any_pair,0.0657,responder,5.0
any_pair,0.3863,responder,5.0
any_pair,0.2868,responder,5.0
any_pair,-0.0846,responder,5.0
any_pair,0.0781,responder,5.0
any_pair,0.1603,responder,5.0
any_pair,0.004,responder,5.0
any_pair,0.1548,responder,5.0
any_pair,-0.0757,responder,5.0
any_pair,0.0574,responder,5.0
any_pair,0.3982,responder,5.0
any_pair,0.3096,responder,5.0
any_pair,0.1579,responder,5.0
any_pair,0.0484,responder,5.0
any_pair,0.4234,responder,5.0
any_pair,0.0686,responder,5.0
any_pair,0.293,responder,5.0
any_pair,0.3227,responder,5.0
any_pair,0.3782,responder,5.0
any_pair,-0.3079,responder,5.0
any_pair,0.0251,responder,5.0
any_pair,0.2174,responder,5.0
any_pair,-0.0717,responder,5.0
any_pair,0.0013,responder,5.0
any_pair,-0.0563,responder,5.0
any_pair,-0.2522,responder,5.0
any_pair,0.8047,responder,5.0
any_pair,-0.3513,responder,5.0
any_pair,0.0931,responder,5.0
any_pair,0.0297,responder,5.0
any_pair,0.0902,responder,5.0
any_pair,0.0911,responder,5.0
any_pair,0.2548,responder,5.0
any_pair,0.1976,responder,5.0
any_pair,0.1602,responder,5.0
any_pair,0.0609,responder,5.0
any_pair,0.2312,responder,5.0
any_pair,0.3806,responder,5.0
any_pair,0.3398,responder,5.0
any_pair,0.1572,responder,5.0
any_pair,-0.1763,responder,5.0
any_pair,0.2406,responder,5.0
any_pair,0.0527,responder,5.0
any_pair,0.2034,responder,5.0
any_pair,-0.1008,responder,5.0
any_pair,0.0972,responder,5.0
any_pair,0.3913,responder,5.0
any_pair,-0.0032,responder,5.0
any_pair,-0.0844,responder,5.0
any_pair,0.0616,responder,5.0
any_pair,0.3003,responder,5.0
any_pair,0.442,responder,5.0
any_pair,0.2899,responder,5.0
any_pair,0.328,responder,5.0
any_pair,-0.0845,responder,5.0
any_pair,0.089,responder,5.0
any_pair,0.1151,responder,5.0
any_pair,-0.028,responder,5.0
any_pair,-0.0784,responder,5.0
any_pair,0.4817,responder,5.0
any_pair,0.2974,responder,5.0
any_pair,0.1066,responder,5.0
any_pair,0.018,responder,5.0
any_pair,-0.0018,responder,5.0
any_pair,0.0912,responder,5.0
any_pair,0.1178,responder,5.0
any_pair,0.3966,responder,5.0
any_pair,0.2514,responder,5.0
any_pair,-0.1643,responder,5.0
any_pair,0.0119,responder,5.0
any_pair,-0.2728,responder,5.0
any_pair,-0.0133,responder,5.0
any_pair,-0.0151,responder,5.0
any_pair,-0.0215,responder,5.0
any_pair,0.4338,responder,5.0
any_pair,0.0742,responder,5.0
any_pair,-0.1138,responder,5.0
any_pair,0.1814,responder,5.0
any_pair,0.1287,responder,5.0
any_pair,0.2079,responder,5.0
any_pair,0.4916,responder,5.0
any_pair,0.2807,responder,5.0
any_pair,-0.0673,responder,5.0
any_pair,0.1318,responder,5.0
any_pair,0.3121,responder,5.0
any_pair,0.2212,responder,5.0
any_pair,0.381,responder,5.0
any_pair,0.15,responder,5.0
any_pair,0.1443,responder,5.0
any_pair,0.1362,responder,5.0
any_pair,-0.224,responder,5.0
any_pair,0.2327,responder,5.0
any_pair,0.343,responder,5.0
any_pair,0.168,responder,5.0
any_pair,0.503,responder,5.0
any_pair,-0.2045,responder,5.0
any_pair,0.1995,responder,5.0
any_pair,-0.0348,responder,5.0
any_pair,0.1498,responder,5.0
any_pair,0.0663,responder,5.0
any_pair,-0.0078,responder,5.0
any_pair,0.3103,responder,5.0
any_pair,-0.1162,responder,5.0
any_pair,0.1976,responder,5.0
any_pair,0.3517,responder,5.0
any_pair,0.3089,responder,5.0
any_pair,0.1189,responder,5.0
any_pair,0.0878,responder,5.0
any_pair,0.2784,responder,5.0
any_pair,-0.0223,responder,5.0
any_pair,-0.0201,responder,5.0
any_pair,0.242,responder,5.0
any_pair,0.0723,responder,5.0
any_pair,0.082,responder,5.0
any_pair,0.0685,responder,5.0
any_pair,0.3281,responder,5.0
any_pair,0.1846,responder,5.0
any_pair,0.5189,responder,5.0
any_pair,0.2374,responder,5.0
any_pair,0.3484,responder,5.0
any_pair,0.0761,responder,5.0
any_pair,0.0883,responder,5.0
any_pair,0.3062,responder,5.0
any_pair,0.2679,responder,5.0
any_pair,0.1919,responder,5.0
any_pair,0.1906,responder,5.0
any_pair,0.1786,responder,5.0
any_pair,0.2646,responder,5.0
any_pair,0.0433,responder,5.0
any_pair,-0.0682,responder,5.0
any_pair,0.2378,responder,5.0
any_pair,0.3693,responder,5.0
any_pair,0.3069,responder,5.0
any_pair,0.2487,responder,5.0
any_pair,0.1478,responder,5.0
any_pair,0.4198,responder,5.0
any_pair,-0.1413,responder,5.0
any_pair,0.1368,responder,5.0
any_pair,0.1435,responder,5.0
any_pair,0.1546,responder,5.0
any_pair,0.1409,responder,5.0
any_pair,0.1704,responder,5.0
any_pair,-0.0068,responder,5.0
any_pair,0.0214,responder,5.0
any_pair,0.1628,responder,5.0
any_pair,0.4066,responder,5.0
any_pair,0.3603,responder,5.0
any_pair,0.2646,responder,5.0
any_pair,0.0831,responder,5.0
any_pair,0.0577,responder,5.0
any_pair,0.3147,responder,5.0
any_pair,0.1203,responder,5.0
any_pair,0.2682,responder,5.0
any_pair,0.2915,responder,5.0
any_pair,0.4557,responder,5.0
any_pair,0.2879,responder,5.0
any_pair,0.2262,responder,5.0
any_pair,0.3759,responder,5.0
any_pair,0.518,responder,5.0
any_pair,0.2411,responder,5.0
any_pair,0.0234,responder,5.0
any_pair,0.3407,responder,5.0
any_pair,0.2737,responder,5.0
any_pair,-0.0488,responder,5.0
any_pair,0.2821,responder,5.0
any_pair,0.0873,responder,5.0
any_pair,0.3158,responder,5.0
any_pair,0.1953,responder,5.0
any_pair,0.1504,responder,5.0
any_pair,-0.0425,responder,5.0
any_pair,-0.1635,responder,5.0
any_pair,0.1232,responder,5.0
any_pair,0.2825,responder,5.0
any_pair,0.1431,responder,5.0
any_pair,0.0834,responder,5.0
any_pair,0.1504,responder,5.0
any_pair,0.2547,responder,5.0
any_pair,0.3894,responder,5.0
any_pair,0.0859,responder,5.0
any_pair,0.1849,responder,5.0
any_pair,0.0085,responder,5.0
any_pair,0.3991,responder,5.0
any_pair,0.2901,responder,5.0
any_pair,0.1325,responder,5.0
any_pair,0.3815,responder,5.0
any_pair,0.1058,responder,5.0
any_pair,-0.1956,responder,5.0
any_pair,0.116,responder,5.0
any_pair,-0.0823,responder,5.0
any_pair,-0.1008,responder,5.0
any_pair,0.0816,responder,5.0
any_pair,-0.0268,responder,5.0
any_pair,0.2458,responder,5.0
any_pair,0.3698,responder,5.0
any_pair,0.404,responder,5.0
any_pair,0.3524,responder,5.0
any_pair,0.3034,responder,5.0
any_pair,0.3366,responder,5.0
any_pair,0.3052,responder,5.0
any_pair,0.4023,responder,5.0
any_pair,0.0065,responder,5.0
any_pair,0.1494,responder,5.0
any_pair,0.0158,responder,5.0
any_pair,0.1778,responder,5.0
any_pair,0.1631,responder,5.0
any_pair,0.1119,responder,5.0
any_pair,0.4118,responder,5.0
any_pair,0.3,responder,5.0
any_pair,0.2631,responder,5.0
any_pair,0.0512,responder,5.0
any_pair,0.0958,responder,5.0
any_pair,0.3079,responder,5.0
any_pair,0.1092,responder,5.0
any_pair,0.1526,responder,5.0
any_pair,-0.088,responder,5.0
any_pair,0.3156,responder,5.0
any_pair,0.269,responder,5.0
any_pair,-0.0114,responder,5.0
any_pair,-0.1715,responder,5.0
any_pair,0.0895,responder,5.0
any_pair,0.3392,responder,5.0
any_pair,0.247,responder,5.0
any_pair,0.1213,responder,5.0
any_pair,0.3641,responder,5.0
any_pair,-0.4127,responder,5.0
any_pair,0.124,responder,5.0
any_pair,0.2568,responder,5.0
any_pair,0.3402,responder,5.0
any_pair,0.2865,responder,5.0
any_pair,0.1695,responder,5.0
any_pair,0.1238,responder,5.0
any_pair,0.2867,responder,5.0
any_pair,0.3437,responder,5.0
any_pair,0.2433,responder,5.0
any_pair,0.2078,responder,5.0
any_pair,0.0512,responder,5.0
any_pair,0.24,responder,5.0
any_pair,0.259,responder,5.0
any_pair,0.1189,responder,5.0
any_pair,0.1444,responder,5.0
any_pair,0.2763,responder,5.0
any_pair,0.4687,responder,5.0
any_pair,0.2967,responder,5.0
any_pair,-0.1676,responder,5.0
any_pair,0.0326,responder,5.0
any_pair,0.3145,responder,5.0
any_pair,0.4493,responder,5.0
any_pair,0.2597,responder,5.0
any_pair,0.3676,responder,5.0
any_pair,0.2877,responder,5.0
any_pair,0.1706,responder,5.0
any_pair,0.0662,responder,5.0
any_pair,0.1912,responder,5.0
any_pair,-0.147,responder,5.0
any_pair,0.5227,responder,5.0
any_pair,0.0658,responder,5.0
any_pair,0.2942,responder,5.0
any_pair,0.2577,responder,5.0
any_pair,0.3335,responder,5.0
any_pair,0.0562,responder,5.0
any_pair,0.0509,responder,5.0
any_pair,0.3642,responder,5.0
any_pair,0.0659,responder,5.0
any_pair,-0.2387,responder,5.0
any_pair,0.3535,responder,5.0
any_pair,0.0804,responder,5.0
any_pair,0.0349,responder,5.0
any_pair,0.4654,responder,5.0
any_pair,0.0549,responder,5.0
any_pair,0.5076,responder,5.0
any_pair,0.0686,responder,5.0
any_pair,-0.0566,responder,5.0
any_pair,0.1505,responder,5.0
any_pair,0.2984,responder,5.0
any_pair,0.4296,responder,5.0
any_pair,0.2051,responder,5.0
any_pair,0.0651,responder,5.0
any_pair,0.2074,responder,5.0
any_pair,0.1857,responder,5.0
any_pair,0.1366,responder,5.0
any_pair,0.2489,responder,5.0
any_pair,0.3314,responder,5.0
any_pair,0.1114,responder,5.0
any_pair,0.1128,responder,5.0
any_pair,0.0879,responder,5.0
any_pair,0.2347,responder,5.0
any_pair,0.1798,responder,5.0
any_pair,0.032,responder,5.0
any_pair,0.649,responder,5.0
any_pair,0.0801,responder,5.0
any_pair,0.5615,responder,5.0
any_pair,0.3521,responder,5.0
any_pair,0.1523,responder,5.0
any_pair,0.2813,responder,5.0
any_pair,0.2394,responder,5.0
any_pair,0.1296,responder,5.0
any_pair,0.0488,responder,5.0
any_pair,-0.0491,responder,5.0
any_pair,0.3443,responder,5.0
any_pair,0.4672,responder,5.0
any_pair,-0.1281,responder,5.0
any_pair,0.4703,responder,5.0
any_pair,0.3055,responder,5.0
any_pair,0.1809,responder,5.0
any_pair,-0.0626,responder,5.0
any_pair,0.2581,responder,5.0
any_pair,0.4251,responder,5.0
any_pair,0.0155,responder,5.0
any_pair,0.3124,responder,5.0
any_pair,0.1753,responder,5.0
any_pair,0.084,responder,5.0
any_pair,-0.0272,responder,5.0
any_pair,0.1026,responder,5.0
any_pair,0.1278,responder,5.0
any_pair,0.2213,responder,5.0
any_pair,-0.009,responder,5.0
any_pair,0.1904,responder,5.0
any_pair,0.2146,responder,5.0
any_pair,0.3951,responder,5.0
any_pair,0.2688,responder,5.0
any_pair,0.4044,responder,5.0
any_pair,0.0066,responder,5.0
any_pair,0.144,responder,5.0
any_pair,0.3029,responder,5.0
any_pair,0.1867,responder,5.0
any_pair,0.4072,responder,5.0
any_pair,0.2035,responder,5.0
any_pair,0.2732,responder,5.0
any_pair,0.1283,responder,5.0
any_pair,-0.1741,responder,5.0
any_pair,0.5529,responder,5.0
any_pair,0.2588,responder,5.0
any_pair,-0.0376,responder,5.0
any_pair,0.2228,responder,5.0
any_pair,0.1559,responder,5.0
any_pair,0.0171,responder,5.0
any_pair,0.231,responder,5.0
any_pair,0.5479,responder,5.0
any_pair,0.232,responder,5.0
any_pair,0.2619,responder,5.0
diff_drug,0.3256,responder,5.0
diff_drug,0.0127,responder,5.0
diff_drug,0.1995,responder,5.0
diff_drug,0.1758,responder,5.0
diff_drug,0.0005,responder,5.0
diff_drug,-0.0447,responder,5.0
diff_drug,0.1727,responder,5.0
diff_drug,0.0723,responder,5.0
diff_drug,0.0398,responder,5.0
diff_drug,0.0222,responder,5.0
diff_drug,0.0432,responder,5.0
diff_drug,0.5879,responder,5.0
diff_drug,0.1307,responder,5.0
diff_drug,0.4253,responder,5.0
diff_drug,0.2739,responder,5.0
diff_drug,0.1639,responder,5.0
diff_drug,0.3007,responder,5.0
diff_drug,0.0814,responder,5.0
diff_drug,0.028,responder,5.0
diff_drug,0.2103,responder,5.0
diff_drug,0.3414,responder,5.0
diff_drug,0.3057,responder,5.0
diff_drug,0.1425,responder,5.0
diff_drug,0.3629,responder,5.0
diff_drug,0.0502,responder,5.0
diff_drug,0.0825,responder,5.0
diff_drug,0.3459,responder,5.0
diff_drug,0.2494,responder,5.0
diff_drug,-0.3402,responder,5.0
diff_drug,-0.0435,responder,5.0
diff_drug,0.075,responder,5.0
diff_drug,-0.2954,responder,5.0
diff_drug,0.423,responder,5.0
diff_drug,0.4176,responder,5.0
diff_drug,0.068,responder,5.0
diff_drug,0.2433,responder,5.0
diff_drug,0.2641,responder,5.0
diff_drug,0.3755,responder,5.0
diff_drug,-0.0052,responder,5.0
diff_drug,0.0737,responder,5.0
diff_drug,0.4031,responder,5.0
diff_drug,0.2801,responder,5.0
diff_drug,0.0713,responder,5.0
diff_drug,0.397,responder,5.0
diff_drug,-0.0788,responder,5.0
diff_drug,0.1696,responder,5.0
diff_drug,0.0131,responder,5.0
diff_drug,0.2627,responder,5.0
diff_drug,0.3959,responder,5.0
diff_drug,0.1798,responder,5.0
diff_drug,0.2772,responder,5.0
diff_drug,0.135,responder,5.0
diff_drug,0.3702,responder,5.0
diff_drug,0.1424,responder,5.0
diff_drug,0.3767,responder,5.0
diff_drug,0.2709,responder,5.0
diff_drug,0.3143,responder,5.0
diff_drug,0.225,responder,5.0
diff_drug,0.3294,responder,5.0
diff_drug,0.1834,responder,5.0
diff_drug,0.2421,responder,5.0
diff_drug,0.4038,responder,5.0
diff_drug,0.1314,responder,5.0
diff_drug,-0.14,responder,5.0
diff_drug,0.1174,responder,5.0
diff_drug,-0.4619,responder,5.0
diff_drug,0.2056,responder,5.0
diff_drug,0.1989,responder,5.0
diff_drug,0.5771,responder,5.0
diff_drug,0.0951,responder,5.0
diff_drug,0.3673,responder,5.0
diff_drug,0.2333,responder,5.0
diff_drug,0.323,responder,5.0
diff_drug,0.2077,responder,5.0
diff_drug,0.0505,responder,5.0
diff_drug,0.4053,responder,5.0
diff_drug,0.061,responder,5.0
diff_drug,-0.0117,responder,5.0
diff_drug,0.3532,responder,5.0
diff_drug,0.4233,responder,5.0
diff_drug,0.1842,responder,5.0
diff_drug,-0.0863,responder,5.0
diff_drug,0.3724,responder,5.0
diff_drug,0.1572,responder,5.0
diff_drug,0.4057,responder,5.0
diff_drug,0.2363,responder,5.0
diff_drug,0.1261,responder,5.0
diff_drug,0.1145,responder,5.0
diff_drug,0.3904,responder,5.0
diff_drug,0.0353,responder,5.0
diff_drug,0.3426,responder,5.0
diff_drug,0.0966,responder,5.0
diff_drug,0.2,responder,5.0
diff_drug,0.0947,responder,5.0
diff_drug,0.2648,responder,5.0
diff_drug,0.324,responder,5.0
diff_drug,0.1571,responder,5.0
diff_drug,0.3108,responder,5.0
diff_drug,0.6031,responder,5.0
diff_drug,0.2472,responder,5.0
diff_drug,0.2829,responder,5.0
diff_drug,0.2526,responder,5.0
diff_drug,0.0959,responder,5.0
diff_drug,0.0478,responder,5.0
diff_drug,-0.066,responder,5.0
diff_drug,0.1264,responder,5.0
diff_drug,0.3801,responder,5.0
diff_drug,0.0846,responder,5.0
diff_drug,0.2067,responder,5.0
diff_drug,-0.2078,responder,5.0
diff_drug,0.4386,responder,5.0
diff_drug,-0.4063,responder,5.0
diff_drug,-0.1547,responder,5.0
diff_drug,0.0736,responder,5.0
diff_drug,0.2695,responder,5.0
diff_drug,0.0125,responder,5.0
diff_drug,0.325,responder,5.0
diff_drug,0.268,responder,5.0
diff_drug,0.256,responder,5.0
diff_drug,0.1409,responder,5.0
diff_drug,0.2927,responder,5.0
diff_drug,0.3955,responder,5.0
diff_drug,0.1441,responder,5.0
diff_drug,0.0069,responder,5.0
diff_drug,0.5794,responder,5.0
diff_drug,0.4011,responder,5.0
diff_drug,0.0752,responder,5.0
diff_drug,0.3428,responder,5.0
diff_drug,0.2269,responder,5.0
diff_drug,0.2379,responder,5.0
diff_drug,-0.0074,responder,5.0
diff_drug,0.1236,responder,5.0
diff_drug,-0.0434,responder,5.0
diff_drug,0.2218,responder,5.0
diff_drug,0.0623,responder,5.0
diff_drug,0.0295,responder,5.0
diff_drug,0.0687,responder,5.0
diff_drug,0.1678,responder,5.0
diff_drug,-0.1908,responder,5.0
diff_drug,-0.0175,responder,5.0
diff_drug,0.3139,responder,5.0
diff_drug,0.1407,responder,5.0
diff_drug,0.4108,responder,5.0
diff_drug,0.1209,responder,5.0
diff_drug,0.4846,responder,5.0
diff_drug,-0.1062,responder,5.0
diff_drug,0.1061,responder,5.0
diff_drug,0.0493,responder,5.0
diff_drug,-0.0099,responder,5.0
diff_drug,0.3954,responder,5.0
diff_drug,0.2456,responder,5.0
diff_drug,0.4008,responder,5.0
diff_drug,0.3318,responder,5.0
diff_drug,0.4725,responder,5.0
diff_drug,0.1521,responder,5.0
diff_drug,0.2014,responder,5.0
diff_drug,0.3679,responder,5.0
diff_drug,-0.0537,responder,5.0
diff_drug,0.2276,responder,5.0
diff_drug,-0.0932,responder,5.0
diff_drug,0.1857,responder,5.0
diff_drug,0.1894,responder,5.0
diff_drug,-0.0046,responder,5.0
diff_drug,-0.1898,responder,5.0
diff_drug,0.0665,responder,5.0
diff_drug,-0.0413,responder,5.0
diff_drug,0.063,responder,5.0
diff_drug,0.0176,responder,5.0
diff_drug,0.3413,responder,5.0
diff_drug,-0.0764,responder,5.0
diff_drug,0.1024,responder,5.0
diff_drug,0.0708,responder,5.0
diff_drug,0.3806,responder,5.0
diff_drug,0.2412,responder,5.0
diff_drug,-0.029,responder,5.0
diff_drug,0.0209,responder,5.0
diff_drug,0.1303,responder,5.0
diff_drug,0.1355,responder,5.0
diff_drug,-0.0919,responder,5.0
diff_drug,0.0114,responder,5.0
diff_drug,0.0828,responder,5.0
diff_drug,0.2683,responder,5.0
diff_drug,0.3299,responder,5.0
diff_drug,0.0344,responder,5.0
diff_drug,0.282,responder,5.0
diff_drug,0.2723,responder,5.0
diff_drug,0.5011,responder,5.0
diff_drug,0.0626,responder,5.0
diff_drug,0.0117,responder,5.0
diff_drug,-0.0277,responder,5.0
diff_drug,0.2531,responder,5.0
diff_drug,0.0434,responder,5.0
diff_drug,0.1536,responder,5.0
diff_drug,0.4408,responder,5.0
diff_drug,0.1533,responder,5.0
diff_drug,0.1852,responder,5.0
diff_drug,0.0544,responder,5.0
diff_drug,-0.0738,responder,5.0
diff_drug,0.3692,responder,5.0
diff_drug,0.1204,responder,5.0
diff_drug,-0.0469,responder,5.0
diff_drug,0.0264,responder,5.0
diff_drug,0.016,responder,5.0
diff_drug,-0.2052,responder,5.0
diff_drug,0.263,responder,5.0
diff_drug,0.2373,responder,5.0
diff_drug,0.0325,responder,5.0
diff_drug,-0.2135,responder,5.0
diff_drug,-0.0044,responder,5.0
diff_drug,0.2206,responder,5.0
diff_drug,0.2019,responder,5.0
diff_drug,-0.1775,responder,5.0
diff_drug,0.425,responder,5.0
diff_drug,0.0766,responder,5.0
diff_drug,0.2921,responder,5.0
diff_drug,0.0536,responder,5.0
diff_drug,-0.1295,responder,5.0
diff_drug,0.0953,responder,5.0
diff_drug,0.0594,responder,5.0
diff_drug,0.0997,responder,5.0
diff_drug,0.361,responder,5.0
diff_drug,0.3944,responder,5.0
diff_drug,0.1809,responder,5.0
diff_drug,0.176,responder,5.0
diff_drug,0.0511,responder,5.0
diff_drug,0.0914,responder,5.0
diff_drug,0.1055,responder,5.0
diff_drug,0.0844,responder,5.0
diff_drug,-0.0097,responder,5.0
diff_drug,0.5845,responder,5.0
diff_drug,0.0996,responder,5.0
diff_drug,0.0324,responder,5.0
diff_drug,0.1308,responder,5.0
diff_drug,0.0094,responder,5.0
diff_drug,-0.1549,responder,5.0
diff_drug,-0.0294,responder,5.0
diff_drug,0.4374,responder,5.0
diff_drug,0.1051,responder,5.0
diff_drug,0.1864,responder,5.0
diff_drug,0.0468,responder,5.0
diff_drug,0.0879,responder,5.0
diff_drug,0.2921,responder,5.0
diff_drug,0.2977,responder,5.0
diff_drug,0.3899,responder,5.0
diff_drug,-0.001,responder,5.0
diff_drug,0.4889,responder,5.0
diff_drug,-0.2841,responder,5.0
diff_drug,0.2528,responder,5.0
diff_drug,-0.5198,responder,5.0
diff_drug,-0.2813,responder,5.0
diff_drug,0.1038,responder,5.0
diff_drug,0.348,responder,5.0
diff_drug,-0.16,responder,5.0
diff_drug,0.0616,responder,5.0
diff_drug,0.4022,responder,5.0
diff_drug,0.2117,responder,5.0
diff_drug,0.134,responder,5.0
diff_drug,0.2061,responder,5.0
diff_drug,-0.3125,responder,5.0
diff_drug,0.2075,responder,5.0
diff_drug,0.1675,responder,5.0
diff_drug,0.0078,responder,5.0
diff_drug,0.252,responder,5.0
diff_drug,-0.0787,responder,5.0
diff_drug,-0.0989,responder,5.0
diff_drug,-0.3045,responder,5.0
diff_drug,0.1321,responder,5.0
diff_drug,0.2738,responder,5.0
diff_drug,0.0834,responder,5.0
diff_drug,0.2877,responder,5.0
diff_drug,0.0852,responder,5.0
diff_drug,0.1649,responder,5.0
diff_drug,0.0065,responder,5.0
diff_drug,0.3682,responder,5.0
diff_drug,0.1779,responder,5.0
diff_drug,-0.3151,responder,5.0
diff_drug,0.1771,responder,5.0
diff_drug,0.1708,responder,5.0
diff_drug,0.3048,responder,5.0
diff_drug,0.0541,responder,5.0
diff_drug,0.2054,responder,5.0
diff_drug,-0.017,responder,5.0
diff_drug,-0.3465,responder,5.0
diff_drug,0.3363,responder,5.0
diff_drug,0.4214,responder,5.0
diff_drug,0.3565,responder,5.0
diff_drug,-0.0111,responder,5.0
diff_drug,0.3106,responder,5.0
diff_drug,0.443,responder,5.0
diff_drug,0.3465,responder,5.0
diff_drug,0.1201,responder,5.0
diff_drug,0.1175,responder,5.0
diff_drug,0.0651,responder,5.0
diff_drug,0.0102,responder,5.0
diff_drug,0.3058,responder,5.0
diff_drug,0.4215,responder,5.0
diff_drug,0.2077,responder,5.0
diff_drug,0.0971,responder,5.0
diff_drug,0.2732,responder,5.0
diff_drug,0.2008,responder,5.0
diff_drug,0.0151,responder,5.0
diff_drug,0.4603,responder,5.0
diff_drug,0.0856,responder,5.0
diff_drug,-0.1396,responder,5.0
diff_drug,0.2639,responder,5.0
diff_drug,-0.0324,responder,5.0
diff_drug,0.1567,responder,5.0
diff_drug,0.281,responder,5.0
diff_drug,0.1742,responder,5.0
diff_drug,0.188,responder,5.0
diff_drug,0.1308,responder,5.0
diff_drug,0.1132,responder,5.0
diff_drug,0.528,responder,5.0
diff_drug,0.0654,responder,5.0
diff_drug,0.0201,responder,5.0
diff_drug,0.1236,responder,5.0
diff_drug,0.0475,responder,5.0
diff_drug,0.2245,responder,5.0
diff_drug,0.023,responder,5.0
diff_drug,0.199,responder,5.0
diff_drug,-0.0306,responder,5.0
diff_drug,0.1137,responder,5.0
diff_drug,-0.0905,responder,5.0
diff_drug,0.2694,responder,5.0
diff_drug,0.2605,responder,5.0
diff_drug,-0.0132,responder,5.0
diff_drug,0.037,responder,5.0
diff_drug,0.46,responder,5.0
diff_drug,-0.0061,responder,5.0
diff_drug,-0.0733,responder,5.0
diff_drug,0.0143,responder,5.0
diff_drug,0.0996,responder,5.0
diff_drug,-0.2387,responder,5.0
diff_drug,0.3769,responder,5.0
diff_drug,0.3955,responder,5.0
diff_drug,0.1723,responder,5.0
diff_drug,0.5279,responder,5.0
diff_drug,0.0635,responder,5.0
diff_drug,-0.0082,responder,5.0
diff_drug,0.0721,responder,5.0
diff_drug,-0.1163,responder,5.0
diff_drug,0.0839,responder,5.0
diff_drug,-0.087,responder,5.0
diff_drug,0.362,responder,5.0
diff_drug,-0.0951,responder,5.0
diff_drug,0.4053,responder,5.0
diff_drug,0.3496,responder,5.0
diff_drug,0.3314,responder,5.0
diff_drug,0.2676,responder,5.0
diff_drug,0.3212,responder,5.0
diff_drug,0.403,responder,5.0
diff_drug,-0.0115,responder,5.0
diff_drug,0.1661,responder,5.0
diff_drug,0.2417,responder,5.0
diff_drug,0.0958,responder,5.0
diff_drug,-0.2432,responder,5.0
diff_drug,0.0987,responder,5.0
diff_drug,-0.0271,responder,5.0
diff_drug,0.4089,responder,5.0
diff_drug,0.6112,responder,5.0
diff_drug,0.3718,responder,5.0
diff_drug,0.2269,responder,5.0
diff_drug,0.3173,responder,5.0
diff_drug,0.1383,responder,5.0
diff_drug,0.1343,responder,5.0
diff_drug,0.0938,responder,5.0
diff_drug,0.2492,responder,5.0
diff_drug,0.22,responder,5.0
diff_drug,0.2833,responder,5.0
diff_drug,0.2856,responder,5.0
diff_drug,0.1703,responder,5.0
diff_drug,0.3245,responder,5.0
diff_drug,0.0562,responder,5.0
diff_drug,0.1897,responder,5.0
diff_drug,0.003,responder,5.0
diff_drug,0.0604,responder,5.0
diff_drug,0.4065,responder,5.0
diff_drug,0.5123,responder,5.0
diff_drug,0.1173,responder,5.0
diff_drug,0.1132,responder,5.0
diff_drug,0.3296,responder,5.0
diff_drug,0.0983,responder,5.0
diff_drug,0.5012,responder,5.0
diff_drug,0.111,responder,5.0
diff_drug,0.2973,responder,5.0
diff_drug,0.3266,responder,5.0
diff_drug,-0.0655,responder,5.0
diff_drug,0.197,responder,5.0
diff_drug,-0.1731,responder,5.0
diff_drug,0.3358,responder,5.0
diff_drug,0.1595,responder,5.0
diff_drug,0.007,responder,5.0
diff_drug,-0.0122,responder,5.0
diff_drug,0.1579,responder,5.0
diff_drug,0.2491,responder,5.0
diff_drug,0.1582,responder,5.0
diff_drug,0.1582,responder,5.0
diff_drug,-0.1296,responder,5.0
diff_drug,0.1415,responder,5.0
diff_drug,0.4855,responder,5.0
diff_drug,0.0937,responder,5.0
diff_drug,0.4038,responder,5.0
diff_drug,0.4075,responder,5.0
diff_drug,0.3428,responder,5.0
diff_drug,0.2238,responder,5.0
diff_drug,0.1232,responder,5.0
diff_drug,0.2541,responder,5.0
diff_drug,0.3218,responder,5.0
diff_drug,-0.0746,responder,5.0
diff_drug,0.3953,responder,5.0
diff_drug,0.0565,responder,5.0
diff_drug,0.2408,responder,5.0
diff_drug,0.1707,responder,5.0
diff_drug,0.2554,responder,5.0
diff_drug,0.1162,responder,5.0
diff_drug,0.3217,responder,5.0
diff_drug,0.3028,responder,5.0
diff_drug,0.0723,responder,5.0
diff_drug,0.4515,responder,5.0
diff_drug,0.2014,responder,5.0
diff_drug,0.472,responder,5.0
diff_drug,0.1164,responder,5.0
diff_drug,0.2909,responder,5.0
diff_drug,0.2447,responder,5.0
same_drug,0.6568,responder,5.0
same_drug,0.5061,responder,5.0
same_drug,0.1219,responder,5.0
same_drug,0.3984,responder,5.0
same_drug,0.4677,responder,5.0
same_drug,0.4047,responder,5.0
same_drug,0.2826,responder,5.0
same_drug,0.1388,responder,5.0
same_drug,0.5141,responder,5.0
same_drug,0.1969,responder,5.0
same_drug,-0.2453,responder,5.0
same_drug,0.422,responder,5.0
same_drug,0.1409,responder,5.0
same_drug,0.5414,responder,5.0
same_drug,-0.0144,responder,5.0
same_drug,0.2417,responder,5.0
same_drug,0.4179,responder,5.0
same_drug,0.2802,responder,5.0
same_drug,0.5107,responder,5.0
same_drug,0.4046,responder,5.0
same_drug,0.4937,responder,5.0
same_drug,0.4545,responder,5.0
same_drug,0.4392,responder,5.0
same_drug,0.6934,responder,5.0
same_drug,0.639,responder,5.0
same_drug,-0.2319,responder,5.0
same_drug,0.542,responder,5.0
same_drug,0.3486,responder,5.0
same_drug,0.4533,responder,5.0
same_drug,0.5271,responder,5.0
same_drug,-0.0229,responder,5.0
same_drug,0.3505,responder,5.0
same_drug,0.0863,responder,5.0
same_drug,0.4305,responder,5.0
same_drug,-0.2641,responder,5.0
same_drug,0.8095,responder,5.0
same_drug,0.2132,responder,5.0
same_drug,0.5462,responder,5.0
same_drug,0.587,responder,5.0
same_drug,0.422,responder,5.0
same_drug,0.3626,responder,5.0
same_drug,0.3826,responder,5.0
same_drug,-0.245,responder,5.0
same_drug,-0.0245,responder,5.0
same_drug,-0.1495,responder,5.0
same_drug,0.3033,responder,5.0
same_drug,0.4126,responder,5.0
same_drug,0.2313,responder,5.0
same_drug,0.4936,responder,5.0
same_drug,0.316,responder,5.0
same_drug,0.0314,responder,5.0
same_drug,0.4377,responder,5.0
same_drug,0.3854,responder,5.0
same_drug,0.37,responder,5.0
same_drug,0.3696,responder,5.0
same_drug,0.1864,responder,5.0
same_drug,0.1612,responder,5.0
same_drug,-0.2405,responder,5.0
same_drug,0.3571,responder,5.0
same_drug,0.3206,responder,5.0
same_drug,0.4593,responder,5.0
same_drug,0.4079,responder,5.0
same_drug,0.3967,responder,5.0
same_drug,0.5575,responder,5.0
same_drug,0.124,responder,5.0
same_drug,0.4073,responder,5.0
same_drug,0.2473,responder,5.0
same_drug,0.5669,responder,5.0
same_drug,0.4923,responder,5.0
same_drug,0.5461,responder,5.0
same_drug,-0.2274,responder,5.0
same_drug,0.0564,responder,5.0
same_drug,0.1651,responder,5.0
same_drug,0.4635,responder,5.0
same_drug,0.5207,responder,5.0
same_drug,0.4996,responder,5.0
same_drug,0.2741,responder,5.0
same_drug,0.344,responder,5.0
same_drug,0.38,responder,5.0
same_drug,0.4997,responder,5.0
same_drug,0.6719,responder,5.0
same_drug,-0.2698,responder,5.0
same_drug,0.3809,responder,5.0
same_drug,0.502,responder,5.0
same_drug,-0.3067,responder,5.0
same_drug,-0.0934,responder,5.0
same_drug,0.3535,responder,5.0
same_drug,0.609,responder,5.0
same_drug,0.4198,responder,5.0
same_drug,0.7803,responder,5.0
same_drug,0.1851,responder,5.0
same_drug,0.2976,responder,5.0
same_drug,0.5199,responder,5.0
same_drug,0.4415,responder,5.0
same_drug,-0.251,responder,5.0
same_drug,0.2105,responder,5.0
same_drug,0.212,responder,5.0
same_drug,0.1278,responder,5.0
same_drug,-0.0548,responder,5.0
same_drug,0.3867,responder,5.0
same_drug,0.5898,responder,5.0
same_drug,0.4423,responder,5.0
same_drug,0.3855,responder,5.0
same_drug,0.4911,responder,5.0
same_drug,0.6444,responder,5.0
same_drug,0.5621,responder,5.0
same_drug,0.5054,responder,5.0
same_drug,0.5166,responder,5.0
same_drug,0.2783,responder,5.0
same_drug,-0.2298,responder,5.0
same_drug,0.548,responder,5.0
same_drug,0.4696,responder,5.0
same_drug,0.202,responder,5.0
same_drug,0.1036,responder,5.0
same_drug,0.4198,responder,5.0
same_drug,0.2288,responder,5.0
same_drug,0.125,responder,5.0
same_drug,0.4661,responder,5.0
same_drug,0.5791,responder,5.0
same_drug,0.3226,responder,5.0
same_drug,0.1836,responder,5.0
same_drug,0.201,responder,5.0
same_drug,0.658,responder,5.0
same_drug,0.5531,responder,5.0
same_drug,0.3361,responder,5.0
same_drug,0.3592,responder,5.0
same_drug,0.2618,responder,5.0
same_drug,0.2588,responder,5.0
same_drug,-0.2151,responder,5.0
same_drug,-0.0158,responder,5.0
same_drug,0.5529,responder,5.0
same_drug,0.3743,responder,5.0
same_drug,0.1449,responder,5.0
same_drug,0.3907,responder,5.0
same_drug,0.5548,responder,5.0
same_drug,0.391,responder,5.0
same_drug,0.5992,responder,5.0
same_drug,0.1013,responder,5.0
same_drug,0.1636,responder,5.0
same_drug,0.6406,responder,5.0
same_drug,0.2634,responder,5.0
same_drug,0.5353,responder,5.0
same_drug,0.3917,responder,5.0
same_drug,0.2033,responder,5.0
same_drug,-0.0987,responder,5.0
same_drug,0.5646,responder,5.0
same_drug,0.7029,responder,5.0
same_drug,0.4151,responder,5.0
same_drug,0.5297,responder,5.0
same_drug,0.4761,responder,5.0
same_drug,0.4823,responder,5.0
same_drug,0.1207,responder,5.0
same_drug,0.6106,responder,5.0
same_drug,0.5788,responder,5.0
same_drug,0.396,responder,5.0
same_drug,0.3158,responder,5.0
same_drug,0.5041,responder,5.0
same_drug,0.6014,responder,5.0
same_drug,0.45,responder,5.0
same_drug,0.5,responder,5.0
same_drug,0.2195,responder,5.0
same_drug,0.3671,responder,5.0
same_drug,0.6682,responder,5.0
same_drug,0.5451,responder,5.0
same_drug,0.3947,responder,5.0
same_drug,0.3199,responder,5.0
same_drug,0.323,responder,5.0
same_drug,0.4298,responder,5.0
same_drug,0.5792,responder,5.0
same_drug,0.4552,responder,5.0
same_drug,0.6391,responder,5.0
same_drug,0.3415,responder,5.0
same_drug,0.6963,responder,5.0
same_drug,0.4362,responder,5.0
same_drug,0.3078,responder,5.0
same_drug,0.3992,responder,5.0
same_drug,0.2684,responder,5.0
same_drug,0.6248,responder,5.0
same_drug,0.2758,responder,5.0
same_drug,0.5448,responder,5.0
same_drug,0.5384,responder,5.0
same_drug,0.2484,responder,5.0
same_drug,0.5624,responder,5.0
same_drug,0.4132,responder,5.0
same_drug,0.6472,responder,5.0
same_drug,0.4332,responder,5.0
same_drug,0.3796,responder,5.0
same_drug,0.5112,responder,5.0
same_drug,0.6864,responder,5.0
same_drug,0.4837,responder,5.0
same_drug,0.3132,responder,5.0
same_drug,0.4235,responder,5.0
same_drug,0.6113,responder,5.0
same_drug,0.4296,responder,5.0
same_drug,0.3719,responder,5.0
same_drug,0.5231,responder,5.0
same_drug,0.5043,responder,5.0
same_drug,0.1268,responder,5.0
same_drug,0.5554,responder,5.0
same_drug,-0.2105,responder,5.0
same_drug,0.6442,responder,5.0
same_drug,0.2031,responder,5.0
same_drug,0.502,responder,5.0
same_drug,0.3214,responder,5.0
same_drug,0.3002,responder,5.0
same_drug,0.1488,responder,5.0
same_drug,0.2544,responder,5.0
same_drug,0.495,responder,5.0
same_drug,0.7042,responder,5.0
same_drug,0.1516,responder,5.0
same_drug,0.5773,responder,5.0
same_drug,0.2106,responder,5.0
same_drug,0.1735,responder,5.0
same_drug,0.4366,responder,5.0
same_drug,0.2572,responder,5.0
same_drug,0.6267,responder,5.0
same_drug,0.2121,responder,5.0
same_drug,0.3155,responder,5.0
same_drug,0.1788,responder,5.0
same_drug,0.4541,responder,5.0
same_drug,0.4915,responder,5.0
same_drug,0.643,responder,5.0
same_drug,0.3046,responder,5.0
same_drug,0.2695,responder,5.0
same_drug,-0.0484,responder,5.0
same_drug,0.2547,responder,5.0
same_drug,0.1494,responder,5.0
same_drug,0.3239,responder,5.0
same_drug,0.5751,responder,5.0
same_drug,0.66,responder,5.0
same_drug,0.4749,responder,5.0
same_drug,0.4424,responder,5.0
same_drug,0.493,responder,5.0
same_drug,0.551,responder,5.0
same_drug,0.4761,responder,5.0
same_drug,0.1406,responder,5.0
same_drug,0.5118,responder,5.0
same_drug,0.2488,responder,5.0
same_drug,0.5189,responder,5.0
same_drug,0.2561,responder,5.0
same_drug,0.3665,responder,5.0
same_drug,0.4081,responder,5.0
same_drug,0.3605,responder,5.0
same_drug,0.2621,responder,5.0
same_drug,0.6363,responder,5.0
same_drug,0.4728,responder,5.0
same_drug,0.5618,responder,5.0
same_drug,0.1774,responder,5.0
same_drug,0.3979,responder,5.0
same_drug,0.5414,responder,5.0
same_drug,-0.0598,responder,5.0
same_drug,0.6771,responder,5.0
same_drug,0.3826,responder,5.0
same_drug,0.3211,responder,5.0
same_drug,0.5549,responder,5.0
same_drug,0.3967,responder,5.0
same_drug,0.3328,responder,5.0
same_drug,0.4128,responder,5.0
same_drug,-0.0013,responder,5.0
same_drug,0.2534,responder,5.0
same_drug,0.3912,responder,5.0
same_drug,0.1617,responder,5.0
same_drug,0.3119,responder,5.0
same_drug,0.4958,responder,5.0
same_drug,0.0896,responder,5.0
same_drug,-0.0324,responder,5.0
same_drug,0.4167,responder,5.0
same_drug,0.625,responder,5.0
same_drug,-0.0699,responder,5.0
same_drug,0.571,responder,5.0
same_drug,0.4694,responder,5.0
same_drug,-0.2906,responder,5.0
same_drug,0.5025,responder,5.0
same_drug,0.1946,responder,5.0
same_drug,0.5824,responder,5.0
same_drug,0.4106,responder,5.0
same_drug,0.5757,responder,5.0
same_drug,0.3761,responder,5.0
same_drug,0.2913,responder,5.0
same_drug,0.0055,responder,5.0
same_drug,0.3612,responder,5.0
same_drug,0.2341,responder,5.0
same_drug,0.6377,responder,5.0
same_drug,0.2548,responder,5.0
same_drug,-0.1675,responder,5.0
same_drug,0.6224,responder,5.0
same_drug,0.4489,responder,5.0
same_drug,0.6304,responder,5.0
same_drug,0.5565,responder,5.0
same_drug,0.1529,responder,5.0
same_drug,0.6978,responder,5.0
same_drug,-0.1114,responder,5.0
same_drug,0.4037,responder,5.0
same_drug,0.2907,responder,5.0
same_drug,0.4302,responder,5.0
same_drug,0.278,responder,5.0
same_drug,0.0731,responder,5.0
same_drug,0.7589,responder,5.0
same_drug,0.3552,responder,5.0
same_drug,0.1708,responder,5.0
same_drug,0.6181,responder,5.0
same_drug,0.3922,responder,5.0
same_drug,0.2606,responder,5.0
same_drug,0.4444,responder,5.0
same_drug,0.488,responder,5.0
same_drug,0.4789,responder,5.0
same_drug,0.5349,responder,5.0
same_drug,0.2699,responder,5.0
same_drug,-0.0956,responder,5.0
same_drug,0.523,responder,5.0
same_drug,0.3825,responder,5.0
same_drug,0.3853,responder,5.0
same_drug,0.1343,responder,5.0
same_drug,0.4055,responder,5.0
same_drug,0.5255,responder,5.0
same_drug,0.3914,responder,5.0
same_drug,0.6704,responder,5.0
same_drug,0.3139,responder,5.0
same_drug,0.5208,responder,5.0
same_drug,0.3332,responder,5.0
same_drug,0.5481,responder,5.0
same_drug,0.4474,responder,5.0
same_drug,0.3578,responder,5.0
same_drug,-0.3013,responder,5.0
same_drug,0.1898,responder,5.0
same_drug,-0.1526,responder,5.0
same_drug,0.3087,responder,5.0
same_drug,-0.1353,responder,5.0
same_drug,0.4713,responder,5.0
same_drug,0.2835,responder,5.0
same_drug,0.3982,responder,5.0
same_drug,-0.0734,responder,5.0
same_drug,0.2101,responder,5.0
same_drug,0.191,responder,5.0
same_drug,0.4364,responder,5.0
same_drug,0.5885,responder,5.0
same_drug,0.1778,responder,5.0
same_drug,0.5727,responder,5.0
same_drug,0.0165,responder,5.0
same_drug,0.4618,responder,5.0
same_drug,0.0355,responder,5.0
same_drug,0.1374,responder,5.0
same_drug,0.3935,responder,5.0
same_drug,0.1755,responder,5.0
same_drug,0.4915,responder,5.0
same_drug,0.3766,responder,5.0
same_drug,0.6702,responder,5.0
same_drug,-0.0503,responder,5.0
same_drug,0.4918,responder,5.0
same_drug,0.5691,responder,5.0
same_drug,0.3745,responder,5.0
same_drug,0.1762,responder,5.0
same_drug,0.4625,responder,5.0
same_drug,0.4179,responder,5.0
same_drug,0.4683,responder,5.0
same_drug,0.2724,responder,5.0
same_drug,0.2102,responder,5.0
same_drug,0.4539,responder,5.0
same_drug,0.5038,responder,5.0
same_drug,0.2761,responder,5.0
same_drug,0.1604,responder,5.0
same_drug,0.5186,responder,5.0
same_drug,-0.0445,responder,5.0
same_drug,0.5155,responder,5.0
same_drug,0.2029,responder,5.0
same_drug,0.1692,responder,5.0
same_drug,0.6016,responder,5.0
same_drug,0.6897,responder,5.0
same_drug,0.3485,responder,5.0
same_drug,0.5231,responder,5.0
same_drug,0.2235,responder,5.0
same_drug,0.3205,responder,5.0
same_drug,0.4654,responder,5.0
same_drug,0.473,responder,5.0
same_drug,-0.5621,responder,5.0
same_drug,0.5107,responder,5.0
same_drug,0.3106,responder,5.0
same_drug,0.0963,responder,5.0
same_drug,-0.1562,responder,5.0
same_drug,0.4878,responder,5.0
same_drug,0.1568,responder,5.0
same_drug,0.5909,responder,5.0
same_drug,0.6077,responder,5.0
same_drug,0.3583,responder,5.0
same_drug,0.6878,responder,5.0
same_drug,0.5103,responder,5.0
same_drug,0.6019,responder,5.0
same_drug,0.2673,responder,5.0
same_drug,0.4655,responder,5.0
same_drug,0.7357,responder,5.0
same_drug,0.6632,responder,5.0
same_drug,0.6048,responder,5.0
same_drug,0.1243,responder,5.0
same_drug,0.7332,responder,5.0
same_drug,0.4734,responder,5.0
same_drug,0.335,responder,5.0
same_drug,0.4734,responder,5.0
same_drug,0.2751,responder,5.0
same_drug,0.5493,responder,5.0
same_drug,0.6135,responder,5.0
same_drug,0.4865,responder,5.0
same_drug,0.6077,responder,5.0
same_drug,0.2761,responder,5.0
same_drug,0.4755,responder,5.0
same_drug,0.4487,responder,5.0
same_drug,0.5165,responder,5.0
same_drug,0.3286,responder,5.0
same_drug,0.5656,responder,5.0
same_drug,0.5204,responder,5.0
same_drug,0.2999,responder,5.0
same_drug,0.4143,responder,5.0
same_drug,0.4253,responder,5.0
same_drug,0.472,responder,5.0
same_drug,0.6283,responder,5.0
same_drug,0.3892,responder,5.0
same_drug,0.5123,responder,5.0
same_drug,0.1006,responder,5.0
same_drug,0.4555,responder,5.0
same_drug,0.0902,responder,5.0
same_drug,0.159,responder,5.0
same_drug,-0.2872,responder,5.0
same_drug,0.4242,responder,5.0
same_drug,0.2242,responder,5.0
same_drug,0.5214,responder,5.0
same_drug,0.3871,responder,5.0
same_drug,0.4048,responder,5.0
same_drug,0.1823,responder,5.0
same_drug,0.5888,responder,5.0
same_drug,0.452,responder,5.0
same_drug,0.2241,responder,5.0
same_drug,0.2602,responder,5.0
same_drug,0.5323,responder,5.0
same_drug,0.632,responder,5.0
same_drug,0.2836,responder,5.0
