patient,drug,dose,n_first,n_second,n_both,jaccard
ACH-000120,(R)-Verapamil (hydrochloride),5.0,3,104,2,0.019
ACH-000120,18β-Glycyrrhetinic acid,5.0,18,234,11,0.0456
ACH-000120,8-Hydroxyquinoline,5.0,26,79,14,0.1538
ACH-000120,Acetohexamide,5.0,7,112,4,0.0348
ACH-000120,Adagrasib,0.05,148,266,50,0.1374
ACH-000120,Adenine,5.0,22,81,12,0.1319
ACH-000120,Adenosine,5.0,18,193,7,0.0343
ACH-000120,Afatinib,0.05,111,17,8,0.0667
ACH-000120,Afatinib,0.5,168,30,9,0.0476
ACH-000120,Afatinib,5.0,119,49,9,0.0566
ACH-000120,Aliskiren,5.0,2,69,2,0.029
ACH-000120,Allantoin,5.0,33,276,18,0.0619
ACH-000120,Almonertinib (hydrochloride),5.0,33,211,15,0.0655
ACH-000120,Almonertinib (mesylate),0.05,2,5,1,0.1667
ACH-000120,Almonertinib (mesylate),0.5,65,116,9,0.0523
ACH-000120,Almonertinib (mesylate),5.0,166,30,7,0.037
ACH-000120,Amsacrine,5.0,16,484,11,0.0225
ACH-000120,Anethole trithione,5.0,20,71,12,0.1519
ACH-000120,Artesunate,5.0,81,450,53,0.1109
ACH-000120,Azithromycin (hydrate),5.0,2,159,2,0.0126
ACH-000120,Baicalin,5.0,7,79,6,0.075
ACH-000120,Balsalazide (sodium hydrate),5.0,1,71,1,0.0141
ACH-000120,Belumosudil,0.05,4,6,2,0.25
ACH-000120,Belumosudil,0.5,31,615,13,0.0205
ACH-000120,Belumosudil,5.0,149,155,12,0.0411
ACH-000120,Berbamine,0.5,102,55,13,0.0903
ACH-000120,Berbamine,5.0,10,225,7,0.0307
ACH-000120,Berbamine (dihydrochloride),0.05,42,32,9,0.1385
ACH-000120,Berbamine (dihydrochloride),0.5,21,60,8,0.1096
ACH-000120,Berbamine (dihydrochloride),5.0,140,36,8,0.0476
ACH-000120,Berberine (chloride hydrate),5.0,5,65,4,0.0606
ACH-000120,Bergenin,5.0,8,135,5,0.0362
ACH-000120,Bimatoprost,5.0,9,133,4,0.029
ACH-000120,Binimetinib,0.05,233,320,51,0.1016
ACH-000120,Binimetinib,0.5,251,712,78,0.0881
ACH-000120,Binimetinib,5.0,599,23,13,0.0213
ACH-000120,Busulfan,5.0,23,177,9,0.0471
ACH-000120,Captopril,0.05,128,104,9,0.0404
ACH-000120,Cepharanthine,5.0,22,311,11,0.0342
ACH-000120,Chlorhexidine (diacetate),0.5,103,26,6,0.0488
ACH-000120,Chlorhexidine (diacetate),5.0,10,107,8,0.0734
ACH-000120,Ciclopirox,5.0,14,253,12,0.0471
ACH-000120,Clonidine (hydrochloride),5.0,7,153,4,0.0256
ACH-000120,Clotrimazole,5.0,25,180,14,0.0733
ACH-000120,Cloxacillin (sodium),5.0,3,23,2,0.0833
ACH-000120,Cysteamine (hydrochloride),5.0,3,107,2,0.0185
ACH-000120,Cytarabine,0.05,106,10,2,0.0175
ACH-000120,Cytarabine,0.5,78,55,8,0.064
ACH-000120,Cytarabine,5.0,44,116,5,0.0323
ACH-000120,Daidzin,0.05,39,17,5,0.098
ACH-000120,Daidzin,0.5,55,42,4,0.043
ACH-000120,Daidzin,5.0,147,77,7,0.0323
ACH-000120,Darinaparsin,5.0,5,471,4,0.0085
ACH-000120,Demeclocycline,5.0,5,60,4,0.0656
ACH-000120,Diammonium Glycyrrhizinate,5.0,11,163,9,0.0545
ACH-000120,Docetaxel,5.0,48,240,20,0.0746
ACH-000120,Elagolix sodium,5.0,13,205,9,0.0431
ACH-000120,Flumatinib (mesylate),0.05,61,44,8,0.0825
ACH-000120,Flumatinib (mesylate),0.5,30,450,12,0.0256
ACH-000120,Flumatinib (mesylate),5.0,31,91,9,0.0796
ACH-000120,Fluvoxamine (maleate),5.0,1,140,1,0.0071
ACH-000120,Folic acid,5.0,8,16,4,0.2
ACH-000120,Fumaric acid,0.05,30,17,3,0.0682
ACH-000120,Fumaric acid,0.5,48,112,10,0.0667
ACH-000120,Fumaric acid,5.0,46,175,7,0.0327
ACH-000120,Furosemide,5.0,4,86,3,0.0345
ACH-000120,Fusidic acid,5.0,1,39,0,0.0
ACH-000120,Gallic acid,5.0,4,75,3,0.0395
ACH-000120,Gallic acid (hydrate),5.0,21,130,12,0.0863
ACH-000120,Gemfibrozil,5.0,19,249,11,0.0428
ACH-000120,Goserelin (acetate),5.0,6,77,4,0.0506
ACH-000120,Hexylresorcinol,5.0,19,155,14,0.0875
ACH-000120,Homoharringtonine,5.0,1722,2985,1293,0.3787
ACH-000120,Hydroxyfasudil,0.05,91,63,8,0.0548
ACH-000120,Idarubicin (hydrochloride),5.0,736,1824,414,0.1929
ACH-000120,Irinotecan (hydrochloride),0.05,229,9,5,0.0215
ACH-000120,Irinotecan (hydrochloride),0.5,149,104,17,0.072
ACH-000120,Irinotecan (hydrochloride),5.0,287,19,10,0.0338
ACH-000120,Isocorydine,5.0,4,30,1,0.0303
ACH-000120,L-Thyroxine (sodium salt pentahydrate),5.0,43,209,10,0.0413
ACH-000120,Larotrectinib,5.0,8,256,7,0.0272
ACH-000120,Lenalidomide (hemihydrate),5.0,7,193,2,0.0101
ACH-000120,Lidocaine (hydrochloride),5.0,12,491,9,0.0182
ACH-000120,Lipoic acid,5.0,5,45,4,0.087
ACH-000120,Lumateperone (tosylate),5.0,4,75,4,0.0533
ACH-000120,Malotilate,0.05,662,35,13,0.019
ACH-000120,Medroxyprogesterone acetate,5.0,18,229,7,0.0292
ACH-000120,Megestrol,5.0,6,48,3,0.0588
ACH-000120,Methylprednisolone succinate,0.05,10,24,2,0.0625
ACH-000120,Mitoxantrone (dihydrochloride),5.0,25,625,12,0.0188
ACH-000120,Naproxen,0.05,5,49,3,0.0588
ACH-000120,Naproxen,0.5,8,112,6,0.0526
ACH-000120,Naproxen,5.0,17,37,5,0.102
ACH-000120,Neratinib (maleate),5.0,31,552,25,0.0448
ACH-000120,Norepinephrine (hydrochloride),5.0,6,225,4,0.0176
ACH-000120,Olanzapine,5.0,8,222,8,0.036
ACH-000120,Palmatine (chloride),5.0,8,130,4,0.0299
ACH-000120,Pasireotide (acetate),5.0,5,95,4,0.0417
ACH-000120,Pentagastrin,5.0,5,88,5,0.0568
ACH-000120,Pentamidine (isethionate),0.5,52,39,3,0.0341
ACH-000120,Pentamidine (isethionate),5.0,15,201,15,0.0746
ACH-000120,Pralsetinib,0.05,49,6,4,0.0784
ACH-000120,Pravastatin (sodium),0.05,61,27,6,0.0732
ACH-000120,Pravastatin (sodium),0.5,53,48,6,0.0632
ACH-000120,Pravastatin (sodium),5.0,135,72,15,0.0781
ACH-000120,Pyridoxine,5.0,14,214,11,0.0507
ACH-000120,Pyridoxine (hydrochloride),5.0,1,4,1,0.25
ACH-000120,Quinestrol,5.0,6,113,5,0.0439
ACH-000120,Radotinib,5.0,379,885,203,0.1913
ACH-000120,Ralimetinib dimesylate,0.05,36,46,4,0.0513
ACH-000120,Raltitrexed,5.0,2,56,2,0.0357
ACH-000120,Rapamycin,5.0,14,317,11,0.0344
ACH-000120,Regorafenib,0.05,9,15,1,0.0435
ACH-000120,Regorafenib,0.5,33,156,8,0.0442
ACH-000120,Regorafenib,5.0,33,2,0,0.0
ACH-000120,Relugolix,5.0,8,30,3,0.0857
ACH-000120,Resveratrol,5.0,63,165,13,0.0605
ACH-000120,Retinoic acid,5.0,22,292,16,0.0537
ACH-000120,Riluzole hydrochloride,5.0,2,217,1,0.0046
ACH-000120,Rimonabant,5.0,12,105,5,0.0446
ACH-000120,Ritonavir,5.0,4,288,4,0.0139
ACH-000120,Ropivacaine (hydrochloride monohydrate),5.0,6,241,6,0.0249
ACH-000120,S-Adenosyl-L-methionine (disulfate tosylate),5.0,5,250,5,0.02
ACH-000120,Salicylic acid,5.0,18,152,13,0.0828
ACH-000120,Saquinavir,5.0,32,340,13,0.0362
ACH-000120,Selinexor ,5.0,121,551,34,0.0533
ACH-000120,Sinomenine,5.0,14,41,5,0.1
ACH-000120,Sodium Salicylate,5.0,14,139,8,0.0552
ACH-000120,Sonidegib,0.05,29,142,9,0.0556
ACH-000120,Sulfisoxazole,0.5,294,71,14,0.0399
ACH-000120,Sulfisoxazole,5.0,3,208,0,0.0
ACH-000120,Temsirolimus,5.0,24,278,12,0.0414
ACH-000120,Terfenadine,0.5,593,129,33,0.0479
ACH-000120,Terfenadine,5.0,9,216,4,0.0181
ACH-000120,Thymol,5.0,9,114,3,0.025
ACH-000120,Tofacitinib,5.0,10,299,8,0.0266
ACH-000120,Tofacitinib (citrate),5.0,5,238,5,0.021
ACH-000120,Tolcapone,5.0,10,287,7,0.0241
ACH-000120,Topotecan (hydrochloride),0.05,26,51,8,0.1159
ACH-000120,Topotecan (hydrochloride),0.5,43,881,25,0.0278
ACH-000120,Topotecan (hydrochloride),5.0,17,688,5,0.0071
ACH-000120,Trametinib,0.05,79,817,23,0.0263
ACH-000120,Trametinib,0.5,298,551,87,0.1142
ACH-000120,Trametinib,5.0,736,20,3,0.004
ACH-000120,Triamcinolone,5.0,18,320,15,0.0464
ACH-000120,Triclosan,5.0,11,193,10,0.0515
ACH-000120,Trifluridine,5.0,18,195,5,0.024
ACH-000120,Trimetrexate,5.0,8,272,4,0.0145
ACH-000120,Tucidinostat,5.0,21,1920,20,0.0104
ACH-000120,Vilanterol,5.0,6,198,6,0.0303
ACH-000120,Vinblastine (sulfate),5.0,151,1436,125,0.0855
ACH-000120,olaparib,0.05,27,67,8,0.093
ACH-000138,(R)-Verapamil (hydrochloride),5.0,271,1895,172,0.0863
ACH-000138,18β-Glycyrrhetinic acid,5.0,616,1963,336,0.1498
ACH-000138,8-Hydroxyquinoline,5.0,617,2120,354,0.1486
ACH-000138,Acetohexamide,5.0,413,1702,177,0.0913
ACH-000138,Adagrasib,0.05,3768,3438,1744,0.3193
ACH-000138,Adenine,5.0,330,1689,174,0.0943
ACH-000138,Adenosine,5.0,554,2480,349,0.13
ACH-000138,Afatinib,0.05,2350,906,413,0.1453
ACH-000138,Afatinib,0.5,2050,2899,835,0.203
ACH-000138,Afatinib,5.0,1874,5113,1158,0.1987
ACH-000138,Aliskiren,5.0,395,1699,238,0.1282
ACH-000138,Allantoin,5.0,1016,2231,477,0.1722
ACH-000138,Almonertinib (hydrochloride),5.0,812,1935,385,0.163
ACH-000138,Almonertinib (mesylate),0.05,756,902,186,0.1264
ACH-000138,Almonertinib (mesylate),0.5,1339,1303,313,0.1344
ACH-000138,Almonertinib (mesylate),5.0,925,1281,260,0.1336
ACH-000138,Amsacrine,5.0,802,4456,624,0.1347
ACH-000138,Anethole trithione,5.0,833,2441,493,0.1773
ACH-000138,Artesunate,5.0,972,2305,628,0.2371
ACH-000138,Azithromycin (hydrate),5.0,616,1773,325,0.1575
ACH-000138,Baicalin,5.0,594,1957,363,0.1659
ACH-000138,Balsalazide (sodium hydrate),5.0,228,1743,140,0.0765
ACH-000138,Belumosudil,0.05,725,662,186,0.1549
ACH-000138,Belumosudil,0.5,1096,1503,307,0.1339
ACH-000138,Belumosudil,5.0,1256,2698,458,0.131
ACH-000138,Berbamine,0.5,1917,1036,412,0.1621
ACH-000138,Berbamine,5.0,479,1802,242,0.1187
ACH-000138,Berbamine (dihydrochloride),0.05,1392,630,273,0.1561
ACH-000138,Berbamine (dihydrochloride),0.5,1594,950,305,0.1362
ACH-000138,Berbamine (dihydrochloride),5.0,1019,1261,205,0.0988
ACH-000138,Berberine (chloride hydrate),5.0,406,1802,234,0.1185
ACH-000138,Bergenin,5.0,508,1680,255,0.1319
ACH-000138,Bimatoprost,5.0,596,1968,240,0.1033
ACH-000138,Binimetinib,0.05,2922,3178,1632,0.3653
ACH-000138,Binimetinib,0.5,3203,5487,1852,0.2708
ACH-000138,Binimetinib,5.0,3601,2374,1520,0.3412
ACH-000138,Busulfan,5.0,779,1702,331,0.154
ACH-000138,Captopril,0.05,1853,1123,319,0.1201
ACH-000138,Cepharanthine,5.0,743,2048,425,0.1796
ACH-000138,Chlorhexidine (diacetate),0.5,1777,1359,441,0.1636
ACH-000138,Chlorhexidine (diacetate),5.0,681,2517,427,0.1541
ACH-000138,Ciclopirox,5.0,576,3529,377,0.1011
ACH-000138,Clonidine (hydrochloride),5.0,465,2667,284,0.0997
ACH-000138,Clotrimazole,5.0,378,1933,229,0.11
ACH-000138,Cloxacillin (sodium),5.0,512,1340,235,0.1453
ACH-000138,Cysteamine (hydrochloride),5.0,345,1529,182,0.1076
ACH-000138,Cytarabine,0.05,1250,1053,325,0.1643
ACH-000138,Cytarabine,0.5,1050,729,151,0.0928
ACH-000138,Cytarabine,5.0,1018,2115,398,0.1455
ACH-000138,DTP3,0.05,8780,2580,180,0.0161
ACH-000138,Daidzin,0.05,1588,796,334,0.1629
ACH-000138,Daidzin,0.5,1345,1355,318,0.1335
ACH-000138,Daidzin,5.0,990,1546,266,0.1172
ACH-000138,Darinaparsin,5.0,856,3464,617,0.1666
ACH-000138,Demeclocycline,5.0,427,1205,137,0.0916
ACH-000138,Diammonium Glycyrrhizinate,5.0,438,2354,279,0.111
ACH-000138,Docetaxel,5.0,882,2495,550,0.1946
ACH-000138,Elagolix sodium,5.0,730,2205,352,0.1363
ACH-000138,Flumatinib (mesylate),0.05,1683,1110,386,0.1604
ACH-000138,Flumatinib (mesylate),0.5,1619,2042,484,0.1523
ACH-000138,Flumatinib (mesylate),5.0,1221,1362,303,0.1329
ACH-000138,Fluvoxamine (maleate),5.0,471,3018,351,0.1119
ACH-000138,Folic acid,5.0,302,1868,164,0.0818
ACH-000138,Fumaric acid,0.05,1192,1122,308,0.1535
ACH-000138,Fumaric acid,0.5,1259,1788,375,0.1403
ACH-000138,Fumaric acid,5.0,1424,2106,445,0.1442
ACH-000138,Furosemide,5.0,248,1339,143,0.099
ACH-000138,Fusidic acid,5.0,342,1778,228,0.1205
ACH-000138,Gallic acid,5.0,531,1811,268,0.1292
ACH-000138,Gallic acid (hydrate),5.0,656,2334,334,0.1258
ACH-000138,Gemfibrozil,5.0,742,2371,439,0.1642
ACH-000138,Goserelin (acetate),5.0,1159,1932,451,0.1708
ACH-000138,Hexylresorcinol,5.0,928,1828,484,0.213
ACH-000138,Homoharringtonine,5.0,9183,11345,7887,0.6239
ACH-000138,Hydroxyfasudil,0.05,531,1995,89,0.0365
ACH-000138,Idarubicin (hydrochloride),5.0,8188,12170,6992,0.5231
ACH-000138,Irinotecan (hydrochloride),0.05,2085,785,301,0.1172
ACH-000138,Irinotecan (hydrochloride),0.5,1953,1185,375,0.1357
ACH-000138,Irinotecan (hydrochloride),5.0,3003,1733,685,0.1691
ACH-000138,Isocorydine,5.0,609,1854,291,0.134
ACH-000138,L-Thyroxine (sodium salt pentahydrate),5.0,292,2328,79,0.0311
ACH-000138,Larotrectinib,5.0,464,1714,247,0.1279
ACH-000138,Lenalidomide (hemihydrate),5.0,404,2143,272,0.1196
ACH-000138,Lidocaine (hydrochloride),5.0,849,2846,472,0.1464
ACH-000138,Lipoic acid,5.0,545,1190,238,0.159
ACH-000138,Lumateperone (tosylate),5.0,314,1568,178,0.1045
ACH-000138,Malotilate,0.05,3120,1033,426,0.1143
ACH-000138,Medroxyprogesterone acetate,5.0,496,2291,288,0.1152
ACH-000138,Megestrol,5.0,600,1636,299,0.1544
ACH-000138,Methylprednisolone succinate,0.05,6084,1664,124,0.0163
ACH-000138,Mitoxantrone (dihydrochloride),5.0,839,7657,641,0.0816
ACH-000138,Naproxen,0.05,645,637,131,0.1138
ACH-000138,Naproxen,0.5,781,1175,202,0.1152
ACH-000138,Naproxen,5.0,702,447,132,0.1298
ACH-000138,Neratinib (maleate),5.0,666,3780,477,0.1202
ACH-000138,Norepinephrine (hydrochloride),5.0,406,2247,179,0.0724
ACH-000138,Olanzapine,5.0,545,2424,314,0.1183
ACH-000138,Palmatine (chloride),5.0,592,1806,314,0.1507
ACH-000138,Pasireotide (acetate),5.0,991,2091,464,0.1772
ACH-000138,Pentagastrin,5.0,455,2146,243,0.1031
ACH-000138,Pentamidine (isethionate),0.5,849,1623,220,0.0977
ACH-000138,Pentamidine (isethionate),5.0,717,2199,332,0.1285
ACH-000138,Pralsetinib,0.05,1663,876,290,0.1289
ACH-000138,Pravastatin (sodium),0.05,1199,668,205,0.1233
ACH-000138,Pravastatin (sodium),0.5,1346,758,235,0.1257
ACH-000138,Pravastatin (sodium),5.0,1487,1416,414,0.1663
ACH-000138,Pyridoxine,5.0,576,1926,259,0.1155
ACH-000138,Pyridoxine (hydrochloride),5.0,626,2004,328,0.1425
ACH-000138,Quinestrol,5.0,606,2356,384,0.149
ACH-000138,Radotinib,5.0,1243,2783,819,0.2554
ACH-000138,Ralimetinib dimesylate,0.05,8700,1795,84,0.0081
ACH-000138,Raltitrexed,5.0,536,2659,387,0.1378
ACH-000138,Rapamycin,5.0,731,3393,416,0.1122
ACH-000138,Regorafenib,0.05,945,1293,263,0.1332
ACH-000138,Regorafenib,0.5,946,2588,385,0.1223
ACH-000138,Regorafenib,5.0,1125,1576,373,0.1602
ACH-000138,Relugolix,5.0,321,1628,154,0.0858
ACH-000138,Resveratrol,5.0,907,2490,431,0.1453
ACH-000138,Retinoic acid,5.0,812,2744,518,0.1705
ACH-000138,Riluzole hydrochloride,5.0,1188,3079,664,0.1843
ACH-000138,Rimonabant,5.0,516,1796,292,0.1446
ACH-000138,Ritonavir,5.0,444,2299,308,0.1265
ACH-000138,Ropivacaine (hydrochloride monohydrate),5.0,655,2298,467,0.1879
ACH-000138,S-Adenosyl-L-methionine (disulfate tosylate),5.0,845,3209,598,0.173
ACH-000138,Salicylic acid,5.0,350,2224,213,0.0902
ACH-000138,Saquinavir,5.0,593,2491,301,0.1082
ACH-000138,Selinexor ,5.0,1905,5875,1311,0.2027
ACH-000138,Sinomenine,5.0,502,1543,290,0.1652
ACH-000138,Sodium Salicylate,5.0,836,2288,365,0.1323
ACH-000138,Sonidegib,0.05,361,2235,65,0.0257
ACH-000138,Sulfisoxazole,0.5,1902,1436,357,0.1198
ACH-000138,Sulfisoxazole,5.0,421,2513,231,0.0855
ACH-000138,Temsirolimus,5.0,544,2903,416,0.1372
ACH-000138,Terfenadine,0.5,2048,1541,465,0.1488
ACH-000138,Terfenadine,5.0,898,2589,480,0.1596
ACH-000138,Thymol,5.0,736,1061,222,0.141
ACH-000138,Tofacitinib,5.0,1098,3153,703,0.1981
ACH-000138,Tofacitinib (citrate),5.0,920,3023,566,0.1676
ACH-000138,Tolcapone,5.0,393,3017,266,0.0846
ACH-000138,Topotecan (hydrochloride),0.05,1368,995,232,0.1089
ACH-000138,Topotecan (hydrochloride),0.5,1248,6372,869,0.1287
ACH-000138,Topotecan (hydrochloride),5.0,1307,5242,713,0.1222
ACH-000138,Trametinib,0.05,2448,3013,1142,0.2644
ACH-000138,Trametinib,0.5,2610,5450,1677,0.2627
ACH-000138,Trametinib,5.0,3839,4139,1978,0.3297
ACH-000138,Triamcinolone,5.0,1663,3558,1028,0.2452
ACH-000138,Triclosan,5.0,467,1967,260,0.1196
ACH-000138,Trifluridine,5.0,224,2110,129,0.0585
ACH-000138,Trimetrexate,5.0,386,2588,250,0.0918
ACH-000138,Tucidinostat,5.0,1993,8237,1706,0.2001
ACH-000138,Vilanterol,5.0,781,2235,501,0.1992
ACH-000138,Vinblastine (sulfate),5.0,1892,6016,1543,0.2424
ACH-000138,olaparib,0.05,6866,1455,124,0.0151
ACH-000139,(R)-Verapamil (hydrochloride),5.0,156,1441,101,0.0675
ACH-000139,18β-Glycyrrhetinic acid,5.0,363,1296,178,0.1202
ACH-000139,8-Hydroxyquinoline,5.0,246,1373,138,0.0932
ACH-000139,Abemaciclib,0.05,5277,1270,62,0.0096
ACH-000139,Acetohexamide,5.0,213,985,89,0.0803
ACH-000139,Adagrasib,0.05,2035,2249,911,0.2701
ACH-000139,Adenine,5.0,255,1176,137,0.1059
ACH-000139,Adenosine,5.0,357,1655,190,0.1043
ACH-000139,Afatinib,0.05,993,359,104,0.0833
ACH-000139,Afatinib,0.5,955,1866,291,0.115
ACH-000139,Afatinib,5.0,788,2088,318,0.1243
ACH-000139,Aliskiren,5.0,337,1173,191,0.1448
ACH-000139,Allantoin,5.0,685,1725,316,0.1509
ACH-000139,Almonertinib (hydrochloride),5.0,471,1333,210,0.1317
ACH-000139,Almonertinib (mesylate),0.05,201,348,32,0.0619
ACH-000139,Almonertinib (mesylate),0.5,534,1224,154,0.096
ACH-000139,Almonertinib (mesylate),5.0,447,893,115,0.0939
ACH-000139,Amsacrine,5.0,484,2099,301,0.1319
ACH-000139,Anethole trithione,5.0,651,2020,382,0.1669
ACH-000139,Artesunate,5.0,585,1724,373,0.1927
ACH-000139,Azithromycin (hydrate),5.0,498,1310,241,0.1538
ACH-000139,Baicalin,5.0,332,1553,209,0.1247
ACH-000139,Balsalazide (sodium hydrate),5.0,189,1355,129,0.0912
ACH-000139,Belumosudil,0.05,310,203,56,0.1225
ACH-000139,Belumosudil,0.5,463,503,78,0.0878
ACH-000139,Belumosudil,5.0,689,1072,153,0.0951
ACH-000139,Berbamine,0.5,1310,570,204,0.1217
ACH-000139,Berbamine,5.0,159,1439,94,0.0625
ACH-000139,Berbamine (dihydrochloride),0.05,582,183,65,0.0929
ACH-000139,Berbamine (dihydrochloride),0.5,590,419,84,0.0908
ACH-000139,Berbamine (dihydrochloride),5.0,579,856,100,0.0749
ACH-000139,Berberine (chloride hydrate),5.0,325,1821,188,0.096
ACH-000139,Bergenin,5.0,239,834,113,0.1177
ACH-000139,Bimatoprost,5.0,399,1333,168,0.1074
ACH-000139,Binimetinib,0.05,1698,1773,685,0.2459
ACH-000139,Binimetinib,0.5,1494,4165,826,0.1709
ACH-000139,Binimetinib,5.0,2008,687,400,0.1743
ACH-000139,Busulfan,5.0,491,1168,217,0.1505
ACH-000139,Captopril,0.05,1385,561,135,0.0745
ACH-000139,Cepharanthine,5.0,480,1317,247,0.1594
ACH-000139,Chlorhexidine (diacetate),0.5,1349,885,244,0.1226
ACH-000139,Chlorhexidine (diacetate),5.0,281,1471,174,0.1103
ACH-000139,Ciclopirox,5.0,331,1824,196,0.1001
ACH-000139,Clonidine (hydrochloride),5.0,334,2268,203,0.0846
ACH-000139,Clotrimazole,5.0,263,1510,136,0.0831
ACH-000139,Cloxacillin (sodium),5.0,302,985,133,0.1153
ACH-000139,Cysteamine (hydrochloride),5.0,195,952,94,0.0893
ACH-000139,Cytarabine,0.05,611,412,121,0.1341
ACH-000139,Cytarabine,0.5,438,330,55,0.0771
ACH-000139,Cytarabine,5.0,485,1092,167,0.1184
ACH-000139,DTP3,0.05,7426,2039,76,0.0081
ACH-000139,Daidzin,0.05,737,326,105,0.1096
ACH-000139,Daidzin,0.5,514,547,70,0.0706
ACH-000139,Daidzin,5.0,604,988,120,0.0815
ACH-000139,Darinaparsin,5.0,550,2436,352,0.1336
ACH-000139,Demeclocycline,5.0,311,809,88,0.0853
ACH-000139,Diammonium Glycyrrhizinate,5.0,283,1856,171,0.0869
ACH-000139,Docetaxel,5.0,337,1463,184,0.1139
ACH-000139,Elagolix sodium,5.0,476,1535,210,0.1166
ACH-000139,Flumatinib (mesylate),0.05,644,426,109,0.1134
ACH-000139,Flumatinib (mesylate),0.5,714,1279,195,0.1085
ACH-000139,Flumatinib (mesylate),5.0,529,669,122,0.1134
ACH-000139,Fluvoxamine (maleate),5.0,333,2284,220,0.0918
ACH-000139,Folic acid,5.0,99,1460,58,0.0386
ACH-000139,Fumaric acid,0.05,477,508,103,0.1168
ACH-000139,Fumaric acid,0.5,499,1443,159,0.0892
ACH-000139,Fumaric acid,5.0,567,1697,197,0.0953
ACH-000139,Furosemide,5.0,107,707,48,0.0627
ACH-000139,Fusidic acid,5.0,183,1431,126,0.0847
ACH-000139,Gallic acid,5.0,250,1270,141,0.1022
ACH-000139,Gallic acid (hydrate),5.0,388,1327,180,0.1173
ACH-000139,Gemfibrozil,5.0,566,1687,287,0.146
ACH-000139,Goserelin (acetate),5.0,368,1695,210,0.1133
ACH-000139,Hexylresorcinol,5.0,380,1413,222,0.1413
ACH-000139,Homoharringtonine,5.0,5876,6653,4313,0.525
ACH-000139,Hydroxyfasudil,0.05,371,1186,49,0.0325
ACH-000139,Idarubicin (hydrochloride),5.0,6773,9610,5295,0.4775
ACH-000139,Irinotecan (hydrochloride),0.05,1548,266,98,0.0571
ACH-000139,Irinotecan (hydrochloride),0.5,1260,931,230,0.1173
ACH-000139,Irinotecan (hydrochloride),5.0,1377,647,195,0.1066
ACH-000139,Isocorydine,5.0,411,1112,159,0.1166
ACH-000139,L-Thyroxine (sodium salt pentahydrate),5.0,304,1758,42,0.0208
ACH-000139,Larotrectinib,5.0,258,1140,129,0.1017
ACH-000139,Lenalidomide (hemihydrate),5.0,337,1594,225,0.1319
ACH-000139,Lidocaine (hydrochloride),5.0,793,2225,421,0.1621
ACH-000139,Lipoic acid,5.0,145,732,91,0.1158
ACH-000139,Lumateperone (tosylate),5.0,154,1014,100,0.0936
ACH-000139,Malotilate,0.05,2578,397,175,0.0625
ACH-000139,Medroxyprogesterone acetate,5.0,428,1796,211,0.1048
ACH-000139,Megestrol,5.0,351,1140,180,0.1373
ACH-000139,Methylprednisolone succinate,0.05,1822,801,38,0.0147
ACH-000139,Mitoxantrone (dihydrochloride),5.0,329,5573,240,0.0424
ACH-000139,Naproxen,0.05,191,211,28,0.0749
ACH-000139,Naproxen,0.5,324,856,88,0.0806
ACH-000139,Naproxen,5.0,317,195,49,0.1058
ACH-000139,Neratinib (maleate),5.0,488,2640,305,0.108
ACH-000139,Norepinephrine (hydrochloride),5.0,263,1930,146,0.0713
ACH-000139,Olanzapine,5.0,345,1885,218,0.1083
ACH-000139,Palmatine (chloride),5.0,215,1372,135,0.093
ACH-000139,Pasireotide (acetate),5.0,620,1622,280,0.1427
ACH-000139,Pentagastrin,5.0,281,1561,152,0.0899
ACH-000139,Pentamidine (isethionate),0.5,515,930,95,0.0704
ACH-000139,Pentamidine (isethionate),5.0,307,1760,164,0.0862
ACH-000139,Pralsetinib,0.05,1151,466,139,0.094
ACH-000139,Pravastatin (sodium),0.05,411,230,36,0.0595
ACH-000139,Pravastatin (sodium),0.5,462,419,72,0.089
ACH-000139,Pravastatin (sodium),5.0,847,961,227,0.1436
ACH-000139,Pyridoxine,5.0,293,1419,139,0.0884
ACH-000139,Pyridoxine (hydrochloride),5.0,224,1101,92,0.0746
ACH-000139,Quinestrol,5.0,266,1519,159,0.0978
ACH-000139,Radotinib,5.0,886,1850,478,0.2117
ACH-000139,Raltitrexed,5.0,288,1805,183,0.0958
ACH-000139,Rapamycin,5.0,398,2613,246,0.089
ACH-000139,Regorafenib,0.05,757,652,143,0.113
ACH-000139,Regorafenib,0.5,397,2453,164,0.0611
ACH-000139,Regorafenib,5.0,419,276,42,0.0643
ACH-000139,Relugolix,5.0,164,1087,74,0.0629
ACH-000139,Resveratrol,5.0,615,1829,231,0.1044
ACH-000139,Retinoic acid,5.0,465,1534,233,0.1319
ACH-000139,Riluzole hydrochloride,5.0,864,2376,472,0.1705
ACH-000139,Rimonabant,5.0,325,1277,193,0.137
ACH-000139,Ritonavir,5.0,374,1767,255,0.1352
ACH-000139,Ropivacaine (hydrochloride monohydrate),5.0,462,1596,298,0.1693
ACH-000139,S-Adenosyl-L-methionine (disulfate tosylate),5.0,552,2160,381,0.1634
ACH-000139,Salicylic acid,5.0,189,1771,110,0.0595
ACH-000139,Saquinavir,5.0,372,1997,200,0.0922
ACH-000139,Selinexor ,5.0,1379,4261,883,0.1856
ACH-000139,Sinomenine,5.0,330,1045,159,0.1308
ACH-000139,Sodium Salicylate,5.0,689,1766,287,0.1324
ACH-000139,Sonidegib,0.05,2721,1234,96,0.0249
ACH-000139,Sulfisoxazole,0.5,1041,868,163,0.0934
ACH-000139,Sulfisoxazole,5.0,280,1789,151,0.0787
ACH-000139,Temsirolimus,5.0,473,2133,312,0.136
ACH-000139,Terfenadine,0.5,1529,900,254,0.1168
ACH-000139,Terfenadine,5.0,469,1843,230,0.1105
ACH-000139,Thymol,5.0,400,725,131,0.1318
ACH-000139,Tofacitinib,5.0,371,1751,245,0.1305
ACH-000139,Tofacitinib (citrate),5.0,593,1678,298,0.151
ACH-000139,Tolcapone,5.0,250,2155,169,0.0756
ACH-000139,Topotecan (hydrochloride),0.05,616,192,59,0.0788
ACH-000139,Topotecan (hydrochloride),0.5,496,3336,285,0.0803
ACH-000139,Topotecan (hydrochloride),5.0,576,3287,264,0.0734
ACH-000139,Trametinib,0.05,1391,2203,527,0.1718
ACH-000139,Trametinib,0.5,1344,3707,695,0.1596
ACH-000139,Trametinib,5.0,2319,1864,714,0.2058
ACH-000139,Triamcinolone,5.0,935,2990,676,0.2081
ACH-000139,Triclosan,5.0,265,1445,156,0.1004
ACH-000139,Trifluridine,5.0,111,1442,67,0.0451
ACH-000139,Trimetrexate,5.0,239,2134,149,0.067
ACH-000139,Tucidinostat,5.0,1115,6469,936,0.1408
ACH-000139,Vilanterol,5.0,587,2186,406,0.1715
ACH-000139,Vinblastine (sulfate),5.0,773,3750,581,0.1474
ACH-000139,olaparib,0.05,133,940,8,0.0075
ACH-000148,(R)-Verapamil (hydrochloride),5.0,173,1828,98,0.0515
ACH-000148,18β-Glycyrrhetinic acid,5.0,369,1215,174,0.1234
ACH-000148,8-Hydroxyquinoline,5.0,606,1634,271,0.1376
ACH-000148,Abemaciclib,0.05,6835,648,48,0.0065
ACH-000148,Acetohexamide,5.0,527,1393,188,0.1085
ACH-000148,Adagrasib,0.05,2301,2802,1084,0.2697
ACH-000148,Adenine,5.0,591,1507,214,0.1136
ACH-000148,Adenosine,5.0,519,1816,246,0.1178
ACH-000148,Afatinib,0.05,1165,545,178,0.1162
ACH-000148,Afatinib,0.5,764,1817,309,0.136
ACH-000148,Afatinib,5.0,798,2915,371,0.111
ACH-000148,Aliskiren,5.0,254,1031,129,0.1116
ACH-000148,Allantoin,5.0,1170,1776,408,0.1608
ACH-000148,Almonertinib (hydrochloride),5.0,593,1126,216,0.1437
ACH-000148,Almonertinib (mesylate),0.05,548,450,78,0.0848
ACH-000148,Almonertinib (mesylate),0.5,951,2839,555,0.1716
ACH-000148,Almonertinib (mesylate),5.0,523,1520,166,0.0884
ACH-000148,Amsacrine,5.0,938,2194,454,0.1695
ACH-000148,Anethole trithione,5.0,570,2024,283,0.1225
ACH-000148,Artesunate,5.0,946,2319,592,0.2215
ACH-000148,Azithromycin (hydrate),5.0,583,1327,237,0.1417
ACH-000148,Baicalin,5.0,355,1923,201,0.0968
ACH-000148,Balsalazide (sodium hydrate),5.0,274,1393,131,0.0853
ACH-000148,Belumosudil,0.05,860,242,101,0.1009
ACH-000148,Belumosudil,0.5,1160,1456,349,0.1539
ACH-000148,Belumosudil,5.0,759,2462,291,0.0993
ACH-000148,Berbamine,0.5,996,929,226,0.133
ACH-000148,Berbamine,5.0,271,1966,169,0.0817
ACH-000148,Berbamine (dihydrochloride),0.05,832,284,115,0.1149
ACH-000148,Berbamine (dihydrochloride),0.5,519,586,93,0.0919
ACH-000148,Berbamine (dihydrochloride),5.0,660,1568,181,0.0884
ACH-000148,Berberine (chloride hydrate),5.0,300,1851,135,0.067
ACH-000148,Bergenin,5.0,305,858,137,0.1335
ACH-000148,Bimatoprost,5.0,594,1620,199,0.0988
ACH-000148,Binimetinib,0.05,1344,1869,564,0.2129
ACH-000148,Binimetinib,0.5,1810,4237,895,0.1737
ACH-000148,Binimetinib,5.0,3628,1062,611,0.1498
ACH-000148,Busulfan,5.0,603,1103,207,0.1381
ACH-000148,Captopril,0.05,797,634,116,0.0882
ACH-000148,Cepharanthine,5.0,687,1289,279,0.1644
ACH-000148,Chlorhexidine (diacetate),0.5,830,1041,193,0.115
ACH-000148,Chlorhexidine (diacetate),5.0,546,2876,383,0.126
ACH-000148,Ciclopirox,5.0,446,1650,239,0.1287
ACH-000148,Clonidine (hydrochloride),5.0,322,2414,185,0.0725
ACH-000148,Clotrimazole,5.0,361,1614,164,0.0906
ACH-000148,Cloxacillin (sodium),5.0,160,889,89,0.0927
ACH-000148,Cysteamine (hydrochloride),5.0,298,1164,107,0.079
ACH-000148,Cytarabine,0.05,955,320,105,0.0897
ACH-000148,Cytarabine,0.5,739,1190,232,0.1367
ACH-000148,Cytarabine,5.0,596,1727,233,0.1115
ACH-000148,Daidzin,0.05,742,376,105,0.1037
ACH-000148,Daidzin,0.5,831,642,130,0.0968
ACH-000148,Daidzin,5.0,593,1548,178,0.0907
ACH-000148,Darinaparsin,5.0,673,2575,375,0.1305
ACH-000148,Demeclocycline,5.0,400,1105,105,0.075
ACH-000148,Diammonium Glycyrrhizinate,5.0,336,2332,225,0.0921
ACH-000148,Docetaxel,5.0,1227,2258,518,0.1746
ACH-000148,Elagolix sodium,5.0,875,1903,280,0.1121
ACH-000148,Flumatinib (mesylate),0.05,628,493,116,0.1154
ACH-000148,Flumatinib (mesylate),0.5,1253,3082,684,0.1873
ACH-000148,Flumatinib (mesylate),5.0,431,1098,140,0.1008
ACH-000148,Fluvoxamine (maleate),5.0,387,2524,280,0.1064
ACH-000148,Folic acid,5.0,256,1515,106,0.0637
ACH-000148,Fumaric acid,0.05,643,606,101,0.088
ACH-000148,Fumaric acid,0.5,768,2213,364,0.1391
ACH-000148,Fumaric acid,5.0,743,2233,275,0.1018
ACH-000148,Furosemide,5.0,384,872,122,0.1076
ACH-000148,Fusidic acid,5.0,198,1178,110,0.0869
ACH-000148,Gallic acid,5.0,340,1538,171,0.1002
ACH-000148,Gallic acid (hydrate),5.0,401,1831,185,0.0904
ACH-000148,Gemfibrozil,5.0,574,2000,301,0.1324
ACH-000148,Goserelin (acetate),5.0,467,1691,230,0.1193
ACH-000148,Hexylresorcinol,5.0,525,1698,316,0.1657
ACH-000148,Homoharringtonine,5.0,8502,9889,6692,0.572
ACH-000148,Hydroxyfasudil,0.05,535,1088,68,0.0437
ACH-000148,Idarubicin (hydrochloride),5.0,8153,11604,6639,0.5061
ACH-000148,Irinotecan (hydrochloride),0.05,1528,342,137,0.0791
ACH-000148,Irinotecan (hydrochloride),0.5,2530,2037,693,0.1789
ACH-000148,Irinotecan (hydrochloride),5.0,2189,1227,443,0.149
ACH-000148,Isocorydine,5.0,603,1246,216,0.1323
ACH-000148,L-Thyroxine (sodium salt pentahydrate),5.0,232,1938,49,0.0231
ACH-000148,Larotrectinib,5.0,360,1450,165,0.1003
ACH-000148,Lenalidomide (hemihydrate),5.0,350,1602,219,0.1264
ACH-000148,Lidocaine (hydrochloride),5.0,1195,2401,465,0.1485
ACH-000148,Lipoic acid,5.0,217,892,113,0.1135
ACH-000148,Lumateperone (tosylate),5.0,232,1206,98,0.0731
ACH-000148,Malotilate,0.05,3723,379,217,0.0559
ACH-000148,Medroxyprogesterone acetate,5.0,875,2302,383,0.1371
ACH-000148,Megestrol,5.0,659,1568,264,0.1345
ACH-000148,Methylprednisolone succinate,0.05,6679,422,39,0.0055
ACH-000148,Mitoxantrone (dihydrochloride),5.0,725,6907,505,0.0709
ACH-000148,Naproxen,0.05,325,374,55,0.0854
ACH-000148,Naproxen,0.5,631,1631,214,0.1045
ACH-000148,Naproxen,5.0,216,381,54,0.0994
ACH-000148,Neratinib (maleate),5.0,453,2743,274,0.0938
ACH-000148,Norepinephrine (hydrochloride),5.0,552,1774,195,0.0915
ACH-000148,Olanzapine,5.0,560,1672,218,0.1082
ACH-000148,PF-06260933,0.05,7617,491,38,0.0047
ACH-000148,Palmatine (chloride),5.0,426,1660,190,0.1002
ACH-000148,Pasireotide (acetate),5.0,842,1406,311,0.1606
ACH-000148,Pentagastrin,5.0,348,1765,163,0.0836
ACH-000148,Pentamidine (isethionate),0.5,344,1428,116,0.07
ACH-000148,Pentamidine (isethionate),5.0,994,2272,399,0.1392
ACH-000148,Pralsetinib,0.05,1079,615,150,0.0972
ACH-000148,Pravastatin (sodium),0.05,569,256,57,0.0742
ACH-000148,Pravastatin (sodium),0.5,1185,801,229,0.1303
ACH-000148,Pravastatin (sodium),5.0,981,1439,302,0.1426
ACH-000148,Pyridoxine,5.0,449,1681,156,0.079
ACH-000148,Pyridoxine (hydrochloride),5.0,747,1714,276,0.1263
ACH-000148,Quinestrol,5.0,311,1697,211,0.1174
ACH-000148,Radotinib,5.0,1169,1666,488,0.2079
ACH-000148,Ralimetinib dimesylate,0.05,5402,750,47,0.0077
ACH-000148,Raltitrexed,5.0,334,1807,213,0.1105
ACH-000148,Rapamycin,5.0,760,2910,345,0.1038
ACH-000148,Regorafenib,0.05,705,619,142,0.1201
ACH-000148,Regorafenib,0.5,310,2934,155,0.0502
ACH-000148,Regorafenib,5.0,492,740,125,0.1129
ACH-000148,Relugolix,5.0,210,1156,100,0.079
ACH-000148,Resveratrol,5.0,662,2397,294,0.1063
ACH-000148,Retinoic acid,5.0,502,1977,314,0.145
ACH-000148,Riluzole hydrochloride,5.0,775,2753,458,0.1492
ACH-000148,Rimonabant,5.0,335,1054,151,0.122
ACH-000148,Ritonavir,5.0,478,1842,241,0.1159
ACH-000148,Ropivacaine (hydrochloride monohydrate),5.0,645,1817,416,0.2033
ACH-000148,S-Adenosyl-L-methionine (disulfate tosylate),5.0,482,3010,352,0.1121
ACH-000148,Salicylic acid,5.0,369,1491,139,0.0808
ACH-000148,Saquinavir,5.0,368,2024,153,0.0683
ACH-000148,Selinexor ,5.0,1894,5128,1158,0.1975
ACH-000148,Sinomenine,5.0,356,955,165,0.144
ACH-000148,Sodium Salicylate,5.0,929,2115,340,0.1257
ACH-000148,Sonidegib,0.05,288,1379,42,0.0258
ACH-000148,Sulfisoxazole,0.5,677,1307,165,0.0907
ACH-000148,Sulfisoxazole,5.0,220,1793,105,0.055
ACH-000148,Temsirolimus,5.0,523,2480,369,0.1401
ACH-000148,Terfenadine,0.5,538,1460,160,0.0871
ACH-000148,Terfenadine,5.0,707,2419,393,0.1438
ACH-000148,Thymol,5.0,684,764,170,0.133
ACH-000148,Tofacitinib,5.0,535,1912,278,0.1282
ACH-000148,Tofacitinib (citrate),5.0,599,1608,272,0.1406
ACH-000148,Tolcapone,5.0,285,3050,185,0.0587
ACH-000148,Topotecan (hydrochloride),0.05,895,358,111,0.0972
ACH-000148,Topotecan (hydrochloride),0.5,827,3203,432,0.1201
ACH-000148,Topotecan (hydrochloride),5.0,573,3532,261,0.0679
ACH-000148,Trametinib,0.05,1198,2568,542,0.1681
ACH-000148,Trametinib,0.5,2154,4526,1184,0.2154
ACH-000148,Trametinib,5.0,4730,2718,1382,0.2278
ACH-000148,Triamcinolone,5.0,1045,3058,675,0.1969
ACH-000148,Triclosan,5.0,502,1327,192,0.1173
ACH-000148,Trifluridine,5.0,252,1524,108,0.0647
ACH-000148,Trimetrexate,5.0,266,2521,151,0.0573
ACH-000148,Tucidinostat,5.0,1929,7357,1523,0.1962
ACH-000148,Vilanterol,5.0,530,2108,343,0.1495
ACH-000148,Vinblastine (sulfate),5.0,591,2498,327,0.1184
ACH-000148,c-Kit-IN-1,0.05,372,3894,146,0.0354
ACH-000164,(R)-Verapamil (hydrochloride),5.0,735,2427,392,0.1415
ACH-000164,18β-Glycyrrhetinic acid,5.0,1345,2400,580,0.1833
ACH-000164,8-Hydroxyquinoline,5.0,1081,3820,617,0.144
ACH-000164,Acetohexamide,5.0,946,2447,351,0.1154
ACH-000164,Adagrasib,0.05,7129,6212,3830,0.4027
ACH-000164,Adenine,5.0,1282,3378,633,0.1572
ACH-000164,Adenosine,5.0,1516,3191,772,0.1962
ACH-000164,Afatinib,0.05,3005,1553,606,0.1533
ACH-000164,Afatinib,0.5,3225,4495,1366,0.215
ACH-000164,Afatinib,5.0,2545,5866,1378,0.1959
ACH-000164,Aliskiren,5.0,1101,3194,546,0.1456
ACH-000164,Allantoin,5.0,2362,4250,1380,0.2638
ACH-000164,Almonertinib (hydrochloride),5.0,1484,2789,615,0.1681
ACH-000164,Almonertinib (mesylate),0.05,1139,1703,307,0.1211
ACH-000164,Almonertinib (mesylate),0.5,2033,4080,878,0.1677
ACH-000164,Almonertinib (mesylate),5.0,1673,3532,698,0.1549
ACH-000164,Amsacrine,5.0,2061,5397,1438,0.2389
ACH-000164,Anethole trithione,5.0,1751,4302,1109,0.2243
ACH-000164,Artesunate,5.0,2021,4293,1414,0.2886
ACH-000164,Azithromycin (hydrate),5.0,1847,2636,785,0.2123
ACH-000164,Baicalin,5.0,1491,3700,878,0.2036
ACH-000164,Balsalazide (sodium hydrate),5.0,1019,3449,548,0.1398
ACH-000164,Belumosudil,0.05,1575,1204,388,0.1623
ACH-000164,Belumosudil,0.5,1850,3521,778,0.1694
ACH-000164,Belumosudil,5.0,2246,4053,899,0.1665
ACH-000164,Berbamine,0.5,3744,1955,906,0.189
ACH-000164,Berbamine,5.0,862,3695,419,0.1013
ACH-000164,Berbamine (dihydrochloride),0.05,1920,1177,409,0.1522
ACH-000164,Berbamine (dihydrochloride),0.5,2193,2587,667,0.1622
ACH-000164,Berbamine (dihydrochloride),5.0,2585,3369,871,0.1714
ACH-000164,Berberine (chloride hydrate),5.0,1280,4289,763,0.1588
ACH-000164,Bergenin,5.0,1223,2524,486,0.149
ACH-000164,Bimatoprost,5.0,1187,3114,571,0.1531
ACH-000164,Binimetinib,0.05,3350,4762,1921,0.3103
ACH-000164,Binimetinib,0.5,4391,7284,2589,0.2849
ACH-000164,Binimetinib,5.0,5393,1778,1201,0.2012
ACH-000164,Busulfan,5.0,1651,3467,876,0.2065
ACH-000164,Captopril,0.05,2586,1955,523,0.1302
ACH-000164,Cepharanthine,5.0,1651,2422,692,0.2047
ACH-000164,Chlorhexidine (diacetate),0.5,3600,3068,1119,0.2017
ACH-000164,Chlorhexidine (diacetate),5.0,3138,6490,2164,0.2899
ACH-000164,Ciclopirox,5.0,1030,3397,542,0.1395
ACH-000164,Clonidine (hydrochloride),5.0,1246,5144,863,0.1561
ACH-000164,Clotrimazole,5.0,1299,3306,613,0.1536
ACH-000164,Cloxacillin (sodium),5.0,915,2334,450,0.1608
ACH-000164,Cysteamine (hydrochloride),5.0,663,3065,371,0.1105
ACH-000164,Cytarabine,0.05,2412,1362,437,0.131
ACH-000164,Cytarabine,0.5,1854,2117,437,0.1237
ACH-000164,Cytarabine,5.0,1337,3576,597,0.1383
ACH-000164,Daidzin,0.05,2204,1321,432,0.1397
ACH-000164,Daidzin,0.5,2094,2385,549,0.1397
ACH-000164,Daidzin,5.0,1714,3559,659,0.1428
ACH-000164,Darinaparsin,5.0,2061,4573,1340,0.2531
ACH-000164,Demeclocycline,5.0,1105,2098,392,0.1395
ACH-000164,Diammonium Glycyrrhizinate,5.0,1202,3966,683,0.1523
ACH-000164,Docetaxel,5.0,1768,4079,1016,0.2103
ACH-000164,Elagolix sodium,5.0,1645,3671,803,0.1779
ACH-000164,Flumatinib (mesylate),0.05,1592,1840,420,0.1394
ACH-000164,Flumatinib (mesylate),0.5,2237,4382,1022,0.1826
ACH-000164,Flumatinib (mesylate),5.0,1530,2929,544,0.139
ACH-000164,Fluvoxamine (maleate),5.0,938,3770,529,0.1266
ACH-000164,Folic acid,5.0,571,3608,316,0.0818
ACH-000164,Fumaric acid,0.05,2070,1931,524,0.1507
ACH-000164,Fumaric acid,0.5,2252,4073,963,0.1796
ACH-000164,Fumaric acid,5.0,2355,4660,1103,0.1866
ACH-000164,Furosemide,5.0,891,2093,339,0.1282
ACH-000164,Fusidic acid,5.0,1045,2995,620,0.1813
ACH-000164,Gallic acid,5.0,1026,3357,573,0.1504
ACH-000164,Gallic acid (hydrate),5.0,1802,2958,775,0.1945
ACH-000164,Gemfibrozil,5.0,1957,3201,874,0.204
ACH-000164,Goserelin (acetate),5.0,1238,3460,663,0.1643
ACH-000164,Hexylresorcinol,5.0,1476,3257,790,0.2004
ACH-000164,Homoharringtonine,5.0,11391,14009,9916,0.6404
ACH-000164,Hydroxyfasudil,0.05,5613,3399,239,0.0272
ACH-000164,Idarubicin (hydrochloride),5.0,11710,16512,10226,0.5682
ACH-000164,Irinotecan (hydrochloride),0.05,3617,1414,601,0.1357
ACH-000164,Irinotecan (hydrochloride),0.5,3877,3448,1264,0.2085
ACH-000164,Irinotecan (hydrochloride),5.0,4024,3191,1314,0.2227
ACH-000164,Isocorydine,5.0,1053,3054,507,0.1408
ACH-000164,L-Thyroxine (sodium salt pentahydrate),5.0,8130,3738,239,0.0206
ACH-000164,Larotrectinib,5.0,1277,2919,576,0.1591
ACH-000164,Lenalidomide (hemihydrate),5.0,990,3347,597,0.1596
ACH-000164,Lidocaine (hydrochloride),5.0,2511,4286,1400,0.2594
ACH-000164,Lipoic acid,5.0,996,2178,491,0.183
ACH-000164,Lumateperone (tosylate),5.0,889,2672,473,0.1532
ACH-000164,Malotilate,0.05,5736,1622,814,0.1244
ACH-000164,Medroxyprogesterone acetate,5.0,1634,3046,765,0.1954
ACH-000164,Megestrol,5.0,1510,2466,542,0.1578
ACH-000164,Mitoxantrone (dihydrochloride),5.0,1513,9894,1108,0.1076
ACH-000164,Naproxen,0.05,1083,1298,252,0.1184
ACH-000164,Naproxen,0.5,1388,2934,495,0.1293
ACH-000164,Naproxen,5.0,1240,983,255,0.1296
ACH-000164,Neratinib (maleate),5.0,1334,4519,792,0.1565
ACH-000164,Norepinephrine (hydrochloride),5.0,1345,3172,603,0.1541
ACH-000164,Olanzapine,5.0,1148,3786,724,0.172
ACH-000164,PF-06260933,0.05,12033,1723,58,0.0042
ACH-000164,Palmatine (chloride),5.0,959,3031,482,0.1374
ACH-000164,Pasireotide (acetate),5.0,1561,3823,731,0.1571
ACH-000164,Pentagastrin,5.0,984,3997,558,0.1262
ACH-000164,Pentamidine (isethionate),0.5,1648,3034,506,0.1212
ACH-000164,Pentamidine (isethionate),5.0,1924,3892,1085,0.2293
ACH-000164,Pralsetinib,0.05,2967,1651,581,0.1439
ACH-000164,Pravastatin (sodium),0.05,1747,1229,329,0.1243
ACH-000164,Pravastatin (sodium),0.5,2103,1995,526,0.1473
ACH-000164,Pravastatin (sodium),5.0,2627,3711,1082,0.2059
ACH-000164,Pyridoxine,5.0,1493,2839,641,0.1737
ACH-000164,Pyridoxine (hydrochloride),5.0,976,3329,486,0.1273
ACH-000164,Quinestrol,5.0,1165,3326,683,0.1794
ACH-000164,Radotinib,5.0,3265,3824,1625,0.2974
ACH-000164,Raltitrexed,5.0,988,4480,644,0.1335
ACH-000164,Rapamycin,5.0,1692,4310,919,0.1808
ACH-000164,Regorafenib,0.05,1860,2033,499,0.147
ACH-000164,Regorafenib,0.5,1616,4202,630,0.1214
ACH-000164,Regorafenib,5.0,1614,1631,386,0.135
ACH-000164,Relugolix,5.0,726,3214,358,0.0999
ACH-000164,Resveratrol,5.0,1775,3545,783,0.1726
ACH-000164,Retinoic acid,5.0,1326,3548,673,0.1602
ACH-000164,Riluzole hydrochloride,5.0,1869,5231,1198,0.203
ACH-000164,Rimonabant,5.0,1228,3287,712,0.1872
ACH-000164,Ritonavir,5.0,1427,3789,879,0.2027
ACH-000164,Ropivacaine (hydrochloride monohydrate),5.0,1400,3979,1026,0.2357
ACH-000164,S-Adenosyl-L-methionine (disulfate tosylate),5.0,1711,4734,1163,0.2202
ACH-000164,Salicylic acid,5.0,1297,2787,560,0.1589
ACH-000164,Saquinavir,5.0,1173,3117,527,0.14
ACH-000164,Selinexor ,5.0,2359,7050,1615,0.2072
ACH-000164,Sinomenine,5.0,1091,2217,507,0.181
ACH-000164,Sodium Salicylate,5.0,2432,3539,1033,0.2092
ACH-000164,Sonidegib,0.05,3367,2501,140,0.0244
ACH-000164,Sulfisoxazole,0.5,2501,2729,659,0.1442
ACH-000164,Sulfisoxazole,5.0,1141,3558,568,0.1375
ACH-000164,Temsirolimus,5.0,1556,4063,968,0.2081
ACH-000164,Terfenadine,0.5,2681,2993,816,0.168
ACH-000164,Terfenadine,5.0,1056,3824,563,0.1304
ACH-000164,Thymol,5.0,1708,1749,547,0.188
ACH-000164,Tofacitinib,5.0,1553,3139,693,0.1733
ACH-000164,Tofacitinib (citrate),5.0,1264,3000,677,0.1887
ACH-000164,Tolcapone,5.0,868,4323,562,0.1214
ACH-000164,Topotecan (hydrochloride),0.05,2520,1026,375,0.1183
ACH-000164,Topotecan (hydrochloride),0.5,1704,6179,1032,0.1506
ACH-000164,Topotecan (hydrochloride),5.0,2277,5598,1164,0.1734
ACH-000164,Trametinib,0.05,3016,4635,1565,0.2571
ACH-000164,Trametinib,0.5,3710,7604,2317,0.2575
ACH-000164,Trametinib,5.0,5786,5357,2486,0.2872
ACH-000164,Triamcinolone,5.0,2249,4065,1262,0.2498
ACH-000164,Triclosan,5.0,1309,2811,638,0.1832
ACH-000164,Trifluridine,5.0,898,4208,473,0.1021
ACH-000164,Trimetrexate,5.0,1189,3838,634,0.1443
ACH-000164,Tucidinostat,5.0,3621,9567,2903,0.2823
ACH-000164,Vilanterol,5.0,1282,3183,717,0.1913
ACH-000164,Vinblastine (sulfate),5.0,1539,4952,974,0.1765
ACH-000164,olaparib,0.05,11851,2381,110,0.0078
ACH-000178,(R)-Verapamil (hydrochloride),5.0,80,822,43,0.0501
ACH-000178,18β-Glycyrrhetinic acid,5.0,135,982,65,0.0618
ACH-000178,8-Hydroxyquinoline,5.0,163,874,90,0.095
ACH-000178,Abemaciclib,0.05,4535,2204,63,0.0094
ACH-000178,Acetohexamide,5.0,118,980,54,0.0517
ACH-000178,Adagrasib,0.05,2871,2630,1267,0.2992
ACH-000178,Adenine,5.0,148,652,62,0.084
ACH-000178,Adenosine,5.0,137,1065,73,0.0647
ACH-000178,Afatinib,0.05,1078,680,197,0.1262
ACH-000178,Afatinib,0.5,1620,1078,359,0.1535
ACH-000178,Afatinib,5.0,1289,1754,451,0.174
ACH-000178,Aliskiren,5.0,204,843,109,0.1162
ACH-000178,Allantoin,5.0,390,971,143,0.1174
ACH-000178,Almonertinib (hydrochloride),5.0,234,986,119,0.1081
ACH-000178,Almonertinib (mesylate),0.05,568,724,149,0.1304
ACH-000178,Almonertinib (mesylate),0.5,954,2316,368,0.1268
ACH-000178,Almonertinib (mesylate),5.0,973,1926,308,0.1189
ACH-000178,Amsacrine,5.0,219,1158,149,0.1213
ACH-000178,Anethole trithione,5.0,214,1082,121,0.103
ACH-000178,Artesunate,5.0,332,1661,234,0.133
ACH-000178,Azithromycin (hydrate),5.0,134,1070,82,0.0731
ACH-000178,Baicalin,5.0,127,917,79,0.0819
ACH-000178,Balsalazide (sodium hydrate),5.0,63,855,45,0.0515
ACH-000178,Belumosudil,0.05,761,477,151,0.1389
ACH-000178,Belumosudil,0.5,887,1748,294,0.1256
ACH-000178,Belumosudil,5.0,1410,2073,413,0.1345
ACH-000178,Berbamine,0.5,2375,341,188,0.0744
ACH-000178,Berbamine,5.0,102,779,58,0.0705
ACH-000178,Berbamine (dihydrochloride),0.05,1146,516,202,0.1384
ACH-000178,Berbamine (dihydrochloride),0.5,1297,1133,279,0.1297
ACH-000178,Berbamine (dihydrochloride),5.0,1730,1621,397,0.1344
ACH-000178,Berberine (chloride hydrate),5.0,113,941,77,0.0788
ACH-000178,Bergenin,5.0,139,550,55,0.0868
ACH-000178,Bimatoprost,5.0,225,829,79,0.081
ACH-000178,Binimetinib,0.05,1388,4337,916,0.1905
ACH-000178,Binimetinib,0.5,4034,3265,1567,0.2734
ACH-000178,Binimetinib,5.0,5071,587,490,0.0948
ACH-000178,Busulfan,5.0,291,1021,150,0.1291
ACH-000178,Captopril,0.05,1615,1187,276,0.1093
ACH-000178,Cepharanthine,5.0,190,862,90,0.0936
ACH-000178,Chlorhexidine (diacetate),0.5,2242,589,264,0.1028
ACH-000178,Chlorhexidine (diacetate),5.0,687,2403,490,0.1885
ACH-000178,Ciclopirox,5.0,169,990,84,0.0781
ACH-000178,Clonidine (hydrochloride),5.0,78,1501,53,0.0347
ACH-000178,Clotrimazole,5.0,169,956,88,0.0849
ACH-000178,Cloxacillin (sodium),5.0,78,674,45,0.0636
ACH-000178,Cysteamine (hydrochloride),5.0,74,679,37,0.0517
ACH-000178,Cytarabine,0.05,1248,806,242,0.1336
ACH-000178,Cytarabine,0.5,761,991,160,0.1005
ACH-000178,Cytarabine,5.0,767,1891,286,0.1206
ACH-000178,Daidzin,0.05,1442,564,229,0.1289
ACH-000178,Daidzin,0.5,980,1141,204,0.1064
ACH-000178,Daidzin,5.0,1043,1803,292,0.1143
ACH-000178,Darinaparsin,5.0,210,1653,145,0.0844
ACH-000178,Demeclocycline,5.0,123,484,37,0.0649
ACH-000178,Diammonium Glycyrrhizinate,5.0,163,1059,103,0.092
ACH-000178,Docetaxel,5.0,256,997,147,0.1329
ACH-000178,Elagolix sodium,5.0,252,979,105,0.0933
ACH-000178,Flumatinib (mesylate),0.05,1126,1010,272,0.1459
ACH-000178,Flumatinib (mesylate),0.5,1270,2720,510,0.1466
ACH-000178,Flumatinib (mesylate),5.0,989,1460,274,0.126
ACH-000178,Fluvoxamine (maleate),5.0,109,1197,79,0.0644
ACH-000178,Folic acid,5.0,107,885,51,0.0542
ACH-000178,Fumaric acid,0.05,1068,1080,273,0.1456
ACH-000178,Fumaric acid,0.5,1079,2307,364,0.1205
ACH-000178,Fumaric acid,5.0,1202,2794,465,0.1317
ACH-000178,Furosemide,5.0,77,469,37,0.0727
ACH-000178,Fusidic acid,5.0,54,900,41,0.0449
ACH-000178,Gallic acid,5.0,167,747,88,0.1065
ACH-000178,Gallic acid (hydrate),5.0,176,768,76,0.0876
ACH-000178,Gemfibrozil,5.0,207,1173,123,0.0979
ACH-000178,Goserelin (acetate),5.0,147,1039,74,0.0665
ACH-000178,Hexylresorcinol,5.0,140,854,90,0.0996
ACH-000178,Homoharringtonine,5.0,6022,8658,5106,0.5333
ACH-000178,Hydroxyfasudil,0.05,272,2085,49,0.0212
ACH-000178,Idarubicin (hydrochloride),5.0,3606,7027,2861,0.3681
ACH-000178,Irinotecan (hydrochloride),0.05,2289,584,250,0.0953
ACH-000178,Irinotecan (hydrochloride),0.5,2406,1853,617,0.1694
ACH-000178,Irinotecan (hydrochloride),5.0,2508,1567,582,0.1666
ACH-000178,Isocorydine,5.0,202,614,73,0.0983
ACH-000178,L-Thyroxine (sodium salt pentahydrate),5.0,92,1137,15,0.0124
ACH-000178,Larotrectinib,5.0,117,777,60,0.0719
ACH-000178,Lenalidomide (hemihydrate),5.0,190,1082,127,0.1109
ACH-000178,Lidocaine (hydrochloride),5.0,389,1532,205,0.1195
ACH-000178,Lipoic acid,5.0,92,446,54,0.1116
ACH-000178,Lumateperone (tosylate),5.0,78,874,48,0.0531
ACH-000178,Malotilate,0.05,4334,855,439,0.0924
ACH-000178,Medroxyprogesterone acetate,5.0,204,2023,136,0.065
ACH-000178,Megestrol,5.0,409,1407,231,0.1457
ACH-000178,Mitoxantrone (dihydrochloride),5.0,177,4770,137,0.0285
ACH-000178,Naproxen,0.05,671,537,104,0.0942
ACH-000178,Naproxen,0.5,605,1860,226,0.1009
ACH-000178,Naproxen,5.0,649,423,100,0.1029
ACH-000178,Neratinib (maleate),5.0,319,2057,198,0.0909
ACH-000178,Norepinephrine (hydrochloride),5.0,96,1182,51,0.0416
ACH-000178,Olanzapine,5.0,135,927,77,0.0782
ACH-000178,PF-06260933,0.05,3498,1145,35,0.0076
ACH-000178,Palmatine (chloride),5.0,94,982,65,0.0643
ACH-000178,Pasireotide (acetate),5.0,271,807,106,0.1091
ACH-000178,Pentagastrin,5.0,164,1186,98,0.0783
ACH-000178,Pentamidine (isethionate),0.5,941,648,133,0.0913
ACH-000178,Pentamidine (isethionate),5.0,352,1366,203,0.134
ACH-000178,Pralsetinib,0.05,545,908,138,0.1049
ACH-000178,Pravastatin (sodium),0.05,1151,539,157,0.1024
ACH-000178,Pravastatin (sodium),0.5,1088,1057,207,0.1068
ACH-000178,Pravastatin (sodium),5.0,1913,1818,577,0.1829
ACH-000178,Pyridoxine,5.0,156,1105,75,0.0632
ACH-000178,Pyridoxine (hydrochloride),5.0,122,702,55,0.0715
ACH-000178,Quinestrol,5.0,175,1051,119,0.1075
ACH-000178,Radotinib,5.0,355,1343,239,0.1638
ACH-000178,Raltitrexed,5.0,132,862,84,0.0923
ACH-000178,Rapamycin,5.0,244,2133,158,0.0712
ACH-000178,Regorafenib,0.05,261,1169,84,0.0624
ACH-000178,Regorafenib,0.5,907,979,190,0.112
ACH-000178,Regorafenib,5.0,1004,124,56,0.0522
ACH-000178,Relugolix,5.0,72,689,46,0.0643
ACH-000178,Resveratrol,5.0,245,1838,125,0.0638
ACH-000178,Retinoic acid,5.0,142,972,93,0.0911
ACH-000178,Riluzole hydrochloride,5.0,335,1548,180,0.1057
ACH-000178,Rimonabant,5.0,44,811,32,0.0389
ACH-000178,Ritonavir,5.0,116,1160,71,0.0589
ACH-000178,Ropivacaine (hydrochloride monohydrate),5.0,227,1050,169,0.1525
ACH-000178,S-Adenosyl-L-methionine (disulfate tosylate),5.0,136,1312,93,0.0686
ACH-000178,Salicylic acid,5.0,115,825,61,0.0694
ACH-000178,Saquinavir,5.0,193,1217,93,0.0706
ACH-000178,Selinexor ,5.0,751,3393,411,0.1101
ACH-000178,Sinomenine,5.0,164,713,91,0.1158
ACH-000178,Sodium Salicylate,5.0,291,1163,133,0.1007
ACH-000178,Sonidegib,0.05,231,2056,43,0.0192
ACH-000178,Sulfisoxazole,0.5,1879,595,157,0.0678
ACH-000178,Sulfisoxazole,5.0,146,925,68,0.0678
ACH-000178,Temsirolimus,5.0,302,1926,210,0.1041
ACH-000178,Terfenadine,0.5,2269,858,302,0.1069
ACH-000178,Terfenadine,5.0,234,1436,138,0.0901
ACH-000178,Thymol,5.0,209,526,64,0.0954
ACH-000178,Tofacitinib,5.0,158,1233,110,0.0859
ACH-000178,Tofacitinib (citrate),5.0,169,1027,84,0.0755
ACH-000178,Tolcapone,5.0,155,1475,101,0.0661
ACH-000178,Topotecan (hydrochloride),0.05,1362,443,138,0.0828
ACH-000178,Topotecan (hydrochloride),0.5,884,4150,498,0.1098
ACH-000178,Topotecan (hydrochloride),5.0,1363,4554,707,0.1357
ACH-000178,Trametinib,0.05,778,4581,469,0.0959
ACH-000178,Trametinib,0.5,3799,2566,1249,0.2441
ACH-000178,Trametinib,5.0,5457,967,700,0.1223
ACH-000178,Triamcinolone,5.0,632,2931,483,0.1568
ACH-000178,Triclosan,5.0,118,690,70,0.0949
ACH-000178,Trifluridine,5.0,70,789,35,0.0425
ACH-000178,Trimetrexate,5.0,134,1435,88,0.0594
ACH-000178,Tucidinostat,5.0,388,5586,306,0.054
ACH-000178,Vilanterol,5.0,135,1113,90,0.0777
ACH-000178,Vinblastine (sulfate),5.0,317,1410,168,0.1078
ACH-000178,c-Kit-IN-1,0.05,81,6356,34,0.0053
ACH-000178,olaparib,0.05,107,1629,13,0.0075
ACH-000222,(R)-Verapamil (hydrochloride),5.0,366,1968,245,0.1173
ACH-000222,18β-Glycyrrhetinic acid,5.0,621,1785,296,0.1403
ACH-000222,8-Hydroxyquinoline,5.0,381,2425,252,0.0987
ACH-000222,Acetohexamide,5.0,525,1816,237,0.1126
ACH-000222,Adagrasib,0.05,2812,3169,1339,0.2885
ACH-000222,Adenine,5.0,434,2230,289,0.1217
ACH-000222,Adenosine,5.0,781,2222,452,0.1772
ACH-000222,Afatinib,0.05,2088,458,189,0.0802
ACH-000222,Afatinib,0.5,1228,2327,452,0.1457
ACH-000222,Afatinib,5.0,907,4534,537,0.1095
ACH-000222,Aliskiren,5.0,511,1619,272,0.1464
ACH-000222,Allantoin,5.0,979,2229,524,0.1952
ACH-000222,Almonertinib (hydrochloride),5.0,775,1821,328,0.1446
ACH-000222,Almonertinib (mesylate),0.05,338,372,54,0.0823
ACH-000222,Almonertinib (mesylate),0.5,540,1225,188,0.1192
ACH-000222,Almonertinib (mesylate),5.0,657,968,139,0.0935
ACH-000222,Amsacrine,5.0,775,2744,507,0.1683
ACH-000222,Anethole trithione,5.0,851,2896,549,0.1717
ACH-000222,Artesunate,5.0,640,1811,432,0.214
ACH-000222,Azithromycin (hydrate),5.0,630,1467,271,0.1484
ACH-000222,Baicalin,5.0,623,2421,434,0.1663
ACH-000222,Balsalazide (sodium hydrate),5.0,373,1908,249,0.1225
ACH-000222,Belumosudil,0.05,373,273,67,0.1157
ACH-000222,Belumosudil,0.5,478,874,126,0.1028
ACH-000222,Belumosudil,5.0,898,1219,206,0.1078
ACH-000222,Berbamine,0.5,1202,984,274,0.1433
ACH-000222,Berbamine,5.0,415,1909,238,0.1141
ACH-000222,Berbamine (dihydrochloride),0.05,680,263,92,0.1081
ACH-000222,Berbamine (dihydrochloride),0.5,719,604,123,0.1025
ACH-000222,Berbamine (dihydrochloride),5.0,826,942,157,0.0975
ACH-000222,Berberine (chloride hydrate),5.0,536,2110,325,0.14
ACH-000222,Bergenin,5.0,548,1360,276,0.1691
ACH-000222,Bimatoprost,5.0,687,2290,341,0.1294
ACH-000222,Binimetinib,0.05,3414,2648,1534,0.3388
ACH-000222,Binimetinib,0.5,2924,6406,2123,0.2946
ACH-000222,Binimetinib,5.0,4118,2126,1518,0.3212
ACH-000222,Busulfan,5.0,679,1492,313,0.1685
ACH-000222,Captopril,0.05,927,687,136,0.092
ACH-000222,Cepharanthine,5.0,858,1710,443,0.2085
ACH-000222,Chlorhexidine (diacetate),0.5,1115,1425,337,0.153
ACH-000222,Chlorhexidine (diacetate),5.0,393,2240,267,0.1128
ACH-000222,Ciclopirox,5.0,629,2447,379,0.1405
ACH-000222,Clonidine (hydrochloride),5.0,622,3045,405,0.1242
ACH-000222,Clotrimazole,5.0,596,2386,337,0.1274
ACH-000222,Cloxacillin (sodium),5.0,382,1559,210,0.1213
ACH-000222,Cysteamine (hydrochloride),5.0,437,1537,248,0.1437
ACH-000222,Cytarabine,0.05,613,294,64,0.0759
ACH-000222,Cytarabine,0.5,503,297,63,0.0855
ACH-000222,Cytarabine,5.0,428,982,128,0.0998
ACH-000222,DTP3,0.05,8615,1801,91,0.0088
ACH-000222,Daidzin,0.05,782,268,107,0.1135
ACH-000222,Daidzin,0.5,595,742,120,0.0986
ACH-000222,Daidzin,5.0,905,928,171,0.1029
ACH-000222,Darinaparsin,5.0,748,2740,497,0.1662
ACH-000222,Demeclocycline,5.0,460,1172,164,0.1117
ACH-000222,Diammonium Glycyrrhizinate,5.0,554,2396,321,0.1221
ACH-000222,Docetaxel,5.0,762,2333,431,0.1618
ACH-000222,Elagolix sodium,5.0,573,2445,310,0.1145
ACH-000222,Flumatinib (mesylate),0.05,707,424,114,0.1121
ACH-000222,Flumatinib (mesylate),0.5,682,1213,176,0.1024
ACH-000222,Flumatinib (mesylate),5.0,583,907,156,0.1169
ACH-000222,Fluvoxamine (maleate),5.0,453,2203,307,0.1307
ACH-000222,Folic acid,5.0,318,2373,215,0.0868
ACH-000222,Fumaric acid,0.05,593,490,104,0.1062
ACH-000222,Fumaric acid,0.5,629,1196,199,0.1224
ACH-000222,Fumaric acid,5.0,742,1508,243,0.1211
ACH-000222,Furosemide,5.0,309,1243,165,0.119
ACH-000222,Fusidic acid,5.0,515,2162,370,0.1604
ACH-000222,Gallic acid,5.0,516,2265,329,0.1342
ACH-000222,Gallic acid (hydrate),5.0,728,1869,346,0.1537
ACH-000222,Gemfibrozil,5.0,681,1987,335,0.1436
ACH-000222,Goserelin (acetate),5.0,592,2321,366,0.1437
ACH-000222,Hexylresorcinol,5.0,691,2452,435,0.1606
ACH-000222,Homoharringtonine,5.0,7877,9909,6783,0.6165
ACH-000222,Hydroxyfasudil,0.05,542,1052,63,0.0411
ACH-000222,Idarubicin (hydrochloride),5.0,6267,9986,5084,0.4552
ACH-000222,Irinotecan (hydrochloride),0.05,1247,303,88,0.0602
ACH-000222,Irinotecan (hydrochloride),0.5,1745,1007,312,0.1279
ACH-000222,Irinotecan (hydrochloride),5.0,2538,533,218,0.0764
ACH-000222,Isocorydine,5.0,756,2051,295,0.1174
ACH-000222,L-Thyroxine (sodium salt pentahydrate),5.0,224,2445,48,0.0183
ACH-000222,Larotrectinib,5.0,472,1784,245,0.1218
ACH-000222,Lenalidomide (hemihydrate),5.0,447,1831,276,0.1379
ACH-000222,Lidocaine (hydrochloride),5.0,999,2640,517,0.1656
ACH-000222,Lipoic acid,5.0,455,1380,262,0.1666
ACH-000222,Lumateperone (tosylate),5.0,326,1858,201,0.1014
ACH-000222,Malotilate,0.05,2343,475,196,0.0748
ACH-000222,Medroxyprogesterone acetate,5.0,621,2735,401,0.1357
ACH-000222,Megestrol,5.0,703,2099,362,0.1484
ACH-000222,Methylprednisolone succinate,0.05,8291,724,44,0.0049
ACH-000222,Mitoxantrone (dihydrochloride),5.0,741,4548,509,0.1065
ACH-000222,Naproxen,0.05,271,314,50,0.0935
ACH-000222,Naproxen,0.5,354,833,99,0.091
ACH-000222,Naproxen,5.0,382,224,53,0.0958
ACH-000222,Neratinib (maleate),5.0,785,4556,543,0.1132
ACH-000222,Norepinephrine (hydrochloride),5.0,489,2218,243,0.0986
ACH-000222,Olanzapine,5.0,642,2391,408,0.1554
ACH-000222,PF-06260933,0.05,7787,515,39,0.0047
ACH-000222,Palmatine (chloride),5.0,439,1814,249,0.1243
ACH-000222,Pasireotide (acetate),5.0,1089,2595,611,0.1988
ACH-000222,Pentagastrin,5.0,497,2395,265,0.1009
ACH-000222,Pentamidine (isethionate),0.5,712,1672,188,0.0856
ACH-000222,Pentamidine (isethionate),5.0,472,2225,261,0.1071
ACH-000222,Pralsetinib,0.05,2170,336,164,0.07
ACH-000222,Pravastatin (sodium),0.05,518,259,66,0.0928
ACH-000222,Pravastatin (sodium),0.5,583,627,118,0.1081
ACH-000222,Pravastatin (sodium),5.0,1046,1121,272,0.1435
ACH-000222,Pyridoxine,5.0,704,2184,379,0.1511
ACH-000222,Pyridoxine (hydrochloride),5.0,443,2277,260,0.1057
ACH-000222,Quinestrol,5.0,615,2388,407,0.1568
ACH-000222,Radotinib,5.0,2561,4497,1824,0.3485
ACH-000222,Raltitrexed,5.0,486,2484,346,0.1319
ACH-000222,Rapamycin,5.0,995,3644,665,0.1673
ACH-000222,Regorafenib,0.05,1162,605,181,0.1141
ACH-000222,Regorafenib,0.5,593,2457,217,0.0766
ACH-000222,Regorafenib,5.0,530,1613,173,0.0878
ACH-000222,Relugolix,5.0,202,1851,130,0.0676
ACH-000222,Resveratrol,5.0,749,2719,374,0.1209
ACH-000222,Retinoic acid,5.0,789,2389,479,0.1775
ACH-000222,Riluzole hydrochloride,5.0,876,3230,603,0.1721
ACH-000222,Rimonabant,5.0,566,2106,380,0.1658
ACH-000222,Ritonavir,5.0,647,2362,425,0.1645
ACH-000222,Ropivacaine (hydrochloride monohydrate),5.0,692,2049,453,0.198
ACH-000222,S-Adenosyl-L-methionine (disulfate tosylate),5.0,763,2846,527,0.171
ACH-000222,Salicylic acid,5.0,517,1962,281,0.1278
ACH-000222,Saquinavir,5.0,545,1927,298,0.1371
ACH-000222,Selinexor ,5.0,2249,6099,1741,0.2635
ACH-000222,Sinomenine,5.0,476,1753,288,0.1484
ACH-000222,Sodium Salicylate,5.0,949,2563,445,0.1451
ACH-000222,Sonidegib,0.05,3803,1068,91,0.019
ACH-000222,Sulfisoxazole,0.5,935,1687,228,0.0952
ACH-000222,Sulfisoxazole,5.0,419,2340,253,0.101
ACH-000222,Temsirolimus,5.0,786,3047,559,0.1707
ACH-000222,Terfenadine,0.5,1428,1325,292,0.1187
ACH-000222,Terfenadine,5.0,722,2115,375,0.1523
ACH-000222,Thymol,5.0,658,1137,252,0.1633
ACH-000222,Tofacitinib,5.0,662,2345,385,0.1468
ACH-000222,Tofacitinib (citrate),5.0,862,2192,467,0.1805
ACH-000222,Tolcapone,5.0,479,3007,331,0.1049
ACH-000222,Topotecan (hydrochloride),0.05,658,216,72,0.0898
ACH-000222,Topotecan (hydrochloride),0.5,626,2153,306,0.1237
ACH-000222,Topotecan (hydrochloride),5.0,696,3037,335,0.0986
ACH-000222,Trametinib,0.05,2746,3916,1587,0.3127
ACH-000222,Trametinib,0.5,3274,6260,2358,0.3286
ACH-000222,Trametinib,5.0,4593,4193,2382,0.372
ACH-000222,Triamcinolone,5.0,1121,4000,853,0.1999
ACH-000222,Triclosan,5.0,494,2089,297,0.1299
ACH-000222,Trifluridine,5.0,221,1562,115,0.0689
ACH-000222,Trimetrexate,5.0,574,2611,339,0.1191
ACH-000222,Tucidinostat,5.0,888,6092,670,0.1062
ACH-000222,Vilanterol,5.0,430,1793,259,0.1319
ACH-000222,Vinblastine (sulfate),5.0,1029,3933,717,0.1689
ACH-000222,olaparib,0.05,3472,821,43,0.0101
ACH-000236,(R)-Verapamil (hydrochloride),5.0,254,1575,139,0.0822
ACH-000236,18β-Glycyrrhetinic acid,5.0,541,1904,256,0.1169
ACH-000236,8-Hydroxyquinoline,5.0,508,2082,238,0.1012
ACH-000236,Acetohexamide,5.0,416,1517,134,0.0745
ACH-000236,Adagrasib,0.05,2836,2996,1206,0.2607
ACH-000236,Adenine,5.0,532,2210,269,0.1088
ACH-000236,Adenosine,5.0,657,2314,352,0.1344
ACH-000236,Afatinib,0.05,1497,203,85,0.0526
ACH-000236,Afatinib,0.5,815,2457,284,0.095
ACH-000236,Afatinib,5.0,449,3745,226,0.057
ACH-000236,Aliskiren,5.0,348,1493,166,0.0991
ACH-000236,Allantoin,5.0,1209,2597,561,0.1729
ACH-000236,Almonertinib (hydrochloride),5.0,973,1885,352,0.1405
ACH-000236,Almonertinib (mesylate),0.05,145,253,18,0.0474
ACH-000236,Almonertinib (mesylate),0.5,313,1025,81,0.0644
ACH-000236,Almonertinib (mesylate),5.0,625,779,123,0.096
ACH-000236,Amsacrine,5.0,781,2482,443,0.1571
ACH-000236,Anethole trithione,5.0,1002,2715,488,0.1511
ACH-000236,Artesunate,5.0,934,2298,580,0.2187
ACH-000236,Azithromycin (hydrate),5.0,519,1756,241,0.1185
ACH-000236,Baicalin,5.0,587,2418,345,0.1297
ACH-000236,Balsalazide (sodium hydrate),5.0,286,2094,148,0.0663
ACH-000236,Belumosudil,0.05,312,97,25,0.0651
ACH-000236,Belumosudil,0.5,289,715,59,0.0624
ACH-000236,Belumosudil,5.0,774,894,159,0.1054
ACH-000236,Berbamine,0.5,1346,810,256,0.1347
ACH-000236,Berbamine,5.0,225,1999,104,0.0491
ACH-000236,Berbamine (dihydrochloride),0.05,518,209,74,0.1133
ACH-000236,Berbamine (dihydrochloride),0.5,707,514,91,0.0805
ACH-000236,Berbamine (dihydrochloride),5.0,715,715,95,0.0712
ACH-000236,Berberine (chloride hydrate),5.0,475,3070,274,0.0838
ACH-000236,Bergenin,5.0,536,1441,186,0.1039
ACH-000236,Bimatoprost,5.0,358,2075,156,0.0685
ACH-000236,Binimetinib,0.05,1657,1105,419,0.1788
ACH-000236,Binimetinib,0.5,1049,4788,614,0.1176
ACH-000236,Binimetinib,5.0,1526,1182,430,0.1888
ACH-000236,Busulfan,5.0,803,1706,322,0.1472
ACH-000236,Captopril,0.05,837,604,123,0.0933
ACH-000236,Cepharanthine,5.0,711,1881,324,0.1429
ACH-000236,Chlorhexidine (diacetate),0.5,911,1297,243,0.1237
ACH-000236,Chlorhexidine (diacetate),5.0,492,3028,342,0.1076
ACH-000236,Ciclopirox,5.0,606,2309,317,0.122
ACH-000236,Clonidine (hydrochloride),5.0,627,3352,354,0.0977
ACH-000236,Clotrimazole,5.0,422,1708,184,0.0946
ACH-000236,Cloxacillin (sodium),5.0,468,1348,202,0.1252
ACH-000236,Cysteamine (hydrochloride),5.0,289,1711,144,0.0776
ACH-000236,Cytarabine,0.05,569,158,48,0.0707
ACH-000236,Cytarabine,0.5,348,526,63,0.0777
ACH-000236,Cytarabine,5.0,333,904,90,0.0785
ACH-000236,Daidzin,0.05,520,214,63,0.0939
ACH-000236,Daidzin,0.5,335,712,68,0.0695
ACH-000236,Daidzin,5.0,672,816,110,0.0798
ACH-000236,Darinaparsin,5.0,646,2904,367,0.1153
ACH-000236,Demeclocycline,5.0,343,1112,107,0.0794
ACH-000236,Diammonium Glycyrrhizinate,5.0,445,2383,240,0.0927
ACH-000236,Docetaxel,5.0,547,2403,286,0.1074
ACH-000236,Elagolix sodium,5.0,819,2411,332,0.1146
ACH-000236,Flumatinib (mesylate),0.05,504,382,85,0.1061
ACH-000236,Flumatinib (mesylate),0.5,387,1525,129,0.0723
ACH-000236,Flumatinib (mesylate),5.0,443,533,90,0.1016
ACH-000236,Fluvoxamine (maleate),5.0,391,2730,270,0.0947
ACH-000236,Folic acid,5.0,303,2256,152,0.0631
ACH-000236,Fumaric acid,0.05,432,453,76,0.0939
ACH-000236,Fumaric acid,0.5,405,1457,125,0.072
ACH-000236,Fumaric acid,5.0,610,1513,186,0.096
ACH-000236,Furosemide,5.0,258,1166,96,0.0723
ACH-000236,Fusidic acid,5.0,366,1858,222,0.1109
ACH-000236,Gallic acid,5.0,458,1978,211,0.0948
ACH-000236,Gallic acid (hydrate),5.0,946,2128,407,0.1526
ACH-000236,Gemfibrozil,5.0,736,2272,387,0.1477
ACH-000236,Goserelin (acetate),5.0,835,2187,363,0.1365
ACH-000236,Hexylresorcinol,5.0,701,1613,340,0.1722
ACH-000236,Homoharringtonine,5.0,8138,10996,6971,0.5731
ACH-000236,Hydroxyfasudil,0.05,427,1139,46,0.0303
ACH-000236,Idarubicin (hydrochloride),5.0,7896,12146,6644,0.4959
ACH-000236,Irinotecan (hydrochloride),0.05,1478,221,79,0.0488
ACH-000236,Irinotecan (hydrochloride),0.5,970,929,187,0.1092
ACH-000236,Irinotecan (hydrochloride),5.0,1176,698,179,0.1056
ACH-000236,Isocorydine,5.0,595,1635,197,0.0969
ACH-000236,L-Thyroxine (sodium salt pentahydrate),5.0,308,2062,63,0.0273
ACH-000236,Larotrectinib,5.0,369,1527,150,0.0859
ACH-000236,Lenalidomide (hemihydrate),5.0,392,2039,203,0.0911
ACH-000236,Lidocaine (hydrochloride),5.0,1205,2895,570,0.1615
ACH-000236,Lipoic acid,5.0,410,1212,195,0.1367
ACH-000236,Lumateperone (tosylate),5.0,224,1628,111,0.0638
ACH-000236,Malotilate,0.05,2552,376,159,0.0574
ACH-000236,Medroxyprogesterone acetate,5.0,483,2034,195,0.084
ACH-000236,Megestrol,5.0,389,1396,142,0.0864
ACH-000236,Methylprednisolone succinate,0.05,7685,697,55,0.0066
ACH-000236,Mitoxantrone (dihydrochloride),5.0,645,7746,425,0.0534
ACH-000236,Naproxen,0.05,196,292,33,0.0725
ACH-000236,Naproxen,0.5,242,942,73,0.0657
ACH-000236,Naproxen,5.0,305,180,42,0.0948
ACH-000236,Neratinib (maleate),5.0,839,3929,525,0.1237
ACH-000236,Norepinephrine (hydrochloride),5.0,541,2183,203,0.0805
ACH-000236,Olanzapine,5.0,415,2248,232,0.0954
ACH-000236,PF-06260933,0.05,8410,506,36,0.0041
ACH-000236,Palmatine (chloride),5.0,236,1907,118,0.0583
ACH-000236,Pasireotide (acetate),5.0,806,2118,350,0.136
ACH-000236,Pentagastrin,5.0,419,2688,218,0.0755
ACH-000236,Pentamidine (isethionate),0.5,561,1524,126,0.0643
ACH-000236,Pentamidine (isethionate),5.0,672,2252,282,0.1067
ACH-000236,Pralsetinib,0.05,1665,278,106,0.0577
ACH-000236,Pravastatin (sodium),0.05,401,181,38,0.0699
ACH-000236,Pravastatin (sodium),0.5,478,525,82,0.089
ACH-000236,Pravastatin (sodium),5.0,828,920,217,0.1417
ACH-000236,Pyridoxine,5.0,573,1995,240,0.1031
ACH-000236,Pyridoxine (hydrochloride),5.0,612,2104,254,0.1032
ACH-000236,Quinestrol,5.0,400,1914,218,0.104
ACH-000236,Radotinib,5.0,1278,2491,681,0.2205
ACH-000236,Raltitrexed,5.0,342,2693,214,0.0759
ACH-000236,Rapamycin,5.0,883,2610,356,0.1135
ACH-000236,Regorafenib,0.05,892,719,158,0.1087
ACH-000236,Regorafenib,0.5,458,3200,199,0.0575
ACH-000236,Regorafenib,5.0,411,958,110,0.0874
ACH-000236,Relugolix,5.0,220,1794,96,0.0501
ACH-000236,Resveratrol,5.0,897,2190,371,0.1366
ACH-000236,Retinoic acid,5.0,744,2248,384,0.1472
ACH-000236,Riluzole hydrochloride,5.0,754,3736,513,0.129
ACH-000236,Rimonabant,5.0,479,1917,256,0.1196
ACH-000236,Ritonavir,5.0,333,2337,198,0.0801
ACH-000236,Ropivacaine (hydrochloride monohydrate),5.0,846,2250,514,0.1991
ACH-000236,S-Adenosyl-L-methionine (disulfate tosylate),5.0,865,3086,599,0.1787
ACH-000236,Salicylic acid,5.0,502,2066,253,0.1093
ACH-000236,Saquinavir,5.0,440,2395,209,0.0796
ACH-000236,Selinexor ,5.0,1592,5223,1071,0.1865
ACH-000236,Sinomenine,5.0,384,1347,194,0.1262
ACH-000236,Sodium Salicylate,5.0,1192,2164,430,0.147
ACH-000236,Sonidegib,0.05,3387,1007,72,0.0167
ACH-000236,Sulfisoxazole,0.5,1350,1268,213,0.0886
ACH-000236,Sulfisoxazole,5.0,456,1977,192,0.0857
ACH-000236,Temsirolimus,5.0,528,2177,330,0.1389
ACH-000236,Terfenadine,0.5,1026,1607,218,0.0903
ACH-000236,Terfenadine,5.0,935,2671,407,0.1272
ACH-000236,Thymol,5.0,743,1066,216,0.1356
ACH-000236,Tofacitinib,5.0,559,2242,269,0.1062
ACH-000236,Tofacitinib (citrate),5.0,835,1939,393,0.1651
ACH-000236,Tolcapone,5.0,271,3320,184,0.054
ACH-000236,Topotecan (hydrochloride),0.05,630,197,42,0.0535
ACH-000236,Topotecan (hydrochloride),0.5,334,3080,176,0.0544
ACH-000236,Topotecan (hydrochloride),5.0,713,2650,239,0.0765
ACH-000236,Trametinib,0.05,1971,1671,516,0.1651
ACH-000236,Trametinib,0.5,928,4961,538,0.1005
ACH-000236,Trametinib,5.0,1915,3442,806,0.1771
ACH-000236,Triamcinolone,5.0,1554,2413,739,0.2289
ACH-000236,Triclosan,5.0,638,1949,334,0.1482
ACH-000236,Trifluridine,5.0,282,2153,138,0.0601
ACH-000236,Trimetrexate,5.0,397,2953,233,0.0748
ACH-000236,Tucidinostat,5.0,2559,9975,2246,0.2183
ACH-000236,Vilanterol,5.0,539,2231,340,0.1399
ACH-000236,Vinblastine (sulfate),5.0,1064,2961,606,0.1772
ACH-000236,olaparib,0.05,6834,633,53,0.0071
ACH-000311,(R)-Verapamil (hydrochloride),5.0,0,2,0,0.0
ACH-000311,18β-Glycyrrhetinic acid,5.0,2,38,2,0.0526
ACH-000311,8-Hydroxyquinoline,5.0,2,10,2,0.2
ACH-000311,Acetohexamide,5.0,1,7,1,0.1429
ACH-000311,Adagrasib,0.05,18,3,2,0.1053
ACH-000311,Adenine,5.0,1,1,1,1.0
ACH-000311,Adenosine,5.0,0,5,0,0.0
ACH-000311,Afatinib,0.05,1,0,0,0.0
ACH-000311,Afatinib,0.5,2,2,0,0.0
ACH-000311,Afatinib,5.0,3,2,1,0.25
ACH-000311,Aliskiren,5.0,0,8,0,0.0
ACH-000311,Allantoin,5.0,0,2,0,0.0
ACH-000311,Almonertinib (hydrochloride),5.0,2,7,2,0.2857
ACH-000311,Almonertinib (mesylate),0.05,0,0,0,
ACH-000311,Almonertinib (mesylate),0.5,0,0,0,
ACH-000311,Almonertinib (mesylate),5.0,0,0,0,
ACH-000311,Amsacrine,5.0,2,4,2,0.5
ACH-000311,Anethole trithione,5.0,0,4,0,0.0
ACH-000311,Artesunate,5.0,0,5,0,0.0
ACH-000311,Azithromycin (hydrate),5.0,0,2,0,0.0
ACH-000311,Baicalin,5.0,0,2,0,0.0
ACH-000311,Balsalazide (sodium hydrate),5.0,0,1,0,0.0
ACH-000311,Belumosudil,0.05,0,0,0,
ACH-000311,Belumosudil,0.5,0,2,0,0.0
ACH-000311,Belumosudil,5.0,0,0,0,
ACH-000311,Berbamine,0.5,0,3,0,0.0
ACH-000311,Berbamine,5.0,0,2,0,0.0
ACH-000311,Berbamine (dihydrochloride),0.05,0,0,0,
ACH-000311,Berbamine (dihydrochloride),0.5,0,2,0,0.0
ACH-000311,Berbamine (dihydrochloride),5.0,0,0,0,
ACH-000311,Berberine (chloride hydrate),5.0,2,3,1,0.25
ACH-000311,Bergenin,5.0,1,2,0,0.0
ACH-000311,Bimatoprost,5.0,0,13,0,0.0
ACH-000311,Binimetinib,0.05,4,0,0,0.0
ACH-000311,Binimetinib,0.5,0,14,0,0.0
ACH-000311,Binimetinib,5.0,0,0,0,
ACH-000311,Busulfan,5.0,0,3,0,0.0
ACH-000311,Captopril,0.05,0,0,0,
ACH-000311,Cepharanthine,5.0,0,5,0,0.0
ACH-000311,Chlorhexidine (diacetate),0.5,0,3,0,0.0
ACH-000311,Chlorhexidine (diacetate),5.0,2,3,2,0.6667
ACH-000311,Ciclopirox,5.0,0,14,0,0.0
ACH-000311,Clonidine (hydrochloride),5.0,0,9,0,0.0
ACH-000311,Clotrimazole,5.0,0,5,0,0.0
ACH-000311,Cloxacillin (sodium),5.0,0,4,0,0.0
ACH-000311,Cysteamine (hydrochloride),5.0,1,3,0,0.0
ACH-000311,Cytarabine,0.05,0,0,0,
ACH-000311,Cytarabine,0.5,0,1,0,0.0
ACH-000311,Cytarabine,5.0,0,0,0,
ACH-000311,Daidzin,0.05,0,0,0,
ACH-000311,Daidzin,0.5,0,4,0,0.0
ACH-000311,Daidzin,5.0,0,0,0,
ACH-000311,Darinaparsin,5.0,0,8,0,0.0
ACH-000311,Demeclocycline,5.0,2,11,1,0.0833
ACH-000311,Diammonium Glycyrrhizinate,5.0,2,4,2,0.5
ACH-000311,Docetaxel,5.0,0,5,0,0.0
ACH-000311,Elagolix sodium,5.0,2,8,2,0.25
ACH-000311,Flumatinib (mesylate),0.05,0,0,0,
ACH-000311,Flumatinib (mesylate),0.5,0,3,0,0.0
ACH-000311,Flumatinib (mesylate),5.0,0,0,0,
ACH-000311,Fluvoxamine (maleate),5.0,0,6,0,0.0
ACH-000311,Folic acid,5.0,1,3,1,0.3333
ACH-000311,Fumaric acid,0.05,0,0,0,
ACH-000311,Fumaric acid,0.5,0,0,0,
ACH-000311,Fumaric acid,5.0,0,0,0,
ACH-000311,Furosemide,5.0,4,4,3,0.6
ACH-000311,Fusidic acid,5.0,0,13,0,0.0
ACH-000311,Gallic acid,5.0,0,8,0,0.0
ACH-000311,Gallic acid (hydrate),5.0,3,6,1,0.125
ACH-000311,Gemfibrozil,5.0,2,3,1,0.25
ACH-000311,Goserelin (acetate),5.0,2,3,0,0.0
ACH-000311,Hexylresorcinol,5.0,0,2,0,0.0
ACH-000311,Homoharringtonine,5.0,0,42,0,0.0
ACH-000311,Idarubicin (hydrochloride),5.0,0,4,0,0.0
ACH-000311,Irinotecan (hydrochloride),0.05,0,0,0,
ACH-000311,Irinotecan (hydrochloride),0.5,0,1,0,0.0
ACH-000311,Irinotecan (hydrochloride),5.0,0,0,0,
ACH-000311,Isocorydine,5.0,0,22,0,0.0
ACH-000311,Larotrectinib,5.0,0,7,0,0.0
ACH-000311,Lenalidomide (hemihydrate),5.0,2,4,2,0.5
ACH-000311,Lidocaine (hydrochloride),5.0,1,4,1,0.25
ACH-000311,Lipoic acid,5.0,0,1,0,0.0
ACH-000311,Lumateperone (tosylate),5.0,0,1,0,0.0
ACH-000311,Malotilate,0.05,0,0,0,
ACH-000311,Medroxyprogesterone acetate,5.0,0,8,0,0.0
ACH-000311,Megestrol,5.0,1,15,1,0.0667
ACH-000311,Mitoxantrone (dihydrochloride),5.0,0,2,0,0.0
ACH-000311,Naproxen,0.05,0,0,0,
ACH-000311,Naproxen,0.5,0,2,0,0.0
ACH-000311,Naproxen,5.0,0,2,0,0.0
ACH-000311,Neratinib (maleate),5.0,2,1,0,0.0
ACH-000311,Norepinephrine (hydrochloride),5.0,1,5,1,0.2
ACH-000311,Olanzapine,5.0,0,3,0,0.0
ACH-000311,Palmatine (chloride),5.0,0,6,0,0.0
ACH-000311,Pasireotide (acetate),5.0,0,1,0,0.0
ACH-000311,Pentagastrin,5.0,3,1,0,0.0
ACH-000311,Pentamidine (isethionate),0.5,0,2,0,0.0
ACH-000311,Pentamidine (isethionate),5.0,0,10,0,0.0
ACH-000311,Pralsetinib,0.05,1,0,0,0.0
ACH-000311,Pravastatin (sodium),0.05,0,0,0,
ACH-000311,Pravastatin (sodium),0.5,0,0,0,
ACH-000311,Pravastatin (sodium),5.0,0,0,0,
ACH-000311,Pyridoxine,5.0,2,3,2,0.6667
ACH-000311,Pyridoxine (hydrochloride),5.0,3,20,1,0.0455
ACH-000311,Quinestrol,5.0,1,24,0,0.0
ACH-000311,Radotinib,5.0,0,3,0,0.0
ACH-000311,Raltitrexed,5.0,0,4,0,0.0
ACH-000311,Rapamycin,5.0,0,2,0,0.0
ACH-000311,Regorafenib,0.05,1,0,0,0.0
ACH-000311,Regorafenib,0.5,0,2,0,0.0
ACH-000311,Regorafenib,5.0,0,0,0,
ACH-000311,Relugolix,5.0,1,1,0,0.0
ACH-000311,Resveratrol,5.0,2,5,1,0.1667
ACH-000311,Retinoic acid,5.0,0,5,0,0.0
ACH-000311,Riluzole hydrochloride,5.0,0,18,0,0.0
ACH-000311,Rimonabant,5.0,2,2,1,0.3333
ACH-000311,Ritonavir,5.0,0,4,0,0.0
ACH-000311,Ropivacaine (hydrochloride monohydrate),5.0,3,6,3,0.5
ACH-000311,S-Adenosyl-L-methionine (disulfate tosylate),5.0,0,2,0,0.0
ACH-000311,Salicylic acid,5.0,0,16,0,0.0
ACH-000311,Saquinavir,5.0,0,4,0,0.0
ACH-000311,Selinexor ,5.0,3,3,0,0.0
ACH-000311,Sinomenine,5.0,0,3,0,0.0
ACH-000311,Sodium Salicylate,5.0,1,10,1,0.1
ACH-000311,Sonidegib,0.05,3,0,0,0.0
ACH-000311,Sulfisoxazole,0.5,0,3,0,0.0
ACH-000311,Sulfisoxazole,5.0,2,5,2,0.4
ACH-000311,Temsirolimus,5.0,1,2,0,0.0
ACH-000311,Terfenadine,0.5,0,2,0,0.0
ACH-000311,Terfenadine,5.0,0,1,0,0.0
ACH-000311,Thymol,5.0,3,4,3,0.75
ACH-000311,Tofacitinib,5.0,1,6,1,0.1667
ACH-000311,Tofacitinib (citrate),5.0,0,4,0,0.0
ACH-000311,Tolcapone,5.0,0,2,0,0.0
ACH-000311,Topotecan (hydrochloride),0.05,0,0,0,
ACH-000311,Topotecan (hydrochloride),0.5,0,1,0,0.0
ACH-000311,Topotecan (hydrochloride),5.0,0,1,0,0.0
ACH-000311,Trametinib,0.05,2,1,0,0.0
ACH-000311,Trametinib,0.5,1,23,1,0.0435
ACH-000311,Trametinib,5.0,0,0,0,
ACH-000311,Triamcinolone,5.0,0,14,0,0.0
ACH-000311,Triclosan,5.0,0,8,0,0.0
ACH-000311,Trifluridine,5.0,0,5,0,0.0
ACH-000311,Trimetrexate,5.0,0,0,0,
ACH-000311,Tucidinostat,5.0,0,31,0,0.0
ACH-000311,Vilanterol,5.0,0,0,0,
ACH-000311,Vinblastine (sulfate),5.0,0,6,0,0.0
ACH-000348,(R)-Verapamil (hydrochloride),5.0,91,1152,62,0.0525
ACH-000348,18β-Glycyrrhetinic acid,5.0,106,1057,59,0.0534
ACH-000348,8-Hydroxyquinoline,5.0,162,1126,95,0.0796
ACH-000348,Abemaciclib,0.05,3565,820,39,0.009
ACH-000348,Acetohexamide,5.0,183,867,67,0.0682
ACH-000348,Adagrasib,0.05,1362,1488,557,0.2429
ACH-000348,Adenine,5.0,202,902,91,0.0898
ACH-000348,Adenosine,5.0,202,1472,107,0.0683
ACH-000348,Afatinib,0.05,684,161,62,0.0792
ACH-000348,Afatinib,0.5,509,1421,150,0.0843
ACH-000348,Afatinib,5.0,387,1812,166,0.0817
ACH-000348,Aliskiren,5.0,123,896,79,0.084
ACH-000348,Allantoin,5.0,388,1347,163,0.1037
ACH-000348,Almonertinib (hydrochloride),5.0,222,1171,126,0.0994
ACH-000348,Almonertinib (mesylate),0.05,189,173,24,0.071
ACH-000348,Almonertinib (mesylate),0.5,344,1066,115,0.0888
ACH-000348,Almonertinib (mesylate),5.0,397,599,85,0.0933
ACH-000348,Amsacrine,5.0,254,1645,175,0.1015
ACH-000348,Anethole trithione,5.0,259,1235,167,0.1258
ACH-000348,Artesunate,5.0,290,1400,192,0.1282
ACH-000348,Azithromycin (hydrate),5.0,206,973,116,0.1091
ACH-000348,Baicalin,5.0,155,1295,96,0.0709
ACH-000348,Balsalazide (sodium hydrate),5.0,97,920,50,0.0517
ACH-000348,Belumosudil,0.05,182,138,40,0.1429
ACH-000348,Belumosudil,0.5,252,746,66,0.0708
ACH-000348,Belumosudil,5.0,504,1000,118,0.0851
ACH-000348,Berbamine,0.5,844,323,110,0.1041
ACH-000348,Berbamine,5.0,109,1067,66,0.0595
ACH-000348,Berbamine (dihydrochloride),0.05,388,138,56,0.1191
ACH-000348,Berbamine (dihydrochloride),0.5,319,323,66,0.1146
ACH-000348,Berbamine (dihydrochloride),5.0,504,368,62,0.0765
ACH-000348,Berberine (chloride hydrate),5.0,105,1071,62,0.0557
ACH-000348,Bergenin,5.0,96,724,48,0.0622
ACH-000348,Bimatoprost,5.0,237,1407,110,0.0717
ACH-000348,Binimetinib,0.05,944,772,260,0.1786
ACH-000348,Binimetinib,0.5,854,3312,380,0.1004
ACH-000348,Binimetinib,5.0,1075,253,138,0.116
ACH-000348,Busulfan,5.0,251,674,98,0.1185
ACH-000348,Captopril,0.05,803,448,75,0.0638
ACH-000348,Cepharanthine,5.0,196,1033,109,0.0973
ACH-000348,Chlorhexidine (diacetate),0.5,693,526,93,0.0826
ACH-000348,Chlorhexidine (diacetate),5.0,104,1251,68,0.0528
ACH-000348,Ciclopirox,5.0,244,1532,124,0.0751
ACH-000348,Clonidine (hydrochloride),5.0,161,1514,116,0.0744
ACH-000348,Clotrimazole,5.0,240,1287,144,0.1041
ACH-000348,Cloxacillin (sodium),5.0,83,603,52,0.082
ACH-000348,Cysteamine (hydrochloride),5.0,122,805,63,0.0729
ACH-000348,Cytarabine,0.05,263,262,56,0.1194
ACH-000348,Cytarabine,0.5,295,264,34,0.0648
ACH-000348,Cytarabine,5.0,206,639,44,0.0549
ACH-000348,DTP3,0.05,94,1236,19,0.0145
ACH-000348,Daidzin,0.05,472,96,42,0.0798
ACH-000348,Daidzin,0.5,421,254,36,0.0563
ACH-000348,Daidzin,5.0,519,676,89,0.0805
ACH-000348,Darinaparsin,5.0,215,2035,134,0.0633
ACH-000348,Demeclocycline,5.0,109,464,28,0.0514
ACH-000348,Diammonium Glycyrrhizinate,5.0,136,1347,77,0.0548
ACH-000348,Docetaxel,5.0,398,1383,190,0.1194
ACH-000348,Elagolix sodium,5.0,262,1337,108,0.0724
ACH-000348,Flumatinib (mesylate),0.05,463,162,45,0.0776
ACH-000348,Flumatinib (mesylate),0.5,411,1593,164,0.0891
ACH-000348,Flumatinib (mesylate),5.0,274,587,80,0.1024
ACH-000348,Fluvoxamine (maleate),5.0,102,1561,75,0.0472
ACH-000348,Folic acid,5.0,129,964,59,0.0571
ACH-000348,Fumaric acid,0.05,309,352,68,0.1147
ACH-000348,Fumaric acid,0.5,287,1083,95,0.0745
ACH-000348,Fumaric acid,5.0,376,993,102,0.0805
ACH-000348,Furosemide,5.0,63,605,31,0.0487
ACH-000348,Fusidic acid,5.0,77,752,56,0.0724
ACH-000348,Gallic acid,5.0,114,969,73,0.0723
ACH-000348,Gallic acid (hydrate),5.0,213,1219,111,0.084
ACH-000348,Gemfibrozil,5.0,305,1418,157,0.1003
ACH-000348,Goserelin (acetate),5.0,211,1003,116,0.1056
ACH-000348,Hexylresorcinol,5.0,188,1225,132,0.103
ACH-000348,Homoharringtonine,5.0,6640,8977,5493,0.5426
ACH-000348,Hydroxyfasudil,0.05,451,748,37,0.0318
ACH-000348,Idarubicin (hydrochloride),5.0,4806,8376,3809,0.4064
ACH-000348,Irinotecan (hydrochloride),0.05,874,168,55,0.0557
ACH-000348,Irinotecan (hydrochloride),0.5,1016,823,175,0.1052
ACH-000348,Irinotecan (hydrochloride),5.0,1164,484,130,0.0856
ACH-000348,Isocorydine,5.0,214,703,89,0.1075
ACH-000348,L-Thyroxine (sodium salt pentahydrate),5.0,172,1084,27,0.022
ACH-000348,Larotrectinib,5.0,127,978,82,0.0802
ACH-000348,Lenalidomide (hemihydrate),5.0,137,999,80,0.0758
ACH-000348,Lidocaine (hydrochloride),5.0,519,1604,202,0.1052
ACH-000348,Lipoic acid,5.0,86,645,60,0.0894
ACH-000348,Lumateperone (tosylate),5.0,63,756,31,0.0393
ACH-000348,Malotilate,0.05,2117,293,108,0.0469
ACH-000348,Medroxyprogesterone acetate,5.0,240,1258,106,0.0761
ACH-000348,Megestrol,5.0,190,906,105,0.106
ACH-000348,Mitoxantrone (dihydrochloride),5.0,260,4348,186,0.0421
ACH-000348,Naproxen,0.05,151,192,22,0.0685
ACH-000348,Naproxen,0.5,191,613,50,0.0663
ACH-000348,Naproxen,5.0,180,128,26,0.0922
ACH-000348,Neratinib (maleate),5.0,255,2096,193,0.0894
ACH-000348,Norepinephrine (hydrochloride),5.0,144,1442,65,0.0427
ACH-000348,Olanzapine,5.0,165,1361,82,0.0568
ACH-000348,Palmatine (chloride),5.0,143,899,83,0.0865
ACH-000348,Pasireotide (acetate),5.0,466,1176,219,0.1539
ACH-000348,Pentagastrin,5.0,95,963,45,0.0444
ACH-000348,Pentamidine (isethionate),0.5,233,679,70,0.0831
ACH-000348,Pentamidine (isethionate),5.0,143,1292,70,0.0513
ACH-000348,Pralsetinib,0.05,904,245,63,0.058
ACH-000348,Pravastatin (sodium),0.05,378,163,43,0.0863
ACH-000348,Pravastatin (sodium),0.5,371,325,52,0.0807
ACH-000348,Pravastatin (sodium),5.0,636,486,120,0.1198
ACH-000348,Pyridoxine,5.0,184,1257,79,0.058
ACH-000348,Pyridoxine (hydrochloride),5.0,203,1029,83,0.0722
ACH-000348,Quinestrol,5.0,168,1216,95,0.0737
ACH-000348,Radotinib,5.0,668,2032,370,0.1588
ACH-000348,Raltitrexed,5.0,128,1142,97,0.0827
ACH-000348,Rapamycin,5.0,293,2493,179,0.0687
ACH-000348,Regorafenib,0.05,517,312,76,0.1009
ACH-000348,Regorafenib,0.5,295,2089,127,0.0563
ACH-000348,Regorafenib,5.0,334,196,41,0.0838
ACH-000348,Relugolix,5.0,90,697,53,0.0722
ACH-000348,Resveratrol,5.0,347,1808,155,0.0775
ACH-000348,Retinoic acid,5.0,237,1522,170,0.107
ACH-000348,Riluzole hydrochloride,5.0,397,1879,232,0.1135
ACH-000348,Rimonabant,5.0,129,892,83,0.0885
ACH-000348,Ritonavir,5.0,169,1483,110,0.0713
ACH-000348,Ropivacaine (hydrochloride monohydrate),5.0,206,1174,143,0.1156
ACH-000348,S-Adenosyl-L-methionine (disulfate tosylate),5.0,210,1647,146,0.0853
ACH-000348,Salicylic acid,5.0,175,1373,88,0.0603
ACH-000348,Saquinavir,5.0,173,1582,81,0.0484
ACH-000348,Selinexor ,5.0,922,3698,618,0.1544
ACH-000348,Sinomenine,5.0,130,795,88,0.1051
ACH-000348,Sodium Salicylate,5.0,377,1341,151,0.0964
ACH-000348,Sonidegib,0.05,212,971,23,0.0198
ACH-000348,Sulfisoxazole,0.5,582,577,85,0.0791
ACH-000348,Sulfisoxazole,5.0,94,1288,53,0.0399
ACH-000348,Temsirolimus,5.0,207,1847,169,0.0897
ACH-000348,Terfenadine,0.5,631,644,98,0.0833
ACH-000348,Terfenadine,5.0,211,1663,135,0.0776
ACH-000348,Thymol,5.0,219,684,74,0.0893
ACH-000348,Tofacitinib,5.0,218,1463,136,0.088
ACH-000348,Tofacitinib (citrate),5.0,203,1343,139,0.0988
ACH-000348,Tolcapone,5.0,112,1521,86,0.0556
ACH-000348,Topotecan (hydrochloride),0.05,406,183,33,0.0594
ACH-000348,Topotecan (hydrochloride),0.5,207,2560,124,0.0469
ACH-000348,Topotecan (hydrochloride),5.0,358,2496,185,0.0693
ACH-000348,Trametinib,0.05,654,1265,230,0.1362
ACH-000348,Trametinib,0.5,1038,3022,471,0.1312
ACH-000348,Trametinib,5.0,2354,1389,600,0.1909
ACH-000348,Triamcinolone,5.0,451,2079,312,0.1407
ACH-000348,Triclosan,5.0,154,1135,109,0.0924
ACH-000348,Trifluridine,5.0,82,1099,45,0.0396
ACH-000348,Trimetrexate,5.0,134,1604,81,0.0489
ACH-000348,Tucidinostat,5.0,819,6938,687,0.0972
ACH-000348,Vilanterol,5.0,78,1536,66,0.0426
ACH-000348,Vinblastine (sulfate),5.0,347,2617,269,0.0998
ACH-000348,c-Kit-IN-1,0.05,157,2732,41,0.0144
ACH-000348,olaparib,0.05,108,612,21,0.03
ACH-000389,(R)-Verapamil (hydrochloride),5.0,49,644,29,0.0437
ACH-000389,18β-Glycyrrhetinic acid,5.0,110,683,49,0.0659
ACH-000389,8-Hydroxyquinoline,5.0,127,516,53,0.0898
ACH-000389,Abemaciclib,0.05,123,332,11,0.0248
ACH-000389,Acetohexamide,5.0,107,659,31,0.0422
ACH-000389,Adagrasib,0.05,848,1150,333,0.2
ACH-000389,Adenine,5.0,115,397,48,0.1034
ACH-000389,Adenosine,5.0,73,1314,47,0.0351
ACH-000389,Afatinib,0.05,313,107,25,0.0633
ACH-000389,Afatinib,0.5,305,559,72,0.0909
ACH-000389,Afatinib,5.0,325,1093,104,0.0791
ACH-000389,Aliskiren,5.0,40,520,19,0.0351
ACH-000389,Allantoin,5.0,280,1133,100,0.0762
ACH-000389,Almonertinib (hydrochloride),5.0,390,684,108,0.1118
ACH-000389,Almonertinib (mesylate),0.05,105,132,20,0.0922
ACH-000389,Almonertinib (mesylate),0.5,173,1227,96,0.0736
ACH-000389,Almonertinib (mesylate),5.0,359,783,101,0.097
ACH-000389,Amsacrine,5.0,148,1246,56,0.0419
ACH-000389,Anethole trithione,5.0,252,529,91,0.1319
ACH-000389,Artesunate,5.0,440,1279,253,0.1726
ACH-000389,Azithromycin (hydrate),5.0,139,577,53,0.0799
ACH-000389,Baicalin,5.0,95,841,56,0.0636
ACH-000389,Balsalazide (sodium hydrate),5.0,40,615,19,0.0299
ACH-000389,Belumosudil,0.05,112,92,26,0.1461
ACH-000389,Belumosudil,0.5,160,388,44,0.0873
ACH-000389,Belumosudil,5.0,352,922,79,0.0661
ACH-000389,Berbamine,0.5,468,153,46,0.08
ACH-000389,Berbamine,5.0,82,796,50,0.0604
ACH-000389,Berbamine (dihydrochloride),0.05,148,55,25,0.1404
ACH-000389,Berbamine (dihydrochloride),0.5,167,273,34,0.0837
ACH-000389,Berbamine (dihydrochloride),5.0,381,484,64,0.0799
ACH-000389,Berberine (chloride hydrate),5.0,68,514,29,0.0524
ACH-000389,Bergenin,5.0,95,780,54,0.0658
ACH-000389,Bimatoprost,5.0,240,797,75,0.078
ACH-000389,Binimetinib,0.05,588,657,150,0.137
ACH-000389,Binimetinib,0.5,639,2368,280,0.1027
ACH-000389,Binimetinib,5.0,1826,180,124,0.0659
ACH-000389,Busulfan,5.0,240,454,56,0.0878
ACH-000389,Captopril,0.05,369,303,39,0.0616
ACH-000389,Cepharanthine,5.0,192,621,87,0.1198
ACH-000389,Chlorhexidine (diacetate),0.5,370,242,52,0.0929
ACH-000389,Chlorhexidine (diacetate),5.0,170,1668,125,0.073
ACH-000389,Ciclopirox,5.0,198,1506,102,0.0637
ACH-000389,Clonidine (hydrochloride),5.0,115,770,49,0.0586
ACH-000389,Clotrimazole,5.0,59,1025,32,0.0304
ACH-000389,Cloxacillin (sodium),5.0,89,527,36,0.0621
ACH-000389,Cysteamine (hydrochloride),5.0,96,445,33,0.065
ACH-000389,Cytarabine,0.05,193,195,44,0.1279
ACH-000389,Cytarabine,0.5,145,682,45,0.0575
ACH-000389,Cytarabine,5.0,77,876,34,0.037
ACH-000389,DTP3,0.05,91,745,15,0.0183
ACH-000389,Daidzin,0.05,217,98,31,0.1092
ACH-000389,Daidzin,0.5,260,277,34,0.0676
ACH-000389,Daidzin,5.0,306,576,52,0.0627
ACH-000389,Darinaparsin,5.0,160,1241,80,0.0606
ACH-000389,Demeclocycline,5.0,80,380,22,0.0502
ACH-000389,Diammonium Glycyrrhizinate,5.0,77,1085,51,0.0459
ACH-000389,Docetaxel,5.0,395,1153,182,0.1332
ACH-000389,Elagolix sodium,5.0,260,727,95,0.1065
ACH-000389,Flumatinib (mesylate),0.05,204,177,44,0.1306
ACH-000389,Flumatinib (mesylate),0.5,434,1308,164,0.1039
ACH-000389,Flumatinib (mesylate),5.0,175,450,57,0.1004
ACH-000389,Fluvoxamine (maleate),5.0,57,1086,39,0.0353
ACH-000389,Folic acid,5.0,98,417,27,0.0553
ACH-000389,Fumaric acid,0.05,139,192,25,0.0817
ACH-000389,Fumaric acid,0.5,212,774,78,0.0859
ACH-000389,Fumaric acid,5.0,318,978,96,0.08
ACH-000389,Furosemide,5.0,52,406,21,0.0481
ACH-000389,Fusidic acid,5.0,34,453,21,0.0451
ACH-000389,Gallic acid,5.0,142,584,55,0.082
ACH-000389,Gallic acid (hydrate),5.0,112,859,51,0.0554
ACH-000389,Gemfibrozil,5.0,164,1128,100,0.0839
ACH-000389,Goserelin (acetate),5.0,168,734,84,0.1027
ACH-000389,Hexylresorcinol,5.0,190,743,89,0.1055
ACH-000389,Homoharringtonine,5.0,3450,4220,2370,0.4472
ACH-000389,Hydroxyfasudil,0.05,203,447,21,0.0334
ACH-000389,Idarubicin (hydrochloride),5.0,3047,4526,1917,0.3389
ACH-000389,Irinotecan (hydrochloride),0.05,1168,108,45,0.0366
ACH-000389,Irinotecan (hydrochloride),0.5,1290,682,175,0.0974
ACH-000389,Irinotecan (hydrochloride),5.0,1403,633,178,0.0958
ACH-000389,Isocorydine,5.0,146,418,53,0.1037
ACH-000389,L-Thyroxine (sodium salt pentahydrate),5.0,214,710,35,0.0394
ACH-000389,Larotrectinib,5.0,58,573,23,0.0378
ACH-000389,Lenalidomide (hemihydrate),5.0,93,847,38,0.0421
ACH-000389,Lidocaine (hydrochloride),5.0,355,1161,130,0.0938
ACH-000389,Lipoic acid,5.0,69,335,28,0.0745
ACH-000389,Lumateperone (tosylate),5.0,65,393,30,0.0701
ACH-000389,Malotilate,0.05,2296,149,77,0.0325
ACH-000389,Medroxyprogesterone acetate,5.0,242,1800,132,0.0691
ACH-000389,Megestrol,5.0,169,654,70,0.093
ACH-000389,Methylprednisolone succinate,0.05,68,168,8,0.0351
ACH-000389,Mitoxantrone (dihydrochloride),5.0,206,1894,92,0.0458
ACH-000389,Naproxen,0.05,70,119,13,0.0739
ACH-000389,Naproxen,0.5,135,439,34,0.063
ACH-000389,Naproxen,5.0,57,118,15,0.0938
ACH-000389,Neratinib (maleate),5.0,265,1804,160,0.0838
ACH-000389,Norepinephrine (hydrochloride),5.0,97,893,42,0.0443
ACH-000389,Olanzapine,5.0,111,729,57,0.0728
ACH-000389,PF-06260933,0.05,140,135,15,0.0577
ACH-000389,Palmatine (chloride),5.0,105,681,44,0.0593
ACH-000389,Pasireotide (acetate),5.0,155,653,57,0.0759
ACH-000389,Pentagastrin,5.0,64,672,32,0.0455
ACH-000389,Pentamidine (isethionate),0.5,245,248,28,0.0602
ACH-000389,Pentamidine (isethionate),5.0,243,1104,108,0.0872
ACH-000389,Pralsetinib,0.05,516,146,34,0.0541
ACH-000389,Pravastatin (sodium),0.05,203,96,27,0.0993
ACH-000389,Pravastatin (sodium),0.5,277,320,49,0.0894
ACH-000389,Pravastatin (sodium),5.0,440,515,116,0.1383
ACH-000389,Pyridoxine,5.0,127,897,53,0.0546
ACH-000389,Pyridoxine (hydrochloride),5.0,178,272,45,0.1111
ACH-000389,Quinestrol,5.0,88,1038,58,0.0543
ACH-000389,Radotinib,5.0,252,755,105,0.1164
ACH-000389,Ralimetinib dimesylate,0.05,55,258,10,0.033
ACH-000389,Raltitrexed,5.0,117,628,70,0.1037
ACH-000389,Rapamycin,5.0,255,1404,104,0.0669
ACH-000389,Regorafenib,0.05,258,110,23,0.0667
ACH-000389,Regorafenib,0.5,150,906,50,0.0497
ACH-000389,Regorafenib,5.0,144,36,3,0.0169
ACH-000389,Relugolix,5.0,54,338,20,0.0538
ACH-000389,Resveratrol,5.0,253,1375,112,0.0739
ACH-000389,Retinoic acid,5.0,152,875,84,0.0891
ACH-000389,Riluzole hydrochloride,5.0,240,1274,121,0.0869
ACH-000389,Rimonabant,5.0,96,612,55,0.0842
ACH-000389,Ritonavir,5.0,74,727,39,0.0512
ACH-000389,Ropivacaine (hydrochloride monohydrate),5.0,205,722,107,0.1305
ACH-000389,S-Adenosyl-L-methionine (disulfate tosylate),5.0,154,1249,87,0.0661
ACH-000389,Salicylic acid,5.0,112,810,52,0.0598
ACH-000389,Saquinavir,5.0,158,967,62,0.0583
ACH-000389,Selinexor ,5.0,732,2713,414,0.1366
ACH-000389,Sinomenine,5.0,163,547,59,0.0906
ACH-000389,Sodium Salicylate,5.0,102,1182,57,0.0465
ACH-000389,Sonidegib,0.05,163,950,27,0.0249
ACH-000389,Sulfisoxazole,0.5,356,296,37,0.0602
ACH-000389,Sulfisoxazole,5.0,46,1093,21,0.0188
ACH-000389,Temsirolimus,5.0,123,1240,72,0.0558
ACH-000389,Terfenadine,0.5,398,442,77,0.1009
ACH-000389,Terfenadine,5.0,203,858,90,0.0927
ACH-000389,Thymol,5.0,177,397,36,0.0669
ACH-000389,Tofacitinib,5.0,99,728,42,0.0535
ACH-000389,Tofacitinib (citrate),5.0,211,760,82,0.0922
ACH-000389,Tolcapone,5.0,69,1370,43,0.0308
ACH-000389,Topotecan (hydrochloride),0.05,203,387,35,0.0631
ACH-000389,Topotecan (hydrochloride),0.5,101,1463,59,0.0392
ACH-000389,Topotecan (hydrochloride),5.0,204,1859,91,0.0461
ACH-000389,Trametinib,0.05,505,1243,173,0.1098
ACH-000389,Trametinib,0.5,1399,2629,613,0.1795
ACH-000389,Trametinib,5.0,2305,464,263,0.1049
ACH-000389,Triamcinolone,5.0,429,2743,341,0.1205
ACH-000389,Triclosan,5.0,136,966,52,0.0495
ACH-000389,Trifluridine,5.0,53,728,24,0.0317
ACH-000389,Trimetrexate,5.0,58,1416,37,0.0257
ACH-000389,Tucidinostat,5.0,252,4034,172,0.0418
ACH-000389,Vilanterol,5.0,150,1069,93,0.0826
ACH-000389,Vinblastine (sulfate),5.0,255,2069,196,0.0921
ACH-000389,c-Kit-IN-1,0.05,226,3518,72,0.0196
ACH-000389,olaparib,0.05,3201,705,11,0.0028
ACH-000396,(R)-Verapamil (hydrochloride),5.0,448,2148,245,0.1042
ACH-000396,18β-Glycyrrhetinic acid,5.0,618,2117,317,0.1311
ACH-000396,8-Hydroxyquinoline,5.0,671,2919,406,0.1275
ACH-000396,Acetohexamide,5.0,527,2182,212,0.0849
ACH-000396,Adagrasib,0.05,3939,3334,1717,0.309
ACH-000396,Adenine,5.0,641,2355,338,0.1272
ACH-000396,Adenosine,5.0,887,2918,491,0.1482
ACH-000396,Afatinib,0.05,1595,696,250,0.1225
ACH-000396,Afatinib,0.5,1178,3286,504,0.1273
ACH-000396,Afatinib,5.0,923,3917,464,0.106
ACH-000396,Aliskiren,5.0,529,2153,267,0.1106
ACH-000396,Allantoin,5.0,1350,3319,736,0.1871
ACH-000396,Almonertinib (hydrochloride),5.0,918,2292,389,0.1379
ACH-000396,Almonertinib (mesylate),0.05,515,549,100,0.1037
ACH-000396,Almonertinib (mesylate),0.5,960,2423,384,0.128
ACH-000396,Almonertinib (mesylate),5.0,596,1788,183,0.0831
ACH-000396,Amsacrine,5.0,1619,6391,1243,0.1837
ACH-000396,Anethole trithione,5.0,993,3363,634,0.1703
ACH-000396,Artesunate,5.0,1332,3827,953,0.2266
ACH-000396,Azithromycin (hydrate),5.0,922,1955,389,0.1564
ACH-000396,Baicalin,5.0,549,2901,357,0.1154
ACH-000396,Balsalazide (sodium hydrate),5.0,538,2887,301,0.0964
ACH-000396,Belumosudil,0.05,758,385,115,0.1119
ACH-000396,Belumosudil,0.5,812,1005,183,0.112
ACH-000396,Belumosudil,5.0,914,1686,240,0.1017
ACH-000396,Berbamine,0.5,1602,1461,491,0.1909
ACH-000396,Berbamine,5.0,338,2917,203,0.0665
ACH-000396,Berbamine (dihydrochloride),0.05,1090,448,203,0.1521
ACH-000396,Berbamine (dihydrochloride),0.5,1062,829,165,0.0956
ACH-000396,Berbamine (dihydrochloride),5.0,769,1168,150,0.0839
ACH-000396,Berberine (chloride hydrate),5.0,589,2790,331,0.1086
ACH-000396,Bergenin,5.0,677,2006,272,0.1128
ACH-000396,Bimatoprost,5.0,647,2585,335,0.1156
ACH-000396,Binimetinib,0.05,1724,1715,597,0.2101
ACH-000396,Binimetinib,0.5,1069,5044,604,0.1096
ACH-000396,Binimetinib,5.0,3148,1400,714,0.1862
ACH-000396,Busulfan,5.0,914,2277,390,0.1392
ACH-000396,Captopril,0.05,861,766,132,0.0883
ACH-000396,Cepharanthine,5.0,872,1834,395,0.1709
ACH-000396,Chlorhexidine (diacetate),0.5,1642,2013,466,0.1461
ACH-000396,Chlorhexidine (diacetate),5.0,457,3256,318,0.0937
ACH-000396,Ciclopirox,5.0,592,2641,343,0.1187
ACH-000396,Clonidine (hydrochloride),5.0,632,4099,437,0.1018
ACH-000396,Clotrimazole,5.0,726,2371,361,0.1319
ACH-000396,Cloxacillin (sodium),5.0,447,1726,251,0.1306
ACH-000396,Cysteamine (hydrochloride),5.0,504,2172,247,0.1017
ACH-000396,Cytarabine,0.05,1122,868,251,0.1443
ACH-000396,Cytarabine,0.5,692,1092,170,0.1053
ACH-000396,Cytarabine,5.0,701,1811,269,0.1199
ACH-000396,DTP3,0.05,8463,2611,110,0.01
ACH-000396,Daidzin,0.05,1028,717,217,0.142
ACH-000396,Daidzin,0.5,729,766,114,0.0825
ACH-000396,Daidzin,5.0,816,1638,216,0.0965
ACH-000396,Darinaparsin,5.0,1066,3325,640,0.1706
ACH-000396,Demeclocycline,5.0,578,1583,179,0.0903
ACH-000396,Diammonium Glycyrrhizinate,5.0,645,3041,339,0.1013
ACH-000396,Docetaxel,5.0,1328,3796,854,0.2
ACH-000396,Elagolix sodium,5.0,1096,2676,500,0.1528
ACH-000396,Flumatinib (mesylate),0.05,1112,771,183,0.1076
ACH-000396,Flumatinib (mesylate),0.5,1223,2749,487,0.1397
ACH-000396,Flumatinib (mesylate),5.0,732,929,152,0.1007
ACH-000396,Fluvoxamine (maleate),5.0,413,3315,292,0.085
ACH-000396,Folic acid,5.0,370,2534,209,0.0776
ACH-000396,Fumaric acid,0.05,934,949,221,0.133
ACH-000396,Fumaric acid,0.5,803,2136,268,0.1003
ACH-000396,Fumaric acid,5.0,900,2290,322,0.1123
ACH-000396,Furosemide,5.0,450,1453,190,0.1109
ACH-000396,Fusidic acid,5.0,424,2123,283,0.125
ACH-000396,Gallic acid,5.0,635,2543,365,0.1298
ACH-000396,Gallic acid (hydrate),5.0,885,2357,414,0.1464
ACH-000396,Gemfibrozil,5.0,1118,2596,568,0.1805
ACH-000396,Goserelin (acetate),5.0,583,2734,366,0.124
ACH-000396,Hexylresorcinol,5.0,877,2358,476,0.1725
ACH-000396,Homoharringtonine,5.0,9822,12087,8229,0.6015
ACH-000396,Hydroxyfasudil,0.05,406,1540,52,0.0275
ACH-000396,Idarubicin (hydrochloride),5.0,7829,12353,6499,0.475
ACH-000396,Irinotecan (hydrochloride),0.05,1829,513,178,0.0823
ACH-000396,Irinotecan (hydrochloride),0.5,2541,2038,602,0.1514
ACH-000396,Irinotecan (hydrochloride),5.0,2435,1570,511,0.1463
ACH-000396,Isocorydine,5.0,635,2632,318,0.1078
ACH-000396,L-Thyroxine (sodium salt pentahydrate),5.0,48,2770,10,0.0036
ACH-000396,Larotrectinib,5.0,566,2097,257,0.1068
ACH-000396,Lenalidomide (hemihydrate),5.0,494,2557,301,0.1095
ACH-000396,Lidocaine (hydrochloride),5.0,1640,3217,841,0.2094
ACH-000396,Lipoic acid,5.0,574,1661,291,0.1497
ACH-000396,Lumateperone (tosylate),5.0,421,2075,251,0.1118
ACH-000396,Malotilate,0.05,3842,623,303,0.0728
ACH-000396,Medroxyprogesterone acetate,5.0,925,2712,467,0.1473
ACH-000396,Megestrol,5.0,476,1847,246,0.1184
ACH-000396,Methylprednisolone succinate,0.05,7061,1255,66,0.008
ACH-000396,Mitoxantrone (dihydrochloride),5.0,983,8956,711,0.077
ACH-000396,Naproxen,0.05,500,486,86,0.0956
ACH-000396,Naproxen,0.5,540,1457,172,0.0942
ACH-000396,Naproxen,5.0,510,296,67,0.0907
ACH-000396,Neratinib (maleate),5.0,847,4885,597,0.1163
ACH-000396,Norepinephrine (hydrochloride),5.0,604,2400,267,0.0976
ACH-000396,Olanzapine,5.0,621,2920,390,0.1238
ACH-000396,PF-06260933,0.05,8267,997,45,0.0049
ACH-000396,Palmatine (chloride),5.0,485,2287,277,0.111
ACH-000396,Pasireotide (acetate),5.0,961,2892,506,0.1512
ACH-000396,Pentagastrin,5.0,493,3100,265,0.0796
ACH-000396,Pentamidine (isethionate),0.5,726,2371,266,0.094
ACH-000396,Pentamidine (isethionate),5.0,800,2801,373,0.1156
ACH-000396,Pralsetinib,0.05,1506,613,186,0.0962
ACH-000396,Pravastatin (sodium),0.05,727,487,125,0.1148
ACH-000396,Pravastatin (sodium),0.5,775,719,141,0.1042
ACH-000396,Pravastatin (sodium),5.0,1029,1275,277,0.1367
ACH-000396,Pyridoxine,5.0,764,2526,326,0.11
ACH-000396,Pyridoxine (hydrochloride),5.0,603,2324,346,0.1341
ACH-000396,Quinestrol,5.0,658,2591,404,0.142
ACH-000396,Radotinib,5.0,1234,2792,701,0.2108
ACH-000396,Raltitrexed,5.0,454,3558,335,0.0911
ACH-000396,Rapamycin,5.0,946,3734,516,0.1239
ACH-000396,Regorafenib,0.05,883,1122,199,0.1102
ACH-000396,Regorafenib,0.5,632,3089,273,0.0792
ACH-000396,Regorafenib,5.0,734,1049,191,0.12
ACH-000396,Relugolix,5.0,360,2244,180,0.0743
ACH-000396,Resveratrol,5.0,1170,2946,534,0.1491
ACH-000396,Retinoic acid,5.0,839,3136,523,0.1515
ACH-000396,Riluzole hydrochloride,5.0,1449,4206,866,0.1808
ACH-000396,Rimonabant,5.0,647,2311,395,0.1541
ACH-000396,Ritonavir,5.0,561,2936,347,0.1102
ACH-000396,Ropivacaine (hydrochloride monohydrate),5.0,953,3086,653,0.1929
ACH-000396,S-Adenosyl-L-methionine (disulfate tosylate),5.0,754,3567,545,0.1443
ACH-000396,Salicylic acid,5.0,648,2068,332,0.1393
ACH-000396,Saquinavir,5.0,654,2584,319,0.1093
ACH-000396,Selinexor ,5.0,2164,8493,1566,0.1723
ACH-000396,Sinomenine,5.0,513,1719,258,0.1307
ACH-000396,Sodium Salicylate,5.0,1459,2740,626,0.1752
ACH-000396,Sonidegib,0.05,8119,2054,70,0.0069
ACH-000396,Sulfisoxazole,0.5,1227,2096,325,0.1084
ACH-000396,Sulfisoxazole,5.0,499,2925,273,0.0866
ACH-000396,Temsirolimus,5.0,701,3180,463,0.1355
ACH-000396,Terfenadine,0.5,965,2208,313,0.1094
ACH-000396,Terfenadine,5.0,760,3081,393,0.114
ACH-000396,Thymol,5.0,997,1507,337,0.1555
ACH-000396,Tofacitinib,5.0,808,2733,478,0.1561
ACH-000396,Tofacitinib (citrate),5.0,869,2717,461,0.1475
ACH-000396,Tolcapone,5.0,456,3612,296,0.0785
ACH-000396,Topotecan (hydrochloride),0.05,1046,588,151,0.1018
ACH-000396,Topotecan (hydrochloride),0.5,877,5589,577,0.098
ACH-000396,Topotecan (hydrochloride),5.0,910,3854,424,0.0977
ACH-000396,Trametinib,0.05,1671,1826,507,0.1696
ACH-000396,Trametinib,0.5,1865,5592,1124,0.1775
ACH-000396,Trametinib,5.0,4275,3982,1716,0.2623
ACH-000396,Triamcinolone,5.0,1321,3536,828,0.2055
ACH-000396,Triclosan,5.0,682,2453,390,0.1421
ACH-000396,Trifluridine,5.0,398,3150,225,0.0677
ACH-000396,Trimetrexate,5.0,669,3236,363,0.1025
ACH-000396,Tucidinostat,5.0,2087,9292,1765,0.1836
ACH-000396,Vilanterol,5.0,611,2544,364,0.1304
ACH-000396,Vinblastine (sulfate),5.0,758,3092,487,0.1448
ACH-000396,c-Kit-IN-1,0.05,6652,3389,86,0.0086
ACH-000396,olaparib,0.05,7526,1456,48,0.0054
ACH-000437,(R)-Verapamil (hydrochloride),5.0,0,61,0,0.0
ACH-000437,18β-Glycyrrhetinic acid,5.0,43,133,15,0.0932
ACH-000437,8-Hydroxyquinoline,5.0,10,28,5,0.1515
ACH-000437,Abemaciclib,0.05,30,3,3,0.1
ACH-000437,Acetohexamide,5.0,4,60,2,0.0323
ACH-000437,Adagrasib,0.05,38,55,16,0.2078
ACH-000437,Adenine,5.0,6,8,3,0.2727
ACH-000437,Adenosine,5.0,1,90,1,0.0111
ACH-000437,Afatinib,0.05,43,2,2,0.0465
ACH-000437,Afatinib,0.5,3,58,2,0.0339
ACH-000437,Afatinib,5.0,3,133,3,0.0226
ACH-000437,Aliskiren,5.0,5,38,4,0.1026
ACH-000437,Allantoin,5.0,40,37,11,0.1667
ACH-000437,Almonertinib (hydrochloride),5.0,91,83,19,0.1226
ACH-000437,Almonertinib (mesylate),0.05,0,0,0,
ACH-000437,Almonertinib (mesylate),0.5,1,30,0,0.0
ACH-000437,Almonertinib (mesylate),5.0,12,0,0,0.0
ACH-000437,Amsacrine,5.0,6,128,5,0.0388
ACH-000437,Anethole trithione,5.0,21,37,9,0.1837
ACH-000437,Artesunate,5.0,8,76,6,0.0769
ACH-000437,Azithromycin (hydrate),5.0,39,121,11,0.0738
ACH-000437,Baicalin,5.0,6,36,3,0.0769
ACH-000437,Balsalazide (sodium hydrate),5.0,2,27,1,0.0357
ACH-000437,Belumosudil,0.05,1,1,1,1.0
ACH-000437,Belumosudil,0.5,1,1,0,0.0
ACH-000437,Belumosudil,5.0,0,2,0,0.0
ACH-000437,Berbamine,0.5,1,12,0,0.0
ACH-000437,Berbamine,5.0,11,35,5,0.122
ACH-000437,Berbamine (dihydrochloride),0.05,4,3,2,0.4
ACH-000437,Berbamine (dihydrochloride),0.5,1,4,1,0.25
ACH-000437,Berbamine (dihydrochloride),5.0,5,3,2,0.3333
ACH-000437,Berberine (chloride hydrate),5.0,4,14,2,0.125
ACH-000437,Bergenin,5.0,11,19,2,0.0714
ACH-000437,Bimatoprost,5.0,5,89,4,0.0444
ACH-000437,Binimetinib,0.05,231,5,4,0.0172
ACH-000437,Binimetinib,0.5,1,575,1,0.0017
ACH-000437,Binimetinib,5.0,33,28,6,0.1091
ACH-000437,Busulfan,5.0,10,38,8,0.2
ACH-000437,Captopril,0.05,48,2,1,0.0204
ACH-000437,Cepharanthine,5.0,20,176,6,0.0316
ACH-000437,Chlorhexidine (diacetate),0.5,2,51,2,0.0392
ACH-000437,Chlorhexidine (diacetate),5.0,20,40,13,0.2766
ACH-000437,Ciclopirox,5.0,18,145,7,0.0449
ACH-000437,Clonidine (hydrochloride),5.0,5,78,2,0.0247
ACH-000437,Clotrimazole,5.0,14,134,7,0.0496
ACH-000437,Cloxacillin (sodium),5.0,26,14,5,0.1429
ACH-000437,Cysteamine (hydrochloride),5.0,3,20,2,0.0952
ACH-000437,Cytarabine,0.05,3,1,1,0.3333
ACH-000437,Cytarabine,0.5,1,1,1,1.0
ACH-000437,Cytarabine,5.0,4,8,0,0.0
ACH-000437,DTP3,0.05,57,7,5,0.0847
ACH-000437,Daidzin,0.05,2,0,0,0.0
ACH-000437,Daidzin,0.5,0,3,0,0.0
ACH-000437,Daidzin,5.0,2,3,1,0.25
ACH-000437,Darinaparsin,5.0,5,162,2,0.0121
ACH-000437,Demeclocycline,5.0,5,77,4,0.0513
ACH-000437,Diammonium Glycyrrhizinate,5.0,14,33,9,0.2368
ACH-000437,Docetaxel,5.0,59,141,13,0.0695
ACH-000437,Elagolix sodium,5.0,26,34,5,0.0909
ACH-000437,Flumatinib (mesylate),0.05,3,4,1,0.1667
ACH-000437,Flumatinib (mesylate),0.5,2,3,1,0.25
ACH-000437,Flumatinib (mesylate),5.0,3,2,0,0.0
ACH-000437,Fluvoxamine (maleate),5.0,14,88,6,0.0625
ACH-000437,Folic acid,5.0,17,23,4,0.1111
ACH-000437,Fumaric acid,0.05,3,1,0,0.0
ACH-000437,Fumaric acid,0.5,3,1,0,0.0
ACH-000437,Fumaric acid,5.0,1,6,1,0.1667
ACH-000437,Furosemide,5.0,1,14,1,0.0714
ACH-000437,Fusidic acid,5.0,1,51,1,0.0196
ACH-000437,Gallic acid,5.0,6,8,1,0.0769
ACH-000437,Gallic acid (hydrate),5.0,26,143,15,0.0974
ACH-000437,Gemfibrozil,5.0,22,155,11,0.0663
ACH-000437,Goserelin (acetate),5.0,34,21,3,0.0577
ACH-000437,Hexylresorcinol,5.0,9,10,3,0.1875
ACH-000437,Homoharringtonine,5.0,1996,2525,1369,0.4343
ACH-000437,Hydroxyfasudil,0.05,82,2,2,0.0244
ACH-000437,Idarubicin (hydrochloride),5.0,911,1660,601,0.3051
ACH-000437,Irinotecan (hydrochloride),0.05,3,3,2,0.5
ACH-000437,Irinotecan (hydrochloride),0.5,4,1,1,0.25
ACH-000437,Irinotecan (hydrochloride),5.0,12,1,1,0.0833
ACH-000437,Isocorydine,5.0,58,7,3,0.0484
ACH-000437,L-Thyroxine (sodium salt pentahydrate),5.0,23,40,6,0.1053
ACH-000437,Larotrectinib,5.0,16,93,6,0.0583
ACH-000437,Lenalidomide (hemihydrate),5.0,8,122,3,0.0236
ACH-000437,Lidocaine (hydrochloride),5.0,28,202,9,0.0407
ACH-000437,Lipoic acid,5.0,2,44,2,0.0455
ACH-000437,Lumateperone (tosylate),5.0,5,47,3,0.0612
ACH-000437,Malotilate,0.05,102,1,1,0.0098
ACH-000437,Medroxyprogesterone acetate,5.0,30,172,13,0.0688
ACH-000437,Megestrol,5.0,21,79,9,0.0989
ACH-000437,Mitoxantrone (dihydrochloride),5.0,17,704,10,0.0141
ACH-000437,Naproxen,0.05,1,2,0,0.0
ACH-000437,Naproxen,0.5,1,4,0,0.0
ACH-000437,Naproxen,5.0,1,4,0,0.0
ACH-000437,Neratinib (maleate),5.0,86,65,18,0.1353
ACH-000437,Norepinephrine (hydrochloride),5.0,14,151,4,0.0248
ACH-000437,Olanzapine,5.0,6,102,3,0.0286
ACH-000437,PF-06260933,0.05,11,4,3,0.25
ACH-000437,Palmatine (chloride),5.0,7,46,5,0.1042
ACH-000437,Pasireotide (acetate),5.0,38,12,7,0.1628
ACH-000437,Pentagastrin,5.0,10,39,2,0.0426
ACH-000437,Pentamidine (isethionate),0.5,2,119,2,0.0168
ACH-000437,Pentamidine (isethionate),5.0,23,132,16,0.1151
ACH-000437,Pralsetinib,0.05,75,0,0,0.0
ACH-000437,Pravastatin (sodium),0.05,1,2,1,0.5
ACH-000437,Pravastatin (sodium),0.5,2,4,1,0.2
ACH-000437,Pravastatin (sodium),5.0,25,3,0,0.0
ACH-000437,Pyridoxine,5.0,11,78,8,0.0988
ACH-000437,Pyridoxine (hydrochloride),5.0,28,6,1,0.0303
ACH-000437,Quinestrol,5.0,5,48,4,0.0816
ACH-000437,Radotinib,5.0,4,94,3,0.0316
ACH-000437,Raltitrexed,5.0,12,12,3,0.1429
ACH-000437,Rapamycin,5.0,27,208,13,0.0586
ACH-000437,Regorafenib,0.05,35,0,0,0.0
ACH-000437,Regorafenib,0.5,5,208,3,0.0143
ACH-000437,Regorafenib,5.0,0,5,0,0.0
ACH-000437,Relugolix,5.0,28,10,4,0.1176
ACH-000437,Resveratrol,5.0,57,94,9,0.0634
ACH-000437,Retinoic acid,5.0,29,66,19,0.25
ACH-000437,Riluzole hydrochloride,5.0,4,65,3,0.0455
ACH-000437,Rimonabant,5.0,3,32,2,0.0606
ACH-000437,Ritonavir,5.0,13,117,7,0.0569
ACH-000437,Ropivacaine (hydrochloride monohydrate),5.0,20,51,10,0.1639
ACH-000437,S-Adenosyl-L-methionine (disulfate tosylate),5.0,9,95,5,0.0505
ACH-000437,Salicylic acid,5.0,6,206,4,0.0192
ACH-000437,Saquinavir,5.0,26,104,9,0.0744
ACH-000437,Selinexor ,5.0,154,229,25,0.0698
ACH-000437,Sinomenine,5.0,16,74,10,0.125
ACH-000437,Sodium Salicylate,5.0,4,117,4,0.0342
ACH-000437,Sonidegib,0.05,8,5,1,0.0833
ACH-000437,Sulfisoxazole,0.5,5,93,2,0.0208
ACH-000437,Sulfisoxazole,5.0,16,101,8,0.0734
ACH-000437,Temsirolimus,5.0,9,177,8,0.0449
ACH-000437,Terfenadine,0.5,6,50,1,0.0182
ACH-000437,Terfenadine,5.0,17,165,9,0.052
ACH-000437,Thymol,5.0,5,87,3,0.0337
ACH-000437,Tofacitinib,5.0,8,52,6,0.1111
ACH-000437,Tofacitinib (citrate),5.0,9,73,5,0.0649
ACH-000437,Tolcapone,5.0,5,26,4,0.1481
ACH-000437,Topotecan (hydrochloride),0.05,4,3,1,0.1667
ACH-000437,Topotecan (hydrochloride),0.5,1,28,1,0.0357
ACH-000437,Topotecan (hydrochloride),5.0,3,49,3,0.0612
ACH-000437,Trametinib,0.05,77,27,7,0.0722
ACH-000437,Trametinib,0.5,20,664,15,0.0224
ACH-000437,Trametinib,5.0,95,118,21,0.1094
ACH-000437,Triamcinolone,5.0,69,498,40,0.0759
ACH-000437,Triclosan,5.0,7,33,2,0.0526
ACH-000437,Trifluridine,5.0,7,80,4,0.0482
ACH-000437,Trimetrexate,5.0,26,180,16,0.0842
ACH-000437,Tucidinostat,5.0,47,777,33,0.0417
ACH-000437,Vilanterol,5.0,23,103,12,0.1053
ACH-000437,Vinblastine (sulfate),5.0,66,226,33,0.1274
ACH-000437,olaparib,0.05,25,4,4,0.16
ACH-000463,(R)-Verapamil (hydrochloride),5.0,875,2467,448,0.1548
ACH-000463,18β-Glycyrrhetinic acid,5.0,1195,2244,578,0.202
ACH-000463,8-Hydroxyquinoline,5.0,1389,3529,776,0.1873
ACH-000463,Abemaciclib,0.05,7618,2200,205,0.0213
ACH-000463,Acetohexamide,5.0,1285,2384,441,0.1366
ACH-000463,Adagrasib,0.05,6156,5703,3303,0.386
ACH-000463,Adenine,5.0,1304,2512,619,0.1936
ACH-000463,Adenosine,5.0,1568,3845,823,0.1793
ACH-000463,Afatinib,0.05,2946,1276,520,0.1405
ACH-000463,Afatinib,0.5,2387,4622,1078,0.1818
ACH-000463,Afatinib,5.0,2214,4466,1066,0.1899
ACH-000463,Aliskiren,5.0,944,2798,506,0.1564
ACH-000463,Allantoin,5.0,2649,3948,1267,0.2377
ACH-000463,Almonertinib (hydrochloride),5.0,1598,2610,655,0.1844
ACH-000463,Almonertinib (mesylate),0.05,1060,1233,267,0.1318
ACH-000463,Almonertinib (mesylate),0.5,1768,4727,951,0.1715
ACH-000463,Almonertinib (mesylate),5.0,1037,3250,421,0.1089
ACH-000463,Amsacrine,5.0,1927,4201,1136,0.2276
ACH-000463,Anethole trithione,5.0,2074,3346,1113,0.2584
ACH-000463,Artesunate,5.0,2062,3380,1302,0.3145
ACH-000463,Azithromycin (hydrate),5.0,1683,2225,693,0.2156
ACH-000463,Baicalin,5.0,1533,3249,823,0.2079
ACH-000463,Balsalazide (sodium hydrate),5.0,1010,2812,532,0.1617
ACH-000463,Belumosudil,0.05,1126,1032,295,0.1583
ACH-000463,Belumosudil,0.5,1682,2253,613,0.1845
ACH-000463,Belumosudil,5.0,1566,3359,561,0.1286
ACH-000463,Berbamine,0.5,3211,1232,616,0.161
ACH-000463,Berbamine,5.0,848,3341,400,0.1056
ACH-000463,Berbamine (dihydrochloride),0.05,1663,841,337,0.1555
ACH-000463,Berbamine (dihydrochloride),0.5,1801,2110,537,0.1592
ACH-000463,Berbamine (dihydrochloride),5.0,1780,2758,533,0.1331
ACH-000463,Berberine (chloride hydrate),5.0,1343,3355,693,0.173
ACH-000463,Bergenin,5.0,1064,2749,510,0.1544
ACH-000463,Bimatoprost,5.0,1755,2888,754,0.1939
ACH-000463,Binimetinib,0.05,3018,4711,1645,0.2704
ACH-000463,Binimetinib,0.5,5435,7522,3138,0.3196
ACH-000463,Binimetinib,5.0,6179,1650,1280,0.1954
ACH-000463,Busulfan,5.0,1837,2407,682,0.1915
ACH-000463,Captopril,0.05,2837,1596,543,0.1396
ACH-000463,Cepharanthine,5.0,1799,2015,711,0.2291
ACH-000463,Chlorhexidine (diacetate),0.5,2951,1513,628,0.1637
ACH-000463,Chlorhexidine (diacetate),5.0,2432,5676,1715,0.2683
ACH-000463,Ciclopirox,5.0,1213,3218,621,0.163
ACH-000463,Clonidine (hydrochloride),5.0,1526,4128,940,0.1994
ACH-000463,Clotrimazole,5.0,1093,2687,501,0.1528
ACH-000463,Cloxacillin (sodium),5.0,951,1794,465,0.2039
ACH-000463,Cysteamine (hydrochloride),5.0,1062,2618,511,0.1612
ACH-000463,Cytarabine,0.05,1863,1756,544,0.1769
ACH-000463,Cytarabine,0.5,1359,3523,609,0.1425
ACH-000463,Cytarabine,5.0,1043,3978,522,0.116
ACH-000463,DTP3,0.05,7393,3947,245,0.0221
ACH-000463,Daidzin,0.05,1675,1071,380,0.1606
ACH-000463,Daidzin,0.5,1923,2251,510,0.1392
ACH-000463,Daidzin,5.0,1571,3059,552,0.1354
ACH-000463,Darinaparsin,5.0,2260,3824,1261,0.2615
ACH-000463,Demeclocycline,5.0,1408,1612,337,0.1256
ACH-000463,Diammonium Glycyrrhizinate,5.0,1128,3565,640,0.1579
ACH-000463,Docetaxel,5.0,2221,3756,1154,0.2393
ACH-000463,Elagolix sodium,5.0,2062,3481,962,0.21
ACH-000463,Flumatinib (mesylate),0.05,1722,1422,423,0.1555
ACH-000463,Flumatinib (mesylate),0.5,2437,4449,1237,0.219
ACH-000463,Flumatinib (mesylate),5.0,1257,2583,446,0.1314
ACH-000463,Fluvoxamine (maleate),5.0,951,3850,604,0.1439
ACH-000463,Folic acid,5.0,752,2991,367,0.1087
ACH-000463,Fumaric acid,0.05,1647,1387,353,0.1317
ACH-000463,Fumaric acid,0.5,1704,4018,766,0.1546
ACH-000463,Fumaric acid,5.0,2002,4254,896,0.1672
ACH-000463,Furosemide,5.0,1027,1898,395,0.1561
ACH-000463,Fusidic acid,5.0,1091,2329,590,0.2085
ACH-000463,Gallic acid,5.0,1278,2696,688,0.2094
ACH-000463,Gallic acid (hydrate),5.0,1562,2915,672,0.1766
ACH-000463,Gemfibrozil,5.0,1873,3320,931,0.2184
ACH-000463,Goserelin (acetate),5.0,1474,2824,748,0.2107
ACH-000463,Hexylresorcinol,5.0,1840,2829,994,0.2705
ACH-000463,Homoharringtonine,5.0,12935,14242,10976,0.6775
ACH-000463,Hydroxyfasudil,0.05,855,3137,190,0.05
ACH-000463,Idarubicin (hydrochloride),5.0,12343,15433,10560,0.6134
ACH-000463,Irinotecan (hydrochloride),0.05,3048,1171,488,0.1308
ACH-000463,Irinotecan (hydrochloride),0.5,2713,3775,1063,0.1959
ACH-000463,Irinotecan (hydrochloride),5.0,2533,3221,834,0.1695
ACH-000463,Isocorydine,5.0,1522,2698,715,0.204
ACH-000463,L-Thyroxine (sodium salt pentahydrate),5.0,528,2890,148,0.0453
ACH-000463,Larotrectinib,5.0,1391,2123,526,0.176
ACH-000463,Lenalidomide (hemihydrate),5.0,1006,2630,523,0.168
ACH-000463,Lidocaine (hydrochloride),5.0,2953,3576,1359,0.2629
ACH-000463,Lipoic acid,5.0,1050,1740,452,0.1933
ACH-000463,Lumateperone (tosylate),5.0,980,1926,436,0.1765
ACH-000463,Malotilate,0.05,6152,1315,766,0.1143
ACH-000463,Medroxyprogesterone acetate,5.0,1737,3390,829,0.1929
ACH-000463,Megestrol,5.0,1443,2192,621,0.206
ACH-000463,Methylprednisolone succinate,0.05,9696,1713,153,0.0136
ACH-000463,Mitoxantrone (dihydrochloride),5.0,2016,8595,1366,0.1478
ACH-000463,Naproxen,0.05,688,857,143,0.102
ACH-000463,Naproxen,0.5,1077,2631,413,0.1253
ACH-000463,Naproxen,5.0,777,752,162,0.1185
ACH-000463,Neratinib (maleate),5.0,1955,5962,1409,0.2165
ACH-000463,Norepinephrine (hydrochloride),5.0,1510,3037,645,0.1653
ACH-000463,Olanzapine,5.0,1698,3162,855,0.2135
ACH-000463,PF-06260933,0.05,639,1667,132,0.0607
ACH-000463,Palmatine (chloride),5.0,1020,2439,474,0.1588
ACH-000463,Pasireotide (acetate),5.0,1933,3327,904,0.2075
ACH-000463,Pentagastrin,5.0,980,3275,483,0.128
ACH-000463,Pentamidine (isethionate),0.5,1223,1911,333,0.1189
ACH-000463,Pentamidine (isethionate),5.0,1914,3819,1014,0.2149
ACH-000463,Pralsetinib,0.05,2859,1276,488,0.1338
ACH-000463,Pravastatin (sodium),0.05,1414,844,255,0.1273
ACH-000463,Pravastatin (sodium),0.5,1656,2158,486,0.146
ACH-000463,Pravastatin (sodium),5.0,1814,3027,758,0.1856
ACH-000463,Pyridoxine,5.0,1613,3066,647,0.1605
ACH-000463,Pyridoxine (hydrochloride),5.0,1371,2949,658,0.1797
ACH-000463,Quinestrol,5.0,1177,3180,673,0.1827
ACH-000463,Radotinib,5.0,2611,3168,1401,0.32
ACH-000463,Ralimetinib dimesylate,0.05,4594,2200,218,0.0332
ACH-000463,Raltitrexed,5.0,1323,4530,953,0.1945
ACH-000463,Rapamycin,5.0,1909,4900,1137,0.2005
ACH-000463,Regorafenib,0.05,1846,1424,470,0.1679
ACH-000463,Regorafenib,0.5,1212,4344,567,0.1137
ACH-000463,Regorafenib,5.0,1394,776,216,0.1105
ACH-000463,Relugolix,5.0,854,2273,412,0.1517
ACH-000463,Resveratrol,5.0,1861,3849,865,0.1785
ACH-000463,Retinoic acid,5.0,1471,3365,855,0.2148
ACH-000463,Riluzole hydrochloride,5.0,2587,4592,1523,0.2693
ACH-000463,Rimonabant,5.0,1488,2862,783,0.2195
ACH-000463,Ritonavir,5.0,1220,3009,722,0.2059
ACH-000463,Ropivacaine (hydrochloride monohydrate),5.0,1577,3275,1010,0.2629
ACH-000463,S-Adenosyl-L-methionine (disulfate tosylate),5.0,1969,4547,1305,0.2504
ACH-000463,Salicylic acid,5.0,1372,2766,640,0.183
ACH-000463,Saquinavir,5.0,1229,3374,598,0.1493
ACH-000463,Selinexor ,5.0,3117,6402,2184,0.2978
ACH-000463,Sinomenine,5.0,1187,1892,550,0.2175
ACH-000463,Sodium Salicylate,5.0,2087,3280,866,0.1924
ACH-000463,Sonidegib,0.05,572,2573,138,0.0459
ACH-000463,Sulfisoxazole,0.5,1981,1734,422,0.1282
ACH-000463,Sulfisoxazole,5.0,1265,3461,605,0.1468
ACH-000463,Temsirolimus,5.0,1376,3932,922,0.2102
ACH-000463,Terfenadine,0.5,1837,2298,562,0.1573
ACH-000463,Terfenadine,5.0,1290,3726,710,0.1649
ACH-000463,Thymol,5.0,2153,1975,744,0.2199
ACH-000463,Tofacitinib,5.0,1468,3011,647,0.1688
ACH-000463,Tofacitinib (citrate),5.0,1343,2765,702,0.2061
ACH-000463,Tolcapone,5.0,1080,4147,683,0.1503
ACH-000463,Topotecan (hydrochloride),0.05,2025,1590,470,0.1494
ACH-000463,Topotecan (hydrochloride),0.5,1638,5955,983,0.1487
ACH-000463,Topotecan (hydrochloride),5.0,1727,6132,928,0.1339
ACH-000463,Trametinib,0.05,3112,5293,1765,0.2658
ACH-000463,Trametinib,0.5,5554,7031,3180,0.3381
ACH-000463,Trametinib,5.0,6598,4337,2562,0.306
ACH-000463,Triamcinolone,5.0,2954,4494,1635,0.2813
ACH-000463,Triclosan,5.0,1334,3114,742,0.2002
ACH-000463,Trifluridine,5.0,893,3491,467,0.1192
ACH-000463,Trimetrexate,5.0,1204,3500,576,0.1395
ACH-000463,Tucidinostat,5.0,4412,10765,3670,0.3189
ACH-000463,Vilanterol,5.0,1242,3263,732,0.194
ACH-000463,Vinblastine (sulfate),5.0,2278,6018,1707,0.2591
ACH-000463,c-Kit-IN-1,0.05,4300,9377,607,0.0464
ACH-000463,olaparib,0.05,537,2096,96,0.0378
ACH-000493,(R)-Verapamil (hydrochloride),5.0,397,1587,212,0.1196
ACH-000493,18β-Glycyrrhetinic acid,5.0,772,1514,285,0.1424
ACH-000493,8-Hydroxyquinoline,5.0,743,2118,375,0.1508
ACH-000493,Abemaciclib,0.05,6989,869,51,0.0065
ACH-000493,Acetohexamide,5.0,635,1600,213,0.1053
ACH-000493,Adagrasib,0.05,2940,2992,1334,0.2901
ACH-000493,Adenine,5.0,883,1605,351,0.1642
ACH-000493,Adenosine,5.0,814,2179,381,0.1459
ACH-000493,Afatinib,0.05,1054,181,83,0.072
ACH-000493,Afatinib,0.5,561,2660,282,0.096
ACH-000493,Afatinib,5.0,505,3267,280,0.0802
ACH-000493,Aliskiren,5.0,491,1633,271,0.1462
ACH-000493,Allantoin,5.0,1553,2485,644,0.1897
ACH-000493,Almonertinib (hydrochloride),5.0,854,1789,352,0.1536
ACH-000493,Almonertinib (mesylate),0.05,260,223,33,0.0733
ACH-000493,Almonertinib (mesylate),0.5,451,1928,224,0.1039
ACH-000493,Almonertinib (mesylate),5.0,411,1228,120,0.079
ACH-000493,Amsacrine,5.0,1088,2955,626,0.1832
ACH-000493,Anethole trithione,5.0,792,2454,437,0.1556
ACH-000493,Artesunate,5.0,1179,2263,707,0.2585
ACH-000493,Azithromycin (hydrate),5.0,1032,1728,367,0.1534
ACH-000493,Baicalin,5.0,651,2114,372,0.1555
ACH-000493,Balsalazide (sodium hydrate),5.0,528,1905,286,0.1332
ACH-000493,Belumosudil,0.05,268,210,47,0.109
ACH-000493,Belumosudil,0.5,384,1077,121,0.0903
ACH-000493,Belumosudil,5.0,373,1811,127,0.0617
ACH-000493,Berbamine,0.5,854,989,217,0.1335
ACH-000493,Berbamine,5.0,589,2417,304,0.1125
ACH-000493,Berbamine (dihydrochloride),0.05,522,171,61,0.0965
ACH-000493,Berbamine (dihydrochloride),0.5,267,552,64,0.0848
ACH-000493,Berbamine (dihydrochloride),5.0,371,965,90,0.0722
ACH-000493,Berberine (chloride hydrate),5.0,630,3581,377,0.0983
ACH-000493,Bergenin,5.0,596,1527,253,0.1353
ACH-000493,Bimatoprost,5.0,957,1951,375,0.148
ACH-000493,Binimetinib,0.05,1675,1284,447,0.1779
ACH-000493,Binimetinib,0.5,1352,4686,754,0.1427
ACH-000493,Binimetinib,5.0,2119,1203,476,0.1673
ACH-000493,Busulfan,5.0,987,1637,355,0.1565
ACH-000493,Captopril,0.05,683,315,55,0.0583
ACH-000493,Cepharanthine,5.0,994,1361,334,0.1653
ACH-000493,Chlorhexidine (diacetate),0.5,600,1404,194,0.1072
ACH-000493,Chlorhexidine (diacetate),5.0,587,2817,384,0.1272
ACH-000493,Ciclopirox,5.0,663,2445,361,0.1314
ACH-000493,Clonidine (hydrochloride),5.0,675,3076,421,0.1264
ACH-000493,Clotrimazole,5.0,554,1848,274,0.1288
ACH-000493,Cloxacillin (sodium),5.0,462,1205,231,0.1609
ACH-000493,Cysteamine (hydrochloride),5.0,514,1590,248,0.1336
ACH-000493,Cytarabine,0.05,502,294,79,0.1102
ACH-000493,Cytarabine,0.5,377,1131,100,0.071
ACH-000493,Cytarabine,5.0,368,1163,131,0.0936
ACH-000493,DTP3,0.05,5366,1248,69,0.0105
ACH-000493,Daidzin,0.05,402,240,65,0.1127
ACH-000493,Daidzin,0.5,367,511,87,0.11
ACH-000493,Daidzin,5.0,450,1521,148,0.0812
ACH-000493,Darinaparsin,5.0,1247,2914,694,0.2002
ACH-000493,Demeclocycline,5.0,678,1158,171,0.1027
ACH-000493,Diammonium Glycyrrhizinate,5.0,770,2517,376,0.1292
ACH-000493,Docetaxel,5.0,1290,2875,644,0.1829
ACH-000493,Elagolix sodium,5.0,998,1951,376,0.1461
ACH-000493,Flumatinib (mesylate),0.05,451,385,75,0.0986
ACH-000493,Flumatinib (mesylate),0.5,564,2759,280,0.092
ACH-000493,Flumatinib (mesylate),5.0,217,784,79,0.0857
ACH-000493,Fluvoxamine (maleate),5.0,494,2689,278,0.0957
ACH-000493,Folic acid,5.0,374,1986,171,0.0781
ACH-000493,Fumaric acid,0.05,300,337,56,0.0964
ACH-000493,Fumaric acid,0.5,224,1545,103,0.0618
ACH-000493,Fumaric acid,5.0,349,1669,142,0.0757
ACH-000493,Furosemide,5.0,483,1039,164,0.1208
ACH-000493,Fusidic acid,5.0,530,1588,304,0.1676
ACH-000493,Gallic acid,5.0,726,1728,355,0.1691
ACH-000493,Gallic acid (hydrate),5.0,925,1983,389,0.1544
ACH-000493,Gemfibrozil,5.0,1141,2118,505,0.1834
ACH-000493,Goserelin (acetate),5.0,705,1859,365,0.166
ACH-000493,Hexylresorcinol,5.0,793,1709,412,0.1971
ACH-000493,Homoharringtonine,5.0,9706,10310,7563,0.6073
ACH-000493,Hydroxyfasudil,0.05,426,762,45,0.0394
ACH-000493,Idarubicin (hydrochloride),5.0,9432,12190,7619,0.5441
ACH-000493,Irinotecan (hydrochloride),0.05,1017,235,76,0.0646
ACH-000493,Irinotecan (hydrochloride),0.5,1451,1338,346,0.1416
ACH-000493,Irinotecan (hydrochloride),5.0,1580,870,278,0.128
ACH-000493,Isocorydine,5.0,562,1794,249,0.1182
ACH-000493,L-Thyroxine (sodium salt pentahydrate),5.0,166,2027,28,0.0129
ACH-000493,Larotrectinib,5.0,636,1534,273,0.1439
ACH-000493,Lenalidomide (hemihydrate),5.0,561,2167,320,0.1329
ACH-000493,Lidocaine (hydrochloride),5.0,1772,2812,825,0.2195
ACH-000493,Lipoic acid,5.0,520,1210,249,0.1681
ACH-000493,Lumateperone (tosylate),5.0,431,1526,238,0.1385
ACH-000493,Malotilate,0.05,3665,259,163,0.0433
ACH-000493,Medroxyprogesterone acetate,5.0,1082,2404,543,0.1845
ACH-000493,Megestrol,5.0,639,1395,278,0.1583
ACH-000493,Methylprednisolone succinate,0.05,184,490,23,0.0353
ACH-000493,Mitoxantrone (dihydrochloride),5.0,1103,6765,733,0.1027
ACH-000493,Naproxen,0.05,128,180,23,0.0807
ACH-000493,Naproxen,0.5,223,1167,80,0.0611
ACH-000493,Naproxen,5.0,137,188,35,0.1207
ACH-000493,Neratinib (maleate),5.0,824,3386,485,0.1302
ACH-000493,Norepinephrine (hydrochloride),5.0,713,1724,273,0.1262
ACH-000493,Olanzapine,5.0,812,2113,423,0.1691
ACH-000493,PF-06260933,0.05,464,410,33,0.0392
ACH-000493,Palmatine (chloride),5.0,556,1609,231,0.1194
ACH-000493,Pasireotide (acetate),5.0,948,1853,393,0.1632
ACH-000493,Pentagastrin,5.0,529,2198,284,0.1163
ACH-000493,Pentamidine (isethionate),0.5,362,1692,128,0.0665
ACH-000493,Pentamidine (isethionate),5.0,801,1976,337,0.1381
ACH-000493,Pralsetinib,0.05,1268,274,112,0.0783
ACH-000493,Pravastatin (sodium),0.05,201,134,21,0.0669
ACH-000493,Pravastatin (sodium),0.5,448,535,94,0.1057
ACH-000493,Pravastatin (sodium),5.0,552,1204,178,0.1128
ACH-000493,Pyridoxine,5.0,756,2001,298,0.1212
ACH-000493,Pyridoxine (hydrochloride),5.0,703,1741,313,0.1469
ACH-000493,Quinestrol,5.0,720,2175,392,0.1566
ACH-000493,Radotinib,5.0,1644,2210,743,0.2388
ACH-000493,Ralimetinib dimesylate,0.05,3256,552,64,0.0171
ACH-000493,Raltitrexed,5.0,546,2494,362,0.1352
ACH-000493,Rapamycin,5.0,822,2768,412,0.1296
ACH-000493,Regorafenib,0.05,923,494,148,0.1166
ACH-000493,Regorafenib,0.5,236,2982,128,0.0414
ACH-000493,Regorafenib,5.0,269,973,94,0.0819
ACH-000493,Relugolix,5.0,443,1401,177,0.1062
ACH-000493,Resveratrol,5.0,1063,2602,452,0.1407
ACH-000493,Retinoic acid,5.0,708,2481,401,0.1438
ACH-000493,Riluzole hydrochloride,5.0,1299,2910,665,0.1876
ACH-000493,Rimonabant,5.0,630,1775,346,0.168
ACH-000493,Ritonavir,5.0,789,2281,449,0.1713
ACH-000493,Ropivacaine (hydrochloride monohydrate),5.0,852,2149,505,0.2023
ACH-000493,S-Adenosyl-L-methionine (disulfate tosylate),5.0,910,2859,549,0.1705
ACH-000493,Salicylic acid,5.0,619,1689,233,0.1123
ACH-000493,Saquinavir,5.0,748,2048,317,0.1279
ACH-000493,Selinexor ,5.0,2037,6669,1470,0.2032
ACH-000493,Sinomenine,5.0,670,1459,328,0.1821
ACH-000493,Sodium Salicylate,5.0,1370,2107,492,0.1648
ACH-000493,Sonidegib,0.05,398,1195,64,0.0419
ACH-000493,Sulfisoxazole,0.5,517,1452,138,0.0754
ACH-000493,Sulfisoxazole,5.0,534,2144,244,0.1002
ACH-000493,Temsirolimus,5.0,802,2459,471,0.1688
ACH-000493,Terfenadine,0.5,425,1856,166,0.0785
ACH-000493,Terfenadine,5.0,793,2426,351,0.1224
ACH-000493,Thymol,5.0,1141,1212,334,0.1654
ACH-000493,Tofacitinib,5.0,1002,2406,497,0.1707
ACH-000493,Tofacitinib (citrate),5.0,662,2353,365,0.1377
ACH-000493,Tolcapone,5.0,571,2886,336,0.1077
ACH-000493,Topotecan (hydrochloride),0.05,436,285,57,0.0858
ACH-000493,Topotecan (hydrochloride),0.5,508,2252,250,0.0996
ACH-000493,Topotecan (hydrochloride),5.0,343,2815,169,0.0565
ACH-000493,Trametinib,0.05,1462,1310,389,0.1632
ACH-000493,Trametinib,0.5,1049,5159,624,0.1117
ACH-000493,Trametinib,5.0,2669,2643,899,0.2037
ACH-000493,Triamcinolone,5.0,1478,3098,873,0.2358
ACH-000493,Triclosan,5.0,811,1828,354,0.1549
ACH-000493,Trifluridine,5.0,448,2392,213,0.0811
ACH-000493,Trimetrexate,5.0,649,2859,346,0.1094
ACH-000493,Tucidinostat,5.0,2516,8742,2075,0.226
ACH-000493,Vilanterol,5.0,671,1963,383,0.1701
ACH-000493,Vinblastine (sulfate),5.0,716,3503,482,0.129
ACH-000493,c-Kit-IN-1,0.05,4072,3101,143,0.0203
ACH-000493,olaparib,0.05,54,842,8,0.009
ACH-000496,(R)-Verapamil (hydrochloride),5.0,412,1333,229,0.1511
ACH-000496,18β-Glycyrrhetinic acid,5.0,542,1445,247,0.142
ACH-000496,8-Hydroxyquinoline,5.0,421,1902,233,0.1115
ACH-000496,Acetohexamide,5.0,462,1264,181,0.1172
ACH-000496,Adagrasib,0.05,5343,4312,2737,0.3956
ACH-000496,Adenine,5.0,502,1672,261,0.1364
ACH-000496,Adenosine,5.0,677,2256,366,0.1426
ACH-000496,Afatinib,0.05,1305,979,256,0.1262
ACH-000496,Afatinib,0.5,1779,2411,539,0.1476
ACH-000496,Afatinib,5.0,883,1816,296,0.1232
ACH-000496,Aliskiren,5.0,455,1306,210,0.1354
ACH-000496,Allantoin,5.0,868,2409,449,0.1588
ACH-000496,Almonertinib (hydrochloride),5.0,569,1560,241,0.1276
ACH-000496,Almonertinib (mesylate),0.05,687,478,98,0.0918
ACH-000496,Almonertinib (mesylate),0.5,1135,1620,365,0.1527
ACH-000496,Almonertinib (mesylate),5.0,863,1190,239,0.1318
ACH-000496,Amsacrine,5.0,930,3242,619,0.1742
ACH-000496,Anethole trithione,5.0,741,2335,425,0.1603
ACH-000496,Artesunate,5.0,573,1504,369,0.216
ACH-000496,Azithromycin (hydrate),5.0,607,1188,261,0.1701
ACH-000496,Baicalin,5.0,540,1623,270,0.1426
ACH-000496,Balsalazide (sodium hydrate),5.0,305,1437,181,0.116
ACH-000496,Belumosudil,0.05,706,380,125,0.1301
ACH-000496,Belumosudil,0.5,1000,2241,437,0.1558
ACH-000496,Belumosudil,5.0,1040,4205,478,0.1003
ACH-000496,Berbamine,0.5,1972,771,349,0.1458
ACH-000496,Berbamine,5.0,396,1994,207,0.0948
ACH-000496,Berbamine (dihydrochloride),0.05,1054,343,139,0.1105
ACH-000496,Berbamine (dihydrochloride),0.5,939,739,161,0.1061
ACH-000496,Berbamine (dihydrochloride),5.0,936,1167,192,0.1005
ACH-000496,Berberine (chloride hydrate),5.0,537,1719,250,0.1246
ACH-000496,Bergenin,5.0,455,1426,222,0.1338
ACH-000496,Bimatoprost,5.0,881,1671,320,0.1434
ACH-000496,Binimetinib,0.05,1835,2387,812,0.2381
ACH-000496,Binimetinib,0.5,1955,4590,1091,0.2
ACH-000496,Binimetinib,5.0,2574,970,567,0.1905
ACH-000496,Busulfan,5.0,582,1130,203,0.1345
ACH-000496,Captopril,0.05,2330,1001,324,0.1077
ACH-000496,Cepharanthine,5.0,614,1450,269,0.1499
ACH-000496,Chlorhexidine (diacetate),0.5,1803,983,330,0.1344
ACH-000496,Chlorhexidine (diacetate),5.0,360,2273,247,0.1035
ACH-000496,Ciclopirox,5.0,572,2090,294,0.1242
ACH-000496,Clonidine (hydrochloride),5.0,471,2331,281,0.1115
ACH-000496,Clotrimazole,5.0,711,1630,342,0.1711
ACH-000496,Cloxacillin (sodium),5.0,294,934,126,0.1143
ACH-000496,Cysteamine (hydrochloride),5.0,411,1541,234,0.1362
ACH-000496,Cytarabine,0.05,891,522,153,0.1214
ACH-000496,Cytarabine,0.5,882,561,125,0.0948
ACH-000496,Cytarabine,5.0,744,1236,195,0.1092
ACH-000496,Daidzin,0.05,1090,425,147,0.1075
ACH-000496,Daidzin,0.5,1345,730,163,0.0853
ACH-000496,Daidzin,5.0,957,1309,252,0.1251
ACH-000496,Darinaparsin,5.0,760,3146,464,0.1348
ACH-000496,Demeclocycline,5.0,533,929,129,0.0968
ACH-000496,Diammonium Glycyrrhizinate,5.0,326,1733,177,0.094
ACH-000496,Docetaxel,5.0,730,2035,382,0.1603
ACH-000496,Elagolix sodium,5.0,659,1942,346,0.1534
ACH-000496,Flumatinib (mesylate),0.05,921,743,165,0.1101
ACH-000496,Flumatinib (mesylate),0.5,1185,2451,478,0.1514
ACH-000496,Flumatinib (mesylate),5.0,737,1183,162,0.0922
ACH-000496,Fluvoxamine (maleate),5.0,451,2191,250,0.1045
ACH-000496,Folic acid,5.0,352,1612,152,0.0839
ACH-000496,Fumaric acid,0.05,936,637,174,0.1244
ACH-000496,Fumaric acid,0.5,898,1730,285,0.1216
ACH-000496,Fumaric acid,5.0,1185,2102,371,0.1272
ACH-000496,Furosemide,5.0,284,1113,150,0.1203
ACH-000496,Fusidic acid,5.0,490,1409,256,0.1558
ACH-000496,Gallic acid,5.0,484,1816,259,0.1269
ACH-000496,Gallic acid (hydrate),5.0,600,1559,255,0.1339
ACH-000496,Gemfibrozil,5.0,716,1697,364,0.1776
ACH-000496,Goserelin (acetate),5.0,511,1560,254,0.1398
ACH-000496,Hexylresorcinol,5.0,617,1511,357,0.2016
ACH-000496,Homoharringtonine,5.0,5516,5300,3648,0.5089
ACH-000496,Hydroxyfasudil,0.05,368,1217,39,0.0252
ACH-000496,Idarubicin (hydrochloride),5.0,6825,8915,5123,0.4825
ACH-000496,Irinotecan (hydrochloride),0.05,1861,505,170,0.0774
ACH-000496,Irinotecan (hydrochloride),0.5,1923,1083,342,0.1284
ACH-000496,Irinotecan (hydrochloride),5.0,2315,727,259,0.0931
ACH-000496,Isocorydine,5.0,469,1482,224,0.1297
ACH-000496,L-Thyroxine (sodium salt pentahydrate),5.0,191,1761,29,0.0151
ACH-000496,Larotrectinib,5.0,505,1380,229,0.1383
ACH-000496,Lenalidomide (hemihydrate),5.0,447,1531,231,0.1322
ACH-000496,Lidocaine (hydrochloride),5.0,1027,2251,498,0.1791
ACH-000496,Lipoic acid,5.0,503,1169,240,0.1676
ACH-000496,Lumateperone (tosylate),5.0,374,1186,186,0.1354
ACH-000496,Malotilate,0.05,3891,682,330,0.0778
ACH-000496,Medroxyprogesterone acetate,5.0,794,3096,491,0.1445
ACH-000496,Megestrol,5.0,793,1949,426,0.1839
ACH-000496,Methylprednisolone succinate,0.05,7675,1184,42,0.0048
ACH-000496,Mitoxantrone (dihydrochloride),5.0,644,4650,419,0.0859
ACH-000496,Naproxen,0.05,431,383,73,0.0985
ACH-000496,Naproxen,0.5,678,1212,157,0.0906
ACH-000496,Naproxen,5.0,424,276,48,0.0736
ACH-000496,Neratinib (maleate),5.0,723,3534,482,0.1277
ACH-000496,Norepinephrine (hydrochloride),5.0,567,2036,265,0.1133
ACH-000496,Olanzapine,5.0,645,1863,324,0.1484
ACH-000496,PF-06260933,0.05,6301,943,58,0.0081
ACH-000496,Palmatine (chloride),5.0,347,1316,190,0.129
ACH-000496,Pasireotide (acetate),5.0,741,1563,310,0.1555
ACH-000496,Pentagastrin,5.0,407,1609,160,0.0862
ACH-000496,Pentamidine (isethionate),0.5,1034,1450,214,0.0943
ACH-000496,Pentamidine (isethionate),5.0,771,2231,389,0.1489
ACH-000496,Pralsetinib,0.05,1282,657,210,0.1215
ACH-000496,Pravastatin (sodium),0.05,954,477,127,0.0974
ACH-000496,Pravastatin (sodium),0.5,1138,445,118,0.0805
ACH-000496,Pravastatin (sodium),5.0,1509,1318,405,0.1672
ACH-000496,Pyridoxine,5.0,576,1484,226,0.1232
ACH-000496,Pyridoxine (hydrochloride),5.0,547,1613,262,0.138
ACH-000496,Quinestrol,5.0,498,1900,280,0.1322
ACH-000496,Radotinib,5.0,1992,2769,1091,0.2973
ACH-000496,Raltitrexed,5.0,346,2126,249,0.112
ACH-000496,Rapamycin,5.0,809,2437,369,0.1283
ACH-000496,Regorafenib,0.05,773,870,189,0.13
ACH-000496,Regorafenib,0.5,794,2253,290,0.1052
ACH-000496,Regorafenib,5.0,951,906,197,0.1187
ACH-000496,Relugolix,5.0,240,1180,96,0.0725
ACH-000496,Resveratrol,5.0,780,1859,334,0.1449
ACH-000496,Retinoic acid,5.0,718,3207,513,0.1504
ACH-000496,Riluzole hydrochloride,5.0,981,2722,610,0.1972
ACH-000496,Rimonabant,5.0,453,1551,255,0.1458
ACH-000496,Ritonavir,5.0,482,1954,263,0.121
ACH-000496,Ropivacaine (hydrochloride monohydrate),5.0,555,1849,343,0.1664
ACH-000496,S-Adenosyl-L-methionine (disulfate tosylate),5.0,645,2730,423,0.1433
ACH-000496,Salicylic acid,5.0,496,1644,219,0.114
ACH-000496,Saquinavir,5.0,705,2238,318,0.1211
ACH-000496,Selinexor ,5.0,1523,4592,1017,0.1995
ACH-000496,Sinomenine,5.0,466,1313,216,0.1382
ACH-000496,Sodium Salicylate,5.0,935,1659,375,0.169
ACH-000496,Sonidegib,0.05,317,1616,63,0.0337
ACH-000496,Sulfisoxazole,0.5,1171,1352,226,0.0984
ACH-000496,Sulfisoxazole,5.0,513,1988,217,0.095
ACH-000496,Temsirolimus,5.0,548,1851,288,0.1364
ACH-000496,Terfenadine,0.5,1960,1370,394,0.1342
ACH-000496,Terfenadine,5.0,459,2273,246,0.099
ACH-000496,Thymol,5.0,686,1201,255,0.1562
ACH-000496,Tofacitinib,5.0,893,2611,526,0.1766
ACH-000496,Tofacitinib (citrate),5.0,713,2207,401,0.1592
ACH-000496,Tolcapone,5.0,414,2167,257,0.1106
ACH-000496,Topotecan (hydrochloride),0.05,866,365,89,0.0779
ACH-000496,Topotecan (hydrochloride),0.5,920,2568,462,0.1527
ACH-000496,Topotecan (hydrochloride),5.0,982,3586,453,0.1101
ACH-000496,Trametinib,0.05,1323,3072,617,0.1633
ACH-000496,Trametinib,0.5,2079,4140,1110,0.2173
ACH-000496,Trametinib,5.0,2821,1869,896,0.2362
ACH-000496,Triamcinolone,5.0,1408,4018,979,0.2201
ACH-000496,Triclosan,5.0,352,1697,217,0.1184
ACH-000496,Trifluridine,5.0,332,1915,151,0.072
ACH-000496,Trimetrexate,5.0,519,2080,252,0.1074
ACH-000496,Tucidinostat,5.0,1500,6418,1153,0.1704
ACH-000496,Vilanterol,5.0,455,1845,283,0.1403
ACH-000496,Vinblastine (sulfate),5.0,784,3384,572,0.1591
ACH-000521,(R)-Verapamil (hydrochloride),5.0,704,3322,479,0.135
ACH-000521,18β-Glycyrrhetinic acid,5.0,1198,2792,539,0.1562
ACH-000521,8-Hydroxyquinoline,5.0,1803,3084,658,0.1556
ACH-000521,Abemaciclib,0.05,8922,1186,88,0.0088
ACH-000521,Acetohexamide,5.0,984,2833,345,0.0994
ACH-000521,Adagrasib,0.05,7058,7414,4289,0.4212
ACH-000521,Adenine,5.0,1366,2641,506,0.1445
ACH-000521,Adenosine,5.0,1424,3851,749,0.1655
ACH-000521,Afatinib,0.05,2396,179,88,0.0354
ACH-000521,Afatinib,0.5,556,4159,292,0.066
ACH-000521,Afatinib,5.0,654,6188,420,0.0654
ACH-000521,Aliskiren,5.0,795,2598,400,0.1336
ACH-000521,Allantoin,5.0,2843,4509,1283,0.2114
ACH-000521,Almonertinib (hydrochloride),5.0,2194,2432,777,0.2019
ACH-000521,Almonertinib (mesylate),0.05,130,393,37,0.0761
ACH-000521,Almonertinib (mesylate),0.5,440,2567,265,0.0966
ACH-000521,Almonertinib (mesylate),5.0,273,1368,92,0.0594
ACH-000521,Amsacrine,5.0,2786,5193,1760,0.283
ACH-000521,Anethole trithione,5.0,2755,3535,1169,0.2283
ACH-000521,Artesunate,5.0,2884,4639,1986,0.3587
ACH-000521,Azithromycin (hydrate),5.0,1617,2662,728,0.205
ACH-000521,Baicalin,5.0,1406,4327,919,0.1909
ACH-000521,Balsalazide (sodium hydrate),5.0,674,3515,371,0.0972
ACH-000521,Belumosudil,0.05,191,155,39,0.127
ACH-000521,Belumosudil,0.5,496,1493,191,0.1062
ACH-000521,Belumosudil,5.0,373,1693,120,0.0617
ACH-000521,Berbamine,0.5,1087,1332,318,0.1514
ACH-000521,Berbamine,5.0,728,3440,377,0.0994
ACH-000521,Berbamine (dihydrochloride),0.05,505,205,84,0.1342
ACH-000521,Berbamine (dihydrochloride),0.5,329,783,88,0.0859
ACH-000521,Berbamine (dihydrochloride),5.0,488,1124,124,0.0833
ACH-000521,Berberine (chloride hydrate),5.0,989,3910,523,0.1195
ACH-000521,Bergenin,5.0,1460,3292,704,0.1739
ACH-000521,Bimatoprost,5.0,1307,3651,559,0.1271
ACH-000521,Binimetinib,0.05,3261,2144,1045,0.2397
ACH-000521,Binimetinib,0.5,2014,6985,1301,0.169
ACH-000521,Binimetinib,5.0,2647,2400,918,0.2223
ACH-000521,Busulfan,5.0,1664,3045,633,0.1553
ACH-000521,Captopril,0.05,782,238,66,0.0692
ACH-000521,Cepharanthine,5.0,2094,2363,923,0.2612
ACH-000521,Chlorhexidine (diacetate),0.5,848,2103,294,0.1107
ACH-000521,Chlorhexidine (diacetate),5.0,1867,4404,894,0.1663
ACH-000521,Ciclopirox,5.0,1329,3455,737,0.1821
ACH-000521,Clonidine (hydrochloride),5.0,1627,4377,864,0.1681
ACH-000521,Clotrimazole,5.0,995,3538,540,0.1352
ACH-000521,Cloxacillin (sodium),5.0,1142,2166,537,0.1938
ACH-000521,Cysteamine (hydrochloride),5.0,464,2835,225,0.0732
ACH-000521,Cytarabine,0.05,370,488,80,0.1028
ACH-000521,Cytarabine,0.5,263,750,75,0.08
ACH-000521,Cytarabine,5.0,234,1582,113,0.0664
ACH-000521,DTP3,0.05,7307,1318,94,0.011
ACH-000521,Daidzin,0.05,403,340,102,0.1591
ACH-000521,Daidzin,0.5,168,848,47,0.0485
ACH-000521,Daidzin,5.0,401,1442,125,0.0728
ACH-000521,Darinaparsin,5.0,2064,4348,1114,0.2103
ACH-000521,Demeclocycline,5.0,922,1995,306,0.1172
ACH-000521,Diammonium Glycyrrhizinate,5.0,1240,5107,816,0.1475
ACH-000521,Docetaxel,5.0,2085,3976,1022,0.2028
ACH-000521,Elagolix sodium,5.0,1920,4204,911,0.1748
ACH-000521,Flumatinib (mesylate),0.05,556,401,107,0.1259
ACH-000521,Flumatinib (mesylate),0.5,701,2405,379,0.139
ACH-000521,Flumatinib (mesylate),5.0,247,1144,96,0.0741
ACH-000521,Fluvoxamine (maleate),5.0,1529,4825,1040,0.1957
ACH-000521,Folic acid,5.0,536,2999,260,0.0794
ACH-000521,Fumaric acid,0.05,263,411,74,0.1233
ACH-000521,Fumaric acid,0.5,242,2062,133,0.0613
ACH-000521,Fumaric acid,5.0,301,2283,150,0.0616
ACH-000521,Furosemide,5.0,1233,1790,296,0.1085
ACH-000521,Fusidic acid,5.0,751,2557,419,0.145
ACH-000521,Gallic acid,5.0,1551,2739,703,0.196
ACH-000521,Gallic acid (hydrate),5.0,1525,4239,741,0.1475
ACH-000521,Gemfibrozil,5.0,1968,4388,1115,0.2127
ACH-000521,Goserelin (acetate),5.0,2218,3457,1067,0.2316
ACH-000521,Hexylresorcinol,5.0,1780,3889,1064,0.2311
ACH-000521,Homoharringtonine,5.0,11864,12995,9608,0.63
ACH-000521,Hydroxyfasudil,0.05,603,894,71,0.0498
ACH-000521,Idarubicin (hydrochloride),5.0,9520,13194,7665,0.5093
ACH-000521,Irinotecan (hydrochloride),0.05,1242,340,116,0.0791
ACH-000521,Irinotecan (hydrochloride),0.5,1284,1472,319,0.1309
ACH-000521,Irinotecan (hydrochloride),5.0,1278,1207,250,0.1119
ACH-000521,Isocorydine,5.0,2721,2829,979,0.2142
ACH-000521,L-Thyroxine (sodium salt pentahydrate),5.0,5159,3597,234,0.0275
ACH-000521,Larotrectinib,5.0,982,2049,383,0.1446
ACH-000521,Lenalidomide (hemihydrate),5.0,949,3556,584,0.1489
ACH-000521,Lidocaine (hydrochloride),5.0,3016,4345,1460,0.2474
ACH-000521,Lipoic acid,5.0,1020,1662,461,0.2076
ACH-000521,Lumateperone (tosylate),5.0,574,2271,284,0.1109
ACH-000521,Malotilate,0.05,3417,201,136,0.0391
ACH-000521,Medroxyprogesterone acetate,5.0,1854,3666,890,0.1922
ACH-000521,Megestrol,5.0,1171,2565,476,0.146
ACH-000521,Methylprednisolone succinate,0.05,4990,491,82,0.0152
ACH-000521,Mitoxantrone (dihydrochloride),5.0,1662,7637,1031,0.1247
ACH-000521,Naproxen,0.05,105,177,20,0.0763
ACH-000521,Naproxen,0.5,258,1027,83,0.0691
ACH-000521,Naproxen,5.0,118,418,42,0.085
ACH-000521,Neratinib (maleate),5.0,1806,6556,1181,0.1645
ACH-000521,Norepinephrine (hydrochloride),5.0,1289,3685,562,0.1274
ACH-000521,Olanzapine,5.0,1334,3373,613,0.1497
ACH-000521,PF-06260933,0.05,6179,481,72,0.0109
ACH-000521,Palmatine (chloride),5.0,822,3404,425,0.1118
ACH-000521,Pasireotide (acetate),5.0,2128,3967,1068,0.2125
ACH-000521,Pentagastrin,5.0,1144,4301,663,0.1386
ACH-000521,Pentamidine (isethionate),0.5,306,2289,115,0.0464
ACH-000521,Pentamidine (isethionate),5.0,2451,3944,1032,0.1924
ACH-000521,Pralsetinib,0.05,2693,345,153,0.053
ACH-000521,Pravastatin (sodium),0.05,171,274,44,0.1097
ACH-000521,Pravastatin (sodium),0.5,365,1044,104,0.0797
ACH-000521,Pravastatin (sodium),5.0,694,1636,263,0.1272
ACH-000521,Pyridoxine,5.0,1057,4200,476,0.0996
ACH-000521,Pyridoxine (hydrochloride),5.0,1551,2584,569,0.1596
ACH-000521,Quinestrol,5.0,1152,3641,707,0.173
ACH-000521,Radotinib,5.0,3060,4039,1790,0.3372
ACH-000521,Ralimetinib dimesylate,0.05,2631,713,108,0.0334
ACH-000521,Raltitrexed,5.0,1229,4394,856,0.1796
ACH-000521,Rapamycin,5.0,2286,5021,1109,0.1789
ACH-000521,Regorafenib,0.05,1726,443,199,0.101
ACH-000521,Regorafenib,0.5,181,5646,145,0.0255
ACH-000521,Regorafenib,5.0,127,1458,56,0.0366
ACH-000521,Relugolix,5.0,884,2462,366,0.1228
ACH-000521,Resveratrol,5.0,1806,4706,934,0.1674
ACH-000521,Retinoic acid,5.0,1908,3543,991,0.2222
ACH-000521,Riluzole hydrochloride,5.0,2263,4958,1278,0.215
ACH-000521,Rimonabant,5.0,1087,2853,577,0.1716
ACH-000521,Ritonavir,5.0,1028,3253,568,0.153
ACH-000521,Ropivacaine (hydrochloride monohydrate),5.0,1970,3871,1316,0.2908
ACH-000521,S-Adenosyl-L-methionine (disulfate tosylate),5.0,2080,5349,1468,0.2463
ACH-000521,Salicylic acid,5.0,1051,3364,497,0.1269
ACH-000521,Saquinavir,5.0,1169,3763,574,0.1317
ACH-000521,Selinexor ,5.0,2356,6339,1448,0.1998
ACH-000521,Sinomenine,5.0,1206,1993,503,0.1866
ACH-000521,Sodium Salicylate,5.0,2664,3977,1158,0.2112
ACH-000521,Sonidegib,0.05,726,1144,105,0.0595
ACH-000521,Sulfisoxazole,0.5,949,2119,275,0.0985
ACH-000521,Sulfisoxazole,5.0,902,3872,479,0.1115
ACH-000521,Temsirolimus,5.0,1176,3878,816,0.1925
ACH-000521,Terfenadine,0.5,593,2597,265,0.0906
ACH-000521,Terfenadine,5.0,2993,4315,1416,0.2403
ACH-000521,Thymol,5.0,1848,1899,489,0.1501
ACH-000521,Tofacitinib,5.0,1361,3923,624,0.1339
ACH-000521,Tofacitinib (citrate),5.0,1909,3404,1102,0.2617
ACH-000521,Tolcapone,5.0,790,5239,541,0.0986
ACH-000521,Topotecan (hydrochloride),0.05,425,151,31,0.0569
ACH-000521,Topotecan (hydrochloride),0.5,346,2792,193,0.0655
ACH-000521,Topotecan (hydrochloride),5.0,315,3567,168,0.0452
ACH-000521,Trametinib,0.05,3259,2526,999,0.2087
ACH-000521,Trametinib,0.5,2120,7111,1445,0.1856
ACH-000521,Trametinib,5.0,3300,5797,1695,0.229
ACH-000521,Triamcinolone,5.0,2470,4427,1543,0.2882
ACH-000521,Triclosan,5.0,1169,3584,679,0.1667
ACH-000521,Trifluridine,5.0,563,3969,334,0.0796
ACH-000521,Trimetrexate,5.0,1064,4876,684,0.1301
ACH-000521,Tucidinostat,5.0,3454,8562,2655,0.2836
ACH-000521,Vilanterol,5.0,1521,3639,1003,0.2413
ACH-000521,Vinblastine (sulfate),5.0,2774,5167,1763,0.2854
ACH-000521,c-Kit-IN-1,0.05,5063,3613,291,0.0347
ACH-000521,olaparib,0.05,6260,639,65,0.0095
ACH-000552,(R)-Verapamil (hydrochloride),5.0,547,2230,285,0.1144
ACH-000552,18β-Glycyrrhetinic acid,5.0,822,2266,396,0.1471
ACH-000552,8-Hydroxyquinoline,5.0,819,2499,413,0.1422
ACH-000552,Abemaciclib,0.05,6685,1625,98,0.0119
ACH-000552,Acetohexamide,5.0,1043,1956,343,0.1291
ACH-000552,Adagrasib,0.05,3850,3036,1601,0.3029
ACH-000552,Adenine,5.0,980,2365,459,0.159
ACH-000552,Adenosine,5.0,1046,2720,535,0.1656
ACH-000552,Afatinib,0.05,2268,362,159,0.0643
ACH-000552,Afatinib,0.5,1074,3173,500,0.1334
ACH-000552,Afatinib,5.0,733,4173,433,0.0968
ACH-000552,Aliskiren,5.0,771,2274,413,0.1569
ACH-000552,Allantoin,5.0,1744,2890,802,0.2093
ACH-000552,Almonertinib (hydrochloride),5.0,1333,2789,642,0.1845
ACH-000552,Almonertinib (mesylate),0.05,221,359,40,0.0741
ACH-000552,Almonertinib (mesylate),0.5,570,1252,147,0.0878
ACH-000552,Almonertinib (mesylate),5.0,1082,1206,223,0.108
ACH-000552,Amsacrine,5.0,956,3376,548,0.1448
ACH-000552,Anethole trithione,5.0,1194,3237,675,0.1797
ACH-000552,Artesunate,5.0,1422,4053,1090,0.2486
ACH-000552,Azithromycin (hydrate),5.0,991,2408,453,0.1538
ACH-000552,Baicalin,5.0,826,2613,481,0.1626
ACH-000552,Balsalazide (sodium hydrate),5.0,579,2388,333,0.1264
ACH-000552,Belumosudil,0.05,398,137,34,0.0679
ACH-000552,Belumosudil,0.5,417,637,83,0.0855
ACH-000552,Belumosudil,5.0,1114,1386,277,0.1246
ACH-000552,Berbamine,0.5,1715,1114,308,0.1222
ACH-000552,Berbamine,5.0,589,3009,335,0.1027
ACH-000552,Berbamine (dihydrochloride),0.05,878,147,75,0.0789
ACH-000552,Berbamine (dihydrochloride),0.5,1239,761,181,0.0995
ACH-000552,Berbamine (dihydrochloride),5.0,1169,1180,234,0.1106
ACH-000552,Berberine (chloride hydrate),5.0,896,2580,486,0.1625
ACH-000552,Bergenin,5.0,728,1912,324,0.1399
ACH-000552,Bimatoprost,5.0,869,2655,365,0.1155
ACH-000552,Binimetinib,0.05,2173,2129,785,0.2232
ACH-000552,Binimetinib,0.5,1640,4961,961,0.1704
ACH-000552,Binimetinib,5.0,2630,1208,642,0.2009
ACH-000552,Busulfan,5.0,1189,2168,504,0.1767
ACH-000552,Captopril,0.05,1324,915,155,0.0744
ACH-000552,Cepharanthine,5.0,1289,2341,611,0.2024
ACH-000552,Chlorhexidine (diacetate),0.5,1470,1808,381,0.1315
ACH-000552,Chlorhexidine (diacetate),5.0,518,2656,304,0.1059
ACH-000552,Ciclopirox,5.0,819,2671,397,0.1284
ACH-000552,Clonidine (hydrochloride),5.0,657,3710,469,0.1203
ACH-000552,Clotrimazole,5.0,765,2248,359,0.1353
ACH-000552,Cloxacillin (sodium),5.0,580,1893,271,0.1231
ACH-000552,Cysteamine (hydrochloride),5.0,862,2066,362,0.1411
ACH-000552,Cytarabine,0.05,641,282,88,0.1054
ACH-000552,Cytarabine,0.5,546,967,127,0.0916
ACH-000552,Cytarabine,5.0,329,1427,125,0.0766
ACH-000552,DTP3,0.05,6340,2388,130,0.0151
ACH-000552,Daidzin,0.05,786,310,97,0.0971
ACH-000552,Daidzin,0.5,673,718,93,0.0716
ACH-000552,Daidzin,5.0,736,1124,149,0.0871
ACH-000552,Darinaparsin,5.0,1280,3647,722,0.1717
ACH-000552,Demeclocycline,5.0,841,1270,208,0.1093
ACH-000552,Diammonium Glycyrrhizinate,5.0,786,2781,417,0.1324
ACH-000552,Docetaxel,5.0,1907,3332,1011,0.2391
ACH-000552,Elagolix sodium,5.0,1154,2489,499,0.1587
ACH-000552,Flumatinib (mesylate),0.05,745,380,109,0.1073
ACH-000552,Flumatinib (mesylate),0.5,626,1279,165,0.0948
ACH-000552,Flumatinib (mesylate),5.0,591,1038,166,0.1135
ACH-000552,Fluvoxamine (maleate),5.0,638,3177,396,0.1158
ACH-000552,Folic acid,5.0,561,2564,287,0.1011
ACH-000552,Fumaric acid,0.05,758,464,112,0.1009
ACH-000552,Fumaric acid,0.5,712,1412,184,0.0948
ACH-000552,Fumaric acid,5.0,1204,1880,370,0.1363
ACH-000552,Furosemide,5.0,657,1543,263,0.1358
ACH-000552,Fusidic acid,5.0,673,2471,407,0.1487
ACH-000552,Gallic acid,5.0,686,2450,399,0.1458
ACH-000552,Gallic acid (hydrate),5.0,1039,2794,513,0.1545
ACH-000552,Gemfibrozil,5.0,1294,2355,580,0.189
ACH-000552,Goserelin (acetate),5.0,1050,2543,506,0.1639
ACH-000552,Hexylresorcinol,5.0,710,2315,393,0.1493
ACH-000552,Homoharringtonine,5.0,8532,10677,7215,0.6016
ACH-000552,Hydroxyfasudil,0.05,606,1273,93,0.0521
ACH-000552,Idarubicin (hydrochloride),5.0,8303,12655,7059,0.5079
ACH-000552,Irinotecan (hydrochloride),0.05,1320,317,89,0.0575
ACH-000552,Irinotecan (hydrochloride),0.5,1302,970,221,0.1078
ACH-000552,Irinotecan (hydrochloride),5.0,1756,1118,334,0.1315
ACH-000552,Isocorydine,5.0,608,2132,316,0.1304
ACH-000552,L-Thyroxine (sodium salt pentahydrate),5.0,418,2518,99,0.0349
ACH-000552,Larotrectinib,5.0,973,2213,435,0.1581
ACH-000552,Lenalidomide (hemihydrate),5.0,766,2533,408,0.1411
ACH-000552,Lidocaine (hydrochloride),5.0,2039,2990,818,0.1943
ACH-000552,Lipoic acid,5.0,798,1703,395,0.1876
ACH-000552,Lumateperone (tosylate),5.0,520,1943,303,0.1403
ACH-000552,Malotilate,0.05,2810,679,260,0.0805
ACH-000552,Medroxyprogesterone acetate,5.0,1047,2126,387,0.1389
ACH-000552,Megestrol,5.0,700,1790,316,0.1454
ACH-000552,Mitoxantrone (dihydrochloride),5.0,1309,4733,739,0.1394
ACH-000552,Naproxen,0.05,273,200,33,0.075
ACH-000552,Naproxen,0.5,387,782,77,0.0705
ACH-000552,Naproxen,5.0,439,255,54,0.0844
ACH-000552,Neratinib (maleate),5.0,1188,4508,786,0.1601
ACH-000552,Norepinephrine (hydrochloride),5.0,1117,2240,388,0.1307
ACH-000552,Olanzapine,5.0,829,2668,437,0.1428
ACH-000552,PF-06260933,0.05,9255,536,31,0.0032
ACH-000552,Palmatine (chloride),5.0,550,2065,279,0.1194
ACH-000552,Pasireotide (acetate),5.0,1330,2766,684,0.2005
ACH-000552,Pentagastrin,5.0,728,2737,357,0.1149
ACH-000552,Pentamidine (isethionate),0.5,917,2003,240,0.0896
ACH-000552,Pentamidine (isethionate),5.0,1132,2511,447,0.1399
ACH-000552,Pralsetinib,0.05,2463,348,180,0.0684
ACH-000552,Pravastatin (sodium),0.05,561,228,51,0.0691
ACH-000552,Pravastatin (sodium),0.5,569,603,93,0.0862
ACH-000552,Pravastatin (sodium),5.0,1540,1225,403,0.1706
ACH-000552,Pyridoxine,5.0,852,2488,397,0.1349
ACH-000552,Pyridoxine (hydrochloride),5.0,983,2359,457,0.1584
ACH-000552,Quinestrol,5.0,684,2631,401,0.1376
ACH-000552,Radotinib,5.0,2048,3444,1217,0.2847
ACH-000552,Raltitrexed,5.0,700,3539,518,0.1392
ACH-000552,Rapamycin,5.0,1281,3059,546,0.1439
ACH-000552,Regorafenib,0.05,1485,800,230,0.1119
ACH-000552,Regorafenib,0.5,658,3798,369,0.0903
ACH-000552,Regorafenib,5.0,493,1250,134,0.0833
ACH-000552,Relugolix,5.0,368,2019,182,0.0825
ACH-000552,Resveratrol,5.0,1197,2727,564,0.1679
ACH-000552,Retinoic acid,5.0,1039,2849,582,0.176
ACH-000552,Riluzole hydrochloride,5.0,1622,3564,919,0.2154
ACH-000552,Rimonabant,5.0,790,1945,433,0.1881
ACH-000552,Ritonavir,5.0,727,2739,360,0.1159
ACH-000552,Ropivacaine (hydrochloride monohydrate),5.0,659,2457,438,0.1636
ACH-000552,S-Adenosyl-L-methionine (disulfate tosylate),5.0,1078,3303,678,0.1831
ACH-000552,Salicylic acid,5.0,808,2424,384,0.1348
ACH-000552,Saquinavir,5.0,808,2624,380,0.1245
ACH-000552,Selinexor ,5.0,2517,6117,1845,0.2718
ACH-000552,Sinomenine,5.0,880,2058,471,0.1909
ACH-000552,Sodium Salicylate,5.0,1473,2488,551,0.1616
ACH-000552,Sonidegib,0.05,474,1466,71,0.038
ACH-000552,Sulfisoxazole,0.5,1638,1839,381,0.1231
ACH-000552,Sulfisoxazole,5.0,765,2766,346,0.1086
ACH-000552,Temsirolimus,5.0,836,2789,483,0.1537
ACH-000552,Terfenadine,0.5,1120,1723,250,0.0964
ACH-000552,Terfenadine,5.0,1144,3505,619,0.1536
ACH-000552,Thymol,5.0,1376,1419,377,0.1559
ACH-000552,Tofacitinib,5.0,1139,3110,552,0.1493
ACH-000552,Tofacitinib (citrate),5.0,884,2825,520,0.1631
ACH-000552,Tolcapone,5.0,782,3288,480,0.1337
ACH-000552,Topotecan (hydrochloride),0.05,772,224,52,0.0551
ACH-000552,Topotecan (hydrochloride),0.5,499,3667,297,0.0768
ACH-000552,Topotecan (hydrochloride),5.0,841,4618,455,0.0909
ACH-000552,Trametinib,0.05,2294,2774,901,0.2162
ACH-000552,Trametinib,0.5,1626,4763,928,0.1699
ACH-000552,Trametinib,5.0,2923,3590,1308,0.2513
ACH-000552,Triamcinolone,5.0,1647,2581,836,0.2465
ACH-000552,Triclosan,5.0,942,2355,474,0.1679
ACH-000552,Trifluridine,5.0,624,3163,360,0.105
ACH-000552,Trimetrexate,5.0,1006,3545,564,0.1415
ACH-000552,Tucidinostat,5.0,2386,8855,1965,0.2118
ACH-000552,Vilanterol,5.0,1011,2660,567,0.1827
ACH-000552,Vinblastine (sulfate),5.0,1795,5156,1348,0.2406
ACH-000552,c-Kit-IN-1,0.05,6723,5185,233,0.02
ACH-000552,olaparib,0.05,6567,703,75,0.0104
ACH-000555,(R)-Verapamil (hydrochloride),5.0,733,3613,491,0.1274
ACH-000555,18β-Glycyrrhetinic acid,5.0,1067,2613,488,0.1529
ACH-000555,8-Hydroxyquinoline,5.0,1461,4103,827,0.1746
ACH-000555,Acetohexamide,5.0,1036,2759,406,0.1198
ACH-000555,Adagrasib,0.05,5881,6430,3407,0.3826
ACH-000555,Adenine,5.0,1328,3179,606,0.1553
ACH-000555,Adenosine,5.0,1267,3220,628,0.1627
ACH-000555,Afatinib,0.05,2382,1078,403,0.1318
ACH-000555,Afatinib,0.5,2097,3979,905,0.175
ACH-000555,Afatinib,5.0,1701,5578,935,0.1474
ACH-000555,Aliskiren,5.0,953,2882,507,0.1523
ACH-000555,Allantoin,5.0,2539,4433,1329,0.2355
ACH-000555,Almonertinib (hydrochloride),5.0,2226,2997,831,0.1892
ACH-000555,Almonertinib (mesylate),0.05,979,1330,257,0.1252
ACH-000555,Almonertinib (mesylate),0.5,1160,4329,603,0.1234
ACH-000555,Almonertinib (mesylate),5.0,1192,3144,524,0.1375
ACH-000555,Amsacrine,5.0,2465,5940,1592,0.2337
ACH-000555,Anethole trithione,5.0,2077,4045,1079,0.214
ACH-000555,Artesunate,5.0,2066,4675,1478,0.2808
ACH-000555,Azithromycin (hydrate),5.0,1484,2692,684,0.1959
ACH-000555,Baicalin,5.0,1098,4195,698,0.1519
ACH-000555,Balsalazide (sodium hydrate),5.0,998,3471,520,0.1317
ACH-000555,Belumosudil,0.05,1269,939,283,0.147
ACH-000555,Belumosudil,0.5,1464,2255,509,0.1586
ACH-000555,Belumosudil,5.0,1731,3492,690,0.1522
ACH-000555,Berbamine,0.5,2516,1720,616,0.1702
ACH-000555,Berbamine,5.0,1001,4000,525,0.1173
ACH-000555,Berbamine (dihydrochloride),0.05,1439,915,299,0.1455
ACH-000555,Berbamine (dihydrochloride),0.5,1351,1947,357,0.1214
ACH-000555,Berbamine (dihydrochloride),5.0,1110,2957,381,0.1034
ACH-000555,Berberine (chloride hydrate),5.0,1017,4156,656,0.1452
ACH-000555,Bergenin,5.0,1062,2857,466,0.135
ACH-000555,Bimatoprost,5.0,1637,3222,662,0.1577
ACH-000555,Binimetinib,0.05,3087,3471,1313,0.2503
ACH-000555,Binimetinib,0.5,4292,6352,2207,0.2616
ACH-000555,Binimetinib,5.0,4624,2611,1286,0.2162
ACH-000555,Busulfan,5.0,1350,2792,610,0.1727
ACH-000555,Captopril,0.05,1703,1340,311,0.1138
ACH-000555,Cepharanthine,5.0,1519,2238,623,0.1988
ACH-000555,Chlorhexidine (diacetate),0.5,2317,2899,732,0.1632
ACH-000555,Chlorhexidine (diacetate),5.0,1265,4535,818,0.1642
ACH-000555,Ciclopirox,5.0,1068,4248,649,0.1391
ACH-000555,Clonidine (hydrochloride),5.0,1210,5448,798,0.1362
ACH-000555,Clotrimazole,5.0,1351,4016,744,0.1609
ACH-000555,Cloxacillin (sodium),5.0,1090,2492,531,0.174
ACH-000555,Cysteamine (hydrochloride),5.0,821,2977,397,0.1167
ACH-000555,Cytarabine,0.05,1511,1394,316,0.1221
ACH-000555,Cytarabine,0.5,1102,2603,380,0.1143
ACH-000555,Cytarabine,5.0,949,3184,425,0.1146
ACH-000555,Daidzin,0.05,1465,1193,323,0.1383
ACH-000555,Daidzin,0.5,1164,1911,303,0.1093
ACH-000555,Daidzin,5.0,1327,3120,494,0.125
ACH-000555,Darinaparsin,5.0,1549,3891,860,0.1878
ACH-000555,Demeclocycline,5.0,904,2374,316,0.1067
ACH-000555,Diammonium Glycyrrhizinate,5.0,1107,4779,676,0.1298
ACH-000555,Docetaxel,5.0,2180,4068,1096,0.2127
ACH-000555,Elagolix sodium,5.0,1643,3843,771,0.1635
ACH-000555,Flumatinib (mesylate),0.05,1346,1882,382,0.1342
ACH-000555,Flumatinib (mesylate),0.5,2176,5265,1356,0.2228
ACH-000555,Flumatinib (mesylate),5.0,1023,2406,377,0.1235
ACH-000555,Fluvoxamine (maleate),5.0,1247,4436,788,0.161
ACH-000555,Folic acid,5.0,604,4058,341,0.0789
ACH-000555,Fumaric acid,0.05,1335,1540,311,0.1213
ACH-000555,Fumaric acid,0.5,1526,3890,695,0.1472
ACH-000555,Fumaric acid,5.0,1374,3910,667,0.1445
ACH-000555,Furosemide,5.0,913,1985,332,0.1294
ACH-000555,Fusidic acid,5.0,715,2954,458,0.1426
ACH-000555,Gallic acid,5.0,1079,3273,570,0.1507
ACH-000555,Gallic acid (hydrate),5.0,1578,3709,791,0.1759
ACH-000555,Gemfibrozil,5.0,1913,4281,1011,0.1951
ACH-000555,Goserelin (acetate),5.0,1716,3702,914,0.2029
ACH-000555,Hexylresorcinol,5.0,1646,3666,1002,0.2325
ACH-000555,Homoharringtonine,5.0,9615,10197,7325,0.5866
ACH-000555,Hydroxyfasudil,0.05,670,2166,101,0.0369
ACH-000555,Idarubicin (hydrochloride),5.0,12292,15663,10271,0.5808
ACH-000555,Irinotecan (hydrochloride),0.05,3261,1010,444,0.116
ACH-000555,Irinotecan (hydrochloride),0.5,3649,3249,1259,0.2233
ACH-000555,Irinotecan (hydrochloride),5.0,3645,2547,1019,0.197
ACH-000555,Isocorydine,5.0,2081,3030,817,0.1903
ACH-000555,L-Thyroxine (sodium salt pentahydrate),5.0,8723,4101,171,0.0135
ACH-000555,Larotrectinib,5.0,1077,2556,445,0.1396
ACH-000555,Lenalidomide (hemihydrate),5.0,1069,3510,686,0.1762
ACH-000555,Lidocaine (hydrochloride),5.0,2444,4223,1221,0.2242
ACH-000555,Lipoic acid,5.0,920,2156,441,0.1674
ACH-000555,Lumateperone (tosylate),5.0,798,2588,361,0.1193
ACH-000555,Malotilate,0.05,5942,1014,627,0.0991
ACH-000555,Medroxyprogesterone acetate,5.0,1448,4926,888,0.1619
ACH-000555,Megestrol,5.0,1234,3051,583,0.1575
ACH-000555,Mitoxantrone (dihydrochloride),5.0,1709,9479,1209,0.1212
ACH-000555,Naproxen,0.05,661,895,139,0.0981
ACH-000555,Naproxen,0.5,1131,3006,453,0.123
ACH-000555,Naproxen,5.0,604,692,135,0.1163
ACH-000555,Neratinib (maleate),5.0,1614,6723,1090,0.1504
ACH-000555,Norepinephrine (hydrochloride),5.0,999,3546,482,0.1186
ACH-000555,Olanzapine,5.0,1149,3419,612,0.1547
ACH-000555,PF-06260933,0.05,9757,1308,66,0.006
ACH-000555,Palmatine (chloride),5.0,852,3192,412,0.1134
ACH-000555,Pasireotide (acetate),5.0,1640,3623,760,0.1688
ACH-000555,Pentagastrin,5.0,1125,4244,624,0.1315
ACH-000555,Pentamidine (isethionate),0.5,1126,2959,392,0.1061
ACH-000555,Pentamidine (isethionate),5.0,1899,3787,841,0.1736
ACH-000555,Pralsetinib,0.05,2066,841,287,0.1095
ACH-000555,Pravastatin (sodium),0.05,1389,996,241,0.1124
ACH-000555,Pravastatin (sodium),0.5,1544,2088,421,0.1311
ACH-000555,Pravastatin (sodium),5.0,1773,2786,667,0.1714
ACH-000555,Pyridoxine,5.0,1406,3362,645,0.1564
ACH-000555,Pyridoxine (hydrochloride),5.0,1543,4012,810,0.1707
ACH-000555,Quinestrol,5.0,1293,3620,846,0.208
ACH-000555,Radotinib,5.0,2182,3349,1137,0.2588
ACH-000555,Raltitrexed,5.0,947,3969,592,0.1369
ACH-000555,Rapamycin,5.0,1483,5394,811,0.1337
ACH-000555,Regorafenib,0.05,1470,1122,261,0.112
ACH-000555,Regorafenib,0.5,910,5037,451,0.0821
ACH-000555,Regorafenib,5.0,986,1221,230,0.1163
ACH-000555,Relugolix,5.0,581,3168,297,0.086
ACH-000555,Resveratrol,5.0,1514,4630,790,0.1476
ACH-000555,Retinoic acid,5.0,1297,3845,732,0.166
ACH-000555,Riluzole hydrochloride,5.0,1655,5064,1025,0.18
ACH-000555,Rimonabant,5.0,1058,2843,576,0.1732
ACH-000555,Ritonavir,5.0,935,3559,588,0.1505
ACH-000555,Ropivacaine (hydrochloride monohydrate),5.0,1297,3517,815,0.2038
ACH-000555,S-Adenosyl-L-methionine (disulfate tosylate),5.0,1716,4791,1202,0.2266
ACH-000555,Salicylic acid,5.0,1138,2743,466,0.1365
ACH-000555,Saquinavir,5.0,1004,3640,495,0.1193
ACH-000555,Selinexor ,5.0,2529,8562,1785,0.1918
ACH-000555,Sinomenine,5.0,1005,2108,471,0.1783
ACH-000555,Sodium Salicylate,5.0,2260,3686,903,0.1791
ACH-000555,Sonidegib,0.05,4815,2081,133,0.0197
ACH-000555,Sulfisoxazole,0.5,1786,2676,540,0.1377
ACH-000555,Sulfisoxazole,5.0,810,4094,460,0.1035
ACH-000555,Temsirolimus,5.0,1314,4390,915,0.1911
ACH-000555,Terfenadine,0.5,1698,2786,558,0.1421
ACH-000555,Terfenadine,5.0,2635,3802,1073,0.2
ACH-000555,Thymol,5.0,1771,1731,546,0.1847
ACH-000555,Tofacitinib,5.0,1714,4508,1026,0.1975
ACH-000555,Tofacitinib (citrate),5.0,1855,4404,1099,0.213
ACH-000555,Tolcapone,5.0,713,5158,496,0.0923
ACH-000555,Topotecan (hydrochloride),0.05,2127,928,308,0.1121
ACH-000555,Topotecan (hydrochloride),0.5,1157,5545,657,0.1087
ACH-000555,Topotecan (hydrochloride),5.0,1655,5240,795,0.1303
ACH-000555,Trametinib,0.05,2477,3658,1057,0.2082
ACH-000555,Trametinib,0.5,3131,6729,1811,0.225
ACH-000555,Trametinib,5.0,5089,4481,1952,0.2562
ACH-000555,Triamcinolone,5.0,3114,5773,2008,0.2919
ACH-000555,Triclosan,5.0,947,3678,527,0.1286
ACH-000555,Trifluridine,5.0,733,3626,397,0.1002
ACH-000555,Trimetrexate,5.0,1269,4783,809,0.1543
ACH-000555,Tucidinostat,5.0,3927,10161,3231,0.2976
ACH-000555,Vilanterol,5.0,1275,3393,720,0.1824
ACH-000555,Vinblastine (sulfate),5.0,2095,5202,1372,0.2316
ACH-000555,c-Kit-IN-1,0.05,8942,5981,220,0.015
ACH-000555,olaparib,0.05,8984,1649,71,0.0067
ACH-000558,(R)-Verapamil (hydrochloride),5.0,847,3218,546,0.1552
ACH-000558,18β-Glycyrrhetinic acid,5.0,1331,2322,575,0.1868
ACH-000558,8-Hydroxyquinoline,5.0,1365,3562,718,0.1706
ACH-000558,Acetohexamide,5.0,1047,2869,425,0.1217
ACH-000558,Adagrasib,0.05,4086,4214,1956,0.3083
ACH-000558,Adenine,5.0,929,3245,518,0.1417
ACH-000558,Adenosine,5.0,1358,3518,728,0.1755
ACH-000558,Afatinib,0.05,1816,287,120,0.0605
ACH-000558,Afatinib,0.5,890,3482,397,0.0999
ACH-000558,Afatinib,5.0,637,5288,385,0.0695
ACH-000558,Aliskiren,5.0,869,2648,466,0.1527
ACH-000558,Allantoin,5.0,2154,3714,1082,0.2261
ACH-000558,Almonertinib (hydrochloride),5.0,1720,2488,677,0.1917
ACH-000558,Almonertinib (mesylate),0.05,265,164,38,0.0972
ACH-000558,Almonertinib (mesylate),0.5,499,1693,240,0.123
ACH-000558,Almonertinib (mesylate),5.0,393,1087,96,0.0694
ACH-000558,Amsacrine,5.0,1738,5547,1192,0.1956
ACH-000558,Anethole trithione,5.0,1974,3827,1062,0.2241
ACH-000558,Artesunate,5.0,2284,5419,1669,0.2766
ACH-000558,Azithromycin (hydrate),5.0,1170,2268,557,0.1933
ACH-000558,Baicalin,5.0,1123,3974,784,0.1818
ACH-000558,Balsalazide (sodium hydrate),5.0,730,3384,475,0.1305
ACH-000558,Belumosudil,0.05,276,96,23,0.0659
ACH-000558,Belumosudil,0.5,550,698,126,0.1123
ACH-000558,Belumosudil,5.0,496,1104,113,0.076
ACH-000558,Berbamine,0.5,743,1516,237,0.1172
ACH-000558,Berbamine,5.0,756,3427,407,0.1078
ACH-000558,Berbamine (dihydrochloride),0.05,442,106,54,0.1093
ACH-000558,Berbamine (dihydrochloride),0.5,392,561,88,0.1017
ACH-000558,Berbamine (dihydrochloride),5.0,416,740,77,0.0714
ACH-000558,Berberine (chloride hydrate),5.0,1109,3790,717,0.1714
ACH-000558,Bergenin,5.0,1184,2347,535,0.1786
ACH-000558,Bimatoprost,5.0,1150,3384,576,0.1455
ACH-000558,Binimetinib,0.05,2062,963,425,0.1635
ACH-000558,Binimetinib,0.5,960,6284,602,0.0906
ACH-000558,Binimetinib,5.0,2252,2230,897,0.2502
ACH-000558,Busulfan,5.0,1328,2529,588,0.1799
ACH-000558,Captopril,0.05,886,379,77,0.0648
ACH-000558,Cepharanthine,5.0,1413,2410,682,0.2171
ACH-000558,Chlorhexidine (diacetate),0.5,777,2642,306,0.0983
ACH-000558,Chlorhexidine (diacetate),5.0,1422,4547,970,0.194
ACH-000558,Ciclopirox,5.0,1132,3397,651,0.1679
ACH-000558,Clonidine (hydrochloride),5.0,1242,4895,864,0.1639
ACH-000558,Clotrimazole,5.0,1284,3584,680,0.1624
ACH-000558,Cloxacillin (sodium),5.0,988,2603,539,0.1766
ACH-000558,Cysteamine (hydrochloride),5.0,766,2741,418,0.1353
ACH-000558,Cytarabine,0.05,454,221,69,0.1139
ACH-000558,Cytarabine,0.5,442,551,80,0.0876
ACH-000558,Cytarabine,5.0,248,864,84,0.0817
ACH-000558,Daidzin,0.05,554,178,61,0.0909
ACH-000558,Daidzin,0.5,503,514,65,0.0683
ACH-000558,Daidzin,5.0,568,843,102,0.0779
ACH-000558,Darinaparsin,5.0,1514,3927,878,0.1924
ACH-000558,Demeclocycline,5.0,816,2090,292,0.1117
ACH-000558,Diammonium Glycyrrhizinate,5.0,1106,4044,624,0.1379
ACH-000558,Docetaxel,5.0,2739,4553,1543,0.2684
ACH-000558,Elagolix sodium,5.0,1397,3641,659,0.1505
ACH-000558,Flumatinib (mesylate),0.05,372,233,44,0.0784
ACH-000558,Flumatinib (mesylate),0.5,788,1957,320,0.132
ACH-000558,Flumatinib (mesylate),5.0,351,729,99,0.1009
ACH-000558,Fluvoxamine (maleate),5.0,1111,4338,747,0.1589
ACH-000558,Folic acid,5.0,598,3796,353,0.0874
ACH-000558,Fumaric acid,0.05,415,283,54,0.0839
ACH-000558,Fumaric acid,0.5,484,1512,160,0.0871
ACH-000558,Fumaric acid,5.0,418,1537,136,0.0748
ACH-000558,Furosemide,5.0,676,2040,305,0.1265
ACH-000558,Fusidic acid,5.0,891,3140,591,0.1718
ACH-000558,Gallic acid,5.0,1271,3549,696,0.1688
ACH-000558,Gallic acid (hydrate),5.0,1699,3495,827,0.1894
ACH-000558,Gemfibrozil,5.0,1543,3649,863,0.1994
ACH-000558,Goserelin (acetate),5.0,1750,3912,1012,0.2176
ACH-000558,Hexylresorcinol,5.0,1707,3542,1029,0.2438
ACH-000558,Homoharringtonine,5.0,12320,13787,10430,0.6653
ACH-000558,Hydroxyfasudil,0.05,539,909,60,0.0432
ACH-000558,Idarubicin (hydrochloride),5.0,11799,14956,9784,0.5765
ACH-000558,Irinotecan (hydrochloride),0.05,1421,162,72,0.0477
ACH-000558,Irinotecan (hydrochloride),0.5,2223,1121,383,0.1293
ACH-000558,Irinotecan (hydrochloride),5.0,2201,622,218,0.0837
ACH-000558,Isocorydine,5.0,1872,3008,786,0.192
ACH-000558,L-Thyroxine (sodium salt pentahydrate),5.0,4413,3272,157,0.0209
ACH-000558,Larotrectinib,5.0,1059,2610,488,0.1534
ACH-000558,Lenalidomide (hemihydrate),5.0,964,2739,573,0.1831
ACH-000558,Lidocaine (hydrochloride),5.0,2226,3911,1053,0.2071
ACH-000558,Lipoic acid,5.0,957,2044,487,0.1937
ACH-000558,Lumateperone (tosylate),5.0,561,2682,343,0.1183
ACH-000558,Malotilate,0.05,2396,255,115,0.0453
ACH-000558,Medroxyprogesterone acetate,5.0,1082,3506,563,0.1399
ACH-000558,Megestrol,5.0,1034,2766,521,0.1589
ACH-000558,Mitoxantrone (dihydrochloride),5.0,1585,11068,1120,0.0971
ACH-000558,Naproxen,0.05,173,179,23,0.0699
ACH-000558,Naproxen,0.5,294,983,86,0.0722
ACH-000558,Naproxen,5.0,166,200,32,0.0958
ACH-000558,Neratinib (maleate),5.0,1736,6745,1307,0.1822
ACH-000558,Norepinephrine (hydrochloride),5.0,1041,2961,454,0.128
ACH-000558,Olanzapine,5.0,1064,3513,618,0.1561
ACH-000558,Palmatine (chloride),5.0,885,2810,479,0.1489
ACH-000558,Pasireotide (acetate),5.0,2019,3509,993,0.219
ACH-000558,Pentagastrin,5.0,969,3738,536,0.1285
ACH-000558,Pentamidine (isethionate),0.5,306,2824,159,0.0535
ACH-000558,Pentamidine (isethionate),5.0,1859,3725,923,0.198
ACH-000558,Pralsetinib,0.05,2125,252,123,0.0546
ACH-000558,Pravastatin (sodium),0.05,369,88,33,0.0778
ACH-000558,Pravastatin (sodium),0.5,498,502,91,0.1001
ACH-000558,Pravastatin (sodium),5.0,729,932,195,0.133
ACH-000558,Pyridoxine,5.0,1429,3527,656,0.1526
ACH-000558,Pyridoxine (hydrochloride),5.0,1066,3592,585,0.1436
ACH-000558,Quinestrol,5.0,1042,3223,645,0.1782
ACH-000558,Radotinib,5.0,2081,3160,1113,0.2696
ACH-000558,Raltitrexed,5.0,926,4064,663,0.1532
ACH-000558,Rapamycin,5.0,1553,4846,894,0.1624
ACH-000558,Regorafenib,0.05,1607,317,140,0.0785
ACH-000558,Regorafenib,0.5,322,4915,183,0.0362
ACH-000558,Regorafenib,5.0,329,1146,99,0.0719
ACH-000558,Relugolix,5.0,529,3144,330,0.0987
ACH-000558,Resveratrol,5.0,1260,4286,692,0.1426
ACH-000558,Retinoic acid,5.0,1898,4078,1161,0.2411
ACH-000558,Riluzole hydrochloride,5.0,1766,4839,1102,0.2003
ACH-000558,Rimonabant,5.0,1020,2858,601,0.1834
ACH-000558,Ritonavir,5.0,1020,3349,608,0.1617
ACH-000558,Ropivacaine (hydrochloride monohydrate),5.0,1310,3144,847,0.2348
ACH-000558,S-Adenosyl-L-methionine (disulfate tosylate),5.0,1622,5021,1190,0.2182
ACH-000558,Salicylic acid,5.0,1121,2935,543,0.1546
ACH-000558,Saquinavir,5.0,781,3002,395,0.1166
ACH-000558,Selinexor ,5.0,2927,8386,2197,0.241
ACH-000558,Sinomenine,5.0,1097,2475,546,0.1804
ACH-000558,Sodium Salicylate,5.0,1734,3619,806,0.1773
ACH-000558,Sonidegib,0.05,4203,1396,115,0.021
ACH-000558,Sulfisoxazole,0.5,1232,2645,403,0.116
ACH-000558,Sulfisoxazole,5.0,950,3603,546,0.1363
ACH-000558,Temsirolimus,5.0,1264,4217,889,0.1936
ACH-000558,Terfenadine,0.5,651,2790,264,0.0831
ACH-000558,Terfenadine,5.0,1990,4215,1194,0.2383
ACH-000558,Thymol,5.0,1613,1610,442,0.1589
ACH-000558,Tofacitinib,5.0,1419,4032,889,0.1949
ACH-000558,Tofacitinib (citrate),5.0,1986,3693,1095,0.2389
ACH-000558,Tolcapone,5.0,788,5056,573,0.1087
ACH-000558,Topotecan (hydrochloride),0.05,499,157,45,0.0736
ACH-000558,Topotecan (hydrochloride),0.5,566,3287,302,0.085
ACH-000558,Topotecan (hydrochloride),5.0,520,2531,198,0.0694
ACH-000558,Trametinib,0.05,2319,1810,667,0.1927
ACH-000558,Trametinib,0.5,1844,6440,1211,0.1712
ACH-000558,Trametinib,5.0,3677,5368,1973,0.279
ACH-000558,Triamcinolone,5.0,2987,4295,1471,0.2531
ACH-000558,Triclosan,5.0,1329,3260,757,0.1975
ACH-000558,Trifluridine,5.0,753,3296,409,0.1124
ACH-000558,Trimetrexate,5.0,1135,3793,659,0.1544
ACH-000558,Tucidinostat,5.0,3488,10289,2915,0.2684
ACH-000558,Vilanterol,5.0,1317,3060,805,0.2254
ACH-000558,Vinblastine (sulfate),5.0,2428,5258,1750,0.2948
ACH-000558,c-Kit-IN-1,0.05,4073,2847,165,0.0244
ACH-000580,(R)-Verapamil (hydrochloride),5.0,496,1751,300,0.1541
ACH-000580,18β-Glycyrrhetinic acid,5.0,736,1418,295,0.1587
ACH-000580,8-Hydroxyquinoline,5.0,727,1837,333,0.1493
ACH-000580,Acetohexamide,5.0,653,1477,243,0.1288
ACH-000580,Adagrasib,0.05,2533,3347,1333,0.2932
ACH-000580,Adenine,5.0,700,1608,320,0.161
ACH-000580,Adenosine,5.0,776,1996,403,0.1701
ACH-000580,Afatinib,0.05,1426,272,114,0.072
ACH-000580,Afatinib,0.5,591,2365,255,0.0944
ACH-000580,Afatinib,5.0,351,3772,225,0.0577
ACH-000580,Aliskiren,5.0,579,1280,247,0.1532
ACH-000580,Allantoin,5.0,1291,2197,518,0.1744
ACH-000580,Almonertinib (hydrochloride),5.0,1264,1506,392,0.1648
ACH-000580,Almonertinib (mesylate),0.05,146,102,19,0.083
ACH-000580,Almonertinib (mesylate),0.5,453,1222,179,0.1197
ACH-000580,Almonertinib (mesylate),5.0,458,588,86,0.0896
ACH-000580,Amsacrine,5.0,1113,3698,748,0.1841
ACH-000580,Anethole trithione,5.0,1316,1976,552,0.2015
ACH-000580,Artesunate,5.0,1595,2785,993,0.2932
ACH-000580,Azithromycin (hydrate),5.0,833,1624,369,0.1767
ACH-000580,Baicalin,5.0,840,2183,464,0.1813
ACH-000580,Balsalazide (sodium hydrate),5.0,474,1648,239,0.1269
ACH-000580,Belumosudil,0.05,347,83,41,0.1054
ACH-000580,Belumosudil,0.5,542,769,108,0.0898
ACH-000580,Belumosudil,5.0,485,1976,172,0.0751
ACH-000580,Berbamine,0.5,731,856,190,0.136
ACH-000580,Berbamine,5.0,433,2197,256,0.1078
ACH-000580,Berbamine (dihydrochloride),0.05,462,63,43,0.0892
ACH-000580,Berbamine (dihydrochloride),0.5,353,223,42,0.0787
ACH-000580,Berbamine (dihydrochloride),5.0,467,390,69,0.0876
ACH-000580,Berberine (chloride hydrate),5.0,567,2399,301,0.1129
ACH-000580,Bergenin,5.0,758,1226,303,0.1802
ACH-000580,Bimatoprost,5.0,690,2238,322,0.1236
ACH-000580,Binimetinib,0.05,2379,2402,1078,0.2911
ACH-000580,Binimetinib,0.5,2852,5184,1815,0.2918
ACH-000580,Binimetinib,5.0,3895,1353,930,0.2154
ACH-000580,Busulfan,5.0,884,1378,340,0.1769
ACH-000580,Captopril,0.05,1019,452,90,0.0652
ACH-000580,Cepharanthine,5.0,1241,1598,508,0.2179
ACH-000580,Chlorhexidine (diacetate),0.5,731,1207,221,0.1287
ACH-000580,Chlorhexidine (diacetate),5.0,553,2632,351,0.1239
ACH-000580,Ciclopirox,5.0,850,2057,400,0.1596
ACH-000580,Clonidine (hydrochloride),5.0,681,2774,408,0.1339
ACH-000580,Clotrimazole,5.0,710,1555,324,0.1669
ACH-000580,Cloxacillin (sodium),5.0,719,1225,284,0.1711
ACH-000580,Cysteamine (hydrochloride),5.0,432,1531,232,0.134
ACH-000580,Cytarabine,0.05,351,186,51,0.1049
ACH-000580,Cytarabine,0.5,336,504,67,0.0867
ACH-000580,Cytarabine,5.0,274,743,57,0.0594
ACH-000580,Daidzin,0.05,431,98,45,0.093
ACH-000580,Daidzin,0.5,524,364,71,0.0869
ACH-000580,Daidzin,5.0,369,540,65,0.077
ACH-000580,Darinaparsin,5.0,898,2672,516,0.169
ACH-000580,Demeclocycline,5.0,478,907,111,0.0871
ACH-000580,Diammonium Glycyrrhizinate,5.0,635,2632,387,0.1344
ACH-000580,Docetaxel,5.0,1174,2126,517,0.1858
ACH-000580,Elagolix sodium,5.0,1002,2139,413,0.1514
ACH-000580,Flumatinib (mesylate),0.05,420,187,46,0.082
ACH-000580,Flumatinib (mesylate),0.5,705,1671,263,0.1245
ACH-000580,Flumatinib (mesylate),5.0,336,432,73,0.105
ACH-000580,Fluvoxamine (maleate),5.0,865,2553,522,0.1802
ACH-000580,Folic acid,5.0,436,1548,185,0.1028
ACH-000580,Fumaric acid,0.05,405,183,45,0.0829
ACH-000580,Fumaric acid,0.5,373,1172,117,0.0819
ACH-000580,Fumaric acid,5.0,468,976,112,0.0841
ACH-000580,Furosemide,5.0,498,1094,190,0.1355
ACH-000580,Fusidic acid,5.0,531,1656,297,0.1571
ACH-000580,Gallic acid,5.0,841,1453,304,0.1528
ACH-000580,Gallic acid (hydrate),5.0,884,1874,351,0.1458
ACH-000580,Gemfibrozil,5.0,824,2268,424,0.1589
ACH-000580,Goserelin (acetate),5.0,1622,1633,550,0.2033
ACH-000580,Hexylresorcinol,5.0,1126,1951,577,0.2308
ACH-000580,Homoharringtonine,5.0,11333,13539,9662,0.6352
ACH-000580,Hydroxyfasudil,0.05,488,515,39,0.0405
ACH-000580,Idarubicin (hydrochloride),5.0,9060,13344,7718,0.5255
ACH-000580,Irinotecan (hydrochloride),0.05,858,73,25,0.0276
ACH-000580,Irinotecan (hydrochloride),0.5,1366,773,241,0.127
ACH-000580,Irinotecan (hydrochloride),5.0,1858,678,271,0.1196
ACH-000580,Isocorydine,5.0,1483,1718,485,0.1786
ACH-000580,L-Thyroxine (sodium salt pentahydrate),5.0,155,2027,29,0.0135
ACH-000580,Larotrectinib,5.0,803,1525,326,0.1628
ACH-000580,Lenalidomide (hemihydrate),5.0,858,1751,412,0.1875
ACH-000580,Lidocaine (hydrochloride),5.0,1263,2449,573,0.1825
ACH-000580,Lipoic acid,5.0,643,1161,291,0.1923
ACH-000580,Lumateperone (tosylate),5.0,500,1635,277,0.1491
ACH-000580,Malotilate,0.05,2727,364,171,0.0586
ACH-000580,Medroxyprogesterone acetate,5.0,802,1615,332,0.1592
ACH-000580,Megestrol,5.0,882,1348,366,0.1964
ACH-000580,Methylprednisolone succinate,0.05,8484,407,20,0.0023
ACH-000580,Mitoxantrone (dihydrochloride),5.0,938,5362,605,0.1062
ACH-000580,Naproxen,0.05,116,163,21,0.0814
ACH-000580,Naproxen,0.5,177,495,42,0.0667
ACH-000580,Naproxen,5.0,136,82,14,0.0686
ACH-000580,Neratinib (maleate),5.0,1277,3496,740,0.1835
ACH-000580,Norepinephrine (hydrochloride),5.0,700,2047,260,0.1045
ACH-000580,Olanzapine,5.0,658,2097,359,0.1498
ACH-000580,PF-06260933,0.05,2931,429,88,0.0269
ACH-000580,Palmatine (chloride),5.0,586,1782,326,0.1596
ACH-000580,Pasireotide (acetate),5.0,1683,1992,707,0.2382
ACH-000580,Pentagastrin,5.0,846,1846,345,0.147
ACH-000580,Pentamidine (isethionate),0.5,393,1334,97,0.0595
ACH-000580,Pentamidine (isethionate),5.0,1134,2210,484,0.1692
ACH-000580,Pralsetinib,0.05,2145,198,110,0.0493
ACH-000580,Pravastatin (sodium),0.05,308,108,34,0.089
ACH-000580,Pravastatin (sodium),0.5,315,231,38,0.0748
ACH-000580,Pravastatin (sodium),5.0,533,526,103,0.1077
ACH-000580,Pyridoxine,5.0,662,1554,256,0.1306
ACH-000580,Pyridoxine (hydrochloride),5.0,866,1477,344,0.1721
ACH-000580,Quinestrol,5.0,567,1658,302,0.157
ACH-000580,Radotinib,5.0,2360,2958,1289,0.3199
ACH-000580,Ralimetinib dimesylate,0.05,8171,451,24,0.0028
ACH-000580,Raltitrexed,5.0,693,2527,469,0.1705
ACH-000580,Rapamycin,5.0,1017,4030,575,0.1286
ACH-000580,Regorafenib,0.05,925,386,119,0.0998
ACH-000580,Regorafenib,0.5,385,3194,212,0.063
ACH-000580,Regorafenib,5.0,363,437,89,0.1252
ACH-000580,Relugolix,5.0,456,1474,206,0.1195
ACH-000580,Resveratrol,5.0,1088,3068,552,0.1532
ACH-000580,Retinoic acid,5.0,1314,2531,735,0.2363
ACH-000580,Riluzole hydrochloride,5.0,797,3148,492,0.1425
ACH-000580,Rimonabant,5.0,819,1589,378,0.1862
ACH-000580,Ritonavir,5.0,660,2076,349,0.1462
ACH-000580,Ropivacaine (hydrochloride monohydrate),5.0,990,1994,578,0.2402
ACH-000580,S-Adenosyl-L-methionine (disulfate tosylate),5.0,1084,3251,749,0.2089
ACH-000580,Salicylic acid,5.0,647,1642,282,0.1405
ACH-000580,Saquinavir,5.0,579,2047,268,0.1137
ACH-000580,Selinexor ,5.0,2269,6145,1636,0.2414
ACH-000580,Sinomenine,5.0,781,1125,294,0.1824
ACH-000580,Sodium Salicylate,5.0,1150,2429,523,0.1711
ACH-000580,Sonidegib,0.05,434,813,44,0.0366
ACH-000580,Sulfisoxazole,0.5,1123,1366,249,0.1112
ACH-000580,Sulfisoxazole,5.0,729,2223,325,0.1237
ACH-000580,Temsirolimus,5.0,969,3351,696,0.1921
ACH-000580,Terfenadine,0.5,1485,1126,296,0.1279
ACH-000580,Terfenadine,5.0,1357,2327,565,0.1811
ACH-000580,Thymol,5.0,902,1098,246,0.1403
ACH-000580,Tofacitinib,5.0,1490,3655,937,0.2227
ACH-000580,Tofacitinib (citrate),5.0,1391,3478,751,0.1824
ACH-000580,Tolcapone,5.0,525,2855,337,0.1107
ACH-000580,Topotecan (hydrochloride),0.05,393,478,57,0.07
ACH-000580,Topotecan (hydrochloride),0.5,449,3777,322,0.0825
ACH-000580,Topotecan (hydrochloride),5.0,356,2473,162,0.0607
ACH-000580,Trametinib,0.05,1664,3425,802,0.1871
ACH-000580,Trametinib,0.5,2540,4841,1609,0.2788
ACH-000580,Trametinib,5.0,4086,3092,1644,0.2971
ACH-000580,Triamcinolone,5.0,1641,2491,788,0.2356
ACH-000580,Triclosan,5.0,688,1779,359,0.1703
ACH-000580,Trifluridine,5.0,363,1830,183,0.091
ACH-000580,Trimetrexate,5.0,771,2712,425,0.139
ACH-000580,Tucidinostat,5.0,2463,8028,2066,0.2452
ACH-000580,Vilanterol,5.0,1157,2148,597,0.2205
ACH-000580,Vinblastine (sulfate),5.0,1903,4156,1385,0.2963
ACH-000580,olaparib,0.05,7468,461,48,0.0061
ACH-000601,(R)-Verapamil (hydrochloride),5.0,109,1415,89,0.062
ACH-000601,18β-Glycyrrhetinic acid,5.0,169,1390,105,0.0722
ACH-000601,8-Hydroxyquinoline,5.0,232,1675,139,0.0786
ACH-000601,Acetohexamide,5.0,200,1226,74,0.0547
ACH-000601,Adagrasib,0.05,8371,8021,5568,0.5144
ACH-000601,Adenine,5.0,222,1204,117,0.0894
ACH-000601,Adenosine,5.0,182,1929,113,0.0566
ACH-000601,Afatinib,0.05,1301,1328,326,0.1416
ACH-000601,Afatinib,0.5,2686,1564,598,0.1637
ACH-000601,Afatinib,5.0,1547,2214,505,0.1551
ACH-000601,Aliskiren,5.0,136,1302,87,0.0644
ACH-000601,Allantoin,5.0,435,1978,242,0.1115
ACH-000601,Almonertinib (hydrochloride),5.0,325,1495,142,0.0846
ACH-000601,Almonertinib (mesylate),0.05,1077,878,237,0.138
ACH-000601,Almonertinib (mesylate),0.5,1629,2877,598,0.153
ACH-000601,Almonertinib (mesylate),5.0,1362,2592,479,0.1378
ACH-000601,Amsacrine,5.0,279,2203,204,0.0896
ACH-000601,Anethole trithione,5.0,369,1533,214,0.1268
ACH-000601,Artesunate,5.0,389,2584,307,0.1152
ACH-000601,Azithromycin (hydrate),5.0,177,1381,110,0.076
ACH-000601,Baicalin,5.0,146,1807,119,0.0649
ACH-000601,Balsalazide (sodium hydrate),5.0,108,1455,75,0.0504
ACH-000601,Belumosudil,0.05,1295,815,282,0.1543
ACH-000601,Belumosudil,0.5,1452,2333,502,0.1529
ACH-000601,Belumosudil,5.0,1738,2184,437,0.1254
ACH-000601,Berbamine,0.5,3472,637,347,0.0922
ACH-000601,Berbamine,5.0,157,1886,116,0.0602
ACH-000601,Berbamine (dihydrochloride),0.05,2259,627,306,0.1186
ACH-000601,Berbamine (dihydrochloride),0.5,2487,1528,465,0.131
ACH-000601,Berbamine (dihydrochloride),5.0,1804,2318,474,0.1299
ACH-000601,Berberine (chloride hydrate),5.0,150,1797,104,0.0564
ACH-000601,Bergenin,5.0,180,1226,93,0.0708
ACH-000601,Bimatoprost,5.0,157,1504,80,0.0506
ACH-000601,Binimetinib,0.05,1212,4300,751,0.1577
ACH-000601,Binimetinib,0.5,4478,4079,1912,0.2877
ACH-000601,Binimetinib,5.0,6842,1020,785,0.1109
ACH-000601,Busulfan,5.0,373,1382,169,0.1066
ACH-000601,Captopril,0.05,2332,1491,427,0.1257
ACH-000601,Cepharanthine,5.0,249,1196,138,0.1056
ACH-000601,Chlorhexidine (diacetate),0.5,3244,983,452,0.1197
ACH-000601,Chlorhexidine (diacetate),5.0,508,3141,406,0.1252
ACH-000601,Ciclopirox,5.0,207,1779,135,0.0729
ACH-000601,Clonidine (hydrochloride),5.0,183,2270,113,0.0483
ACH-000601,Clotrimazole,5.0,182,1753,115,0.0632
ACH-000601,Cloxacillin (sodium),5.0,208,1022,102,0.0904
ACH-000601,Cysteamine (hydrochloride),5.0,123,1244,77,0.0597
ACH-000601,Cytarabine,0.05,2042,889,327,0.1256
ACH-000601,Cytarabine,0.5,1445,1302,277,0.1121
ACH-000601,Cytarabine,5.0,1374,2548,533,0.1573
ACH-000601,DTP3,0.05,103,4211,27,0.0063
ACH-000601,Daidzin,0.05,2099,894,356,0.135
ACH-000601,Daidzin,0.5,1703,1684,357,0.1178
ACH-000601,Daidzin,5.0,1468,2353,423,0.1245
ACH-000601,Darinaparsin,5.0,316,2661,215,0.0778
ACH-000601,Demeclocycline,5.0,141,790,39,0.0437
ACH-000601,Diammonium Glycyrrhizinate,5.0,175,2078,110,0.0513
ACH-000601,Docetaxel,5.0,300,1553,136,0.0792
ACH-000601,Elagolix sodium,5.0,380,1869,209,0.1025
ACH-000601,Flumatinib (mesylate),0.05,2108,1164,374,0.1291
ACH-000601,Flumatinib (mesylate),0.5,2071,3220,766,0.1693
ACH-000601,Flumatinib (mesylate),5.0,1630,1911,457,0.1482
ACH-000601,Fluvoxamine (maleate),5.0,210,2344,149,0.062
ACH-000601,Folic acid,5.0,160,1454,77,0.0501
ACH-000601,Fumaric acid,0.05,1915,1373,450,0.1586
ACH-000601,Fumaric acid,0.5,1900,2918,632,0.151
ACH-000601,Fumaric acid,5.0,2131,3099,682,0.15
ACH-000601,Furosemide,5.0,78,939,48,0.0495
ACH-000601,Fusidic acid,5.0,166,1189,113,0.091
ACH-000601,Gallic acid,5.0,243,1282,137,0.0987
ACH-000601,Gallic acid (hydrate),5.0,246,1565,128,0.0761
ACH-000601,Gemfibrozil,5.0,405,1839,234,0.1164
ACH-000601,Goserelin (acetate),5.0,318,1563,171,0.1
ACH-000601,Hexylresorcinol,5.0,206,1528,152,0.0961
ACH-000601,Homoharringtonine,5.0,3746,4316,2459,0.4389
ACH-000601,Hydroxyfasudil,0.05,379,2875,94,0.0297
ACH-000601,Idarubicin (hydrochloride),5.0,5491,9435,4571,0.4414
ACH-000601,Irinotecan (hydrochloride),0.05,2763,894,356,0.1078
ACH-000601,Irinotecan (hydrochloride),0.5,2900,2602,875,0.1891
ACH-000601,Irinotecan (hydrochloride),5.0,3261,2387,827,0.1715
ACH-000601,Isocorydine,5.0,295,1215,132,0.0958
ACH-000601,Larotrectinib,5.0,194,1242,86,0.0637
ACH-000601,Lenalidomide (hemihydrate),5.0,207,1627,133,0.0782
ACH-000601,Lidocaine (hydrochloride),5.0,545,2182,325,0.1353
ACH-000601,Lipoic acid,5.0,219,889,111,0.1113
ACH-000601,Lumateperone (tosylate),5.0,79,1182,54,0.0447
ACH-000601,Malotilate,0.05,4485,1438,686,0.131
ACH-000601,Medroxyprogesterone acetate,5.0,378,1506,137,0.0784
ACH-000601,Megestrol,5.0,190,1013,93,0.0838
ACH-000601,Methylprednisolone succinate,0.05,2885,2372,45,0.0086
ACH-000601,Mitoxantrone (dihydrochloride),5.0,294,5801,207,0.0352
ACH-000601,Naproxen,0.05,1122,874,229,0.1296
ACH-000601,Naproxen,0.5,1246,2185,369,0.1205
ACH-000601,Naproxen,5.0,1324,599,162,0.092
ACH-000601,Neratinib (maleate),5.0,363,3039,266,0.0848
ACH-000601,Norepinephrine (hydrochloride),5.0,227,1810,101,0.0522
ACH-000601,Olanzapine,5.0,249,1782,150,0.0797
ACH-000601,Palmatine (chloride),5.0,187,1656,118,0.0684
ACH-000601,Pasireotide (acetate),5.0,283,1830,185,0.096
ACH-000601,Pentagastrin,5.0,196,1564,111,0.0673
ACH-000601,Pentamidine (isethionate),0.5,1681,1317,310,0.1153
ACH-000601,Pentamidine (isethionate),5.0,351,1969,194,0.0913
ACH-000601,Pralsetinib,0.05,764,1597,208,0.0966
ACH-000601,Pravastatin (sodium),0.05,1639,769,243,0.1122
ACH-000601,Pravastatin (sodium),0.5,1607,1177,259,0.1026
ACH-000601,Pravastatin (sodium),5.0,1855,2122,567,0.1663
ACH-000601,Pyridoxine,5.0,196,1335,104,0.0729
ACH-000601,Pyridoxine (hydrochloride),5.0,245,1222,90,0.0654
ACH-000601,Quinestrol,5.0,162,1362,111,0.0786
ACH-000601,Radotinib,5.0,458,1731,277,0.1449
ACH-000601,Raltitrexed,5.0,146,2073,120,0.0572
ACH-000601,Rapamycin,5.0,363,3049,248,0.0784
ACH-000601,Regorafenib,0.05,540,1962,192,0.0831
ACH-000601,Regorafenib,0.5,1672,1929,473,0.1512
ACH-000601,Regorafenib,5.0,1420,185,64,0.0415
ACH-000601,Relugolix,5.0,119,1219,61,0.0478
ACH-000601,Resveratrol,5.0,549,2155,256,0.1046
ACH-000601,Retinoic acid,5.0,277,1588,166,0.0977
ACH-000601,Riluzole hydrochloride,5.0,369,2507,261,0.0998
ACH-000601,Rimonabant,5.0,275,1227,159,0.1184
ACH-000601,Ritonavir,5.0,127,1805,90,0.0489
ACH-000601,Ropivacaine (hydrochloride monohydrate),5.0,261,1761,196,0.1073
ACH-000601,S-Adenosyl-L-methionine (disulfate tosylate),5.0,310,2280,213,0.0896
ACH-000601,Salicylic acid,5.0,194,1417,96,0.0634
ACH-000601,Saquinavir,5.0,258,1903,136,0.0672
ACH-000601,Selinexor ,5.0,783,3977,499,0.1171
ACH-000601,Sinomenine,5.0,214,928,126,0.124
ACH-000601,Sodium Salicylate,5.0,283,1948,155,0.0747
ACH-000601,Sonidegib,0.05,192,3435,47,0.0131
ACH-000601,Sulfisoxazole,0.5,2147,1094,309,0.1054
ACH-000601,Sulfisoxazole,5.0,148,1904,104,0.0534
ACH-000601,Temsirolimus,5.0,246,2416,191,0.0773
ACH-000601,Terfenadine,0.5,2170,1139,350,0.1183
ACH-000601,Terfenadine,5.0,251,2038,144,0.0671
ACH-000601,Thymol,5.0,366,896,130,0.1148
ACH-000601,Tofacitinib,5.0,476,2499,318,0.1197
ACH-000601,Tofacitinib (citrate),5.0,300,2276,204,0.086
ACH-000601,Tolcapone,5.0,184,2349,136,0.0567
ACH-000601,Topotecan (hydrochloride),0.05,1912,1148,372,0.1384
ACH-000601,Topotecan (hydrochloride),0.5,1568,6972,1028,0.1368
ACH-000601,Topotecan (hydrochloride),5.0,2215,4424,902,0.1572
ACH-000601,Trametinib,0.05,863,5064,509,0.0939
ACH-000601,Trametinib,0.5,4020,3742,1696,0.2796
ACH-000601,Trametinib,5.0,6734,1927,1313,0.1787
ACH-000601,Triamcinolone,5.0,467,2114,266,0.1149
ACH-000601,Triclosan,5.0,146,1743,107,0.06
ACH-000601,Trifluridine,5.0,129,1862,76,0.0397
ACH-000601,Trimetrexate,5.0,208,2225,131,0.0569
ACH-000601,Tucidinostat,5.0,921,6475,790,0.1196
ACH-000601,Vilanterol,5.0,225,1660,165,0.0959
ACH-000601,Vinblastine (sulfate),5.0,1130,4418,931,0.2016
ACH-000628,(R)-Verapamil (hydrochloride),5.0,0,0,0,
ACH-000628,18β-Glycyrrhetinic acid,5.0,0,0,0,
ACH-000628,8-Hydroxyquinoline,5.0,0,0,0,
ACH-000628,Acetohexamide,5.0,0,0,0,
ACH-000628,Adagrasib,0.05,0,0,0,
ACH-000628,Adenine,5.0,0,0,0,
ACH-000628,Adenosine,5.0,0,0,0,
ACH-000628,Afatinib,0.05,0,0,0,
ACH-000628,Afatinib,0.5,0,0,0,
ACH-000628,Afatinib,5.0,0,0,0,
ACH-000628,Aliskiren,5.0,0,0,0,
ACH-000628,Allantoin,5.0,0,0,0,
ACH-000628,Almonertinib (hydrochloride),5.0,0,0,0,
ACH-000628,Almonertinib (mesylate),0.05,0,0,0,
ACH-000628,Almonertinib (mesylate),0.5,0,0,0,
ACH-000628,Almonertinib (mesylate),5.0,0,0,0,
ACH-000628,Amsacrine,5.0,0,0,0,
ACH-000628,Anethole trithione,5.0,0,0,0,
ACH-000628,Artesunate,5.0,0,0,0,
ACH-000628,Azithromycin (hydrate),5.0,0,0,0,
ACH-000628,Baicalin,5.0,0,0,0,
ACH-000628,Balsalazide (sodium hydrate),5.0,0,0,0,
ACH-000628,Belumosudil,0.05,0,0,0,
ACH-000628,Belumosudil,0.5,0,2,0,0.0
ACH-000628,Belumosudil,5.0,0,0,0,
ACH-000628,Berbamine,0.5,0,0,0,
ACH-000628,Berbamine,5.0,0,0,0,
ACH-000628,Berbamine (dihydrochloride),0.05,0,0,0,
ACH-000628,Berbamine (dihydrochloride),0.5,0,0,0,
ACH-000628,Berbamine (dihydrochloride),5.0,0,0,0,
ACH-000628,Berberine (chloride hydrate),5.0,0,0,0,
ACH-000628,Bergenin,5.0,0,0,0,
ACH-000628,Bimatoprost,5.0,0,0,0,
ACH-000628,Binimetinib,0.05,0,0,0,
ACH-000628,Binimetinib,0.5,0,0,0,
ACH-000628,Binimetinib,5.0,0,0,0,
ACH-000628,Busulfan,5.0,0,0,0,
ACH-000628,Captopril,0.05,0,0,0,
ACH-000628,Cepharanthine,5.0,0,0,0,
ACH-000628,Chlorhexidine (diacetate),0.5,0,0,0,
ACH-000628,Chlorhexidine (diacetate),5.0,0,0,0,
ACH-000628,Ciclopirox,5.0,0,0,0,
ACH-000628,Clonidine (hydrochloride),5.0,0,0,0,
ACH-000628,Clotrimazole,5.0,0,0,0,
ACH-000628,Cloxacillin (sodium),5.0,0,0,0,
ACH-000628,Cysteamine (hydrochloride),5.0,0,0,0,
ACH-000628,Cytarabine,0.05,0,0,0,
ACH-000628,Cytarabine,0.5,0,1,0,0.0
ACH-000628,Cytarabine,5.0,0,0,0,
ACH-000628,Daidzin,0.05,0,0,0,
ACH-000628,Daidzin,0.5,0,0,0,
ACH-000628,Daidzin,5.0,0,0,0,
ACH-000628,Darinaparsin,5.0,0,0,0,
ACH-000628,Demeclocycline,5.0,0,0,0,
ACH-000628,Diammonium Glycyrrhizinate,5.0,0,0,0,
ACH-000628,Docetaxel,5.0,0,0,0,
ACH-000628,Elagolix sodium,5.0,0,0,0,
ACH-000628,Flumatinib (mesylate),0.05,0,0,0,
ACH-000628,Flumatinib (mesylate),0.5,0,0,0,
ACH-000628,Flumatinib (mesylate),5.0,0,0,0,
ACH-000628,Fluvoxamine (maleate),5.0,0,0,0,
ACH-000628,Folic acid,5.0,0,0,0,
ACH-000628,Fumaric acid,0.05,0,0,0,
ACH-000628,Fumaric acid,0.5,0,0,0,
ACH-000628,Fumaric acid,5.0,0,0,0,
ACH-000628,Furosemide,5.0,0,0,0,
ACH-000628,Fusidic acid,5.0,0,0,0,
ACH-000628,Gallic acid,5.0,0,0,0,
ACH-000628,Gallic acid (hydrate),5.0,0,0,0,
ACH-000628,Gemfibrozil,5.0,0,0,0,
ACH-000628,Goserelin (acetate),5.0,0,0,0,
ACH-000628,Hexylresorcinol,5.0,0,0,0,
ACH-000628,Homoharringtonine,5.0,0,0,0,
ACH-000628,Idarubicin (hydrochloride),5.0,0,0,0,
ACH-000628,Irinotecan (hydrochloride),0.05,0,0,0,
ACH-000628,Irinotecan (hydrochloride),0.5,0,3,0,0.0
ACH-000628,Irinotecan (hydrochloride),5.0,0,0,0,
ACH-000628,Isocorydine,5.0,0,0,0,
ACH-000628,L-Thyroxine (sodium salt pentahydrate),5.0,0,0,0,
ACH-000628,Larotrectinib,5.0,0,0,0,
ACH-000628,Lenalidomide (hemihydrate),5.0,0,0,0,
ACH-000628,Lidocaine (hydrochloride),5.0,0,0,0,
ACH-000628,Lipoic acid,5.0,0,0,0,
ACH-000628,Lumateperone (tosylate),5.0,0,0,0,
ACH-000628,Malotilate,0.05,0,0,0,
ACH-000628,Medroxyprogesterone acetate,5.0,0,0,0,
ACH-000628,Megestrol,5.0,0,0,0,
ACH-000628,Mitoxantrone (dihydrochloride),5.0,0,0,0,
ACH-000628,Naproxen,0.05,0,0,0,
ACH-000628,Naproxen,0.5,0,0,0,
ACH-000628,Naproxen,5.0,0,0,0,
ACH-000628,Neratinib (maleate),5.0,0,0,0,
ACH-000628,Norepinephrine (hydrochloride),5.0,0,0,0,
ACH-000628,Olanzapine,5.0,0,0,0,
ACH-000628,Palmatine (chloride),5.0,0,0,0,
ACH-000628,Pasireotide (acetate),5.0,0,0,0,
ACH-000628,Pentagastrin,5.0,0,0,0,
ACH-000628,Pentamidine (isethionate),0.5,0,0,0,
ACH-000628,Pentamidine (isethionate),5.0,0,0,0,
ACH-000628,Pralsetinib,0.05,0,0,0,
ACH-000628,Pravastatin (sodium),0.05,0,0,0,
ACH-000628,Pravastatin (sodium),0.5,0,2,0,0.0
ACH-000628,Pravastatin (sodium),5.0,0,0,0,
ACH-000628,Pyridoxine,5.0,0,0,0,
ACH-000628,Pyridoxine (hydrochloride),5.0,0,0,0,
ACH-000628,Quinestrol,5.0,0,0,0,
ACH-000628,Radotinib,5.0,0,0,0,
ACH-000628,Raltitrexed,5.0,0,0,0,
ACH-000628,Rapamycin,5.0,0,0,0,
ACH-000628,Regorafenib,0.05,0,0,0,
ACH-000628,Regorafenib,0.5,0,0,0,
ACH-000628,Regorafenib,5.0,0,0,0,
ACH-000628,Relugolix,5.0,0,0,0,
ACH-000628,Resveratrol,5.0,0,0,0,
ACH-000628,Retinoic acid,5.0,0,0,0,
ACH-000628,Riluzole hydrochloride,5.0,0,0,0,
ACH-000628,Rimonabant,5.0,0,0,0,
ACH-000628,Ritonavir,5.0,0,0,0,
ACH-000628,Ropivacaine (hydrochloride monohydrate),5.0,0,0,0,
ACH-000628,S-Adenosyl-L-methionine (disulfate tosylate),5.0,0,0,0,
ACH-000628,Salicylic acid,5.0,0,0,0,
ACH-000628,Saquinavir,5.0,0,0,0,
ACH-000628,Selinexor ,5.0,0,0,0,
ACH-000628,Sinomenine,5.0,0,0,0,
ACH-000628,Sodium Salicylate,5.0,0,0,0,
ACH-000628,Sulfisoxazole,0.5,0,0,0,
ACH-000628,Sulfisoxazole,5.0,0,0,0,
ACH-000628,Temsirolimus,5.0,0,0,0,
ACH-000628,Terfenadine,0.5,0,0,0,
ACH-000628,Terfenadine,5.0,0,0,0,
ACH-000628,Thymol,5.0,0,0,0,
ACH-000628,Tofacitinib,5.0,0,0,0,
ACH-000628,Tofacitinib (citrate),5.0,0,0,0,
ACH-000628,Tolcapone,5.0,0,0,0,
ACH-000628,Topotecan (hydrochloride),0.05,0,0,0,
ACH-000628,Topotecan (hydrochloride),0.5,0,1,0,0.0
ACH-000628,Topotecan (hydrochloride),5.0,0,0,0,
ACH-000628,Trametinib,0.05,0,0,0,
ACH-000628,Trametinib,0.5,0,0,0,
ACH-000628,Trametinib,5.0,0,0,0,
ACH-000628,Triamcinolone,5.0,0,0,0,
ACH-000628,Triclosan,5.0,0,0,0,
ACH-000628,Trifluridine,5.0,0,0,0,
ACH-000628,Trimetrexate,5.0,0,0,0,
ACH-000628,Tucidinostat,5.0,0,0,0,
ACH-000628,Vilanterol,5.0,0,0,0,
ACH-000628,Vinblastine (sulfate),5.0,0,0,0,
ACH-000669,(R)-Verapamil (hydrochloride),5.0,266,1337,134,0.0912
ACH-000669,18β-Glycyrrhetinic acid,5.0,297,915,99,0.0889
ACH-000669,8-Hydroxyquinoline,5.0,358,1040,139,0.1104
ACH-000669,Abemaciclib,0.05,140,826,23,0.0244
ACH-000669,Acetohexamide,5.0,358,1074,118,0.0898
ACH-000669,Adagrasib,0.05,1834,1925,749,0.2488
ACH-000669,Adenine,5.0,422,1311,175,0.1123
ACH-000669,Adenosine,5.0,517,1686,221,0.1115
ACH-000669,Afatinib,0.05,707,247,70,0.0792
ACH-000669,Afatinib,0.5,477,1316,136,0.0821
ACH-000669,Afatinib,5.0,494,2240,237,0.0949
ACH-000669,Aliskiren,5.0,268,897,105,0.0991
ACH-000669,Allantoin,5.0,728,1541,270,0.1351
ACH-000669,Almonertinib (hydrochloride),5.0,560,910,175,0.1351
ACH-000669,Almonertinib (mesylate),0.05,176,228,29,0.0773
ACH-000669,Almonertinib (mesylate),0.5,322,1621,151,0.0843
ACH-000669,Almonertinib (mesylate),5.0,391,795,106,0.0981
ACH-000669,Amsacrine,5.0,457,1936,233,0.1079
ACH-000669,Anethole trithione,5.0,649,1794,321,0.1513
ACH-000669,Artesunate,5.0,591,1867,385,0.1857
ACH-000669,Azithromycin (hydrate),5.0,311,949,114,0.0995
ACH-000669,Baicalin,5.0,345,1293,184,0.1265
ACH-000669,Balsalazide (sodium hydrate),5.0,264,1293,142,0.1004
ACH-000669,Belumosudil,0.05,222,118,33,0.1075
ACH-000669,Belumosudil,0.5,380,612,96,0.1071
ACH-000669,Belumosudil,5.0,547,986,116,0.0819
ACH-000669,Berbamine,0.5,865,486,121,0.0984
ACH-000669,Berbamine,5.0,235,1156,130,0.1031
ACH-000669,Berbamine (dihydrochloride),0.05,350,118,43,0.1012
ACH-000669,Berbamine (dihydrochloride),0.5,312,415,55,0.0818
ACH-000669,Berbamine (dihydrochloride),5.0,501,631,90,0.0864
ACH-000669,Berberine (chloride hydrate),5.0,419,1426,193,0.1168
ACH-000669,Bergenin,5.0,389,954,145,0.121
ACH-000669,Bimatoprost,5.0,526,1205,169,0.1082
ACH-000669,Binimetinib,0.05,1255,1699,536,0.2217
ACH-000669,Binimetinib,0.5,1496,3733,776,0.1743
ACH-000669,Binimetinib,5.0,2513,554,351,0.1292
ACH-000669,Busulfan,5.0,429,1045,150,0.1133
ACH-000669,Captopril,0.05,1021,399,88,0.0661
ACH-000669,Cepharanthine,5.0,560,832,165,0.1345
ACH-000669,Chlorhexidine (diacetate),0.5,697,736,120,0.0914
ACH-000669,Chlorhexidine (diacetate),5.0,274,1567,149,0.0881
ACH-000669,Ciclopirox,5.0,439,1406,177,0.1061
ACH-000669,Clonidine (hydrochloride),5.0,353,1941,213,0.1024
ACH-000669,Clotrimazole,5.0,424,1206,158,0.1073
ACH-000669,Cloxacillin (sodium),5.0,246,749,100,0.1117
ACH-000669,Cysteamine (hydrochloride),5.0,271,845,105,0.1039
ACH-000669,Cytarabine,0.05,405,232,52,0.0889
ACH-000669,Cytarabine,0.5,285,391,50,0.0799
ACH-000669,Cytarabine,5.0,142,964,48,0.0454
ACH-000669,DTP3,0.05,71,1230,15,0.0117
ACH-000669,Daidzin,0.05,398,170,43,0.0819
ACH-000669,Daidzin,0.5,480,426,57,0.0671
ACH-000669,Daidzin,5.0,525,900,110,0.0837
ACH-000669,Darinaparsin,5.0,505,1977,234,0.1041
ACH-000669,Demeclocycline,5.0,304,673,74,0.0819
ACH-000669,Diammonium Glycyrrhizinate,5.0,358,1578,163,0.0919
ACH-000669,Docetaxel,5.0,566,1536,244,0.1313
ACH-000669,Elagolix sodium,5.0,399,1380,152,0.0934
ACH-000669,Flumatinib (mesylate),0.05,278,262,57,0.118
ACH-000669,Flumatinib (mesylate),0.5,765,1645,304,0.1443
ACH-000669,Flumatinib (mesylate),5.0,243,698,75,0.0866
ACH-000669,Fluvoxamine (maleate),5.0,302,1758,166,0.0876
ACH-000669,Folic acid,5.0,260,1179,124,0.0943
ACH-000669,Fumaric acid,0.05,347,314,51,0.0836
ACH-000669,Fumaric acid,0.5,389,1157,137,0.0972
ACH-000669,Fumaric acid,5.0,470,1513,165,0.0908
ACH-000669,Furosemide,5.0,254,723,100,0.114
ACH-000669,Fusidic acid,5.0,314,1076,147,0.1183
ACH-000669,Gallic acid,5.0,297,1332,139,0.0933
ACH-000669,Gallic acid (hydrate),5.0,443,1323,175,0.11
ACH-000669,Gemfibrozil,5.0,518,1441,201,0.1143
ACH-000669,Goserelin (acetate),5.0,376,1436,186,0.1144
ACH-000669,Hexylresorcinol,5.0,425,1362,217,0.1382
ACH-000669,Homoharringtonine,5.0,6764,7364,4961,0.5412
ACH-000669,Hydroxyfasudil,0.05,495,729,62,0.0534
ACH-000669,Idarubicin (hydrochloride),5.0,5950,9378,4729,0.4462
ACH-000669,Irinotecan (hydrochloride),0.05,1145,203,74,0.0581
ACH-000669,Irinotecan (hydrochloride),0.5,1141,1069,226,0.1139
ACH-000669,Irinotecan (hydrochloride),5.0,1611,651,205,0.0997
ACH-000669,Isocorydine,5.0,530,831,167,0.1399
ACH-000669,L-Thyroxine (sodium salt pentahydrate),5.0,261,1174,28,0.0199
ACH-000669,Larotrectinib,5.0,293,872,110,0.1043
ACH-000669,Lenalidomide (hemihydrate),5.0,304,1253,143,0.1011
ACH-000669,Lidocaine (hydrochloride),5.0,862,1601,290,0.1335
ACH-000669,Lipoic acid,5.0,314,782,137,0.1429
ACH-000669,Lumateperone (tosylate),5.0,191,842,102,0.1096
ACH-000669,Malotilate,0.05,2564,253,108,0.0399
ACH-000669,Medroxyprogesterone acetate,5.0,453,1816,207,0.1004
ACH-000669,Megestrol,5.0,468,961,183,0.1469
ACH-000669,Mitoxantrone (dihydrochloride),5.0,512,4966,335,0.0651
ACH-000669,Naproxen,0.05,126,259,29,0.0815
ACH-000669,Naproxen,0.5,252,593,62,0.0792
ACH-000669,Naproxen,5.0,150,192,35,0.114
ACH-000669,Neratinib (maleate),5.0,545,2761,317,0.1061
ACH-000669,Norepinephrine (hydrochloride),5.0,339,1264,105,0.0701
ACH-000669,Olanzapine,5.0,354,1316,173,0.1156
ACH-000669,PF-06260933,0.05,200,212,15,0.0378
ACH-000669,Palmatine (chloride),5.0,152,1091,81,0.0697
ACH-000669,Pasireotide (acetate),5.0,692,1391,288,0.1604
ACH-000669,Pentagastrin,5.0,246,1551,99,0.0583
ACH-000669,Pentamidine (isethionate),0.5,367,769,79,0.0747
ACH-000669,Pentamidine (isethionate),5.0,518,1445,208,0.1185
ACH-000669,Pralsetinib,0.05,897,224,62,0.0585
ACH-000669,Pravastatin (sodium),0.05,426,172,42,0.0755
ACH-000669,Pravastatin (sodium),0.5,390,630,75,0.0794
ACH-000669,Pravastatin (sodium),5.0,681,1038,216,0.1437
ACH-000669,Pyridoxine,5.0,435,1618,180,0.0961
ACH-000669,Pyridoxine (hydrochloride),5.0,453,1029,168,0.1279
ACH-000669,Quinestrol,5.0,413,1470,209,0.1249
ACH-000669,Radotinib,5.0,921,1812,454,0.1992
ACH-000669,Ralimetinib dimesylate,0.05,1572,455,27,0.0135
ACH-000669,Raltitrexed,5.0,184,1492,125,0.0806
ACH-000669,Rapamycin,5.0,608,1967,248,0.1066
ACH-000669,Regorafenib,0.05,530,235,67,0.096
ACH-000669,Regorafenib,0.5,279,2639,108,0.0384
ACH-000669,Regorafenib,5.0,259,265,43,0.0894
ACH-000669,Relugolix,5.0,172,847,73,0.0772
ACH-000669,Resveratrol,5.0,520,1837,200,0.0927
ACH-000669,Retinoic acid,5.0,528,1596,254,0.1358
ACH-000669,Riluzole hydrochloride,5.0,525,2045,281,0.1228
ACH-000669,Rimonabant,5.0,350,1175,187,0.1398
ACH-000669,Ritonavir,5.0,386,1479,194,0.1161
ACH-000669,Ropivacaine (hydrochloride monohydrate),5.0,325,1171,193,0.1481
ACH-000669,S-Adenosyl-L-methionine (disulfate tosylate),5.0,420,2274,252,0.1032
ACH-000669,Salicylic acid,5.0,348,1231,130,0.0897
ACH-000669,Saquinavir,5.0,482,1340,146,0.0871
ACH-000669,Selinexor ,5.0,1216,3483,709,0.1777
ACH-000669,Sinomenine,5.0,354,940,143,0.1242
ACH-000669,Sodium Salicylate,5.0,579,1350,165,0.0935
ACH-000669,Sonidegib,0.05,300,595,30,0.0347
ACH-000669,Sulfisoxazole,0.5,583,749,94,0.0759
ACH-000669,Sulfisoxazole,5.0,374,1363,148,0.0931
ACH-000669,Temsirolimus,5.0,366,1530,192,0.1127
ACH-000669,Terfenadine,0.5,626,939,145,0.1021
ACH-000669,Terfenadine,5.0,592,1548,229,0.1198
ACH-000669,Thymol,5.0,516,552,117,0.123
ACH-000669,Tofacitinib,5.0,481,1599,244,0.1329
ACH-000669,Tofacitinib (citrate),5.0,482,1453,215,0.125
ACH-000669,Tolcapone,5.0,279,2238,152,0.0643
ACH-000669,Topotecan (hydrochloride),0.05,471,215,52,0.082
ACH-000669,Topotecan (hydrochloride),0.5,318,3456,193,0.0539
ACH-000669,Topotecan (hydrochloride),5.0,436,3095,183,0.0547
ACH-000669,Trametinib,0.05,1044,2189,443,0.1588
ACH-000669,Trametinib,0.5,1571,3529,843,0.198
ACH-000669,Trametinib,5.0,2825,1464,716,0.2004
ACH-000669,Triamcinolone,5.0,762,2590,450,0.1551
ACH-000669,Triclosan,5.0,373,1286,169,0.1134
ACH-000669,Trifluridine,5.0,194,1210,68,0.0509
ACH-000669,Trimetrexate,5.0,297,1715,138,0.0736
ACH-000669,Tucidinostat,5.0,1143,6032,903,0.144
ACH-000669,Vilanterol,5.0,389,1353,211,0.1378
ACH-000669,Vinblastine (sulfate),5.0,755,3316,547,0.1552
ACH-000669,olaparib,0.05,52,354,6,0.015
ACH-000681,(R)-Verapamil (hydrochloride),5.0,380,2036,214,0.0972
ACH-000681,18β-Glycyrrhetinic acid,5.0,481,2076,264,0.1151
ACH-000681,8-Hydroxyquinoline,5.0,614,2202,310,0.1237
ACH-000681,Abemaciclib,0.05,8765,1027,58,0.006
ACH-000681,Acetohexamide,5.0,517,1888,199,0.0902
ACH-000681,Adagrasib,0.05,2816,3760,1421,0.2757
ACH-000681,Adenine,5.0,576,1981,272,0.119
ACH-000681,Adenosine,5.0,737,2755,389,0.1254
ACH-000681,Afatinib,0.05,1202,372,110,0.0751
ACH-000681,Afatinib,0.5,707,2772,309,0.0975
ACH-000681,Afatinib,5.0,578,3861,345,0.0843
ACH-000681,Aliskiren,5.0,363,1682,174,0.093
ACH-000681,Allantoin,5.0,1198,2755,569,0.1681
ACH-000681,Almonertinib (hydrochloride),5.0,940,1765,380,0.1634
ACH-000681,Almonertinib (mesylate),0.05,325,346,47,0.0753
ACH-000681,Almonertinib (mesylate),0.5,624,1797,282,0.1318
ACH-000681,Almonertinib (mesylate),5.0,566,988,162,0.1164
ACH-000681,Amsacrine,5.0,1491,5523,1161,0.1984
ACH-000681,Anethole trithione,5.0,1102,2553,560,0.1809
ACH-000681,Artesunate,5.0,968,2684,678,0.228
ACH-000681,Azithromycin (hydrate),5.0,569,1711,286,0.1434
ACH-000681,Baicalin,5.0,509,2839,334,0.1108
ACH-000681,Balsalazide (sodium hydrate),5.0,341,1945,188,0.0896
ACH-000681,Belumosudil,0.05,396,230,65,0.1159
ACH-000681,Belumosudil,0.5,591,1626,276,0.1422
ACH-000681,Belumosudil,5.0,682,1425,181,0.094
ACH-000681,Berbamine,0.5,1162,969,316,0.1741
ACH-000681,Berbamine,5.0,425,2809,245,0.082
ACH-000681,Berbamine (dihydrochloride),0.05,508,252,83,0.1226
ACH-000681,Berbamine (dihydrochloride),0.5,541,522,94,0.097
ACH-000681,Berbamine (dihydrochloride),5.0,529,1261,152,0.0928
ACH-000681,Berberine (chloride hydrate),5.0,470,2603,265,0.0944
ACH-000681,Bergenin,5.0,480,1957,243,0.1108
ACH-000681,Bimatoprost,5.0,952,2320,372,0.1283
ACH-000681,Binimetinib,0.05,2004,1747,759,0.2537
ACH-000681,Binimetinib,0.5,2257,5520,1303,0.2013
ACH-000681,Binimetinib,5.0,2848,1363,762,0.2209
ACH-000681,Busulfan,5.0,858,1639,321,0.1475
ACH-000681,Captopril,0.05,756,603,112,0.0898
ACH-000681,Cepharanthine,5.0,876,1791,477,0.2178
ACH-000681,Chlorhexidine (diacetate),0.5,972,1132,244,0.1312
ACH-000681,Chlorhexidine (diacetate),5.0,591,2853,350,0.1131
ACH-000681,Ciclopirox,5.0,664,2930,440,0.1395
ACH-000681,Clonidine (hydrochloride),5.0,650,3145,412,0.1218
ACH-000681,Clotrimazole,5.0,570,2436,297,0.1096
ACH-000681,Cloxacillin (sodium),5.0,454,1387,237,0.1478
ACH-000681,Cysteamine (hydrochloride),5.0,463,1932,218,0.1001
ACH-000681,Cytarabine,0.05,577,524,108,0.1088
ACH-000681,Cytarabine,0.5,494,945,108,0.0811
ACH-000681,Cytarabine,5.0,315,1470,115,0.0689
ACH-000681,DTP3,0.05,7401,1672,84,0.0093
ACH-000681,Daidzin,0.05,655,266,77,0.0912
ACH-000681,Daidzin,0.5,685,635,101,0.0829
ACH-000681,Daidzin,5.0,567,1262,161,0.0965
ACH-000681,Darinaparsin,5.0,924,3466,583,0.1531
ACH-000681,Demeclocycline,5.0,520,1038,138,0.0972
ACH-000681,Diammonium Glycyrrhizinate,5.0,565,3059,326,0.0988
ACH-000681,Docetaxel,5.0,1161,2458,527,0.1704
ACH-000681,Elagolix sodium,5.0,835,2646,396,0.1284
ACH-000681,Flumatinib (mesylate),0.05,580,520,102,0.1022
ACH-000681,Flumatinib (mesylate),0.5,1038,2952,517,0.1489
ACH-000681,Flumatinib (mesylate),5.0,375,1015,114,0.0893
ACH-000681,Fluvoxamine (maleate),5.0,360,3043,250,0.0793
ACH-000681,Folic acid,5.0,388,2148,198,0.0847
ACH-000681,Fumaric acid,0.05,568,491,84,0.0862
ACH-000681,Fumaric acid,0.5,666,1773,248,0.1132
ACH-000681,Fumaric acid,5.0,680,1611,226,0.1094
ACH-000681,Furosemide,5.0,482,1223,166,0.1079
ACH-000681,Fusidic acid,5.0,386,1853,245,0.1229
ACH-000681,Gallic acid,5.0,514,2004,294,0.1322
ACH-000681,Gallic acid (hydrate),5.0,691,2428,322,0.1151
ACH-000681,Gemfibrozil,5.0,853,3149,500,0.1428
ACH-000681,Goserelin (acetate),5.0,786,2332,460,0.1731
ACH-000681,Hexylresorcinol,5.0,673,2379,455,0.1752
ACH-000681,Homoharringtonine,5.0,9309,10894,7946,0.6483
ACH-000681,Hydroxyfasudil,0.05,504,929,61,0.0445
ACH-000681,Idarubicin (hydrochloride),5.0,11227,14650,9602,0.59
ACH-000681,Irinotecan (hydrochloride),0.05,1501,343,124,0.0721
ACH-000681,Irinotecan (hydrochloride),0.5,1905,1252,389,0.1405
ACH-000681,Irinotecan (hydrochloride),5.0,2295,775,309,0.1119
ACH-000681,Isocorydine,5.0,708,1684,295,0.1407
ACH-000681,L-Thyroxine (sodium salt pentahydrate),5.0,91,2467,24,0.0095
ACH-000681,Larotrectinib,5.0,441,1469,190,0.1105
ACH-000681,Lenalidomide (hemihydrate),5.0,408,2425,281,0.1101
ACH-000681,Lidocaine (hydrochloride),5.0,1407,3201,688,0.1755
ACH-000681,Lipoic acid,5.0,521,1433,267,0.1583
ACH-000681,Lumateperone (tosylate),5.0,318,1639,153,0.0848
ACH-000681,Malotilate,0.05,2982,438,206,0.0641
ACH-000681,Medroxyprogesterone acetate,5.0,889,3641,551,0.1385
ACH-000681,Megestrol,5.0,727,2207,388,0.1524
ACH-000681,Mitoxantrone (dihydrochloride),5.0,886,8633,656,0.074
ACH-000681,Naproxen,0.05,225,284,36,0.0761
ACH-000681,Naproxen,0.5,417,1239,132,0.0866
ACH-000681,Naproxen,5.0,262,227,49,0.1114
ACH-000681,Neratinib (maleate),5.0,802,3485,511,0.1353
ACH-000681,Norepinephrine (hydrochloride),5.0,691,2601,309,0.1036
ACH-000681,Olanzapine,5.0,633,2457,324,0.1171
ACH-000681,PF-06260933,0.05,10072,396,15,0.0014
ACH-000681,Palmatine (chloride),5.0,358,2331,210,0.0847
ACH-000681,Pasireotide (acetate),5.0,952,2478,475,0.1607
ACH-000681,Pentagastrin,5.0,474,2423,259,0.0982
ACH-000681,Pentamidine (isethionate),0.5,439,1420,124,0.0715
ACH-000681,Pentamidine (isethionate),5.0,1140,2983,566,0.1591
ACH-000681,Pralsetinib,0.05,1601,277,104,0.0586
ACH-000681,Pravastatin (sodium),0.05,541,266,46,0.0604
ACH-000681,Pravastatin (sodium),0.5,587,606,101,0.0925
ACH-000681,Pravastatin (sodium),5.0,955,710,241,0.1692
ACH-000681,Pyridoxine,5.0,681,2195,283,0.1091
ACH-000681,Pyridoxine (hydrochloride),5.0,626,1843,297,0.1367
ACH-000681,Quinestrol,5.0,595,2668,387,0.1346
ACH-000681,Radotinib,5.0,1492,2839,906,0.2645
ACH-000681,Ralimetinib dimesylate,0.05,6694,671,69,0.0095
ACH-000681,Raltitrexed,5.0,534,2837,366,0.1218
ACH-000681,Rapamycin,5.0,907,3611,462,0.1139
ACH-000681,Regorafenib,0.05,885,527,141,0.1109
ACH-000681,Regorafenib,0.5,483,3298,219,0.0615
ACH-000681,Regorafenib,5.0,404,809,112,0.1017
ACH-000681,Relugolix,5.0,192,1671,101,0.0573
ACH-000681,Resveratrol,5.0,871,2666,447,0.1447
ACH-000681,Retinoic acid,5.0,652,3105,438,0.132
ACH-000681,Riluzole hydrochloride,5.0,990,3414,539,0.1395
ACH-000681,Rimonabant,5.0,598,1805,324,0.1558
ACH-000681,Ritonavir,5.0,567,2613,332,0.1166
ACH-000681,Ropivacaine (hydrochloride monohydrate),5.0,742,2438,503,0.1879
ACH-000681,S-Adenosyl-L-methionine (disulfate tosylate),5.0,1025,3627,709,0.1798
ACH-000681,Salicylic acid,5.0,400,2143,193,0.0821
ACH-000681,Saquinavir,5.0,686,2773,323,0.103
ACH-000681,Selinexor ,5.0,2399,6348,1700,0.2412
ACH-000681,Sinomenine,5.0,423,1728,252,0.1327
ACH-000681,Sodium Salicylate,5.0,905,2383,397,0.1373
ACH-000681,Sonidegib,0.05,366,929,55,0.0444
ACH-000681,Sulfisoxazole,0.5,736,1380,184,0.0952
ACH-000681,Sulfisoxazole,5.0,469,2849,257,0.084
ACH-000681,Temsirolimus,5.0,513,2685,338,0.1182
ACH-000681,Terfenadine,0.5,924,1652,282,0.1229
ACH-000681,Terfenadine,5.0,960,3041,514,0.1474
ACH-000681,Thymol,5.0,991,1287,312,0.1587
ACH-000681,Tofacitinib,5.0,701,3095,464,0.1393
ACH-000681,Tofacitinib (citrate),5.0,1001,2840,600,0.1851
ACH-000681,Tolcapone,5.0,377,3733,274,0.0714
ACH-000681,Topotecan (hydrochloride),0.05,635,396,92,0.098
ACH-000681,Topotecan (hydrochloride),0.5,472,3056,281,0.0865
ACH-000681,Topotecan (hydrochloride),5.0,628,2789,280,0.0893
ACH-000681,Trametinib,0.05,1625,2519,719,0.2099
ACH-000681,Trametinib,0.5,2166,4990,1325,0.2272
ACH-000681,Trametinib,5.0,3065,2698,1168,0.2542
ACH-000681,Triamcinolone,5.0,2172,4326,1348,0.2617
ACH-000681,Triclosan,5.0,570,2533,347,0.1259
ACH-000681,Trifluridine,5.0,389,3206,248,0.0741
ACH-000681,Trimetrexate,5.0,418,3589,274,0.0734
ACH-000681,Tucidinostat,5.0,1625,7588,1320,0.1672
ACH-000681,Vilanterol,5.0,670,2612,447,0.1577
ACH-000681,Vinblastine (sulfate),5.0,1314,4334,974,0.2084
ACH-000681,olaparib,0.05,6077,744,39,0.0058
ACH-000750,(R)-Verapamil (hydrochloride),5.0,393,2174,263,0.1141
ACH-000750,18β-Glycyrrhetinic acid,5.0,613,2221,345,0.1386
ACH-000750,8-Hydroxyquinoline,5.0,505,2331,334,0.1335
ACH-000750,Acetohexamide,5.0,424,2106,193,0.0826
ACH-000750,Adagrasib,0.05,3438,3952,1757,0.3119
ACH-000750,Adenine,5.0,531,1975,287,0.1293
ACH-000750,Adenosine,5.0,681,2545,390,0.1375
ACH-000750,Afatinib,0.05,1533,527,229,0.1251
ACH-000750,Afatinib,0.5,1196,2561,483,0.1475
ACH-000750,Afatinib,5.0,1052,2881,437,0.125
ACH-000750,Aliskiren,5.0,417,1776,238,0.1217
ACH-000750,Allantoin,5.0,1053,2701,531,0.1648
ACH-000750,Almonertinib (hydrochloride),5.0,822,2062,407,0.1643
ACH-000750,Almonertinib (mesylate),0.05,568,760,143,0.1207
ACH-000750,Almonertinib (mesylate),0.5,795,2505,359,0.1221
ACH-000750,Almonertinib (mesylate),5.0,1098,1377,232,0.1034
ACH-000750,Amsacrine,5.0,777,3399,522,0.1429
ACH-000750,Anethole trithione,5.0,929,2460,511,0.1776
ACH-000750,Artesunate,5.0,998,3192,700,0.2006
ACH-000750,Azithromycin (hydrate),5.0,704,2139,385,0.1566
ACH-000750,Baicalin,5.0,605,2560,365,0.1304
ACH-000750,Balsalazide (sodium hydrate),5.0,439,2114,254,0.1105
ACH-000750,Belumosudil,0.05,592,531,169,0.1771
ACH-000750,Belumosudil,0.5,688,1141,186,0.1132
ACH-000750,Belumosudil,5.0,1281,2333,363,0.1117
ACH-000750,Berbamine,0.5,1830,1169,420,0.1629
ACH-000750,Berbamine,5.0,480,2761,310,0.1058
ACH-000750,Berbamine (dihydrochloride),0.05,967,470,176,0.1396
ACH-000750,Berbamine (dihydrochloride),0.5,839,956,154,0.0938
ACH-000750,Berbamine (dihydrochloride),5.0,893,1209,198,0.104
ACH-000750,Berberine (chloride hydrate),5.0,469,2172,272,0.1148
ACH-000750,Bergenin,5.0,679,1721,304,0.145
ACH-000750,Bimatoprost,5.0,611,2426,321,0.1182
ACH-000750,Binimetinib,0.05,1691,1728,550,0.1917
ACH-000750,Binimetinib,0.5,1674,4440,829,0.1569
ACH-000750,Binimetinib,5.0,3201,1249,662,0.1748
ACH-000750,Busulfan,5.0,698,2069,322,0.1317
ACH-000750,Captopril,0.05,1405,1153,256,0.1112
ACH-000750,Cepharanthine,5.0,1015,1901,514,0.214
ACH-000750,Chlorhexidine (diacetate),0.5,1704,1364,379,0.1409
ACH-000750,Chlorhexidine (diacetate),5.0,372,2706,264,0.0938
ACH-000750,Ciclopirox,5.0,657,2559,379,0.1336
ACH-000750,Clonidine (hydrochloride),5.0,746,3039,422,0.1255
ACH-000750,Clotrimazole,5.0,609,2106,303,0.1256
ACH-000750,Cloxacillin (sodium),5.0,402,1533,242,0.1429
ACH-000750,Cysteamine (hydrochloride),5.0,364,1869,214,0.106
ACH-000750,Cytarabine,0.05,940,898,223,0.1381
ACH-000750,Cytarabine,0.5,602,1399,189,0.1043
ACH-000750,Cytarabine,5.0,626,1918,283,0.1252
ACH-000750,DTP3,0.05,8437,2384,112,0.0105
ACH-000750,Daidzin,0.05,931,610,215,0.1621
ACH-000750,Daidzin,0.5,822,899,134,0.0844
ACH-000750,Daidzin,5.0,1085,1252,208,0.0977
ACH-000750,Darinaparsin,5.0,751,3215,456,0.1299
ACH-000750,Demeclocycline,5.0,371,1341,118,0.074
ACH-000750,Diammonium Glycyrrhizinate,5.0,405,2764,254,0.0871
ACH-000750,Docetaxel,5.0,1000,3030,602,0.1756
ACH-000750,Elagolix sodium,5.0,842,2457,427,0.1487
ACH-000750,Flumatinib (mesylate),0.05,1022,814,237,0.1482
ACH-000750,Flumatinib (mesylate),0.5,1079,2900,514,0.1483
ACH-000750,Flumatinib (mesylate),5.0,650,1233,188,0.1109
ACH-000750,Fluvoxamine (maleate),5.0,509,3040,355,0.1111
ACH-000750,Folic acid,5.0,382,2011,189,0.0858
ACH-000750,Fumaric acid,0.05,833,911,178,0.1137
ACH-000750,Fumaric acid,0.5,868,2230,313,0.1124
ACH-000750,Fumaric acid,5.0,1266,2167,390,0.1282
ACH-000750,Furosemide,5.0,358,1317,171,0.1137
ACH-000750,Fusidic acid,5.0,374,1903,261,0.1295
ACH-000750,Gallic acid,5.0,539,2044,298,0.1304
ACH-000750,Gallic acid (hydrate),5.0,665,2100,339,0.1397
ACH-000750,Gemfibrozil,5.0,879,2374,473,0.1701
ACH-000750,Goserelin (acetate),5.0,756,2407,409,0.1485
ACH-000750,Hexylresorcinol,5.0,1046,1977,565,0.2299
ACH-000750,Homoharringtonine,5.0,7598,9222,5963,0.5492
ACH-000750,Hydroxyfasudil,0.05,440,1321,63,0.0371
ACH-000750,Idarubicin (hydrochloride),5.0,7229,10706,5672,0.4625
ACH-000750,Irinotecan (hydrochloride),0.05,1664,625,202,0.0968
ACH-000750,Irinotecan (hydrochloride),0.5,2348,1613,502,0.1451
ACH-000750,Irinotecan (hydrochloride),5.0,2481,1955,611,0.1597
ACH-000750,Isocorydine,5.0,618,1996,307,0.1331
ACH-000750,L-Thyroxine (sodium salt pentahydrate),5.0,318,2367,71,0.0272
ACH-000750,Larotrectinib,5.0,456,1941,243,0.1128
ACH-000750,Lenalidomide (hemihydrate),5.0,506,2425,326,0.1251
ACH-000750,Lidocaine (hydrochloride),5.0,1295,3223,713,0.1874
ACH-000750,Lipoic acid,5.0,426,1356,235,0.1519
ACH-000750,Lumateperone (tosylate),5.0,342,1604,198,0.1133
ACH-000750,Malotilate,0.05,3561,658,336,0.0865
ACH-000750,Medroxyprogesterone acetate,5.0,755,2257,368,0.1392
ACH-000750,Megestrol,5.0,580,1543,264,0.142
ACH-000750,Methylprednisolone succinate,0.05,6387,1195,68,0.009
ACH-000750,Mitoxantrone (dihydrochloride),5.0,602,6221,357,0.0552
ACH-000750,Naproxen,0.05,421,473,79,0.0969
ACH-000750,Naproxen,0.5,533,1375,159,0.0909
ACH-000750,Naproxen,5.0,547,333,72,0.0891
ACH-000750,Neratinib (maleate),5.0,913,3689,564,0.1397
ACH-000750,Norepinephrine (hydrochloride),5.0,639,2554,334,0.1168
ACH-000750,Olanzapine,5.0,535,2358,310,0.12
ACH-000750,PF-06260933,0.05,2620,814,57,0.0169
ACH-000750,Palmatine (chloride),5.0,507,2140,303,0.1293
ACH-000750,Pasireotide (acetate),5.0,1123,2297,516,0.1777
ACH-000750,Pentagastrin,5.0,532,3048,292,0.0888
ACH-000750,Pentamidine (isethionate),0.5,936,1902,259,0.1004
ACH-000750,Pentamidine (isethionate),5.0,618,2634,336,0.1152
ACH-000750,Pralsetinib,0.05,1958,897,314,0.1236
ACH-000750,Pravastatin (sodium),0.05,710,584,116,0.0985
ACH-000750,Pravastatin (sodium),0.5,858,947,167,0.102
ACH-000750,Pravastatin (sodium),5.0,1465,1434,407,0.1633
ACH-000750,Pyridoxine,5.0,506,2465,264,0.0975
ACH-000750,Pyridoxine (hydrochloride),5.0,470,1708,255,0.1326
ACH-000750,Quinestrol,5.0,633,2278,394,0.1565
ACH-000750,Radotinib,5.0,1127,2559,690,0.2303
ACH-000750,Raltitrexed,5.0,573,2841,410,0.1365
ACH-000750,Rapamycin,5.0,619,3700,356,0.0898
ACH-000750,Regorafenib,0.05,923,1040,250,0.1459
ACH-000750,Regorafenib,0.5,771,2976,329,0.0963
ACH-000750,Regorafenib,5.0,792,1031,186,0.1136
ACH-000750,Relugolix,5.0,321,1728,172,0.0916
ACH-000750,Resveratrol,5.0,1028,3114,521,0.1439
ACH-000750,Retinoic acid,5.0,941,2896,516,0.1554
ACH-000750,Riluzole hydrochloride,5.0,982,3487,651,0.1705
ACH-000750,Rimonabant,5.0,690,2026,373,0.1592
ACH-000750,Ritonavir,5.0,471,2788,327,0.1115
ACH-000750,Ropivacaine (hydrochloride monohydrate),5.0,726,2608,543,0.1946
ACH-000750,S-Adenosyl-L-methionine (disulfate tosylate),5.0,901,3530,632,0.1664
ACH-000750,Salicylic acid,5.0,565,2135,287,0.1189
ACH-000750,Saquinavir,5.0,634,2558,337,0.118
ACH-000750,Selinexor ,5.0,1568,5635,1123,0.1847
ACH-000750,Sinomenine,5.0,527,1422,288,0.1734
ACH-000750,Sodium Salicylate,5.0,1197,2629,571,0.1754
ACH-000750,Sonidegib,0.05,2831,1949,122,0.0262
ACH-000750,Sulfisoxazole,0.5,2310,1620,464,0.1339
ACH-000750,Sulfisoxazole,5.0,520,2551,275,0.0984
ACH-000750,Temsirolimus,5.0,684,2867,473,0.1537
ACH-000750,Terfenadine,0.5,1290,1770,329,0.1205
ACH-000750,Terfenadine,5.0,1115,3187,631,0.1719
ACH-000750,Thymol,5.0,906,1370,341,0.1762
ACH-000750,Tofacitinib,5.0,531,2357,289,0.1112
ACH-000750,Tofacitinib (citrate),5.0,915,2161,441,0.1674
ACH-000750,Tolcapone,5.0,419,3407,322,0.0919
ACH-000750,Topotecan (hydrochloride),0.05,951,851,212,0.1333
ACH-000750,Topotecan (hydrochloride),0.5,803,3816,475,0.1146
ACH-000750,Topotecan (hydrochloride),5.0,885,4248,445,0.0949
ACH-000750,Trametinib,0.05,1511,2568,584,0.1671
ACH-000750,Trametinib,0.5,2196,5319,1274,0.2041
ACH-000750,Trametinib,5.0,4733,3121,1573,0.2504
ACH-000750,Triamcinolone,5.0,1353,3239,835,0.2223
ACH-000750,Triclosan,5.0,699,2293,407,0.1574
ACH-000750,Trifluridine,5.0,445,2882,285,0.0937
ACH-000750,Trimetrexate,5.0,521,2954,295,0.0928
ACH-000750,Tucidinostat,5.0,2055,8294,1719,0.1992
ACH-000750,Vilanterol,5.0,786,2899,523,0.1654
ACH-000750,Vinblastine (sulfate),5.0,954,4037,708,0.1653
ACH-000750,c-Kit-IN-1,0.05,7692,4786,194,0.0158
ACH-000750,olaparib,0.05,8443,1606,64,0.0064
ACH-000757,(R)-Verapamil (hydrochloride),5.0,50,1250,30,0.0236
ACH-000757,18β-Glycyrrhetinic acid,5.0,119,1682,80,0.0465
ACH-000757,8-Hydroxyquinoline,5.0,236,2303,135,0.0562
ACH-000757,Acetohexamide,5.0,142,1528,59,0.0366
ACH-000757,Adagrasib,0.05,2411,1895,870,0.2532
ACH-000757,Adenine,5.0,154,2229,100,0.0438
ACH-000757,Adenosine,5.0,256,2658,169,0.0616
ACH-000757,Afatinib,0.05,915,254,85,0.0784
ACH-000757,Afatinib,0.5,802,1816,226,0.0945
ACH-000757,Afatinib,5.0,580,3611,287,0.0735
ACH-000757,Aliskiren,5.0,85,1403,51,0.0355
ACH-000757,Allantoin,5.0,550,2748,321,0.1078
ACH-000757,Almonertinib (hydrochloride),5.0,206,2075,110,0.0507
ACH-000757,Almonertinib (mesylate),0.05,149,290,23,0.0553
ACH-000757,Almonertinib (mesylate),0.5,285,1045,79,0.0631
ACH-000757,Almonertinib (mesylate),5.0,626,819,143,0.1098
ACH-000757,Amsacrine,5.0,272,3469,199,0.0562
ACH-000757,Anethole trithione,5.0,328,2954,236,0.0775
ACH-000757,Artesunate,5.0,661,3995,492,0.1182
ACH-000757,Azithromycin (hydrate),5.0,366,1663,202,0.1106
ACH-000757,Baicalin,5.0,239,2458,158,0.0622
ACH-000757,Balsalazide (sodium hydrate),5.0,85,2123,61,0.0284
ACH-000757,Belumosudil,0.05,223,121,32,0.1026
ACH-000757,Belumosudil,0.5,245,1056,99,0.0824
ACH-000757,Belumosudil,5.0,817,923,150,0.0943
ACH-000757,Berbamine,0.5,1562,984,320,0.1438
ACH-000757,Berbamine,5.0,97,1877,62,0.0324
ACH-000757,Berbamine (dihydrochloride),0.05,515,142,65,0.1098
ACH-000757,Berbamine (dihydrochloride),0.5,434,614,70,0.0716
ACH-000757,Berbamine (dihydrochloride),5.0,813,869,122,0.0782
ACH-000757,Berberine (chloride hydrate),5.0,163,2980,102,0.0335
ACH-000757,Bergenin,5.0,132,1647,63,0.0367
ACH-000757,Bimatoprost,5.0,95,1772,51,0.0281
ACH-000757,Binimetinib,0.05,1417,898,335,0.1692
ACH-000757,Binimetinib,0.5,975,4605,517,0.1021
ACH-000757,Binimetinib,5.0,3201,1798,1077,0.2746
ACH-000757,Busulfan,5.0,502,2148,231,0.0955
ACH-000757,Captopril,0.05,696,556,83,0.071
ACH-000757,Cepharanthine,5.0,320,1916,184,0.0897
ACH-000757,Chlorhexidine (diacetate),0.5,1322,1741,351,0.1294
ACH-000757,Chlorhexidine (diacetate),5.0,577,3841,426,0.1067
ACH-000757,Ciclopirox,5.0,171,2568,107,0.0407
ACH-000757,Clonidine (hydrochloride),5.0,131,3385,105,0.0308
ACH-000757,Clotrimazole,5.0,172,1873,80,0.0407
ACH-000757,Cloxacillin (sodium),5.0,148,1270,72,0.0535
ACH-000757,Cysteamine (hydrochloride),5.0,81,1926,42,0.0214
ACH-000757,Cytarabine,0.05,589,522,118,0.1188
ACH-000757,Cytarabine,0.5,234,870,63,0.0605
ACH-000757,Cytarabine,5.0,246,1677,108,0.0595
ACH-000757,Daidzin,0.05,568,233,77,0.1064
ACH-000757,Daidzin,0.5,292,654,44,0.0488
ACH-000757,Daidzin,5.0,542,1018,92,0.0627
ACH-000757,Darinaparsin,5.0,289,3273,224,0.0671
ACH-000757,Demeclocycline,5.0,134,1326,65,0.0466
ACH-000757,Diammonium Glycyrrhizinate,5.0,145,2251,86,0.0372
ACH-000757,Docetaxel,5.0,331,2694,207,0.0735
ACH-000757,Elagolix sodium,5.0,551,2274,273,0.107
ACH-000757,Flumatinib (mesylate),0.05,441,367,84,0.116
ACH-000757,Flumatinib (mesylate),0.5,306,1377,117,0.0747
ACH-000757,Flumatinib (mesylate),5.0,326,949,97,0.0823
ACH-000757,Fluvoxamine (maleate),5.0,74,2413,51,0.0209
ACH-000757,Folic acid,5.0,123,2643,70,0.026
ACH-000757,Fumaric acid,0.05,420,329,55,0.0793
ACH-000757,Fumaric acid,0.5,419,1465,110,0.062
ACH-000757,Fumaric acid,5.0,516,1584,186,0.0972
ACH-000757,Furosemide,5.0,175,1172,74,0.0581
ACH-000757,Fusidic acid,5.0,59,1885,44,0.0232
ACH-000757,Gallic acid,5.0,134,2149,88,0.0401
ACH-000757,Gallic acid (hydrate),5.0,235,1754,116,0.0619
ACH-000757,Gemfibrozil,5.0,440,1802,223,0.1105
ACH-000757,Goserelin (acetate),5.0,152,2276,99,0.0425
ACH-000757,Hexylresorcinol,5.0,279,2021,183,0.0864
ACH-000757,Homoharringtonine,5.0,2950,2318,1038,0.2454
ACH-000757,Hydroxyfasudil,0.05,431,1299,48,0.0285
ACH-000757,Idarubicin (hydrochloride),5.0,1501,2101,404,0.1263
ACH-000757,Irinotecan (hydrochloride),0.05,1652,371,119,0.0625
ACH-000757,Irinotecan (hydrochloride),0.5,2075,1000,265,0.0943
ACH-000757,Irinotecan (hydrochloride),5.0,1452,1004,265,0.1209
ACH-000757,Isocorydine,5.0,95,1744,58,0.0326
ACH-000757,L-Thyroxine (sodium salt pentahydrate),5.0,202,2097,40,0.0177
ACH-000757,Larotrectinib,5.0,136,1750,64,0.0351
ACH-000757,Lenalidomide (hemihydrate),5.0,154,2553,112,0.0432
ACH-000757,Lidocaine (hydrochloride),5.0,796,3208,468,0.1324
ACH-000757,Lipoic acid,5.0,81,1264,65,0.0508
ACH-000757,Lumateperone (tosylate),5.0,96,1272,53,0.0403
ACH-000757,Malotilate,0.05,2269,322,132,0.0537
ACH-000757,Medroxyprogesterone acetate,5.0,280,1770,127,0.066
ACH-000757,Megestrol,5.0,162,1291,72,0.0521
ACH-000757,Mitoxantrone (dihydrochloride),5.0,213,2551,88,0.0329
ACH-000757,Naproxen,0.05,196,217,34,0.0897
ACH-000757,Naproxen,0.5,222,913,75,0.0708
ACH-000757,Naproxen,5.0,301,261,56,0.1107
ACH-000757,Neratinib (maleate),5.0,246,5192,213,0.0408
ACH-000757,Norepinephrine (hydrochloride),5.0,234,2234,126,0.0538
ACH-000757,Olanzapine,5.0,152,2808,110,0.0386
ACH-000757,PF-06260933,0.05,7927,527,39,0.0046
ACH-000757,Palmatine (chloride),5.0,121,1880,69,0.0357
ACH-000757,Pasireotide (acetate),5.0,245,1963,122,0.0585
ACH-000757,Pentagastrin,5.0,106,2687,72,0.0265
ACH-000757,Pentamidine (isethionate),0.5,508,1814,138,0.0632
ACH-000757,Pentamidine (isethionate),5.0,300,2936,207,0.0683
ACH-000757,Pralsetinib,0.05,1286,366,111,0.072
ACH-000757,Pravastatin (sodium),0.05,356,148,26,0.0544
ACH-000757,Pravastatin (sodium),0.5,354,483,65,0.0842
ACH-000757,Pravastatin (sodium),5.0,1020,887,236,0.1412
ACH-000757,Pyridoxine,5.0,220,2315,123,0.051
ACH-000757,Pyridoxine (hydrochloride),5.0,166,1993,100,0.0486
ACH-000757,Quinestrol,5.0,137,2259,105,0.0458
ACH-000757,Radotinib,5.0,645,2885,409,0.131
ACH-000757,Raltitrexed,5.0,172,2839,131,0.0455
ACH-000757,Rapamycin,5.0,221,3346,156,0.0457
ACH-000757,Regorafenib,0.05,543,592,76,0.0718
ACH-000757,Regorafenib,0.5,289,1767,96,0.049
ACH-000757,Regorafenib,5.0,230,1294,66,0.0453
ACH-000757,Relugolix,5.0,152,1844,69,0.0358
ACH-000757,Resveratrol,5.0,571,2270,230,0.0881
ACH-000757,Retinoic acid,5.0,197,1840,114,0.0593
ACH-000757,Riluzole hydrochloride,5.0,637,3976,431,0.1031
ACH-000757,Rimonabant,5.0,158,1843,109,0.0576
ACH-000757,Ritonavir,5.0,126,2625,82,0.0307
ACH-000757,Ropivacaine (hydrochloride monohydrate),5.0,427,2701,315,0.112
ACH-000757,S-Adenosyl-L-methionine (disulfate tosylate),5.0,239,2779,168,0.0589
ACH-000757,Salicylic acid,5.0,259,2012,139,0.0652
ACH-000757,Saquinavir,5.0,219,2418,117,0.0464
ACH-000757,Selinexor ,5.0,1393,6454,949,0.1376
ACH-000757,Sinomenine,5.0,92,1297,57,0.0428
ACH-000757,Sodium Salicylate,5.0,628,1875,284,0.128
ACH-000757,Sonidegib,0.05,7082,1295,73,0.0088
ACH-000757,Sulfisoxazole,0.5,1311,1654,252,0.0929
ACH-000757,Sulfisoxazole,5.0,97,2277,44,0.0189
ACH-000757,Temsirolimus,5.0,239,2587,156,0.0584
ACH-000757,Terfenadine,0.5,891,1456,197,0.0916
ACH-000757,Terfenadine,5.0,195,2223,102,0.044
ACH-000757,Thymol,5.0,433,1343,188,0.1184
ACH-000757,Tofacitinib,5.0,169,1973,87,0.0423
ACH-000757,Tofacitinib (citrate),5.0,157,1720,91,0.051
ACH-000757,Tolcapone,5.0,118,2531,81,0.0315
ACH-000757,Topotecan (hydrochloride),0.05,478,316,53,0.0715
ACH-000757,Topotecan (hydrochloride),0.5,349,2501,175,0.0654
ACH-000757,Topotecan (hydrochloride),5.0,547,1487,119,0.0621
ACH-000757,Trametinib,0.05,1426,2176,501,0.1616
ACH-000757,Trametinib,0.5,1715,5277,1048,0.1763
ACH-000757,Trametinib,5.0,3546,4013,1786,0.3094
ACH-000757,Triamcinolone,5.0,264,2116,164,0.074
ACH-000757,Triclosan,5.0,191,1983,120,0.0584
ACH-000757,Trifluridine,5.0,156,3286,112,0.0336
ACH-000757,Trimetrexate,5.0,182,2227,93,0.0402
ACH-000757,Tucidinostat,5.0,898,8026,775,0.0951
ACH-000757,Vilanterol,5.0,161,2040,103,0.0491
ACH-000757,Vinblastine (sulfate),5.0,362,4100,285,0.0682
ACH-000757,c-Kit-IN-1,0.05,4574,2728,108,0.015
ACH-000757,olaparib,0.05,5492,1233,96,0.0145
ACH-000790,(R)-Verapamil (hydrochloride),5.0,45,571,33,0.0566
ACH-000790,18β-Glycyrrhetinic acid,5.0,62,558,41,0.0708
ACH-000790,8-Hydroxyquinoline,5.0,70,633,55,0.0849
ACH-000790,Acetohexamide,5.0,69,816,34,0.04
ACH-000790,Adagrasib,0.05,1517,1374,554,0.2371
ACH-000790,Adenine,5.0,65,947,50,0.052
ACH-000790,Adenosine,5.0,102,1219,73,0.0585
ACH-000790,Afatinib,0.05,647,297,87,0.1015
ACH-000790,Afatinib,0.5,1013,569,146,0.1017
ACH-000790,Afatinib,5.0,494,1199,137,0.088
ACH-000790,Aliskiren,5.0,57,504,49,0.0957
ACH-000790,Allantoin,5.0,158,1057,65,0.0565
ACH-000790,Almonertinib (hydrochloride),5.0,97,602,62,0.0973
ACH-000790,Almonertinib (mesylate),0.05,319,413,59,0.0877
ACH-000790,Almonertinib (mesylate),0.5,358,1411,112,0.0676
ACH-000790,Almonertinib (mesylate),5.0,471,722,80,0.0719
ACH-000790,Amsacrine,5.0,177,1317,125,0.0913
ACH-000790,Anethole trithione,5.0,149,1138,102,0.0861
ACH-000790,Artesunate,5.0,662,2615,449,0.1588
ACH-000790,Azithromycin (hydrate),5.0,91,675,63,0.0896
ACH-000790,Baicalin,5.0,121,847,86,0.0975
ACH-000790,Balsalazide (sodium hydrate),5.0,48,725,36,0.0488
ACH-000790,Belumosudil,0.05,348,170,47,0.0998
ACH-000790,Belumosudil,0.5,388,957,107,0.0864
ACH-000790,Belumosudil,5.0,815,842,132,0.0866
ACH-000790,Berbamine,0.5,1615,207,98,0.0568
ACH-000790,Berbamine,5.0,44,529,40,0.075
ACH-000790,Berbamine (dihydrochloride),0.05,551,259,95,0.1329
ACH-000790,Berbamine (dihydrochloride),0.5,624,666,98,0.0822
ACH-000790,Berbamine (dihydrochloride),5.0,681,480,61,0.0555
ACH-000790,Berberine (chloride hydrate),5.0,68,691,58,0.0827
ACH-000790,Bergenin,5.0,73,770,53,0.0671
ACH-000790,Bimatoprost,5.0,151,1050,81,0.0723
ACH-000790,Binimetinib,0.05,666,1795,390,0.1883
ACH-000790,Binimetinib,0.5,1163,2399,548,0.1818
ACH-000790,Binimetinib,5.0,2729,169,125,0.0451
ACH-000790,Busulfan,5.0,97,623,43,0.0635
ACH-000790,Captopril,0.05,644,743,99,0.0769
ACH-000790,Cepharanthine,5.0,68,727,45,0.06
ACH-000790,Chlorhexidine (diacetate),0.5,1452,311,133,0.0816
ACH-000790,Chlorhexidine (diacetate),5.0,37,824,33,0.0399
ACH-000790,Ciclopirox,5.0,85,1143,57,0.0487
ACH-000790,Clonidine (hydrochloride),5.0,74,1126,56,0.049
ACH-000790,Clotrimazole,5.0,95,862,67,0.0753
ACH-000790,Cloxacillin (sodium),5.0,43,424,35,0.081
ACH-000790,Cysteamine (hydrochloride),5.0,42,598,31,0.0509
ACH-000790,Cytarabine,0.05,813,678,149,0.111
ACH-000790,Cytarabine,0.5,354,997,97,0.0774
ACH-000790,Cytarabine,5.0,335,1077,95,0.0721
ACH-000790,DTP3,0.05,104,2518,27,0.0104
ACH-000790,Daidzin,0.05,719,309,93,0.0995
ACH-000790,Daidzin,0.5,491,1020,89,0.0626
ACH-000790,Daidzin,5.0,609,787,91,0.0697
ACH-000790,Darinaparsin,5.0,113,1356,82,0.0591
ACH-000790,Demeclocycline,5.0,62,660,32,0.0464
ACH-000790,Diammonium Glycyrrhizinate,5.0,68,939,43,0.0446
ACH-000790,Docetaxel,5.0,123,865,69,0.0751
ACH-000790,Elagolix sodium,5.0,75,881,49,0.054
ACH-000790,Flumatinib (mesylate),0.05,702,455,98,0.0925
ACH-000790,Flumatinib (mesylate),0.5,768,1662,243,0.1111
ACH-000790,Flumatinib (mesylate),5.0,480,537,73,0.0773
ACH-000790,Fluvoxamine (maleate),5.0,38,916,27,0.0291
ACH-000790,Folic acid,5.0,52,641,31,0.0468
ACH-000790,Fumaric acid,0.05,654,553,94,0.0845
ACH-000790,Fumaric acid,0.5,732,1843,198,0.0833
ACH-000790,Fumaric acid,5.0,917,1553,235,0.1051
ACH-000790,Furosemide,5.0,43,471,28,0.0576
ACH-000790,Fusidic acid,5.0,53,563,45,0.0788
ACH-000790,Gallic acid,5.0,88,802,65,0.0788
ACH-000790,Gallic acid (hydrate),5.0,95,743,55,0.0702
ACH-000790,Gemfibrozil,5.0,111,793,86,0.1051
ACH-000790,Goserelin (acetate),5.0,67,969,51,0.0518
ACH-000790,Hexylresorcinol,5.0,122,706,80,0.107
ACH-000790,Homoharringtonine,5.0,3210,6373,2560,0.3645
ACH-000790,Hydroxyfasudil,0.05,252,1138,45,0.0335
ACH-000790,Idarubicin (hydrochloride),5.0,2489,5862,1851,0.2848
ACH-000790,Irinotecan (hydrochloride),0.05,1543,342,105,0.059
ACH-000790,Irinotecan (hydrochloride),0.5,1170,1262,237,0.108
ACH-000790,Irinotecan (hydrochloride),5.0,1484,680,196,0.0996
ACH-000790,Isocorydine,5.0,77,481,33,0.0629
ACH-000790,L-Thyroxine (sodium salt pentahydrate),5.0,251,726,48,0.0517
ACH-000790,Larotrectinib,5.0,68,604,43,0.0684
ACH-000790,Lenalidomide (hemihydrate),5.0,53,693,39,0.0552
ACH-000790,Lidocaine (hydrochloride),5.0,204,1377,109,0.074
ACH-000790,Lipoic acid,5.0,94,525,66,0.1193
ACH-000790,Lumateperone (tosylate),5.0,58,467,39,0.0802
ACH-000790,Malotilate,0.05,2648,413,163,0.0562
ACH-000790,Medroxyprogesterone acetate,5.0,142,1337,82,0.0587
ACH-000790,Megestrol,5.0,99,710,66,0.0888
ACH-000790,Methylprednisolone succinate,0.05,185,773,28,0.0301
ACH-000790,Mitoxantrone (dihydrochloride),5.0,151,1828,96,0.051
ACH-000790,Naproxen,0.05,241,353,40,0.0722
ACH-000790,Naproxen,0.5,251,958,67,0.0587
ACH-000790,Naproxen,5.0,393,183,51,0.0971
ACH-000790,Neratinib (maleate),5.0,166,1926,126,0.0641
ACH-000790,Norepinephrine (hydrochloride),5.0,86,956,58,0.0589
ACH-000790,Olanzapine,5.0,100,1070,72,0.0656
ACH-000790,PF-06260933,0.05,30,509,10,0.0189
ACH-000790,Palmatine (chloride),5.0,52,538,42,0.0766
ACH-000790,Pasireotide (acetate),5.0,104,568,72,0.12
ACH-000790,Pentagastrin,5.0,53,950,31,0.0319
ACH-000790,Pentamidine (isethionate),0.5,473,330,62,0.0837
ACH-000790,Pentamidine (isethionate),5.0,113,1075,71,0.0636
ACH-000790,Pralsetinib,0.05,386,402,85,0.1209
ACH-000790,Pravastatin (sodium),0.05,584,297,53,0.064
ACH-000790,Pravastatin (sodium),0.5,547,680,92,0.0811
ACH-000790,Pravastatin (sodium),5.0,1105,810,226,0.1338
ACH-000790,Pyridoxine,5.0,91,1073,53,0.0477
ACH-000790,Pyridoxine (hydrochloride),5.0,54,484,34,0.0675
ACH-000790,Quinestrol,5.0,132,1064,106,0.0972
ACH-000790,Radotinib,5.0,138,977,95,0.0931
ACH-000790,Ralimetinib dimesylate,0.05,92,680,16,0.0212
ACH-000790,Raltitrexed,5.0,82,1064,64,0.0591
ACH-000790,Rapamycin,5.0,101,1811,66,0.0358
ACH-000790,Regorafenib,0.05,219,397,65,0.118
ACH-000790,Regorafenib,0.5,541,612,99,0.0939
ACH-000790,Regorafenib,5.0,401,43,15,0.035
ACH-000790,Relugolix,5.0,26,484,18,0.0366
ACH-000790,Resveratrol,5.0,151,1254,78,0.0588
ACH-000790,Retinoic acid,5.0,145,1222,115,0.0919
ACH-000790,Riluzole hydrochloride,5.0,86,1579,73,0.0459
ACH-000790,Rimonabant,5.0,102,858,72,0.0811
ACH-000790,Ritonavir,5.0,58,862,45,0.0514
ACH-000790,Ropivacaine (hydrochloride monohydrate),5.0,127,776,87,0.1066
ACH-000790,S-Adenosyl-L-methionine (disulfate tosylate),5.0,97,1103,68,0.0601
ACH-000790,Salicylic acid,5.0,89,742,58,0.075
ACH-000790,Saquinavir,5.0,114,1004,67,0.0637
ACH-000790,Selinexor ,5.0,385,2035,279,0.1303
ACH-000790,Sinomenine,5.0,70,565,48,0.0818
ACH-000790,Sodium Salicylate,5.0,152,829,90,0.101
ACH-000790,Sonidegib,0.05,151,798,23,0.0248
ACH-000790,Sulfisoxazole,0.5,2283,450,173,0.0676
ACH-000790,Sulfisoxazole,5.0,55,866,38,0.043
ACH-000790,Temsirolimus,5.0,63,966,56,0.0576
ACH-000790,Terfenadine,0.5,1667,283,84,0.045
ACH-000790,Terfenadine,5.0,55,714,36,0.0491
ACH-000790,Thymol,5.0,86,530,34,0.0584
ACH-000790,Tofacitinib,5.0,153,1380,116,0.0819
ACH-000790,Tofacitinib (citrate),5.0,166,1239,104,0.0799
ACH-000790,Tolcapone,5.0,63,995,53,0.0527
ACH-000790,Topotecan (hydrochloride),0.05,722,279,68,0.0729
ACH-000790,Topotecan (hydrochloride),0.5,484,3731,290,0.0739
ACH-000790,Topotecan (hydrochloride),5.0,719,3004,283,0.0823
ACH-000790,Trametinib,0.05,460,2325,259,0.1025
ACH-000790,Trametinib,0.5,1174,2326,521,0.1749
ACH-000790,Trametinib,5.0,3130,545,302,0.0895
ACH-000790,Triamcinolone,5.0,183,2398,153,0.063
ACH-000790,Triclosan,5.0,49,927,40,0.0427
ACH-000790,Trifluridine,5.0,37,772,20,0.0253
ACH-000790,Trimetrexate,5.0,73,887,50,0.0549
ACH-000790,Tucidinostat,5.0,181,5219,158,0.0301
ACH-000790,Vilanterol,5.0,51,707,41,0.0572
ACH-000790,Vinblastine (sulfate),5.0,264,2251,220,0.0959
ACH-000790,olaparib,0.05,54,722,14,0.0184
ACH-000793,(R)-Verapamil (hydrochloride),5.0,541,2964,380,0.1216
ACH-000793,18β-Glycyrrhetinic acid,5.0,821,2108,419,0.1669
ACH-000793,8-Hydroxyquinoline,5.0,685,2428,325,0.1166
ACH-000793,Acetohexamide,5.0,843,2148,316,0.1181
ACH-000793,Adagrasib,0.05,3698,2802,1546,0.3121
ACH-000793,Adenine,5.0,929,3016,507,0.1475
ACH-000793,Adenosine,5.0,913,2890,551,0.1694
ACH-000793,Afatinib,0.05,2176,454,196,0.0805
ACH-000793,Afatinib,0.5,1227,2910,437,0.1181
ACH-000793,Afatinib,5.0,1158,4621,678,0.1329
ACH-000793,Aliskiren,5.0,677,2221,385,0.1532
ACH-000793,Allantoin,5.0,1805,3350,904,0.2127
ACH-000793,Almonertinib (hydrochloride),5.0,1143,2355,497,0.1656
ACH-000793,Almonertinib (mesylate),0.05,310,375,51,0.0804
ACH-000793,Almonertinib (mesylate),0.5,434,1509,123,0.0676
ACH-000793,Almonertinib (mesylate),5.0,701,1453,213,0.1097
ACH-000793,Amsacrine,5.0,1061,2909,592,0.1753
ACH-000793,Anethole trithione,5.0,1621,3048,870,0.229
ACH-000793,Artesunate,5.0,2477,5573,1998,0.3301
ACH-000793,Azithromycin (hydrate),5.0,853,2249,417,0.1553
ACH-000793,Baicalin,5.0,963,3552,664,0.1724
ACH-000793,Balsalazide (sodium hydrate),5.0,493,3147,327,0.0987
ACH-000793,Belumosudil,0.05,448,209,64,0.1079
ACH-000793,Belumosudil,0.5,554,656,97,0.0872
ACH-000793,Belumosudil,5.0,1036,1614,293,0.1243
ACH-000793,Berbamine,0.5,1544,996,284,0.1259
ACH-000793,Berbamine,5.0,542,2769,354,0.1197
ACH-000793,Berbamine (dihydrochloride),0.05,896,311,113,0.1033
ACH-000793,Berbamine (dihydrochloride),0.5,1085,754,204,0.1248
ACH-000793,Berbamine (dihydrochloride),5.0,1032,1190,206,0.1022
ACH-000793,Berberine (chloride hydrate),5.0,701,3161,458,0.1345
ACH-000793,Bergenin,5.0,1086,2512,600,0.2001
ACH-000793,Bimatoprost,5.0,725,3066,382,0.1121
ACH-000793,Binimetinib,0.05,1566,1466,509,0.2017
ACH-000793,Binimetinib,0.5,1587,4669,840,0.1551
ACH-000793,Binimetinib,5.0,2206,1165,570,0.2035
ACH-000793,Busulfan,5.0,1142,2361,473,0.1561
ACH-000793,Captopril,0.05,1544,808,207,0.0965
ACH-000793,Cepharanthine,5.0,1435,2616,800,0.2461
ACH-000793,Chlorhexidine (diacetate),0.5,1389,1699,375,0.1382
ACH-000793,Chlorhexidine (diacetate),5.0,751,3527,533,0.1423
ACH-000793,Ciclopirox,5.0,697,3359,444,0.1229
ACH-000793,Clonidine (hydrochloride),5.0,1010,3889,676,0.1601
ACH-000793,Clotrimazole,5.0,793,3099,466,0.136
ACH-000793,Cloxacillin (sodium),5.0,691,2236,381,0.1496
ACH-000793,Cysteamine (hydrochloride),5.0,588,2246,333,0.1331
ACH-000793,Cytarabine,0.05,911,442,124,0.1009
ACH-000793,Cytarabine,0.5,627,830,107,0.0793
ACH-000793,Cytarabine,5.0,334,1191,101,0.0709
ACH-000793,DTP3,0.05,7746,2411,108,0.0107
ACH-000793,Daidzin,0.05,712,330,102,0.1085
ACH-000793,Daidzin,0.5,521,624,82,0.0771
ACH-000793,Daidzin,5.0,825,1308,171,0.0872
ACH-000793,Darinaparsin,5.0,1055,3337,618,0.1638
ACH-000793,Demeclocycline,5.0,618,1549,211,0.1079
ACH-000793,Diammonium Glycyrrhizinate,5.0,687,3359,413,0.1137
ACH-000793,Docetaxel,5.0,976,3042,500,0.1421
ACH-000793,Elagolix sodium,5.0,1117,2978,500,0.1391
ACH-000793,Flumatinib (mesylate),0.05,696,462,113,0.1081
ACH-000793,Flumatinib (mesylate),0.5,734,1192,184,0.1056
ACH-000793,Flumatinib (mesylate),5.0,613,1068,174,0.1155
ACH-000793,Fluvoxamine (maleate),5.0,660,3303,437,0.1239
ACH-000793,Folic acid,5.0,367,2990,210,0.0667
ACH-000793,Fumaric acid,0.05,620,497,108,0.107
ACH-000793,Fumaric acid,0.5,637,1526,192,0.0974
ACH-000793,Fumaric acid,5.0,779,1984,262,0.1048
ACH-000793,Furosemide,5.0,582,2021,283,0.122
ACH-000793,Fusidic acid,5.0,845,2736,575,0.1913
ACH-000793,Gallic acid,5.0,736,2896,472,0.1494
ACH-000793,Gallic acid (hydrate),5.0,945,3257,507,0.1372
ACH-000793,Gemfibrozil,5.0,1012,2707,543,0.171
ACH-000793,Goserelin (acetate),5.0,1393,3328,803,0.205
ACH-000793,Hexylresorcinol,5.0,1048,3367,681,0.1824
ACH-000793,Homoharringtonine,5.0,6841,8202,5104,0.5135
ACH-000793,Hydroxyfasudil,0.05,578,2923,182,0.0548
ACH-000793,Idarubicin (hydrochloride),5.0,8226,13278,7042,0.4869
ACH-000793,Irinotecan (hydrochloride),0.05,2614,315,130,0.0464
ACH-000793,Irinotecan (hydrochloride),0.5,3394,1100,424,0.1042
ACH-000793,Irinotecan (hydrochloride),5.0,2767,1232,457,0.129
ACH-000793,Isocorydine,5.0,965,2232,468,0.1715
ACH-000793,L-Thyroxine (sodium salt pentahydrate),5.0,300,2838,59,0.0192
ACH-000793,Larotrectinib,5.0,887,1861,354,0.1479
ACH-000793,Lenalidomide (hemihydrate),5.0,732,2592,434,0.1502
ACH-000793,Lidocaine (hydrochloride),5.0,1614,2997,699,0.1787
ACH-000793,Lipoic acid,5.0,832,2005,459,0.193
ACH-000793,Lumateperone (tosylate),5.0,533,2401,343,0.1324
ACH-000793,Malotilate,0.05,2791,628,239,0.0752
ACH-000793,Medroxyprogesterone acetate,5.0,1076,3138,520,0.1408
ACH-000793,Megestrol,5.0,637,2434,340,0.1245
ACH-000793,Methylprednisolone succinate,0.05,9317,822,44,0.0044
ACH-000793,Mitoxantrone (dihydrochloride),5.0,963,5753,579,0.0943
ACH-000793,Naproxen,0.05,286,214,49,0.1086
ACH-000793,Naproxen,0.5,357,969,101,0.0824
ACH-000793,Naproxen,5.0,456,285,65,0.0962
ACH-000793,Neratinib (maleate),5.0,1157,5716,899,0.1505
ACH-000793,Norepinephrine (hydrochloride),5.0,918,2965,435,0.1262
ACH-000793,Olanzapine,5.0,808,2985,474,0.1428
ACH-000793,Palmatine (chloride),5.0,518,2258,246,0.0972
ACH-000793,Pasireotide (acetate),5.0,1305,2888,714,0.2052
ACH-000793,Pentagastrin,5.0,634,3171,398,0.1168
ACH-000793,Pentamidine (isethionate),0.5,855,1696,222,0.0953
ACH-000793,Pentamidine (isethionate),5.0,1226,2674,499,0.1467
ACH-000793,Pralsetinib,0.05,2242,562,203,0.078
ACH-000793,Pravastatin (sodium),0.05,547,272,63,0.0833
ACH-000793,Pravastatin (sodium),0.5,559,611,94,0.0874
ACH-000793,Pravastatin (sodium),5.0,1055,1427,337,0.1571
ACH-000793,Pyridoxine,5.0,840,2680,419,0.1351
ACH-000793,Pyridoxine (hydrochloride),5.0,900,2155,375,0.1399
ACH-000793,Quinestrol,5.0,866,3034,604,0.1833
ACH-000793,Radotinib,5.0,1229,2915,747,0.2199
ACH-000793,Raltitrexed,5.0,536,2816,377,0.1267
ACH-000793,Rapamycin,5.0,1392,4402,777,0.1549
ACH-000793,Regorafenib,0.05,1562,585,189,0.0965
ACH-000793,Regorafenib,0.5,640,4267,348,0.0763
ACH-000793,Regorafenib,5.0,302,2425,130,0.0501
ACH-000793,Relugolix,5.0,387,2553,231,0.0853
ACH-000793,Resveratrol,5.0,1017,3288,492,0.129
ACH-000793,Retinoic acid,5.0,1220,3779,840,0.202
ACH-000793,Riluzole hydrochloride,5.0,1336,4076,825,0.1799
ACH-000793,Rimonabant,5.0,1200,3065,780,0.2238
ACH-000793,Ritonavir,5.0,641,2560,338,0.1181
ACH-000793,Ropivacaine (hydrochloride monohydrate),5.0,844,2646,558,0.1903
ACH-000793,S-Adenosyl-L-methionine (disulfate tosylate),5.0,1217,3745,826,0.1997
ACH-000793,Salicylic acid,5.0,669,2936,373,0.1154
ACH-000793,Saquinavir,5.0,752,2901,413,0.1275
ACH-000793,Selinexor ,5.0,2403,6260,1695,0.2433
ACH-000793,Sinomenine,5.0,843,2315,448,0.1653
ACH-000793,Sodium Salicylate,5.0,1228,3526,598,0.1439
ACH-000793,Sonidegib,0.05,3567,3237,178,0.0269
ACH-000793,Sulfisoxazole,0.5,1752,2173,457,0.1318
ACH-000793,Sulfisoxazole,5.0,747,3296,435,0.1206
ACH-000793,Temsirolimus,5.0,1099,3633,761,0.1916
ACH-000793,Terfenadine,0.5,1298,2041,351,0.1175
ACH-000793,Terfenadine,5.0,1392,3360,774,0.1946
ACH-000793,Thymol,5.0,992,1505,329,0.1518
ACH-000793,Tofacitinib,5.0,903,3697,561,0.1389
ACH-000793,Tofacitinib (citrate),5.0,1253,3652,790,0.192
ACH-000793,Tolcapone,5.0,485,3880,348,0.0866
ACH-000793,Topotecan (hydrochloride),0.05,915,320,85,0.0739
ACH-000793,Topotecan (hydrochloride),0.5,547,4193,323,0.0731
ACH-000793,Topotecan (hydrochloride),5.0,853,4280,411,0.087
ACH-000793,Trametinib,0.05,2166,2529,850,0.2211
ACH-000793,Trametinib,0.5,2171,5058,1228,0.2046
ACH-000793,Trametinib,5.0,3573,4132,1665,0.2757
ACH-000793,Triamcinolone,5.0,1679,3138,925,0.2377
ACH-000793,Triclosan,5.0,862,2942,498,0.1506
ACH-000793,Trifluridine,5.0,489,2983,296,0.0932
ACH-000793,Trimetrexate,5.0,803,3375,492,0.1335
ACH-000793,Tucidinostat,5.0,2696,9764,2233,0.2183
ACH-000793,Vilanterol,5.0,881,2547,545,0.189
ACH-000793,Vinblastine (sulfate),5.0,1773,5607,1364,0.2267
ACH-000793,olaparib,0.05,8842,2765,100,0.0087
ACH-000842,(R)-Verapamil (hydrochloride),5.0,897,3343,483,0.1286
ACH-000842,18β-Glycyrrhetinic acid,5.0,1559,2923,671,0.1761
ACH-000842,8-Hydroxyquinoline,5.0,1648,4218,873,0.1748
ACH-000842,Abemaciclib,0.05,11875,2976,144,0.0098
ACH-000842,Acetohexamide,5.0,1619,2986,563,0.1393
ACH-000842,Adagrasib,0.05,7390,6165,3793,0.3885
ACH-000842,Adenine,5.0,1389,4125,758,0.1594
ACH-000842,Adenosine,5.0,1917,4547,1033,0.1902
ACH-000842,Afatinib,0.05,3805,1422,637,0.1388
ACH-000842,Afatinib,0.5,3364,4865,1414,0.2075
ACH-000842,Afatinib,5.0,2580,6928,1441,0.1786
ACH-000842,Aliskiren,5.0,1361,3328,669,0.1664
ACH-000842,Allantoin,5.0,2852,4653,1445,0.2384
ACH-000842,Almonertinib (hydrochloride),5.0,1847,2993,685,0.1649
ACH-000842,Almonertinib (mesylate),0.05,1300,1358,314,0.134
ACH-000842,Almonertinib (mesylate),0.5,2220,3645,809,0.16
ACH-000842,Almonertinib (mesylate),5.0,1992,2684,612,0.1506
ACH-000842,Amsacrine,5.0,2567,6233,1721,0.2431
ACH-000842,Anethole trithione,5.0,2179,5091,1324,0.2227
ACH-000842,Artesunate,5.0,2837,6439,2147,0.3012
ACH-000842,Azithromycin (hydrate),5.0,1931,2843,769,0.192
ACH-000842,Baicalin,5.0,1682,4725,1052,0.1965
ACH-000842,Balsalazide (sodium hydrate),5.0,1149,4445,681,0.1386
ACH-000842,Belumosudil,0.05,1556,936,308,0.141
ACH-000842,Belumosudil,0.5,1873,2002,442,0.1288
ACH-000842,Belumosudil,5.0,2520,4230,981,0.17
ACH-000842,Berbamine,0.5,4010,1868,813,0.1605
ACH-000842,Berbamine,5.0,1141,4406,546,0.1092
ACH-000842,Berbamine (dihydrochloride),0.05,2197,787,329,0.1239
ACH-000842,Berbamine (dihydrochloride),0.5,2631,1957,539,0.1331
ACH-000842,Berbamine (dihydrochloride),5.0,1700,2461,458,0.1237
ACH-000842,Berberine (chloride hydrate),5.0,1613,5000,948,0.1673
ACH-000842,Bergenin,5.0,1516,3322,705,0.1706
ACH-000842,Bimatoprost,5.0,1559,3895,704,0.1482
ACH-000842,Binimetinib,0.05,4823,6571,2997,0.3569
ACH-000842,Binimetinib,0.5,6601,8343,3954,0.3598
ACH-000842,Binimetinib,5.0,8106,2156,1659,0.1928
ACH-000842,Busulfan,5.0,2496,3368,962,0.1962
ACH-000842,Captopril,0.05,2842,2070,558,0.1282
ACH-000842,Cepharanthine,5.0,2114,3078,939,0.2208
ACH-000842,Chlorhexidine (diacetate),0.5,3900,2689,1020,0.1832
ACH-000842,Chlorhexidine (diacetate),5.0,1144,4529,709,0.1428
ACH-000842,Ciclopirox,5.0,1199,4248,610,0.1261
ACH-000842,Clonidine (hydrochloride),5.0,1446,5942,1051,0.1659
ACH-000842,Clotrimazole,5.0,1401,4338,693,0.1373
ACH-000842,Cloxacillin (sodium),5.0,958,3418,510,0.1319
ACH-000842,Cysteamine (hydrochloride),5.0,1085,3331,523,0.1343
ACH-000842,Cytarabine,0.05,2483,1207,459,0.1421
ACH-000842,Cytarabine,0.5,1958,2918,569,0.1321
ACH-000842,Cytarabine,5.0,1466,3780,612,0.1321
ACH-000842,DTP3,0.05,10211,5416,339,0.0222
ACH-000842,Daidzin,0.05,2510,997,361,0.1147
ACH-000842,Daidzin,0.5,2131,2402,476,0.1173
ACH-000842,Daidzin,5.0,1670,2857,489,0.1211
ACH-000842,Darinaparsin,5.0,2627,4548,1483,0.2605
ACH-000842,Demeclocycline,5.0,1600,2547,485,0.1324
ACH-000842,Diammonium Glycyrrhizinate,5.0,1485,4569,781,0.1481
ACH-000842,Docetaxel,5.0,2655,4355,1286,0.2247
ACH-000842,Elagolix sodium,5.0,2196,4345,1038,0.1886
ACH-000842,Flumatinib (mesylate),0.05,1544,1549,413,0.1541
ACH-000842,Flumatinib (mesylate),0.5,2409,3735,1009,0.1965
ACH-000842,Flumatinib (mesylate),5.0,1721,2477,561,0.1542
ACH-000842,Fluvoxamine (maleate),5.0,1070,4735,692,0.1353
ACH-000842,Folic acid,5.0,1118,4415,652,0.1336
ACH-000842,Fumaric acid,0.05,2413,1622,504,0.1427
ACH-000842,Fumaric acid,0.5,2509,4134,919,0.1606
ACH-000842,Fumaric acid,5.0,2681,4232,1069,0.1829
ACH-000842,Furosemide,5.0,1231,2418,507,0.1614
ACH-000842,Fusidic acid,5.0,1402,3812,850,0.1948
ACH-000842,Gallic acid,5.0,1295,4262,766,0.1599
ACH-000842,Gallic acid (hydrate),5.0,2189,3787,1008,0.2029
ACH-000842,Gemfibrozil,5.0,2075,3839,986,0.2001
ACH-000842,Goserelin (acetate),5.0,1369,4612,840,0.1634
ACH-000842,Hexylresorcinol,5.0,1802,4237,1053,0.2112
ACH-000842,Homoharringtonine,5.0,11241,13852,9604,0.6201
ACH-000842,Hydroxyfasudil,0.05,784,3622,174,0.0411
ACH-000842,Idarubicin (hydrochloride),5.0,12248,16839,10617,0.5748
ACH-000842,Irinotecan (hydrochloride),0.05,3839,1254,543,0.1193
ACH-000842,Irinotecan (hydrochloride),0.5,2939,3225,898,0.1705
ACH-000842,Irinotecan (hydrochloride),5.0,3205,3459,1007,0.178
ACH-000842,Isocorydine,5.0,1041,3678,584,0.1412
ACH-000842,L-Thyroxine (sodium salt pentahydrate),5.0,403,3654,100,0.0253
ACH-000842,Larotrectinib,5.0,1344,2915,570,0.1545
ACH-000842,Lenalidomide (hemihydrate),5.0,1073,3357,542,0.1394
ACH-000842,Lidocaine (hydrochloride),5.0,3195,4554,1518,0.2436
ACH-000842,Lipoic acid,5.0,1446,2644,675,0.1977
ACH-000842,Lumateperone (tosylate),5.0,1076,3191,560,0.1511
ACH-000842,Malotilate,0.05,5526,1677,792,0.1235
ACH-000842,Medroxyprogesterone acetate,5.0,1772,3119,758,0.1834
ACH-000842,Megestrol,5.0,1468,3013,582,0.1493
ACH-000842,Mitoxantrone (dihydrochloride),5.0,2496,10435,1637,0.1449
ACH-000842,Naproxen,0.05,1151,1334,289,0.1316
ACH-000842,Naproxen,0.5,1431,2700,458,0.1247
ACH-000842,Naproxen,5.0,1427,740,212,0.1084
ACH-000842,Neratinib (maleate),5.0,1655,6120,1136,0.1711
ACH-000842,Norepinephrine (hydrochloride),5.0,1683,3643,696,0.1503
ACH-000842,Olanzapine,5.0,1621,4347,876,0.172
ACH-000842,PF-06260933,0.05,9487,1835,129,0.0115
ACH-000842,Palmatine (chloride),5.0,1247,3156,569,0.1484
ACH-000842,Pasireotide (acetate),5.0,1936,4345,978,0.1844
ACH-000842,Pentagastrin,5.0,1179,4824,638,0.1189
ACH-000842,Pentamidine (isethionate),0.5,1781,2920,512,0.1222
ACH-000842,Pentamidine (isethionate),5.0,1897,4156,948,0.1857
ACH-000842,Pralsetinib,0.05,3340,1555,555,0.1279
ACH-000842,Pravastatin (sodium),0.05,2174,992,349,0.1239
ACH-000842,Pravastatin (sodium),0.5,2274,1893,464,0.1253
ACH-000842,Pravastatin (sodium),5.0,3132,3190,1162,0.2252
ACH-000842,Pyridoxine,5.0,2232,4169,1032,0.1922
ACH-000842,Pyridoxine (hydrochloride),5.0,1815,4235,1028,0.2047
ACH-000842,Quinestrol,5.0,1472,4237,871,0.18
ACH-000842,Radotinib,5.0,1837,3769,1054,0.2315
ACH-000842,Ralimetinib dimesylate,0.05,10525,2677,173,0.0133
ACH-000842,Raltitrexed,5.0,1373,5494,1013,0.173
ACH-000842,Rapamycin,5.0,1810,4988,922,0.1569
ACH-000842,Regorafenib,0.05,2275,1730,507,0.1449
ACH-000842,Regorafenib,0.5,2079,4719,866,0.146
ACH-000842,Regorafenib,5.0,1749,1352,322,0.1159
ACH-000842,Relugolix,5.0,909,3787,441,0.1036
ACH-000842,Resveratrol,5.0,2040,4319,881,0.1608
ACH-000842,Retinoic acid,5.0,1566,3794,839,0.1856
ACH-000842,Riluzole hydrochloride,5.0,2807,5771,1707,0.2484
ACH-000842,Rimonabant,5.0,1429,3355,829,0.2096
ACH-000842,Ritonavir,5.0,1388,3711,757,0.1743
ACH-000842,Ropivacaine (hydrochloride monohydrate),5.0,1655,4016,1092,0.2385
ACH-000842,S-Adenosyl-L-methionine (disulfate tosylate),5.0,2032,5367,1373,0.2278
ACH-000842,Salicylic acid,5.0,1430,4085,767,0.1615
ACH-000842,Saquinavir,5.0,1349,3664,636,0.1453
ACH-000842,Selinexor ,5.0,3090,8261,2299,0.254
ACH-000842,Sinomenine,5.0,1055,2888,538,0.158
ACH-000842,Sodium Salicylate,5.0,2537,4175,1100,0.196
ACH-000842,Sonidegib,0.05,3275,2738,158,0.027
ACH-000842,Sulfisoxazole,0.5,4563,2909,1023,0.1586
ACH-000842,Sulfisoxazole,5.0,1275,4136,633,0.1325
ACH-000842,Temsirolimus,5.0,1508,4296,921,0.1886
ACH-000842,Terfenadine,0.5,2582,2813,713,0.1523
ACH-000842,Terfenadine,5.0,1715,4429,896,0.1707
ACH-000842,Thymol,5.0,2207,2042,692,0.1945
ACH-000842,Tofacitinib,5.0,1564,3983,748,0.1559
ACH-000842,Tofacitinib (citrate),5.0,1441,3498,729,0.1732
ACH-000842,Tolcapone,5.0,1297,4750,813,0.1553
ACH-000842,Topotecan (hydrochloride),0.05,2878,1005,371,0.1056
ACH-000842,Topotecan (hydrochloride),0.5,2128,7143,1310,0.1646
ACH-000842,Topotecan (hydrochloride),5.0,2556,6610,1392,0.1791
ACH-000842,Trametinib,0.05,4372,7322,2713,0.3021
ACH-000842,Trametinib,0.5,6039,8236,3711,0.3513
ACH-000842,Trametinib,5.0,8617,6105,3797,0.3476
ACH-000842,Triamcinolone,5.0,2599,3962,1325,0.2531
ACH-000842,Triclosan,5.0,1611,3811,824,0.1792
ACH-000842,Trifluridine,5.0,1094,4596,614,0.121
ACH-000842,Trimetrexate,5.0,1577,4657,846,0.157
ACH-000842,Tucidinostat,5.0,4867,13350,4118,0.2921
ACH-000842,Vilanterol,5.0,1431,3856,800,0.1783
ACH-000842,Vinblastine (sulfate),5.0,2058,5945,1445,0.2203
ACH-000842,c-Kit-IN-1,0.05,11150,7853,487,0.0263
ACH-000842,olaparib,0.05,10468,2529,154,0.012
ACH-000853,(R)-Verapamil (hydrochloride),5.0,2,126,0,0.0
ACH-000853,18β-Glycyrrhetinic acid,5.0,4,304,3,0.0098
ACH-000853,8-Hydroxyquinoline,5.0,27,145,10,0.0617
ACH-000853,Acetohexamide,5.0,8,193,3,0.0152
ACH-000853,Adagrasib,0.05,89,170,33,0.146
ACH-000853,Adenine,5.0,3,43,2,0.0455
ACH-000853,Adenosine,5.0,2,286,1,0.0035
ACH-000853,Afatinib,0.05,183,15,6,0.0312
ACH-000853,Afatinib,0.5,51,228,11,0.041
ACH-000853,Afatinib,5.0,66,267,18,0.0571
ACH-000853,Aliskiren,5.0,4,143,3,0.0208
ACH-000853,Allantoin,5.0,12,111,8,0.0696
ACH-000853,Almonertinib (hydrochloride),5.0,20,217,13,0.058
ACH-000853,Almonertinib (mesylate),0.05,27,9,1,0.0286
ACH-000853,Almonertinib (mesylate),0.5,6,3,1,0.125
ACH-000853,Almonertinib (mesylate),5.0,69,4,1,0.0139
ACH-000853,Amsacrine,5.0,18,308,12,0.0382
ACH-000853,Anethole trithione,5.0,6,97,1,0.0098
ACH-000853,Artesunate,5.0,11,154,9,0.0577
ACH-000853,Azithromycin (hydrate),5.0,1,232,0,0.0
ACH-000853,Baicalin,5.0,5,80,2,0.0241
ACH-000853,Balsalazide (sodium hydrate),5.0,3,30,2,0.0645
ACH-000853,Belumosudil,0.05,35,5,2,0.0526
ACH-000853,Belumosudil,0.5,58,41,8,0.0879
ACH-000853,Belumosudil,5.0,59,57,3,0.0265
ACH-000853,Berbamine,0.5,84,160,10,0.0427
ACH-000853,Berbamine,5.0,4,144,4,0.0278
ACH-000853,Berbamine (dihydrochloride),0.05,30,7,5,0.1562
ACH-000853,Berbamine (dihydrochloride),0.5,62,19,5,0.0658
ACH-000853,Berbamine (dihydrochloride),5.0,110,37,10,0.073
ACH-000853,Berberine (chloride hydrate),5.0,3,32,3,0.0938
ACH-000853,Bergenin,5.0,3,110,1,0.0089
ACH-000853,Bimatoprost,5.0,4,159,4,0.0252
ACH-000853,Binimetinib,0.05,113,32,11,0.0821
ACH-000853,Binimetinib,0.5,3,692,1,0.0014
ACH-000853,Binimetinib,5.0,48,30,2,0.0263
ACH-000853,Busulfan,5.0,53,134,17,0.1
ACH-000853,Captopril,0.05,46,123,3,0.0181
ACH-000853,Cepharanthine,5.0,3,319,2,0.0062
ACH-000853,Chlorhexidine (diacetate),0.5,128,56,8,0.0455
ACH-000853,Chlorhexidine (diacetate),5.0,31,509,24,0.0465
ACH-000853,Ciclopirox,5.0,11,345,8,0.023
ACH-000853,Clonidine (hydrochloride),5.0,5,49,2,0.0385
ACH-000853,Clotrimazole,5.0,5,403,5,0.0124
ACH-000853,Cloxacillin (sodium),5.0,30,74,9,0.0947
ACH-000853,Cysteamine (hydrochloride),5.0,14,45,6,0.1132
ACH-000853,Cytarabine,0.05,34,2,1,0.0286
ACH-000853,Cytarabine,0.5,48,22,6,0.0938
ACH-000853,Cytarabine,5.0,2,190,1,0.0052
ACH-000853,Daidzin,0.05,77,14,5,0.0581
ACH-000853,Daidzin,0.5,50,14,2,0.0323
ACH-000853,Daidzin,5.0,137,25,6,0.0385
ACH-000853,Darinaparsin,5.0,5,461,4,0.0087
ACH-000853,Demeclocycline,5.0,5,174,3,0.017
ACH-000853,Diammonium Glycyrrhizinate,5.0,11,109,6,0.0526
ACH-000853,Docetaxel,5.0,5,392,5,0.0128
ACH-000853,Elagolix sodium,5.0,73,123,11,0.0595
ACH-000853,Flumatinib (mesylate),0.05,43,19,5,0.0877
ACH-000853,Flumatinib (mesylate),0.5,28,143,8,0.0491
ACH-000853,Flumatinib (mesylate),5.0,57,45,6,0.0625
ACH-000853,Fluvoxamine (maleate),5.0,1,370,0,0.0
ACH-000853,Folic acid,5.0,5,19,2,0.0909
ACH-000853,Fumaric acid,0.05,40,11,4,0.0851
ACH-000853,Fumaric acid,0.5,17,40,2,0.0364
ACH-000853,Fumaric acid,5.0,100,59,5,0.0325
ACH-000853,Furosemide,5.0,1,122,1,0.0082
ACH-000853,Fusidic acid,5.0,3,51,0,0.0
ACH-000853,Gallic acid,5.0,3,54,1,0.0179
ACH-000853,Gallic acid (hydrate),5.0,17,195,9,0.0443
ACH-000853,Gemfibrozil,5.0,19,245,8,0.0312
ACH-000853,Goserelin (acetate),5.0,45,30,6,0.087
ACH-000853,Hexylresorcinol,5.0,5,41,3,0.0698
ACH-000853,Homoharringtonine,5.0,617,1195,289,0.1898
ACH-000853,Idarubicin (hydrochloride),5.0,599,1208,321,0.216
ACH-000853,Irinotecan (hydrochloride),0.05,108,43,4,0.0272
ACH-000853,Irinotecan (hydrochloride),0.5,86,34,13,0.1215
ACH-000853,Irinotecan (hydrochloride),5.0,107,6,4,0.0367
ACH-000853,Isocorydine,5.0,5,86,0,0.0
ACH-000853,Larotrectinib,5.0,4,243,3,0.0123
ACH-000853,Lenalidomide (hemihydrate),5.0,9,185,5,0.0265
ACH-000853,Lidocaine (hydrochloride),5.0,33,578,14,0.0235
ACH-000853,Lipoic acid,5.0,3,25,2,0.0769
ACH-000853,Lumateperone (tosylate),5.0,4,59,4,0.0678
ACH-000853,Malotilate,0.05,788,51,18,0.0219
ACH-000853,Medroxyprogesterone acetate,5.0,20,255,7,0.0261
ACH-000853,Megestrol,5.0,3,283,3,0.0106
ACH-000853,Mitoxantrone (dihydrochloride),5.0,14,1697,6,0.0035
ACH-000853,Naproxen,0.05,25,15,4,0.1111
ACH-000853,Naproxen,0.5,32,53,10,0.1333
ACH-000853,Naproxen,5.0,22,6,4,0.1667
ACH-000853,Neratinib (maleate),5.0,18,161,10,0.0592
ACH-000853,Norepinephrine (hydrochloride),5.0,4,235,3,0.0127
ACH-000853,Olanzapine,5.0,16,142,4,0.026
ACH-000853,Palmatine (chloride),5.0,7,221,4,0.0179
ACH-000853,Pasireotide (acetate),5.0,66,185,20,0.0866
ACH-000853,Pentagastrin,5.0,2,48,2,0.0417
ACH-000853,Pentamidine (isethionate),0.5,182,97,13,0.0489
ACH-000853,Pentamidine (isethionate),5.0,19,460,15,0.0323
ACH-000853,Pralsetinib,0.05,96,25,8,0.0708
ACH-000853,Pravastatin (sodium),0.05,36,22,5,0.0943
ACH-000853,Pravastatin (sodium),0.5,12,20,5,0.1852
ACH-000853,Pravastatin (sodium),5.0,108,47,14,0.0993
ACH-000853,Pyridoxine,5.0,15,187,9,0.0466
ACH-000853,Pyridoxine (hydrochloride),5.0,26,48,4,0.0571
ACH-000853,Quinestrol,5.0,4,159,4,0.0252
ACH-000853,Radotinib,5.0,12,254,8,0.031
ACH-000853,Raltitrexed,5.0,27,68,11,0.131
ACH-000853,Rapamycin,5.0,24,411,9,0.0211
ACH-000853,Regorafenib,0.05,69,17,4,0.0488
ACH-000853,Regorafenib,0.5,21,248,7,0.0267
ACH-000853,Regorafenib,5.0,13,66,1,0.0128
ACH-000853,Relugolix,5.0,2,15,1,0.0625
ACH-000853,Resveratrol,5.0,55,201,23,0.0987
ACH-000853,Retinoic acid,5.0,5,104,4,0.0381
ACH-000853,Riluzole hydrochloride,5.0,22,175,4,0.0207
ACH-000853,Rimonabant,5.0,8,74,4,0.0513
ACH-000853,Ritonavir,5.0,5,517,2,0.0038
ACH-000853,Ropivacaine (hydrochloride monohydrate),5.0,22,239,12,0.0482
ACH-000853,S-Adenosyl-L-methionine (disulfate tosylate),5.0,6,509,5,0.0098
ACH-000853,Salicylic acid,5.0,2,456,1,0.0022
ACH-000853,Saquinavir,5.0,23,367,10,0.0263
ACH-000853,Selinexor ,5.0,203,250,33,0.0786
ACH-000853,Sinomenine,5.0,25,50,6,0.087
ACH-000853,Sodium Salicylate,5.0,4,250,4,0.016
ACH-000853,Sonidegib,0.05,129,107,36,0.18
ACH-000853,Sulfisoxazole,0.5,247,95,14,0.0427
ACH-000853,Sulfisoxazole,5.0,2,191,1,0.0052
ACH-000853,Temsirolimus,5.0,5,326,5,0.0153
ACH-000853,Terfenadine,0.5,193,277,14,0.0307
ACH-000853,Terfenadine,5.0,14,277,9,0.0319
ACH-000853,Thymol,5.0,18,87,3,0.0294
ACH-000853,Tofacitinib,5.0,5,153,4,0.026
ACH-000853,Tofacitinib (citrate),5.0,40,135,15,0.0938
ACH-000853,Tolcapone,5.0,9,226,4,0.0173
ACH-000853,Topotecan (hydrochloride),0.05,25,73,5,0.0538
ACH-000853,Topotecan (hydrochloride),0.5,34,291,14,0.045
ACH-000853,Topotecan (hydrochloride),5.0,13,641,2,0.0031
ACH-000853,Trametinib,0.05,100,278,13,0.0356
ACH-000853,Trametinib,0.5,22,789,8,0.01
ACH-000853,Trametinib,5.0,34,159,3,0.0158
ACH-000853,Triamcinolone,5.0,5,298,4,0.0134
ACH-000853,Triclosan,5.0,4,153,4,0.0261
ACH-000853,Trifluridine,5.0,21,256,7,0.0259
ACH-000853,Trimetrexate,5.0,2,413,2,0.0048
ACH-000853,Tucidinostat,5.0,29,1171,20,0.0169
ACH-000853,Vilanterol,5.0,7,348,4,0.0114
ACH-000853,Vinblastine (sulfate),5.0,32,762,23,0.0298
ACH-000861,(R)-Verapamil (hydrochloride),5.0,749,2506,416,0.1465
ACH-000861,18β-Glycyrrhetinic acid,5.0,1261,2171,494,0.1681
ACH-000861,8-Hydroxyquinoline,5.0,970,3288,538,0.1446
ACH-000861,Abemaciclib,0.05,7482,2062,95,0.0101
ACH-000861,Acetohexamide,5.0,1055,2295,377,0.1268
ACH-000861,Adagrasib,0.05,7546,6860,4603,0.4696
ACH-000861,Adenine,5.0,1168,2395,576,0.1928
ACH-000861,Adenosine,5.0,1388,3165,705,0.1832
ACH-000861,Afatinib,0.05,1909,1015,348,0.1351
ACH-000861,Afatinib,0.5,1753,4128,793,0.1559
ACH-000861,Afatinib,5.0,1579,4672,841,0.1555
ACH-000861,Aliskiren,5.0,1030,2490,531,0.1777
ACH-000861,Allantoin,5.0,2215,3521,1067,0.2285
ACH-000861,Almonertinib (hydrochloride),5.0,1513,2419,603,0.1811
ACH-000861,Almonertinib (mesylate),0.05,1079,1090,304,0.163
ACH-000861,Almonertinib (mesylate),0.5,1366,3113,647,0.1688
ACH-000861,Almonertinib (mesylate),5.0,1007,2273,356,0.1218
ACH-000861,Amsacrine,5.0,1821,5622,1268,0.2053
ACH-000861,Anethole trithione,5.0,1526,3379,813,0.1987
ACH-000861,Artesunate,5.0,1596,3183,1066,0.2871
ACH-000861,Azithromycin (hydrate),5.0,1412,2363,602,0.1897
ACH-000861,Baicalin,5.0,997,3108,574,0.1626
ACH-000861,Balsalazide (sodium hydrate),5.0,863,2742,492,0.158
ACH-000861,Belumosudil,0.05,1163,662,257,0.1639
ACH-000861,Belumosudil,0.5,1310,1738,434,0.166
ACH-000861,Belumosudil,5.0,1360,2598,449,0.128
ACH-000861,Berbamine,0.5,2325,1511,617,0.1917
ACH-000861,Berbamine,5.0,743,3430,411,0.1093
ACH-000861,Berbamine (dihydrochloride),0.05,1486,742,311,0.1622
ACH-000861,Berbamine (dihydrochloride),0.5,1371,1078,268,0.1229
ACH-000861,Berbamine (dihydrochloride),5.0,1177,1523,255,0.1043
ACH-000861,Berberine (chloride hydrate),5.0,1098,3390,602,0.1549
ACH-000861,Bergenin,5.0,1061,2283,454,0.1571
ACH-000861,Bimatoprost,5.0,1490,2726,590,0.1627
ACH-000861,Binimetinib,0.05,2290,3512,1294,0.287
ACH-000861,Binimetinib,0.5,3447,6983,2110,0.2536
ACH-000861,Binimetinib,5.0,5313,1804,1272,0.2176
ACH-000861,Busulfan,5.0,1499,2592,693,0.2039
ACH-000861,Captopril,0.05,1691,1092,288,0.1154
ACH-000861,Cepharanthine,5.0,1632,2272,698,0.2177
ACH-000861,Chlorhexidine (diacetate),0.5,2169,2104,594,0.1615
ACH-000861,Chlorhexidine (diacetate),5.0,1068,3442,698,0.1831
ACH-000861,Ciclopirox,5.0,1100,2946,551,0.1577
ACH-000861,Clonidine (hydrochloride),5.0,983,3819,650,0.1566
ACH-000861,Clotrimazole,5.0,1007,2824,487,0.1456
ACH-000861,Cloxacillin (sodium),5.0,647,2000,396,0.1759
ACH-000861,Cysteamine (hydrochloride),5.0,856,2537,446,0.1513
ACH-000861,Cytarabine,0.05,1355,1061,326,0.156
ACH-000861,Cytarabine,0.5,1143,1470,284,0.1219
ACH-000861,Cytarabine,5.0,932,2005,350,0.1353
ACH-000861,Daidzin,0.05,1405,749,280,0.1494
ACH-000861,Daidzin,0.5,1193,1166,268,0.1282
ACH-000861,Daidzin,5.0,1169,1737,326,0.1264
ACH-000861,Darinaparsin,5.0,1711,4005,1018,0.2167
ACH-000861,Demeclocycline,5.0,1019,1473,279,0.1261
ACH-000861,Diammonium Glycyrrhizinate,5.0,1005,3500,536,0.135
ACH-000861,Docetaxel,5.0,1866,4157,1091,0.2212
ACH-000861,Elagolix sodium,5.0,1400,3133,687,0.1786
ACH-000861,Flumatinib (mesylate),0.05,1349,1263,343,0.1512
ACH-000861,Flumatinib (mesylate),0.5,1718,3452,767,0.1742
ACH-000861,Flumatinib (mesylate),5.0,1169,1846,364,0.1373
ACH-000861,Fluvoxamine (maleate),5.0,1145,3344,673,0.1764
ACH-000861,Folic acid,5.0,640,2371,295,0.1086
ACH-000861,Fumaric acid,0.05,1297,1122,309,0.1464
ACH-000861,Fumaric acid,0.5,1443,2569,568,0.1649
ACH-000861,Fumaric acid,5.0,1434,2929,522,0.1359
ACH-000861,Furosemide,5.0,782,1761,346,0.1575
ACH-000861,Fusidic acid,5.0,835,2551,526,0.1839
ACH-000861,Gallic acid,5.0,1065,2671,601,0.1917
ACH-000861,Gallic acid (hydrate),5.0,1427,2695,651,0.1876
ACH-000861,Gemfibrozil,5.0,1617,3068,744,0.1888
ACH-000861,Goserelin (acetate),5.0,1164,2887,662,0.1953
ACH-000861,Hexylresorcinol,5.0,1425,2942,835,0.2364
ACH-000861,Homoharringtonine,5.0,11817,14018,10185,0.6508
ACH-000861,Hydroxyfasudil,0.05,547,2077,93,0.0367
ACH-000861,Idarubicin (hydrochloride),5.0,10486,14984,8946,0.5414
ACH-000861,Irinotecan (hydrochloride),0.05,2465,869,345,0.1154
ACH-000861,Irinotecan (hydrochloride),0.5,3593,2609,1039,0.2012
ACH-000861,Irinotecan (hydrochloride),5.0,3413,2012,828,0.1801
ACH-000861,Isocorydine,5.0,1317,2681,582,0.1704
ACH-000861,L-Thyroxine (sodium salt pentahydrate),5.0,6919,2897,135,0.0139
ACH-000861,Larotrectinib,5.0,1053,2403,472,0.1582
ACH-000861,Lenalidomide (hemihydrate),5.0,902,2688,541,0.1774
ACH-000861,Lidocaine (hydrochloride),5.0,2223,3345,997,0.2181
ACH-000861,Lipoic acid,5.0,844,1804,427,0.1923
ACH-000861,Lumateperone (tosylate),5.0,811,2113,415,0.1654
ACH-000861,Malotilate,0.05,4908,827,459,0.087
ACH-000861,Medroxyprogesterone acetate,5.0,1654,3172,790,0.1957
ACH-000861,Megestrol,5.0,1399,2418,646,0.2037
ACH-000861,Methylprednisolone succinate,0.05,8451,1558,84,0.0085
ACH-000861,Mitoxantrone (dihydrochloride),5.0,1684,10352,1168,0.1075
ACH-000861,Naproxen,0.05,697,682,141,0.1139
ACH-000861,Naproxen,0.5,825,1743,277,0.1209
ACH-000861,Naproxen,5.0,713,553,130,0.1144
ACH-000861,Neratinib (maleate),5.0,1316,4218,758,0.1587
ACH-000861,Norepinephrine (hydrochloride),5.0,1191,2655,493,0.147
ACH-000861,Olanzapine,5.0,1221,2993,677,0.1914
ACH-000861,PF-06260933,0.05,7212,1279,78,0.0093
ACH-000861,Palmatine (chloride),5.0,708,2510,393,0.1391
ACH-000861,Pasireotide (acetate),5.0,1807,3219,822,0.1955
ACH-000861,Pentagastrin,5.0,966,2752,497,0.1543
ACH-000861,Pentamidine (isethionate),0.5,836,2439,314,0.106
ACH-000861,Pentamidine (isethionate),5.0,1447,3153,686,0.1753
ACH-000861,Pralsetinib,0.05,1810,1302,386,0.1416
ACH-000861,Pravastatin (sodium),0.05,1158,892,245,0.1357
ACH-000861,Pravastatin (sodium),0.5,1471,1102,293,0.1285
ACH-000861,Pravastatin (sodium),5.0,1441,2017,482,0.162
ACH-000861,Pyridoxine,5.0,1210,2543,497,0.1526
ACH-000861,Pyridoxine (hydrochloride),5.0,1084,2508,525,0.1712
ACH-000861,Quinestrol,5.0,1023,2909,592,0.1772
ACH-000861,Radotinib,5.0,1794,2969,954,0.2505
ACH-000861,Ralimetinib dimesylate,0.05,9487,1421,62,0.0057
ACH-000861,Raltitrexed,5.0,896,3869,611,0.1471
ACH-000861,Rapamycin,5.0,1579,4029,802,0.1669
ACH-000861,Regorafenib,0.05,1372,1293,326,0.1394
ACH-000861,Regorafenib,0.5,1177,4342,517,0.1034
ACH-000861,Regorafenib,5.0,1210,1387,300,0.1306
ACH-000861,Relugolix,5.0,635,1981,309,0.1339
ACH-000861,Resveratrol,5.0,1341,3673,700,0.1623
ACH-000861,Retinoic acid,5.0,1295,2927,646,0.1806
ACH-000861,Riluzole hydrochloride,5.0,1953,4242,1134,0.2241
ACH-000861,Rimonabant,5.0,877,2615,540,0.1829
ACH-000861,Ritonavir,5.0,1060,3020,590,0.1691
ACH-000861,Ropivacaine (hydrochloride monohydrate),5.0,1157,2974,718,0.2104
ACH-000861,S-Adenosyl-L-methionine (disulfate tosylate),5.0,1487,4233,983,0.2075
ACH-000861,Salicylic acid,5.0,1156,2392,469,0.1523
ACH-000861,Saquinavir,5.0,1076,2964,454,0.1266
ACH-000861,Selinexor ,5.0,2253,6594,1600,0.2208
ACH-000861,Sinomenine,5.0,1060,1979,518,0.2055
ACH-000861,Sodium Salicylate,5.0,1743,3082,767,0.189
ACH-000861,Sonidegib,0.05,208,2318,32,0.0128
ACH-000861,Sulfisoxazole,0.5,2142,2234,533,0.1387
ACH-000861,Sulfisoxazole,5.0,1006,3133,508,0.1399
ACH-000861,Temsirolimus,5.0,1074,3442,645,0.1666
ACH-000861,Terfenadine,0.5,1809,2833,604,0.1496
ACH-000861,Terfenadine,5.0,1415,3795,769,0.1732
ACH-000861,Thymol,5.0,1578,1637,520,0.1929
ACH-000861,Tofacitinib,5.0,1108,2766,477,0.1404
ACH-000861,Tofacitinib (citrate),5.0,1301,2437,605,0.1931
ACH-000861,Tolcapone,5.0,980,4081,591,0.1322
ACH-000861,Topotecan (hydrochloride),0.05,1843,753,267,0.1146
ACH-000861,Topotecan (hydrochloride),0.5,1136,5555,737,0.1238
ACH-000861,Topotecan (hydrochloride),5.0,1457,4724,753,0.1387
ACH-000861,Trametinib,0.05,2232,3773,1124,0.2303
ACH-000861,Trametinib,0.5,3929,6988,2512,0.2989
ACH-000861,Trametinib,5.0,5945,4476,2480,0.3123
ACH-000861,Triamcinolone,5.0,2563,4301,1510,0.282
ACH-000861,Triclosan,5.0,1214,2691,609,0.1848
ACH-000861,Trifluridine,5.0,822,3473,459,0.1197
ACH-000861,Trimetrexate,5.0,1039,3840,581,0.1352
ACH-000861,Tucidinostat,5.0,3058,9874,2435,0.232
ACH-000861,Vilanterol,5.0,1155,2819,676,0.205
ACH-000861,Vinblastine (sulfate),5.0,1516,4649,952,0.1826
ACH-000861,c-Kit-IN-1,0.05,281,4806,89,0.0178
ACH-000861,olaparib,0.05,8000,2076,107,0.0107
ACH-000875,(R)-Verapamil (hydrochloride),5.0,388,2416,249,0.0975
ACH-000875,18β-Glycyrrhetinic acid,5.0,790,2456,424,0.1502
ACH-000875,8-Hydroxyquinoline,5.0,627,2743,368,0.1226
ACH-000875,Acetohexamide,5.0,694,2272,301,0.1129
ACH-000875,Adagrasib,0.05,4251,4325,2210,0.3472
ACH-000875,Adenine,5.0,892,2726,513,0.1652
ACH-000875,Adenosine,5.0,963,3379,604,0.1616
ACH-000875,Afatinib,0.05,2835,798,406,0.1258
ACH-000875,Afatinib,0.5,1936,2876,717,0.1751
ACH-000875,Afatinib,5.0,1464,6076,935,0.1416
ACH-000875,Aliskiren,5.0,511,2168,265,0.1098
ACH-000875,Allantoin,5.0,1500,3293,764,0.1896
ACH-000875,Almonertinib (hydrochloride),5.0,1213,2352,500,0.1631
ACH-000875,Almonertinib (mesylate),0.05,680,873,180,0.1311
ACH-000875,Almonertinib (mesylate),0.5,817,1894,319,0.1334
ACH-000875,Almonertinib (mesylate),5.0,1045,1423,373,0.178
ACH-000875,Amsacrine,5.0,1349,4086,945,0.2105
ACH-000875,Anethole trithione,5.0,1183,3509,644,0.1591
ACH-000875,Artesunate,5.0,1115,3156,777,0.2224
ACH-000875,Azithromycin (hydrate),5.0,841,2165,398,0.1526
ACH-000875,Baicalin,5.0,817,3038,532,0.1601
ACH-000875,Balsalazide (sodium hydrate),5.0,502,2784,306,0.1027
ACH-000875,Belumosudil,0.05,676,570,142,0.1286
ACH-000875,Belumosudil,0.5,690,1232,184,0.1059
ACH-000875,Belumosudil,5.0,1216,3972,585,0.1271
ACH-000875,Berbamine,0.5,1910,1309,424,0.1517
ACH-000875,Berbamine,5.0,341,2285,192,0.0789
ACH-000875,Berbamine (dihydrochloride),0.05,1263,647,278,0.1703
ACH-000875,Berbamine (dihydrochloride),0.5,1213,765,177,0.0983
ACH-000875,Berbamine (dihydrochloride),5.0,989,1642,281,0.1196
ACH-000875,Berberine (chloride hydrate),5.0,625,3543,438,0.1174
ACH-000875,Bergenin,5.0,676,2020,321,0.1352
ACH-000875,Bimatoprost,5.0,882,2859,436,0.1319
ACH-000875,Binimetinib,0.05,3220,2934,1469,0.3136
ACH-000875,Binimetinib,0.5,2744,6418,1710,0.2295
ACH-000875,Binimetinib,5.0,3326,2429,1285,0.2875
ACH-000875,Busulfan,5.0,765,2154,413,0.1648
ACH-000875,Captopril,0.05,1963,1043,340,0.1275
ACH-000875,Cepharanthine,5.0,913,2347,471,0.1689
ACH-000875,Chlorhexidine (diacetate),0.5,1698,1950,508,0.1618
ACH-000875,Chlorhexidine (diacetate),5.0,529,2994,356,0.1124
ACH-000875,Ciclopirox,5.0,675,3582,442,0.1159
ACH-000875,Clonidine (hydrochloride),5.0,619,3969,435,0.1047
ACH-000875,Clotrimazole,5.0,639,2700,331,0.11
ACH-000875,Cloxacillin (sodium),5.0,651,2153,376,0.1549
ACH-000875,Cysteamine (hydrochloride),5.0,615,2307,359,0.1401
ACH-000875,Cytarabine,0.05,1020,926,243,0.1427
ACH-000875,Cytarabine,0.5,728,829,132,0.0926
ACH-000875,Cytarabine,5.0,746,1663,282,0.1326
ACH-000875,DTP3,0.05,9065,2584,113,0.0098
ACH-000875,Daidzin,0.05,1186,832,268,0.1531
ACH-000875,Daidzin,0.5,975,1114,206,0.1094
ACH-000875,Daidzin,5.0,863,1723,269,0.1161
ACH-000875,Darinaparsin,5.0,1084,4108,733,0.1644
ACH-000875,Demeclocycline,5.0,707,1707,234,0.1073
ACH-000875,Diammonium Glycyrrhizinate,5.0,788,3663,522,0.1329
ACH-000875,Docetaxel,5.0,1420,3392,863,0.2185
ACH-000875,Elagolix sodium,5.0,918,3003,489,0.1425
ACH-000875,Flumatinib (mesylate),0.05,1319,1067,298,0.1427
ACH-000875,Flumatinib (mesylate),0.5,1060,2396,408,0.1339
ACH-000875,Flumatinib (mesylate),5.0,914,1582,286,0.1294
ACH-000875,Fluvoxamine (maleate),5.0,439,3707,322,0.0842
ACH-000875,Folic acid,5.0,407,2741,252,0.087
ACH-000875,Fumaric acid,0.05,985,1221,263,0.1354
ACH-000875,Fumaric acid,0.5,1123,2250,386,0.1292
ACH-000875,Fumaric acid,5.0,1278,2346,457,0.1443
ACH-000875,Furosemide,5.0,505,1714,245,0.1241
ACH-000875,Fusidic acid,5.0,438,2427,303,0.1183
ACH-000875,Gallic acid,5.0,762,2737,434,0.1416
ACH-000875,Gallic acid (hydrate),5.0,965,2906,504,0.1497
ACH-000875,Gemfibrozil,5.0,1015,3418,582,0.1511
ACH-000875,Goserelin (acetate),5.0,1002,2962,554,0.1625
ACH-000875,Hexylresorcinol,5.0,849,2643,537,0.1817
ACH-000875,Homoharringtonine,5.0,8967,11434,7573,0.5903
ACH-000875,Hydroxyfasudil,0.05,785,1556,137,0.0622
ACH-000875,Idarubicin (hydrochloride),5.0,7353,11179,5942,0.472
ACH-000875,Irinotecan (hydrochloride),0.05,2000,836,324,0.129
ACH-000875,Irinotecan (hydrochloride),0.5,1854,1544,451,0.153
ACH-000875,Irinotecan (hydrochloride),5.0,2201,1579,511,0.1563
ACH-000875,Isocorydine,5.0,913,2582,415,0.1347
ACH-000875,L-Thyroxine (sodium salt pentahydrate),5.0,355,2866,74,0.0235
ACH-000875,Larotrectinib,5.0,583,2240,295,0.1167
ACH-000875,Lenalidomide (hemihydrate),5.0,480,3085,328,0.1013
ACH-000875,Lidocaine (hydrochloride),5.0,1459,3697,840,0.1946
ACH-000875,Lipoic acid,5.0,396,1753,239,0.1251
ACH-000875,Lumateperone (tosylate),5.0,440,2305,259,0.1042
ACH-000875,Malotilate,0.05,3700,728,381,0.0941
ACH-000875,Medroxyprogesterone acetate,5.0,1017,4076,657,0.1481
ACH-000875,Megestrol,5.0,684,2442,399,0.1463
ACH-000875,Methylprednisolone succinate,0.05,7331,1420,113,0.0131
ACH-000875,Mitoxantrone (dihydrochloride),5.0,1093,8874,809,0.0883
ACH-000875,Naproxen,0.05,584,772,127,0.1033
ACH-000875,Naproxen,0.5,603,1755,226,0.106
ACH-000875,Naproxen,5.0,733,498,137,0.1252
ACH-000875,Neratinib (maleate),5.0,926,4513,601,0.1242
ACH-000875,Norepinephrine (hydrochloride),5.0,693,3608,358,0.0908
ACH-000875,Olanzapine,5.0,1005,3226,559,0.1522
ACH-000875,Palmatine (chloride),5.0,401,2889,250,0.0822
ACH-000875,Pasireotide (acetate),5.0,1099,2661,537,0.1666
ACH-000875,Pentagastrin,5.0,506,3131,305,0.0915
ACH-000875,Pentamidine (isethionate),0.5,836,2056,232,0.0872
ACH-000875,Pentamidine (isethionate),5.0,821,3107,402,0.114
ACH-000875,Pralsetinib,0.05,2298,677,280,0.1039
ACH-000875,Pravastatin (sodium),0.05,972,736,178,0.1163
ACH-000875,Pravastatin (sodium),0.5,1088,996,228,0.1228
ACH-000875,Pravastatin (sodium),5.0,1604,1456,481,0.1865
ACH-000875,Pyridoxine,5.0,818,2993,430,0.1272
ACH-000875,Pyridoxine (hydrochloride),5.0,665,3205,394,0.1133
ACH-000875,Quinestrol,5.0,716,3156,486,0.1435
ACH-000875,Radotinib,5.0,1994,3559,1279,0.2993
ACH-000875,Raltitrexed,5.0,539,3191,409,0.1232
ACH-000875,Rapamycin,5.0,1473,3133,665,0.1687
ACH-000875,Regorafenib,0.05,1534,1150,340,0.1451
ACH-000875,Regorafenib,0.5,849,4049,394,0.0875
ACH-000875,Regorafenib,5.0,748,1697,235,0.1063
ACH-000875,Relugolix,5.0,347,2465,205,0.0786
ACH-000875,Resveratrol,5.0,992,2900,537,0.1601
ACH-000875,Retinoic acid,5.0,904,3108,542,0.1562
ACH-000875,Riluzole hydrochloride,5.0,1411,4176,936,0.2012
ACH-000875,Rimonabant,5.0,694,2709,469,0.1599
ACH-000875,Ritonavir,5.0,577,2774,373,0.1253
ACH-000875,Ropivacaine (hydrochloride monohydrate),5.0,931,2893,708,0.2272
ACH-000875,S-Adenosyl-L-methionine (disulfate tosylate),5.0,972,4118,744,0.1712
ACH-000875,Salicylic acid,5.0,588,2961,336,0.1046
ACH-000875,Saquinavir,5.0,639,3069,323,0.0954
ACH-000875,Selinexor ,5.0,2696,8246,2042,0.2294
ACH-000875,Sinomenine,5.0,710,1844,367,0.1678
ACH-000875,Sodium Salicylate,5.0,1168,3018,529,0.1447
ACH-000875,Sonidegib,0.05,3672,1760,167,0.0317
ACH-000875,Sulfisoxazole,0.5,2152,2051,526,0.1431
ACH-000875,Sulfisoxazole,5.0,508,3018,280,0.0863
ACH-000875,Temsirolimus,5.0,645,3142,454,0.1362
ACH-000875,Terfenadine,0.5,1299,2158,382,0.1242
ACH-000875,Terfenadine,5.0,1143,3386,611,0.1559
ACH-000875,Thymol,5.0,1103,1413,359,0.1664
ACH-000875,Tofacitinib,5.0,875,3862,596,0.1439
ACH-000875,Tofacitinib (citrate),5.0,1427,3689,902,0.214
ACH-000875,Tolcapone,5.0,590,3922,387,0.0938
ACH-000875,Topotecan (hydrochloride),0.05,1163,764,201,0.1165
ACH-000875,Topotecan (hydrochloride),0.5,879,4764,554,0.1089
ACH-000875,Topotecan (hydrochloride),5.0,1339,4861,660,0.1191
ACH-000875,Trametinib,0.05,2640,3342,1176,0.2447
ACH-000875,Trametinib,0.5,2353,6009,1532,0.2243
ACH-000875,Trametinib,5.0,3517,6328,2015,0.2573
ACH-000875,Triamcinolone,5.0,1874,5083,1413,0.2549
ACH-000875,Triclosan,5.0,742,2902,468,0.1474
ACH-000875,Trifluridine,5.0,326,2772,184,0.0631
ACH-000875,Trimetrexate,5.0,492,3864,311,0.0769
ACH-000875,Tucidinostat,5.0,2886,9867,2575,0.253
ACH-000875,Vilanterol,5.0,829,4019,642,0.1526
ACH-000875,Vinblastine (sulfate),5.0,1348,4500,984,0.2023
ACH-000890,(R)-Verapamil (hydrochloride),5.0,0,34,0,0.0
ACH-000890,18β-Glycyrrhetinic acid,5.0,5,103,2,0.0189
ACH-000890,8-Hydroxyquinoline,5.0,9,66,6,0.087
ACH-000890,Acetohexamide,5.0,3,136,2,0.0146
ACH-000890,Adagrasib,0.05,20,23,10,0.303
ACH-000890,Adenine,5.0,10,28,4,0.1176
ACH-000890,Adenosine,5.0,1,163,1,0.0061
ACH-000890,Afatinib,0.05,15,1,1,0.0667
ACH-000890,Afatinib,0.5,10,88,5,0.0538
ACH-000890,Afatinib,5.0,5,263,4,0.0152
ACH-000890,Aliskiren,5.0,3,55,2,0.0357
ACH-000890,Allantoin,5.0,15,115,8,0.0656
ACH-000890,Almonertinib (hydrochloride),5.0,6,115,3,0.0254
ACH-000890,Almonertinib (mesylate),0.05,1,1,0,0.0
ACH-000890,Almonertinib (mesylate),0.5,1,2,0,0.0
ACH-000890,Almonertinib (mesylate),5.0,45,14,1,0.0172
ACH-000890,Amsacrine,5.0,3,224,2,0.0089
ACH-000890,Anethole trithione,5.0,3,112,3,0.0268
ACH-000890,Artesunate,5.0,1,38,1,0.0263
ACH-000890,Azithromycin (hydrate),5.0,2,117,0,0.0
ACH-000890,Baicalin,5.0,4,18,2,0.1
ACH-000890,Balsalazide (sodium hydrate),5.0,1,21,1,0.0476
ACH-000890,Belumosudil,0.05,0,1,0,0.0
ACH-000890,Belumosudil,0.5,0,5,0,0.0
ACH-000890,Belumosudil,5.0,13,45,1,0.0175
ACH-000890,Berbamine,0.5,5,52,1,0.0179
ACH-000890,Berbamine,5.0,4,163,2,0.0121
ACH-000890,Berbamine (dihydrochloride),0.05,1,5,1,0.2
ACH-000890,Berbamine (dihydrochloride),0.5,3,6,2,0.2857
ACH-000890,Berbamine (dihydrochloride),5.0,37,12,4,0.0889
ACH-000890,Berberine (chloride hydrate),5.0,3,8,2,0.2222
ACH-000890,Bergenin,5.0,2,22,1,0.0435
ACH-000890,Bimatoprost,5.0,4,106,2,0.0185
ACH-000890,Binimetinib,0.05,214,48,22,0.0917
ACH-000890,Binimetinib,0.5,38,747,21,0.0275
ACH-000890,Binimetinib,5.0,72,5,1,0.0132
ACH-000890,Busulfan,5.0,11,43,3,0.0588
ACH-000890,Captopril,0.05,56,3,1,0.0172
ACH-000890,Cepharanthine,5.0,11,144,9,0.0616
ACH-000890,Chlorhexidine (diacetate),0.5,1,29,0,0.0
ACH-000890,Chlorhexidine (diacetate),5.0,27,256,22,0.0843
ACH-000890,Ciclopirox,5.0,4,213,3,0.014
ACH-000890,Clonidine (hydrochloride),5.0,2,44,0,0.0
ACH-000890,Clotrimazole,5.0,4,12,2,0.1429
ACH-000890,Cloxacillin (sodium),5.0,3,17,1,0.0526
ACH-000890,Cysteamine (hydrochloride),5.0,6,28,2,0.0625
ACH-000890,Cytarabine,0.05,5,1,1,0.2
ACH-000890,Cytarabine,0.5,1,1,1,1.0
ACH-000890,Cytarabine,5.0,4,8,0,0.0
ACH-000890,Daidzin,0.05,4,0,0,0.0
ACH-000890,Daidzin,0.5,1,2,0,0.0
ACH-000890,Daidzin,5.0,16,1,1,0.0625
ACH-000890,Darinaparsin,5.0,7,333,7,0.021
ACH-000890,Demeclocycline,5.0,4,68,2,0.0286
ACH-000890,Diammonium Glycyrrhizinate,5.0,8,74,6,0.0789
ACH-000890,Docetaxel,5.0,6,208,4,0.019
ACH-000890,Elagolix sodium,5.0,37,118,8,0.0544
ACH-000890,Flumatinib (mesylate),0.05,2,5,1,0.1667
ACH-000890,Flumatinib (mesylate),0.5,2,19,2,0.1053
ACH-000890,Flumatinib (mesylate),5.0,7,6,2,0.1818
ACH-000890,Fluvoxamine (maleate),5.0,1,186,1,0.0054
ACH-000890,Folic acid,5.0,3,7,2,0.25
ACH-000890,Fumaric acid,0.05,3,1,0,0.0
ACH-000890,Fumaric acid,0.5,0,6,0,0.0
ACH-000890,Fumaric acid,5.0,4,15,1,0.0556
ACH-000890,Furosemide,5.0,1,53,1,0.0189
ACH-000890,Fusidic acid,5.0,0,32,0,0.0
ACH-000890,Gallic acid,5.0,3,22,0,0.0
ACH-000890,Gallic acid (hydrate),5.0,3,65,3,0.0462
ACH-000890,Gemfibrozil,5.0,4,97,3,0.0306
ACH-000890,Goserelin (acetate),5.0,3,24,3,0.125
ACH-000890,Hexylresorcinol,5.0,3,6,2,0.2857
ACH-000890,Homoharringtonine,5.0,1594,2923,1183,0.3548
ACH-000890,Hydroxyfasudil,0.05,11,7,2,0.125
ACH-000890,Idarubicin (hydrochloride),5.0,802,2169,557,0.2307
ACH-000890,Irinotecan (hydrochloride),0.05,2,1,1,0.5
ACH-000890,Irinotecan (hydrochloride),0.5,10,5,2,0.1538
ACH-000890,Irinotecan (hydrochloride),5.0,66,0,0,0.0
ACH-000890,Isocorydine,5.0,1,16,1,0.0625
ACH-000890,Larotrectinib,5.0,2,126,2,0.0159
ACH-000890,Lenalidomide (hemihydrate),5.0,2,141,1,0.007
ACH-000890,Lidocaine (hydrochloride),5.0,11,312,3,0.0094
ACH-000890,Lipoic acid,5.0,2,52,1,0.0189
ACH-000890,Lumateperone (tosylate),5.0,1,7,1,0.1429
ACH-000890,Malotilate,0.05,215,3,3,0.014
ACH-000890,Medroxyprogesterone acetate,5.0,18,217,7,0.0307
ACH-000890,Megestrol,5.0,5,74,4,0.0533
ACH-000890,Mitoxantrone (dihydrochloride),5.0,3,730,2,0.0027
ACH-000890,Naproxen,0.05,0,4,0,0.0
ACH-000890,Naproxen,0.5,0,18,0,0.0
ACH-000890,Naproxen,5.0,3,5,3,0.6
ACH-000890,Neratinib (maleate),5.0,20,93,8,0.0762
ACH-000890,Norepinephrine (hydrochloride),5.0,3,91,2,0.0217
ACH-000890,Olanzapine,5.0,2,111,1,0.0089
ACH-000890,Palmatine (chloride),5.0,8,73,6,0.08
ACH-000890,Pasireotide (acetate),5.0,47,208,24,0.1039
ACH-000890,Pentagastrin,5.0,4,30,2,0.0625
ACH-000890,Pentamidine (isethionate),0.5,30,33,3,0.05
ACH-000890,Pentamidine (isethionate),5.0,15,119,12,0.0984
ACH-000890,Pralsetinib,0.05,49,0,0,0.0
ACH-000890,Pravastatin (sodium),0.05,1,4,1,0.25
ACH-000890,Pravastatin (sodium),0.5,5,4,1,0.125
ACH-000890,Pravastatin (sodium),5.0,26,0,0,0.0
ACH-000890,Pyridoxine,5.0,4,60,2,0.0323
ACH-000890,Pyridoxine (hydrochloride),5.0,0,9,0,0.0
ACH-000890,Quinestrol,5.0,3,57,3,0.0526
ACH-000890,Radotinib,5.0,4,152,2,0.013
ACH-000890,Raltitrexed,5.0,5,35,3,0.0811
ACH-000890,Rapamycin,5.0,3,93,3,0.0323
ACH-000890,Regorafenib,0.05,27,0,0,0.0
ACH-000890,Regorafenib,0.5,1,84,1,0.0119
ACH-000890,Regorafenib,5.0,2,1,0,0.0
ACH-000890,Relugolix,5.0,4,10,1,0.0769
ACH-000890,Resveratrol,5.0,36,58,6,0.0682
ACH-000890,Retinoic acid,5.0,7,75,5,0.0649
ACH-000890,Riluzole hydrochloride,5.0,1,88,0,0.0
ACH-000890,Rimonabant,5.0,4,59,3,0.05
ACH-000890,Ritonavir,5.0,16,144,9,0.0596
ACH-000890,Ropivacaine (hydrochloride monohydrate),5.0,6,123,6,0.0488
ACH-000890,S-Adenosyl-L-methionine (disulfate tosylate),5.0,6,116,6,0.0517
ACH-000890,Salicylic acid,5.0,1,120,0,0.0
ACH-000890,Saquinavir,5.0,27,320,8,0.0236
ACH-000890,Selinexor ,5.0,132,369,49,0.1084
ACH-000890,Sinomenine,5.0,5,12,3,0.2143
ACH-000890,Sodium Salicylate,5.0,3,62,3,0.0484
ACH-000890,Sonidegib,0.05,6,3,1,0.125
ACH-000890,Sulfisoxazole,0.5,11,37,4,0.0909
ACH-000890,Sulfisoxazole,5.0,2,86,1,0.0115
ACH-000890,Temsirolimus,5.0,8,118,5,0.0413
ACH-000890,Terfenadine,0.5,23,126,6,0.042
ACH-000890,Terfenadine,5.0,1,163,1,0.0061
ACH-000890,Thymol,5.0,5,105,4,0.0377
ACH-000890,Tofacitinib,5.0,3,127,2,0.0156
ACH-000890,Tofacitinib (citrate),5.0,5,134,4,0.0296
ACH-000890,Tolcapone,5.0,4,139,4,0.0288
ACH-000890,Topotecan (hydrochloride),0.05,1,4,0,0.0
ACH-000890,Topotecan (hydrochloride),0.5,7,173,6,0.0345
ACH-000890,Topotecan (hydrochloride),5.0,3,71,1,0.0137
ACH-000890,Trametinib,0.05,28,83,7,0.0673
ACH-000890,Trametinib,0.5,29,689,15,0.0213
ACH-000890,Trametinib,5.0,84,91,17,0.1076
ACH-000890,Triamcinolone,5.0,23,412,17,0.0407
ACH-000890,Triclosan,5.0,4,89,3,0.0333
ACH-000890,Trifluridine,5.0,3,162,2,0.0123
ACH-000890,Trimetrexate,5.0,2,138,2,0.0145
ACH-000890,Tucidinostat,5.0,6,792,6,0.0076
ACH-000890,Vilanterol,5.0,4,115,3,0.0259
ACH-000890,Vinblastine (sulfate),5.0,13,329,10,0.0301
ACH-000900,(R)-Verapamil (hydrochloride),5.0,300,1458,164,0.1029
ACH-000900,18β-Glycyrrhetinic acid,5.0,528,1677,220,0.1108
ACH-000900,8-Hydroxyquinoline,5.0,660,2391,333,0.1225
ACH-000900,Acetohexamide,5.0,434,1314,160,0.1008
ACH-000900,Adagrasib,0.05,6623,4221,2931,0.3704
ACH-000900,Adenine,5.0,535,2003,273,0.1205
ACH-000900,Adenosine,5.0,733,2150,331,0.1297
ACH-000900,Afatinib,0.05,1006,159,58,0.0524
ACH-000900,Afatinib,0.5,501,2466,221,0.0805
ACH-000900,Afatinib,5.0,376,3254,187,0.0543
ACH-000900,Aliskiren,5.0,385,1695,217,0.1165
ACH-000900,Allantoin,5.0,1046,2732,541,0.1671
ACH-000900,Almonertinib (hydrochloride),5.0,626,1648,262,0.1302
ACH-000900,Almonertinib (mesylate),0.05,131,273,26,0.0688
ACH-000900,Almonertinib (mesylate),0.5,241,1162,75,0.0565
ACH-000900,Almonertinib (mesylate),5.0,480,825,122,0.1031
ACH-000900,Amsacrine,5.0,835,3444,546,0.1463
ACH-000900,Anethole trithione,5.0,799,2432,471,0.1707
ACH-000900,Artesunate,5.0,883,2611,599,0.2069
ACH-000900,Azithromycin (hydrate),5.0,737,1574,329,0.166
ACH-000900,Baicalin,5.0,631,2172,382,0.1578
ACH-000900,Balsalazide (sodium hydrate),5.0,443,1839,257,0.1269
ACH-000900,Belumosudil,0.05,143,140,23,0.0885
ACH-000900,Belumosudil,0.5,245,507,46,0.0652
ACH-000900,Belumosudil,5.0,483,1325,109,0.0642
ACH-000900,Berbamine,0.5,1150,1051,288,0.1505
ACH-000900,Berbamine,5.0,541,2898,322,0.1033
ACH-000900,Berbamine (dihydrochloride),0.05,491,133,75,0.1366
ACH-000900,Berbamine (dihydrochloride),0.5,371,356,49,0.0723
ACH-000900,Berbamine (dihydrochloride),5.0,448,615,94,0.097
ACH-000900,Berberine (chloride hydrate),5.0,555,2290,299,0.1174
ACH-000900,Bergenin,5.0,550,1704,252,0.1259
ACH-000900,Bimatoprost,5.0,509,2007,251,0.1108
ACH-000900,Binimetinib,0.05,1698,1544,596,0.2252
ACH-000900,Binimetinib,0.5,2684,4940,1358,0.2167
ACH-000900,Binimetinib,5.0,3763,1234,770,0.1822
ACH-000900,Busulfan,5.0,823,1846,351,0.1514
ACH-000900,Captopril,0.05,664,381,82,0.0852
ACH-000900,Cepharanthine,5.0,1261,1762,530,0.2126
ACH-000900,Chlorhexidine (diacetate),0.5,1002,1273,242,0.119
ACH-000900,Chlorhexidine (diacetate),5.0,554,3075,343,0.1044
ACH-000900,Ciclopirox,5.0,615,2411,313,0.1154
ACH-000900,Clonidine (hydrochloride),5.0,554,3181,369,0.1096
ACH-000900,Clotrimazole,5.0,619,1804,286,0.1338
ACH-000900,Cloxacillin (sodium),5.0,410,1304,199,0.1314
ACH-000900,Cysteamine (hydrochloride),5.0,350,1810,196,0.0998
ACH-000900,Cytarabine,0.05,375,328,70,0.1106
ACH-000900,Cytarabine,0.5,181,720,41,0.0477
ACH-000900,Cytarabine,5.0,187,1093,63,0.0518
ACH-000900,DTP3,0.05,5109,1549,46,0.007
ACH-000900,Daidzin,0.05,423,178,52,0.0947
ACH-000900,Daidzin,0.5,197,376,48,0.0914
ACH-000900,Daidzin,5.0,503,935,111,0.0836
ACH-000900,Darinaparsin,5.0,935,3240,585,0.163
ACH-000900,Demeclocycline,5.0,491,1116,136,0.0925
ACH-000900,Diammonium Glycyrrhizinate,5.0,347,2485,216,0.0826
ACH-000900,Docetaxel,5.0,1000,2254,453,0.1617
ACH-000900,Elagolix sodium,5.0,945,2589,458,0.1489
ACH-000900,Flumatinib (mesylate),0.05,416,323,66,0.0981
ACH-000900,Flumatinib (mesylate),0.5,383,1349,142,0.0893
ACH-000900,Flumatinib (mesylate),5.0,298,1000,90,0.0745
ACH-000900,Fluvoxamine (maleate),5.0,326,2399,199,0.0788
ACH-000900,Folic acid,5.0,383,2093,208,0.0917
ACH-000900,Fumaric acid,0.05,336,338,52,0.0836
ACH-000900,Fumaric acid,0.5,251,1195,76,0.0555
ACH-000900,Fumaric acid,5.0,338,1566,131,0.0739
ACH-000900,Furosemide,5.0,381,1366,155,0.0974
ACH-000900,Fusidic acid,5.0,484,1852,298,0.1462
ACH-000900,Gallic acid,5.0,556,1961,320,0.1457
ACH-000900,Gallic acid (hydrate),5.0,796,2023,341,0.1376
ACH-000900,Gemfibrozil,5.0,1034,2316,519,0.1833
ACH-000900,Goserelin (acetate),5.0,569,2179,290,0.118
ACH-000900,Hexylresorcinol,5.0,851,1816,409,0.1811
ACH-000900,Homoharringtonine,5.0,6723,6321,4165,0.4691
ACH-000900,Hydroxyfasudil,0.05,323,850,41,0.0362
ACH-000900,Idarubicin (hydrochloride),5.0,4726,6471,3039,0.3725
ACH-000900,Irinotecan (hydrochloride),0.05,1130,318,103,0.0766
ACH-000900,Irinotecan (hydrochloride),0.5,2131,839,257,0.0947
ACH-000900,Irinotecan (hydrochloride),5.0,2088,728,216,0.0831
ACH-000900,Isocorydine,5.0,512,1987,229,0.1009
ACH-000900,L-Thyroxine (sodium salt pentahydrate),5.0,4131,2190,85,0.0136
ACH-000900,Larotrectinib,5.0,480,1433,197,0.1148
ACH-000900,Lenalidomide (hemihydrate),5.0,586,2019,314,0.1371
ACH-000900,Lidocaine (hydrochloride),5.0,1332,2779,684,0.1996
ACH-000900,Lipoic acid,5.0,523,1222,237,0.1572
ACH-000900,Lumateperone (tosylate),5.0,467,1643,257,0.1387
ACH-000900,Malotilate,0.05,2801,191,112,0.0389
ACH-000900,Medroxyprogesterone acetate,5.0,613,1897,290,0.1306
ACH-000900,Megestrol,5.0,659,1159,229,0.1441
ACH-000900,Mitoxantrone (dihydrochloride),5.0,617,4270,377,0.0836
ACH-000900,Naproxen,0.05,129,201,23,0.0749
ACH-000900,Naproxen,0.5,181,773,65,0.0731
ACH-000900,Naproxen,5.0,143,183,33,0.1126
ACH-000900,Neratinib (maleate),5.0,678,3561,434,0.1141
ACH-000900,Norepinephrine (hydrochloride),5.0,577,2221,280,0.1112
ACH-000900,Olanzapine,5.0,674,2488,379,0.1362
ACH-000900,PF-06260933,0.05,6257,489,44,0.0066
ACH-000900,Palmatine (chloride),5.0,453,1805,254,0.1267
ACH-000900,Pasireotide (acetate),5.0,787,2371,396,0.1434
ACH-000900,Pentagastrin,5.0,434,2016,218,0.0977
ACH-000900,Pentamidine (isethionate),0.5,329,1680,112,0.059
ACH-000900,Pentamidine (isethionate),5.0,833,2913,469,0.1431
ACH-000900,Pralsetinib,0.05,1397,294,99,0.0622
ACH-000900,Pravastatin (sodium),0.05,236,160,33,0.0909
ACH-000900,Pravastatin (sodium),0.5,282,329,47,0.0833
ACH-000900,Pravastatin (sodium),5.0,709,941,207,0.1435
ACH-000900,Pyridoxine,5.0,775,1657,283,0.1317
ACH-000900,Pyridoxine (hydrochloride),5.0,551,1630,237,0.1219
ACH-000900,Quinestrol,5.0,372,1998,212,0.0982
ACH-000900,Radotinib,5.0,1340,2707,722,0.2171
ACH-000900,Raltitrexed,5.0,447,2911,315,0.1035
ACH-000900,Rapamycin,5.0,692,3356,400,0.1096
ACH-000900,Regorafenib,0.05,827,346,78,0.0712
ACH-000900,Regorafenib,0.5,205,2456,84,0.0326
ACH-000900,Regorafenib,5.0,213,879,52,0.05
ACH-000900,Relugolix,5.0,289,1835,161,0.082
ACH-000900,Resveratrol,5.0,1160,2753,511,0.1502
ACH-000900,Retinoic acid,5.0,606,2234,337,0.1346
ACH-000900,Riluzole hydrochloride,5.0,1106,3833,727,0.1726
ACH-000900,Rimonabant,5.0,617,1843,332,0.156
ACH-000900,Ritonavir,5.0,553,2479,326,0.1205
ACH-000900,Ropivacaine (hydrochloride monohydrate),5.0,717,2536,493,0.1786
ACH-000900,S-Adenosyl-L-methionine (disulfate tosylate),5.0,900,2851,577,0.1818
ACH-000900,Salicylic acid,5.0,525,1912,237,0.1077
ACH-000900,Saquinavir,5.0,686,2533,309,0.1062
ACH-000900,Selinexor ,5.0,1500,4654,952,0.183
ACH-000900,Sinomenine,5.0,529,1292,232,0.146
ACH-000900,Sodium Salicylate,5.0,965,2163,394,0.1441
ACH-000900,Sonidegib,0.05,2432,1019,60,0.0177
ACH-000900,Sulfisoxazole,0.5,403,1349,96,0.058
ACH-000900,Sulfisoxazole,5.0,459,2060,207,0.0895
ACH-000900,Temsirolimus,5.0,693,2653,438,0.1506
ACH-000900,Terfenadine,0.5,777,1306,186,0.098
ACH-000900,Terfenadine,5.0,666,2307,304,0.1139
ACH-000900,Thymol,5.0,901,1272,313,0.1683
ACH-000900,Tofacitinib,5.0,832,2504,476,0.1664
ACH-000900,Tofacitinib (citrate),5.0,749,2515,433,0.1529
ACH-000900,Tolcapone,5.0,384,2795,249,0.085
ACH-000900,Topotecan (hydrochloride),0.05,290,163,31,0.0735
ACH-000900,Topotecan (hydrochloride),0.5,275,1871,126,0.0624
ACH-000900,Topotecan (hydrochloride),5.0,349,1898,108,0.0505
ACH-000900,Trametinib,0.05,1765,3089,700,0.1685
ACH-000900,Trametinib,0.5,2897,5075,1521,0.2358
ACH-000900,Trametinib,5.0,4457,2758,1474,0.2567
ACH-000900,Triamcinolone,5.0,836,2484,510,0.1815
ACH-000900,Triclosan,5.0,712,1781,356,0.1666
ACH-000900,Trifluridine,5.0,375,3201,227,0.0678
ACH-000900,Trimetrexate,5.0,544,2513,257,0.0918
ACH-000900,Tucidinostat,5.0,1655,7401,1299,0.1675
ACH-000900,Vilanterol,5.0,599,2104,329,0.1386
ACH-000900,Vinblastine (sulfate),5.0,915,4121,670,0.1535
ACH-000900,c-Kit-IN-1,0.05,5664,4109,121,0.0125
ACH-000900,olaparib,0.05,69,756,14,0.0173
ACH-000916,(R)-Verapamil (hydrochloride),5.0,345,2875,265,0.0897
ACH-000916,18β-Glycyrrhetinic acid,5.0,575,1923,326,0.1501
ACH-000916,8-Hydroxyquinoline,5.0,612,2450,303,0.1098
ACH-000916,Acetohexamide,5.0,566,2133,255,0.1043
ACH-000916,Adagrasib,0.05,4011,3736,1874,0.3191
ACH-000916,Adenine,5.0,611,2300,301,0.1153
ACH-000916,Adenosine,5.0,723,2339,375,0.1396
ACH-000916,Afatinib,0.05,1920,747,324,0.1383
ACH-000916,Afatinib,0.5,2059,3373,875,0.192
ACH-000916,Afatinib,5.0,1903,4537,1077,0.2008
ACH-000916,Aliskiren,5.0,559,1583,273,0.1461
ACH-000916,Allantoin,5.0,1234,2916,606,0.171
ACH-000916,Almonertinib (hydrochloride),5.0,1051,1947,440,0.172
ACH-000916,Almonertinib (mesylate),0.05,583,526,120,0.1213
ACH-000916,Almonertinib (mesylate),0.5,1053,1433,291,0.1326
ACH-000916,Almonertinib (mesylate),5.0,818,1241,223,0.1215
ACH-000916,Amsacrine,5.0,593,2370,382,0.148
ACH-000916,Anethole trithione,5.0,1206,2956,619,0.1747
ACH-000916,Artesunate,5.0,919,2335,572,0.2133
ACH-000916,Azithromycin (hydrate),5.0,662,2169,329,0.1315
ACH-000916,Baicalin,5.0,699,2866,449,0.1441
ACH-000916,Balsalazide (sodium hydrate),5.0,338,2467,223,0.0864
ACH-000916,Belumosudil,0.05,649,372,146,0.1669
ACH-000916,Belumosudil,0.5,871,830,167,0.1089
ACH-000916,Belumosudil,5.0,1024,2820,412,0.12
ACH-000916,Berbamine,0.5,2187,1100,418,0.1457
ACH-000916,Berbamine,5.0,352,2187,219,0.0944
ACH-000916,Berbamine (dihydrochloride),0.05,1166,390,179,0.13
ACH-000916,Berbamine (dihydrochloride),0.5,1493,740,215,0.1065
ACH-000916,Berbamine (dihydrochloride),5.0,981,1128,187,0.0973
ACH-000916,Berberine (chloride hydrate),5.0,446,2579,264,0.0956
ACH-000916,Bergenin,5.0,643,1814,307,0.1428
ACH-000916,Bimatoprost,5.0,768,2490,318,0.1082
ACH-000916,Binimetinib,0.05,2612,2514,1169,0.2954
ACH-000916,Binimetinib,0.5,2561,5937,1561,0.225
ACH-000916,Binimetinib,5.0,4398,2373,1512,0.2875
ACH-000916,Busulfan,5.0,801,1755,350,0.1587
ACH-000916,Captopril,0.05,2509,885,337,0.1102
ACH-000916,Cepharanthine,5.0,845,2000,425,0.1756
ACH-000916,Chlorhexidine (diacetate),0.5,1512,1652,397,0.1435
ACH-000916,Chlorhexidine (diacetate),5.0,552,2411,296,0.111
ACH-000916,Ciclopirox,5.0,658,2936,439,0.1391
ACH-000916,Clonidine (hydrochloride),5.0,567,3708,363,0.0928
ACH-000916,Clotrimazole,5.0,649,2761,402,0.1336
ACH-000916,Cloxacillin (sodium),5.0,576,1791,305,0.1479
ACH-000916,Cysteamine (hydrochloride),5.0,458,2085,253,0.1105
ACH-000916,Cytarabine,0.05,1023,676,233,0.1589
ACH-000916,Cytarabine,0.5,1058,489,107,0.0743
ACH-000916,Cytarabine,5.0,773,1497,284,0.143
ACH-000916,DTP3,0.05,8222,2513,129,0.0122
ACH-000916,Daidzin,0.05,1080,426,172,0.1289
ACH-000916,Daidzin,0.5,977,1044,212,0.1172
ACH-000916,Daidzin,5.0,805,1189,192,0.1065
ACH-000916,Darinaparsin,5.0,893,3284,520,0.1422
ACH-000916,Demeclocycline,5.0,574,1217,144,0.0874
ACH-000916,Diammonium Glycyrrhizinate,5.0,675,3522,437,0.1162
ACH-000916,Docetaxel,5.0,699,2054,297,0.1209
ACH-000916,Elagolix sodium,5.0,780,2801,395,0.124
ACH-000916,Flumatinib (mesylate),0.05,1238,761,258,0.1482
ACH-000916,Flumatinib (mesylate),0.5,1071,1991,385,0.1438
ACH-000916,Flumatinib (mesylate),5.0,784,1111,202,0.1193
ACH-000916,Fluvoxamine (maleate),5.0,520,3180,414,0.126
ACH-000916,Folic acid,5.0,380,2393,176,0.0678
ACH-000916,Fumaric acid,0.05,803,688,188,0.1443
ACH-000916,Fumaric acid,0.5,906,1618,283,0.1263
ACH-000916,Fumaric acid,5.0,964,1806,317,0.1292
ACH-000916,Furosemide,5.0,355,1435,168,0.1036
ACH-000916,Fusidic acid,5.0,438,2404,315,0.1247
ACH-000916,Gallic acid,5.0,585,2462,331,0.1219
ACH-000916,Gallic acid (hydrate),5.0,731,2560,404,0.1399
ACH-000916,Gemfibrozil,5.0,775,2903,440,0.1359
ACH-000916,Goserelin (acetate),5.0,922,2563,485,0.1617
ACH-000916,Hexylresorcinol,5.0,712,2777,474,0.1572
ACH-000916,Homoharringtonine,5.0,9881,11135,8067,0.623
ACH-000916,Hydroxyfasudil,0.05,463,1911,77,0.0335
ACH-000916,Idarubicin (hydrochloride),5.0,7103,11525,6090,0.4857
ACH-000916,Irinotecan (hydrochloride),0.05,2044,378,149,0.0656
ACH-000916,Irinotecan (hydrochloride),0.5,2734,1365,539,0.1514
ACH-000916,Irinotecan (hydrochloride),5.0,2666,1099,433,0.13
ACH-000916,Isocorydine,5.0,1199,1944,429,0.1581
ACH-000916,L-Thyroxine (sodium salt pentahydrate),5.0,285,2512,71,0.026
ACH-000916,Larotrectinib,5.0,500,1524,237,0.1326
ACH-000916,Lenalidomide (hemihydrate),5.0,520,2475,343,0.1293
ACH-000916,Lidocaine (hydrochloride),5.0,1427,3339,727,0.18
ACH-000916,Lipoic acid,5.0,564,1496,304,0.1731
ACH-000916,Lumateperone (tosylate),5.0,414,2156,219,0.0932
ACH-000916,Malotilate,0.05,3846,734,378,0.09
ACH-000916,Medroxyprogesterone acetate,5.0,810,4171,563,0.1274
ACH-000916,Megestrol,5.0,958,2743,589,0.1893
ACH-000916,Methylprednisolone succinate,0.05,9535,1089,64,0.0061
ACH-000916,Mitoxantrone (dihydrochloride),5.0,783,5060,507,0.095
ACH-000916,Naproxen,0.05,504,344,82,0.107
ACH-000916,Naproxen,0.5,583,1091,147,0.0963
ACH-000916,Naproxen,5.0,601,349,88,0.1021
ACH-000916,Neratinib (maleate),5.0,843,3676,520,0.13
ACH-000916,Norepinephrine (hydrochloride),5.0,683,2660,323,0.107
ACH-000916,Olanzapine,5.0,636,2860,365,0.1166
ACH-000916,Palmatine (chloride),5.0,673,2386,379,0.1414
ACH-000916,Pasireotide (acetate),5.0,928,2478,455,0.1542
ACH-000916,Pentagastrin,5.0,643,2991,347,0.1056
ACH-000916,Pentamidine (isethionate),0.5,945,1835,272,0.1085
ACH-000916,Pentamidine (isethionate),5.0,768,2325,355,0.1297
ACH-000916,Pralsetinib,0.05,1842,734,270,0.1171
ACH-000916,Pravastatin (sodium),0.05,809,450,140,0.1251
ACH-000916,Pravastatin (sodium),0.5,846,608,125,0.0941
ACH-000916,Pravastatin (sodium),5.0,1207,1345,336,0.1516
ACH-000916,Pyridoxine,5.0,644,2425,336,0.1229
ACH-000916,Pyridoxine (hydrochloride),5.0,539,2104,242,0.1008
ACH-000916,Quinestrol,5.0,973,2786,648,0.2083
ACH-000916,Radotinib,5.0,1250,2732,679,0.2056
ACH-000916,Ralimetinib dimesylate,0.05,9392,1760,77,0.007
ACH-000916,Raltitrexed,5.0,534,2673,351,0.1229
ACH-000916,Rapamycin,5.0,932,4683,618,0.1237
ACH-000916,Regorafenib,0.05,1301,984,275,0.1368
ACH-000916,Regorafenib,0.5,834,3891,413,0.0958
ACH-000916,Regorafenib,5.0,788,1519,234,0.1129
ACH-000916,Relugolix,5.0,357,2224,181,0.0754
ACH-000916,Resveratrol,5.0,912,3462,470,0.1204
ACH-000916,Retinoic acid,5.0,874,2339,470,0.1713
ACH-000916,Riluzole hydrochloride,5.0,1064,3867,649,0.1516
ACH-000916,Rimonabant,5.0,651,2071,381,0.1628
ACH-000916,Ritonavir,5.0,666,2378,382,0.1435
ACH-000916,Ropivacaine (hydrochloride monohydrate),5.0,697,2219,463,0.1887
ACH-000916,S-Adenosyl-L-methionine (disulfate tosylate),5.0,949,3794,675,0.1659
ACH-000916,Salicylic acid,5.0,538,2138,273,0.1136
ACH-000916,Saquinavir,5.0,692,2480,360,0.128
ACH-000916,Selinexor ,5.0,2216,6225,1576,0.2296
ACH-000916,Sinomenine,5.0,621,1865,323,0.1493
ACH-000916,Sodium Salicylate,5.0,838,3276,421,0.114
ACH-000916,Sonidegib,0.05,447,1661,77,0.0379
ACH-000916,Sulfisoxazole,0.5,1360,2015,369,0.1228
ACH-000916,Sulfisoxazole,5.0,610,3148,353,0.1037
ACH-000916,Temsirolimus,5.0,719,3609,543,0.1435
ACH-000916,Terfenadine,0.5,1679,1700,386,0.129
ACH-000916,Terfenadine,5.0,948,2734,533,0.1693
ACH-000916,Thymol,5.0,886,1463,297,0.1447
ACH-000916,Tofacitinib,5.0,899,2846,500,0.1541
ACH-000916,Tofacitinib (citrate),5.0,975,2593,546,0.1807
ACH-000916,Tolcapone,5.0,521,3705,366,0.0948
ACH-000916,Topotecan (hydrochloride),0.05,1136,348,104,0.0754
ACH-000916,Topotecan (hydrochloride),0.5,986,4071,585,0.1308
ACH-000916,Topotecan (hydrochloride),5.0,972,5236,552,0.0976
ACH-000916,Trametinib,0.05,2035,3431,936,0.2066
ACH-000916,Trametinib,0.5,3070,5727,1870,0.27
ACH-000916,Trametinib,5.0,4736,4565,2236,0.3165
ACH-000916,Triamcinolone,5.0,1587,4704,1132,0.2194
ACH-000916,Triclosan,5.0,558,2179,328,0.1362
ACH-000916,Trifluridine,5.0,383,2305,211,0.0852
ACH-000916,Trimetrexate,5.0,524,3184,355,0.1059
ACH-000916,Tucidinostat,5.0,1926,8823,1633,0.1791
ACH-000916,Vilanterol,5.0,728,2410,485,0.1828
ACH-000916,Vinblastine (sulfate),5.0,1529,6221,1222,0.1872
ACH-000916,olaparib,0.05,8965,1137,65,0.0065
ACH-000927,(R)-Verapamil (hydrochloride),5.0,359,1561,164,0.0934
ACH-000927,18β-Glycyrrhetinic acid,5.0,525,1541,210,0.1131
ACH-000927,8-Hydroxyquinoline,5.0,384,2447,228,0.0876
ACH-000927,Acetohexamide,5.0,558,1910,249,0.1122
ACH-000927,Adagrasib,0.05,2524,2054,869,0.2343
ACH-000927,Adenine,5.0,444,2749,301,0.1041
ACH-000927,Adenosine,5.0,515,2225,270,0.1093
ACH-000927,Afatinib,0.05,2170,184,100,0.0444
ACH-000927,Afatinib,0.5,3058,4821,1870,0.3112
ACH-000927,Afatinib,5.0,2368,3111,1090,0.2483
ACH-000927,Aliskiren,5.0,355,1445,161,0.0982
ACH-000927,Allantoin,5.0,899,2680,417,0.1319
ACH-000927,Almonertinib (hydrochloride),5.0,777,3590,391,0.0983
ACH-000927,Almonertinib (mesylate),0.05,102,122,13,0.0616
ACH-000927,Almonertinib (mesylate),0.5,194,1518,82,0.0503
ACH-000927,Almonertinib (mesylate),5.0,397,1622,137,0.0728
ACH-000927,Amsacrine,5.0,853,3276,581,0.1638
ACH-000927,Anethole trithione,5.0,618,2779,425,0.143
ACH-000927,Artesunate,5.0,1440,3562,988,0.2461
ACH-000927,Azithromycin (hydrate),5.0,465,1355,196,0.1207
ACH-000927,Baicalin,5.0,702,2209,373,0.147
ACH-000927,Balsalazide (sodium hydrate),5.0,277,2040,174,0.0812
ACH-000927,Belumosudil,0.05,102,48,19,0.145
ACH-000927,Belumosudil,0.5,140,627,52,0.0727
ACH-000927,Belumosudil,5.0,356,824,93,0.0856
ACH-000927,Berbamine,0.5,859,697,158,0.113
ACH-000927,Berbamine,5.0,306,2185,181,0.0784
ACH-000927,Berbamine (dihydrochloride),0.05,248,76,41,0.1449
ACH-000927,Berbamine (dihydrochloride),0.5,259,434,61,0.0965
ACH-000927,Berbamine (dihydrochloride),5.0,480,274,57,0.0818
ACH-000927,Berberine (chloride hydrate),5.0,808,4795,495,0.0969
ACH-000927,Bergenin,5.0,553,1961,233,0.1021
ACH-000927,Bimatoprost,5.0,487,1945,234,0.1065
ACH-000927,Binimetinib,0.05,1471,943,429,0.2161
ACH-000927,Binimetinib,0.5,963,3770,602,0.1457
ACH-000927,Binimetinib,5.0,2067,759,422,0.1755
ACH-000927,Busulfan,5.0,621,1967,223,0.0943
ACH-000927,Captopril,0.05,426,379,53,0.0705
ACH-000927,Cepharanthine,5.0,545,1511,264,0.1473
ACH-000927,Chlorhexidine (diacetate),0.5,646,1243,177,0.1034
ACH-000927,Chlorhexidine (diacetate),5.0,279,2557,168,0.063
ACH-000927,Ciclopirox,5.0,717,2906,351,0.1073
ACH-000927,Clonidine (hydrochloride),5.0,361,2934,247,0.081
ACH-000927,Clotrimazole,5.0,565,1895,268,0.1223
ACH-000927,Cloxacillin (sodium),5.0,324,1259,150,0.1047
ACH-000927,Cysteamine (hydrochloride),5.0,512,2000,219,0.0955
ACH-000927,Cytarabine,0.05,257,151,42,0.1148
ACH-000927,Cytarabine,0.5,129,215,31,0.099
ACH-000927,Cytarabine,5.0,117,532,34,0.0553
ACH-000927,Daidzin,0.05,279,93,36,0.1071
ACH-000927,Daidzin,0.5,274,387,47,0.0765
ACH-000927,Daidzin,5.0,575,484,96,0.0997
ACH-000927,Darinaparsin,5.0,607,3075,324,0.0965
ACH-000927,Demeclocycline,5.0,415,1192,113,0.0756
ACH-000927,Diammonium Glycyrrhizinate,5.0,297,2288,160,0.066
ACH-000927,Docetaxel,5.0,829,2374,413,0.148
ACH-000927,Elagolix sodium,5.0,545,2095,270,0.1139
ACH-000927,Flumatinib (mesylate),0.05,266,129,33,0.0912
ACH-000927,Flumatinib (mesylate),0.5,288,528,72,0.0968
ACH-000927,Flumatinib (mesylate),5.0,199,715,67,0.0791
ACH-000927,Fluvoxamine (maleate),5.0,239,1620,116,0.0666
ACH-000927,Folic acid,5.0,314,2025,157,0.072
ACH-000927,Fumaric acid,0.05,273,190,42,0.0998
ACH-000927,Fumaric acid,0.5,200,775,63,0.0691
ACH-000927,Fumaric acid,5.0,520,762,97,0.0819
ACH-000927,Furosemide,5.0,204,1275,110,0.0804
ACH-000927,Fusidic acid,5.0,413,1792,247,0.1261
ACH-000927,Gallic acid,5.0,436,2903,292,0.0958
ACH-000927,Gallic acid (hydrate),5.0,628,1798,263,0.1216
ACH-000927,Gemfibrozil,5.0,732,1726,315,0.147
ACH-000927,Goserelin (acetate),5.0,428,2474,237,0.0889
ACH-000927,Hexylresorcinol,5.0,622,1952,313,0.1384
ACH-000927,Homoharringtonine,5.0,8804,10741,7332,0.6003
ACH-000927,Hydroxyfasudil,0.05,507,860,62,0.0475
ACH-000927,Idarubicin (hydrochloride),5.0,6628,10912,5252,0.4274
ACH-000927,Irinotecan (hydrochloride),0.05,774,115,49,0.0583
ACH-000927,Irinotecan (hydrochloride),0.5,1978,526,184,0.0793
ACH-000927,Irinotecan (hydrochloride),5.0,2073,272,106,0.0473
ACH-000927,Isocorydine,5.0,170,1612,107,0.0639
ACH-000927,L-Thyroxine (sodium salt pentahydrate),5.0,377,1779,57,0.0272
ACH-000927,Larotrectinib,5.0,438,1296,160,0.1017
ACH-000927,Lenalidomide (hemihydrate),5.0,376,1977,164,0.0749
ACH-000927,Lidocaine (hydrochloride),5.0,759,2347,348,0.1262
ACH-000927,Lipoic acid,5.0,383,2165,241,0.1045
ACH-000927,Lumateperone (tosylate),5.0,308,1557,193,0.1154
ACH-000927,Malotilate,0.05,1572,226,76,0.0441
ACH-000927,Medroxyprogesterone acetate,5.0,712,3644,482,0.1244
ACH-000927,Megestrol,5.0,550,1977,300,0.1347
ACH-000927,Mitoxantrone (dihydrochloride),5.0,484,7572,324,0.0419
ACH-000927,Naproxen,0.05,84,126,19,0.0995
ACH-000927,Naproxen,0.5,126,280,28,0.0741
ACH-000927,Naproxen,5.0,160,94,26,0.114
ACH-000927,Neratinib (maleate),5.0,659,6635,499,0.0734
ACH-000927,Norepinephrine (hydrochloride),5.0,622,1893,238,0.1045
ACH-000927,Olanzapine,5.0,415,2396,224,0.0866
ACH-000927,Palmatine (chloride),5.0,307,1622,124,0.0687
ACH-000927,Pasireotide (acetate),5.0,490,2235,228,0.0913
ACH-000927,Pentagastrin,5.0,322,2679,167,0.0589
ACH-000927,Pentamidine (isethionate),0.5,385,1348,98,0.0599
ACH-000927,Pentamidine (isethionate),5.0,592,2001,308,0.1348
ACH-000927,Pralsetinib,0.05,1303,221,93,0.065
ACH-000927,Pravastatin (sodium),0.05,243,91,22,0.0705
ACH-000927,Pravastatin (sodium),0.5,171,201,31,0.0909
ACH-000927,Pravastatin (sodium),5.0,500,348,94,0.1247
ACH-000927,Pyridoxine,5.0,776,2017,345,0.1409
ACH-000927,Pyridoxine (hydrochloride),5.0,330,1761,193,0.1017
ACH-000927,Quinestrol,5.0,559,2555,366,0.1332
ACH-000927,Radotinib,5.0,1138,2639,639,0.2036
ACH-000927,Raltitrexed,5.0,411,2566,283,0.105
ACH-000927,Rapamycin,5.0,704,2966,404,0.1237
ACH-000927,Regorafenib,0.05,849,193,64,0.0654
ACH-000927,Regorafenib,0.5,243,1279,92,0.0643
ACH-000927,Regorafenib,5.0,268,446,58,0.0884
ACH-000927,Relugolix,5.0,333,1538,160,0.0935
ACH-000927,Resveratrol,5.0,659,2520,297,0.1031
ACH-000927,Retinoic acid,5.0,459,2723,279,0.0961
ACH-000927,Riluzole hydrochloride,5.0,735,3343,402,0.1094
ACH-000927,Rimonabant,5.0,545,2268,288,0.1141
ACH-000927,Ritonavir,5.0,295,1708,156,0.0845
ACH-000927,Ropivacaine (hydrochloride monohydrate),5.0,467,1928,312,0.1498
ACH-000927,S-Adenosyl-L-methionine (disulfate tosylate),5.0,530,2543,320,0.1162
ACH-000927,Salicylic acid,5.0,367,1635,190,0.1049
ACH-000927,Saquinavir,5.0,496,1831,189,0.0884
ACH-000927,Selinexor ,5.0,1462,4878,1075,0.2042
ACH-000927,Sinomenine,5.0,347,1720,201,0.1077
ACH-000927,Sodium Salicylate,5.0,667,1915,271,0.1173
ACH-000927,Sonidegib,0.05,305,393,20,0.0295
ACH-000927,Sulfisoxazole,0.5,1565,1284,321,0.127
ACH-000927,Sulfisoxazole,5.0,552,1851,216,0.0988
ACH-000927,Temsirolimus,5.0,582,2388,349,0.1332
ACH-000927,Terfenadine,0.5,411,859,89,0.0754
ACH-000927,Terfenadine,5.0,484,1840,190,0.089
ACH-000927,Thymol,5.0,669,1108,186,0.1169
ACH-000927,Tofacitinib,5.0,969,3297,644,0.1778
ACH-000927,Tofacitinib (citrate),5.0,740,3100,447,0.1317
ACH-000927,Tolcapone,5.0,408,2296,218,0.0877
ACH-000927,Topotecan (hydrochloride),0.05,273,167,34,0.0837
ACH-000927,Topotecan (hydrochloride),0.5,141,1459,65,0.0423
ACH-000927,Topotecan (hydrochloride),5.0,217,1328,74,0.0503
ACH-000927,Trametinib,0.05,2005,1921,657,0.201
ACH-000927,Trametinib,0.5,1570,3753,801,0.1771
ACH-000927,Trametinib,5.0,2452,2896,963,0.2196
ACH-000927,Triamcinolone,5.0,976,3142,528,0.1471
ACH-000927,Triclosan,5.0,508,2033,258,0.113
ACH-000927,Trifluridine,5.0,304,2286,167,0.0689
ACH-000927,Trimetrexate,5.0,517,1697,187,0.0923
ACH-000927,Tucidinostat,5.0,1586,9267,1356,0.1428
ACH-000927,Vilanterol,5.0,452,1358,184,0.1132
ACH-000927,Vinblastine (sulfate),5.0,925,3791,671,0.1659
ACH-000927,c-Kit-IN-1,0.05,6018,1852,49,0.0063
ACH-000927,olaparib,0.05,4016,214,19,0.0045
ACH-000932,(R)-Verapamil (hydrochloride),5.0,40,494,24,0.0471
ACH-000932,18β-Glycyrrhetinic acid,5.0,49,631,25,0.0382
ACH-000932,8-Hydroxyquinoline,5.0,83,601,40,0.0621
ACH-000932,Abemaciclib,0.05,35,767,9,0.0113
ACH-000932,Acetohexamide,5.0,74,443,22,0.0444
ACH-000932,Adagrasib,0.05,983,747,293,0.2039
ACH-000932,Adenine,5.0,17,479,17,0.0355
ACH-000932,Adenosine,5.0,46,990,32,0.0319
ACH-000932,Afatinib,0.05,461,130,50,0.0924
ACH-000932,Afatinib,0.5,503,370,81,0.1023
ACH-000932,Afatinib,5.0,279,809,98,0.099
ACH-000932,Aliskiren,5.0,40,440,27,0.0596
ACH-000932,Allantoin,5.0,149,821,43,0.0464
ACH-000932,Almonertinib (hydrochloride),5.0,163,592,68,0.099
ACH-000932,Almonertinib (mesylate),0.05,121,148,21,0.0847
ACH-000932,Almonertinib (mesylate),0.5,362,696,107,0.1125
ACH-000932,Almonertinib (mesylate),5.0,545,333,59,0.072
ACH-000932,Amsacrine,5.0,64,1545,43,0.0275
ACH-000932,Anethole trithione,5.0,81,706,46,0.0621
ACH-000932,Artesunate,5.0,639,2397,461,0.179
ACH-000932,Azithromycin (hydrate),5.0,54,660,26,0.0378
ACH-000932,Baicalin,5.0,62,700,47,0.0657
ACH-000932,Balsalazide (sodium hydrate),5.0,20,619,15,0.024
ACH-000932,Belumosudil,0.05,120,93,20,0.1036
ACH-000932,Belumosudil,0.5,143,1027,59,0.0531
ACH-000932,Belumosudil,5.0,504,621,81,0.0776
ACH-000932,Berbamine,0.5,793,216,74,0.0791
ACH-000932,Berbamine,5.0,34,754,26,0.0341
ACH-000932,Berbamine (dihydrochloride),0.05,265,73,30,0.0974
ACH-000932,Berbamine (dihydrochloride),0.5,449,392,65,0.0838
ACH-000932,Berbamine (dihydrochloride),5.0,1093,269,84,0.0657
ACH-000932,Berberine (chloride hydrate),5.0,34,937,27,0.0286
ACH-000932,Bergenin,5.0,51,628,32,0.0495
ACH-000932,Bimatoprost,5.0,25,961,19,0.0196
ACH-000932,Binimetinib,0.05,580,718,155,0.1356
ACH-000932,Binimetinib,0.5,573,1498,226,0.1225
ACH-000932,Binimetinib,5.0,1477,159,97,0.063
ACH-000932,Busulfan,5.0,63,726,28,0.0368
ACH-000932,Captopril,0.05,408,427,64,0.083
ACH-000932,Cepharanthine,5.0,139,600,61,0.09
ACH-000932,Chlorhexidine (diacetate),0.5,638,751,144,0.1157
ACH-000932,Chlorhexidine (diacetate),5.0,828,3283,634,0.1823
ACH-000932,Ciclopirox,5.0,69,997,39,0.038
ACH-000932,Clonidine (hydrochloride),5.0,39,873,29,0.0328
ACH-000932,Clotrimazole,5.0,39,847,33,0.0387
ACH-000932,Cloxacillin (sodium),5.0,40,378,21,0.0529
ACH-000932,Cysteamine (hydrochloride),5.0,36,400,16,0.0381
ACH-000932,Cytarabine,0.05,263,114,30,0.0865
ACH-000932,Cytarabine,0.5,172,553,47,0.0693
ACH-000932,Cytarabine,5.0,125,612,35,0.0499
ACH-000932,DTP3,0.05,3533,1389,28,0.0057
ACH-000932,Daidzin,0.05,228,72,26,0.0949
ACH-000932,Daidzin,0.5,679,413,62,0.0602
ACH-000932,Daidzin,5.0,620,396,70,0.074
ACH-000932,Darinaparsin,5.0,43,949,20,0.0206
ACH-000932,Demeclocycline,5.0,12,402,9,0.0222
ACH-000932,Diammonium Glycyrrhizinate,5.0,43,731,23,0.0306
ACH-000932,Docetaxel,5.0,94,823,44,0.0504
ACH-000932,Elagolix sodium,5.0,110,606,50,0.0751
ACH-000932,Flumatinib (mesylate),0.05,256,232,38,0.0844
ACH-000932,Flumatinib (mesylate),0.5,652,1065,193,0.1266
ACH-000932,Flumatinib (mesylate),5.0,203,534,50,0.0728
ACH-000932,Fluvoxamine (maleate),5.0,26,726,14,0.019
ACH-000932,Folic acid,5.0,50,493,21,0.0402
ACH-000932,Fumaric acid,0.05,304,197,39,0.0844
ACH-000932,Fumaric acid,0.5,221,867,56,0.0543
ACH-000932,Fumaric acid,5.0,539,942,121,0.089
ACH-000932,Furosemide,5.0,12,359,10,0.0277
ACH-000932,Fusidic acid,5.0,23,457,19,0.0412
ACH-000932,Gallic acid,5.0,117,562,59,0.0952
ACH-000932,Gallic acid (hydrate),5.0,76,560,42,0.0707
ACH-000932,Gemfibrozil,5.0,56,870,33,0.037
ACH-000932,Goserelin (acetate),5.0,46,757,30,0.0388
ACH-000932,Hexylresorcinol,5.0,47,539,32,0.0578
ACH-000932,Homoharringtonine,5.0,2310,2202,1203,0.3636
ACH-000932,Hydroxyfasudil,0.05,339,632,32,0.0341
ACH-000932,Idarubicin (hydrochloride),5.0,1637,3135,819,0.2072
ACH-000932,Irinotecan (hydrochloride),0.05,863,98,30,0.0322
ACH-000932,Irinotecan (hydrochloride),0.5,849,602,126,0.0951
ACH-000932,Irinotecan (hydrochloride),5.0,995,349,68,0.0533
ACH-000932,Isocorydine,5.0,79,403,35,0.0783
ACH-000932,L-Thyroxine (sodium salt pentahydrate),5.0,154,407,14,0.0256
ACH-000932,Larotrectinib,5.0,34,790,23,0.0287
ACH-000932,Lenalidomide (hemihydrate),5.0,34,726,20,0.027
ACH-000932,Lidocaine (hydrochloride),5.0,129,907,53,0.0539
ACH-000932,Lipoic acid,5.0,35,449,28,0.0614
ACH-000932,Lumateperone (tosylate),5.0,27,414,24,0.0576
ACH-000932,Malotilate,0.05,1536,227,83,0.0494
ACH-000932,Medroxyprogesterone acetate,5.0,73,690,32,0.0438
ACH-000932,Megestrol,5.0,33,488,18,0.0358
ACH-000932,Mitoxantrone (dihydrochloride),5.0,52,2022,20,0.0097
ACH-000932,Naproxen,0.05,101,175,18,0.0698
ACH-000932,Naproxen,0.5,192,471,55,0.0905
ACH-000932,Naproxen,5.0,133,112,22,0.0987
ACH-000932,Neratinib (maleate),5.0,104,2063,68,0.0324
ACH-000932,Norepinephrine (hydrochloride),5.0,56,792,28,0.0341
ACH-000932,Olanzapine,5.0,34,825,28,0.0337
ACH-000932,Palmatine (chloride),5.0,29,501,19,0.0372
ACH-000932,Pasireotide (acetate),5.0,102,461,44,0.0848
ACH-000932,Pentagastrin,5.0,34,883,22,0.0246
ACH-000932,Pentamidine (isethionate),0.5,233,394,43,0.0736
ACH-000932,Pentamidine (isethionate),5.0,155,1273,103,0.0777
ACH-000932,Pralsetinib,0.05,441,155,46,0.0836
ACH-000932,Pravastatin (sodium),0.05,260,145,35,0.0946
ACH-000932,Pravastatin (sodium),0.5,264,237,46,0.1011
ACH-000932,Pravastatin (sodium),5.0,632,533,116,0.1106
ACH-000932,Pyridoxine,5.0,52,869,29,0.0325
ACH-000932,Pyridoxine (hydrochloride),5.0,27,419,17,0.0396
ACH-000932,Quinestrol,5.0,23,926,18,0.0193
ACH-000932,Radotinib,5.0,242,1401,130,0.0859
ACH-000932,Ralimetinib dimesylate,0.05,51,406,11,0.0247
ACH-000932,Raltitrexed,5.0,68,786,52,0.0648
ACH-000932,Rapamycin,5.0,87,1281,55,0.0419
ACH-000932,Regorafenib,0.05,163,237,38,0.105
ACH-000932,Regorafenib,0.5,217,524,53,0.077
ACH-000932,Regorafenib,5.0,161,75,19,0.0876
ACH-000932,Relugolix,5.0,21,483,14,0.0286
ACH-000932,Resveratrol,5.0,165,932,66,0.064
ACH-000932,Retinoic acid,5.0,45,737,38,0.0511
ACH-000932,Riluzole hydrochloride,5.0,90,1050,61,0.0565
ACH-000932,Rimonabant,5.0,33,531,20,0.0368
ACH-000932,Ritonavir,5.0,39,844,22,0.0256
ACH-000932,Ropivacaine (hydrochloride monohydrate),5.0,105,560,70,0.1176
ACH-000932,S-Adenosyl-L-methionine (disulfate tosylate),5.0,65,814,43,0.0514
ACH-000932,Salicylic acid,5.0,25,736,19,0.0256
ACH-000932,Saquinavir,5.0,118,772,44,0.052
ACH-000932,Selinexor ,5.0,607,3451,414,0.1136
ACH-000932,Sinomenine,5.0,44,418,25,0.0572
ACH-000932,Sodium Salicylate,5.0,79,806,39,0.0461
ACH-000932,Sonidegib,0.05,187,420,24,0.0412
ACH-000932,Sulfisoxazole,0.5,784,644,97,0.0729
ACH-000932,Sulfisoxazole,5.0,34,1018,15,0.0145
ACH-000932,Temsirolimus,5.0,42,814,25,0.0301
ACH-000932,Terfenadine,0.5,445,477,54,0.0622
ACH-000932,Terfenadine,5.0,250,969,111,0.1002
ACH-000932,Thymol,5.0,26,382,15,0.0382
ACH-000932,Tofacitinib,5.0,85,992,48,0.0466
ACH-000932,Tofacitinib (citrate),5.0,47,843,33,0.0385
ACH-000932,Tolcapone,5.0,46,802,34,0.0418
ACH-000932,Topotecan (hydrochloride),0.05,249,205,36,0.0861
ACH-000932,Topotecan (hydrochloride),0.5,200,1778,111,0.0595
ACH-000932,Topotecan (hydrochloride),5.0,300,1646,88,0.0474
ACH-000932,Trametinib,0.05,555,1245,168,0.1029
ACH-000932,Trametinib,0.5,574,1598,207,0.1053
ACH-000932,Trametinib,5.0,2270,387,206,0.084
ACH-000932,Triamcinolone,5.0,71,873,46,0.0512
ACH-000932,Triclosan,5.0,35,984,30,0.0303
ACH-000932,Trifluridine,5.0,71,913,41,0.0435
ACH-000932,Trimetrexate,5.0,78,988,39,0.038
ACH-000932,Tucidinostat,5.0,118,3331,99,0.0296
ACH-000932,Vilanterol,5.0,12,672,9,0.0133
ACH-000932,Vinblastine (sulfate),5.0,176,1745,117,0.0649
ACH-000940,(R)-Verapamil (hydrochloride),5.0,4,214,3,0.014
ACH-000940,18β-Glycyrrhetinic acid,5.0,17,354,13,0.0363
ACH-000940,8-Hydroxyquinoline,5.0,16,317,13,0.0406
ACH-000940,Acetohexamide,5.0,5,277,3,0.0108
ACH-000940,Adagrasib,0.05,227,202,53,0.141
ACH-000940,Adenine,5.0,7,171,4,0.023
ACH-000940,Adenosine,5.0,11,557,9,0.0161
ACH-000940,Afatinib,0.05,105,10,5,0.0455
ACH-000940,Afatinib,0.5,47,335,13,0.0352
ACH-000940,Afatinib,5.0,38,773,15,0.0188
ACH-000940,Aliskiren,5.0,5,281,4,0.0142
ACH-000940,Allantoin,5.0,51,691,21,0.0291
ACH-000940,Almonertinib (hydrochloride),5.0,25,378,14,0.036
ACH-000940,Almonertinib (mesylate),0.05,16,14,1,0.0345
ACH-000940,Almonertinib (mesylate),0.5,6,12,0,0.0
ACH-000940,Almonertinib (mesylate),5.0,395,2,2,0.0051
ACH-000940,Amsacrine,5.0,58,953,42,0.0433
ACH-000940,Anethole trithione,5.0,19,343,13,0.0372
ACH-000940,Artesunate,5.0,99,1202,69,0.056
ACH-000940,Azithromycin (hydrate),5.0,11,285,7,0.0242
ACH-000940,Baicalin,5.0,16,181,14,0.0765
ACH-000940,Balsalazide (sodium hydrate),5.0,8,233,4,0.0169
ACH-000940,Belumosudil,0.05,6,2,1,0.1429
ACH-000940,Belumosudil,0.5,15,49,3,0.0492
ACH-000940,Belumosudil,5.0,150,40,3,0.016
ACH-000940,Berbamine,0.5,32,91,6,0.0513
ACH-000940,Berbamine,5.0,7,315,7,0.0222
ACH-000940,Berbamine (dihydrochloride),0.05,16,12,6,0.2727
ACH-000940,Berbamine (dihydrochloride),0.5,25,44,7,0.1129
ACH-000940,Berbamine (dihydrochloride),5.0,167,24,7,0.038
ACH-000940,Berberine (chloride hydrate),5.0,10,507,8,0.0157
ACH-000940,Bergenin,5.0,8,316,8,0.0253
ACH-000940,Bimatoprost,5.0,6,430,5,0.0116
ACH-000940,Binimetinib,0.05,162,4,0,0.0
ACH-000940,Binimetinib,0.5,5,1623,3,0.0018
ACH-000940,Binimetinib,5.0,182,56,23,0.107
ACH-000940,Busulfan,5.0,159,388,33,0.0642
ACH-000940,Captopril,0.05,59,97,4,0.0263
ACH-000940,Cepharanthine,5.0,6,379,6,0.0158
ACH-000940,Chlorhexidine (diacetate),0.5,53,123,7,0.0414
ACH-000940,Chlorhexidine (diacetate),5.0,54,1046,32,0.03
ACH-000940,Ciclopirox,5.0,13,730,11,0.015
ACH-000940,Clonidine (hydrochloride),5.0,12,484,8,0.0164
ACH-000940,Clotrimazole,5.0,20,195,16,0.0804
ACH-000940,Cloxacillin (sodium),5.0,3,80,3,0.0375
ACH-000940,Cysteamine (hydrochloride),5.0,5,220,2,0.009
ACH-000940,Cytarabine,0.05,34,3,2,0.0571
ACH-000940,Cytarabine,0.5,15,37,3,0.0612
ACH-000940,Cytarabine,5.0,2,75,0,0.0
ACH-000940,DTP3,0.05,15,79,4,0.0444
ACH-000940,Daidzin,0.05,24,12,5,0.1613
ACH-000940,Daidzin,0.5,33,30,3,0.05
ACH-000940,Daidzin,5.0,156,21,2,0.0114
ACH-000940,Darinaparsin,5.0,23,919,14,0.0151
ACH-000940,Demeclocycline,5.0,7,244,6,0.0245
ACH-000940,Diammonium Glycyrrhizinate,5.0,24,378,11,0.0281
ACH-000940,Docetaxel,5.0,98,665,39,0.0539
ACH-000940,Elagolix sodium,5.0,19,421,10,0.0233
ACH-000940,Flumatinib (mesylate),0.05,17,10,5,0.2273
ACH-000940,Flumatinib (mesylate),0.5,12,161,4,0.0237
ACH-000940,Flumatinib (mesylate),5.0,29,6,3,0.0938
ACH-000940,Fluvoxamine (maleate),5.0,2,356,1,0.0028
ACH-000940,Folic acid,5.0,7,210,5,0.0236
ACH-000940,Fumaric acid,0.05,31,12,1,0.0238
ACH-000940,Fumaric acid,0.5,10,93,2,0.0198
ACH-000940,Fumaric acid,5.0,46,23,1,0.0147
ACH-000940,Furosemide,5.0,8,127,5,0.0385
ACH-000940,Fusidic acid,5.0,3,122,3,0.0246
ACH-000940,Gallic acid,5.0,11,206,7,0.0333
ACH-000940,Gallic acid (hydrate),5.0,26,322,17,0.0514
ACH-000940,Gemfibrozil,5.0,30,396,13,0.0315
ACH-000940,Goserelin (acetate),5.0,3,214,3,0.014
ACH-000940,Hexylresorcinol,5.0,27,202,14,0.0651
ACH-000940,Homoharringtonine,5.0,1021,1491,513,0.2566
ACH-000940,Hydroxyfasudil,0.05,61,28,3,0.0349
ACH-000940,Idarubicin (hydrochloride),5.0,1973,4883,1383,0.2527
ACH-000940,Irinotecan (hydrochloride),0.05,492,2,2,0.0041
ACH-000940,Irinotecan (hydrochloride),0.5,313,70,20,0.0551
ACH-000940,Irinotecan (hydrochloride),5.0,490,39,17,0.0332
ACH-000940,Isocorydine,5.0,10,237,3,0.0123
ACH-000940,L-Thyroxine (sodium salt pentahydrate),5.0,99,281,8,0.0215
ACH-000940,Larotrectinib,5.0,15,417,9,0.0213
ACH-000940,Lenalidomide (hemihydrate),5.0,15,529,6,0.0112
ACH-000940,Lidocaine (hydrochloride),5.0,57,853,24,0.0271
ACH-000940,Lipoic acid,5.0,9,76,7,0.0897
ACH-000940,Lumateperone (tosylate),5.0,11,85,11,0.1294
ACH-000940,Malotilate,0.05,748,28,11,0.0144
ACH-000940,Medroxyprogesterone acetate,5.0,19,199,11,0.0531
ACH-000940,Megestrol,5.0,4,122,4,0.0328
ACH-000940,Mitoxantrone (dihydrochloride),5.0,32,4409,23,0.0052
ACH-000940,Naproxen,0.05,7,38,2,0.0465
ACH-000940,Naproxen,0.5,2,78,2,0.0256
ACH-000940,Naproxen,5.0,4,9,2,0.1818
ACH-000940,Neratinib (maleate),5.0,34,692,18,0.0254
ACH-000940,Norepinephrine (hydrochloride),5.0,4,559,3,0.0054
ACH-000940,Olanzapine,5.0,22,498,14,0.0277
ACH-000940,Palmatine (chloride),5.0,11,246,8,0.0321
ACH-000940,Pasireotide (acetate),5.0,16,226,10,0.0431
ACH-000940,Pentagastrin,5.0,3,535,3,0.0056
ACH-000940,Pentamidine (isethionate),0.5,52,152,3,0.0149
ACH-000940,Pentamidine (isethionate),5.0,61,924,43,0.0456
ACH-000940,Pralsetinib,0.05,206,11,4,0.0188
ACH-000940,Pravastatin (sodium),0.05,33,22,4,0.0784
ACH-000940,Pravastatin (sodium),0.5,60,25,5,0.0625
ACH-000940,Pravastatin (sodium),5.0,249,14,6,0.0233
ACH-000940,Pyridoxine,5.0,16,405,9,0.0218
ACH-000940,Pyridoxine (hydrochloride),5.0,1,223,1,0.0045
ACH-000940,Quinestrol,5.0,5,316,4,0.0126
ACH-000940,Radotinib,5.0,40,506,30,0.0581
ACH-000940,Raltitrexed,5.0,24,449,14,0.0305
ACH-000940,Rapamycin,5.0,39,712,21,0.0288
ACH-000940,Regorafenib,0.05,197,3,0,0.0
ACH-000940,Regorafenib,0.5,11,233,6,0.0252
ACH-000940,Regorafenib,5.0,6,1,0,0.0
ACH-000940,Relugolix,5.0,5,163,3,0.0182
ACH-000940,Resveratrol,5.0,33,367,15,0.039
ACH-000940,Retinoic acid,5.0,13,411,12,0.0291
ACH-000940,Riluzole hydrochloride,5.0,17,791,13,0.0164
ACH-000940,Rimonabant,5.0,11,282,9,0.0317
ACH-000940,Ritonavir,5.0,6,701,4,0.0057
ACH-000940,Ropivacaine (hydrochloride monohydrate),5.0,14,599,12,0.02
ACH-000940,S-Adenosyl-L-methionine (disulfate tosylate),5.0,17,625,15,0.0239
ACH-000940,Salicylic acid,5.0,13,353,10,0.0281
ACH-000940,Saquinavir,5.0,47,817,23,0.0273
ACH-000940,Selinexor ,5.0,132,1421,82,0.0557
ACH-000940,Sinomenine,5.0,9,145,6,0.0405
ACH-000940,Sodium Salicylate,5.0,36,503,29,0.0569
ACH-000940,Sonidegib,0.05,140,46,8,0.0449
ACH-000940,Sulfisoxazole,0.5,428,207,42,0.0708
ACH-000940,Sulfisoxazole,5.0,6,612,5,0.0082
ACH-000940,Temsirolimus,5.0,8,635,6,0.0094
ACH-000940,Terfenadine,0.5,66,343,8,0.02
ACH-000940,Terfenadine,5.0,15,556,9,0.016
ACH-000940,Thymol,5.0,26,225,6,0.0245
ACH-000940,Tofacitinib,5.0,8,392,7,0.0178
ACH-000940,Tofacitinib (citrate),5.0,13,424,12,0.0282
ACH-000940,Tolcapone,5.0,12,505,10,0.0197
ACH-000940,Topotecan (hydrochloride),0.05,14,17,3,0.1071
ACH-000940,Topotecan (hydrochloride),0.5,5,409,5,0.0122
ACH-000940,Topotecan (hydrochloride),5.0,5,285,3,0.0105
ACH-000940,Trametinib,0.05,282,78,15,0.0435
ACH-000940,Trametinib,0.5,99,1666,53,0.031
ACH-000940,Trametinib,5.0,375,179,37,0.0716
ACH-000940,Triamcinolone,5.0,20,442,16,0.0359
ACH-000940,Triclosan,5.0,16,404,13,0.0319
ACH-000940,Trifluridine,5.0,24,456,7,0.0148
ACH-000940,Trimetrexate,5.0,77,499,15,0.0267
ACH-000940,Tucidinostat,5.0,22,3006,20,0.0066
ACH-000940,Vilanterol,5.0,15,478,10,0.0207
ACH-000940,Vinblastine (sulfate),5.0,36,1763,28,0.0158
ACH-000940,olaparib,0.05,117,73,8,0.044
ACH-000943,(R)-Verapamil (hydrochloride),5.0,309,2150,184,0.0809
ACH-000943,18β-Glycyrrhetinic acid,5.0,368,1694,171,0.0904
ACH-000943,8-Hydroxyquinoline,5.0,308,2249,181,0.0762
ACH-000943,Abemaciclib,0.05,6287,515,44,0.0065
ACH-000943,Acetohexamide,5.0,282,1831,131,0.0661
ACH-000943,Adagrasib,0.05,2472,2350,975,0.2534
ACH-000943,Adenine,5.0,442,2089,241,0.1052
ACH-000943,Adenosine,5.0,527,2607,314,0.1113
ACH-000943,Afatinib,0.05,915,168,81,0.0808
ACH-000943,Afatinib,0.5,597,1958,206,0.0877
ACH-000943,Afatinib,5.0,390,2705,178,0.061
ACH-000943,Aliskiren,5.0,330,1417,164,0.1036
ACH-000943,Allantoin,5.0,899,2684,456,0.1458
ACH-000943,Almonertinib (hydrochloride),5.0,580,1964,241,0.1046
ACH-000943,Almonertinib (mesylate),0.05,143,235,27,0.0769
ACH-000943,Almonertinib (mesylate),0.5,272,1084,92,0.0728
ACH-000943,Almonertinib (mesylate),5.0,516,631,96,0.0913
ACH-000943,Amsacrine,5.0,789,3560,511,0.1331
ACH-000943,Anethole trithione,5.0,576,2585,375,0.1346
ACH-000943,Artesunate,5.0,1016,3837,766,0.1874
ACH-000943,Azithromycin (hydrate),5.0,438,1770,198,0.0985
ACH-000943,Baicalin,5.0,450,2649,293,0.1044
ACH-000943,Balsalazide (sodium hydrate),5.0,194,2443,125,0.0498
ACH-000943,Belumosudil,0.05,184,101,28,0.1089
ACH-000943,Belumosudil,0.5,184,1046,75,0.0649
ACH-000943,Belumosudil,5.0,559,1278,134,0.0787
ACH-000943,Berbamine,0.5,860,720,182,0.1302
ACH-000943,Berbamine,5.0,195,2168,105,0.0465
ACH-000943,Berbamine (dihydrochloride),0.05,250,115,50,0.1587
ACH-000943,Berbamine (dihydrochloride),0.5,249,460,45,0.0678
ACH-000943,Berbamine (dihydrochloride),5.0,482,560,86,0.09
ACH-000943,Berberine (chloride hydrate),5.0,327,2620,184,0.0666
ACH-000943,Bergenin,5.0,463,1819,214,0.1035
ACH-000943,Bimatoprost,5.0,324,2220,147,0.0613
ACH-000943,Binimetinib,0.05,1365,1229,450,0.2099
ACH-000943,Binimetinib,0.5,1454,4424,857,0.1707
ACH-000943,Binimetinib,5.0,2681,612,405,0.1402
ACH-000943,Busulfan,5.0,422,1743,189,0.0956
ACH-000943,Captopril,0.05,749,480,75,0.065
ACH-000943,Cepharanthine,5.0,540,1564,253,0.1367
ACH-000943,Chlorhexidine (diacetate),0.5,742,1174,186,0.1075
ACH-000943,Chlorhexidine (diacetate),5.0,175,2290,116,0.0494
ACH-000943,Ciclopirox,5.0,400,2547,231,0.0851
ACH-000943,Clonidine (hydrochloride),5.0,344,3071,249,0.0786
ACH-000943,Clotrimazole,5.0,454,2047,221,0.0969
ACH-000943,Cloxacillin (sodium),5.0,245,1726,139,0.0759
ACH-000943,Cysteamine (hydrochloride),5.0,278,1912,144,0.0704
ACH-000943,Cytarabine,0.05,428,242,61,0.1002
ACH-000943,Cytarabine,0.5,247,1407,86,0.0548
ACH-000943,Cytarabine,5.0,169,1256,64,0.047
ACH-000943,DTP3,0.05,3896,1310,64,0.0124
ACH-000943,Daidzin,0.05,308,147,41,0.099
ACH-000943,Daidzin,0.5,332,376,55,0.0842
ACH-000943,Daidzin,5.0,425,640,83,0.0845
ACH-000943,Darinaparsin,5.0,535,2945,313,0.0988
ACH-000943,Demeclocycline,5.0,334,1069,86,0.0653
ACH-000943,Diammonium Glycyrrhizinate,5.0,185,2440,114,0.0454
ACH-000943,Docetaxel,5.0,444,2595,267,0.0963
ACH-000943,Elagolix sodium,5.0,665,2409,320,0.1162
ACH-000943,Flumatinib (mesylate),0.05,243,293,44,0.0894
ACH-000943,Flumatinib (mesylate),0.5,200,1124,84,0.0677
ACH-000943,Flumatinib (mesylate),5.0,212,916,80,0.0763
ACH-000943,Fluvoxamine (maleate),5.0,254,2393,161,0.0648
ACH-000943,Folic acid,5.0,242,2116,128,0.0574
ACH-000943,Fumaric acid,0.05,356,306,45,0.0729
ACH-000943,Fumaric acid,0.5,369,1130,85,0.0601
ACH-000943,Fumaric acid,5.0,546,1150,169,0.1107
ACH-000943,Furosemide,5.0,272,1269,147,0.1055
ACH-000943,Fusidic acid,5.0,236,1876,169,0.087
ACH-000943,Gallic acid,5.0,268,2123,166,0.0746
ACH-000943,Gallic acid (hydrate),5.0,544,2021,256,0.1109
ACH-000943,Gemfibrozil,5.0,531,2068,280,0.1207
ACH-000943,Goserelin (acetate),5.0,398,2669,253,0.0899
ACH-000943,Hexylresorcinol,5.0,484,2453,294,0.1112
ACH-000943,Homoharringtonine,5.0,4208,3378,2050,0.3703
ACH-000943,Hydroxyfasudil,0.05,342,589,28,0.031
ACH-000943,Idarubicin (hydrochloride),5.0,5799,9726,4515,0.4101
ACH-000943,Irinotecan (hydrochloride),0.05,979,145,46,0.0427
ACH-000943,Irinotecan (hydrochloride),0.5,1249,737,166,0.0912
ACH-000943,Irinotecan (hydrochloride),5.0,1906,729,209,0.0862
ACH-000943,Isocorydine,5.0,347,1894,171,0.0826
ACH-000943,L-Thyroxine (sodium salt pentahydrate),5.0,205,1810,37,0.0187
ACH-000943,Larotrectinib,5.0,403,1655,175,0.0929
ACH-000943,Lenalidomide (hemihydrate),5.0,309,2108,180,0.0805
ACH-000943,Lidocaine (hydrochloride),5.0,915,2590,439,0.1432
ACH-000943,Lipoic acid,5.0,350,1562,180,0.1039
ACH-000943,Lumateperone (tosylate),5.0,211,1788,113,0.0599
ACH-000943,Malotilate,0.05,2289,200,101,0.0423
ACH-000943,Medroxyprogesterone acetate,5.0,398,1965,182,0.0834
ACH-000943,Megestrol,5.0,411,1363,180,0.1129
ACH-000943,Methylprednisolone succinate,0.05,7740,308,25,0.0031
ACH-000943,Mitoxantrone (dihydrochloride),5.0,376,5346,214,0.0389
ACH-000943,Naproxen,0.05,119,213,32,0.1067
ACH-000943,Naproxen,0.5,190,560,39,0.0549
ACH-000943,Naproxen,5.0,168,140,26,0.0922
ACH-000943,Neratinib (maleate),5.0,528,3967,363,0.0879
ACH-000943,Norepinephrine (hydrochloride),5.0,350,2225,169,0.0702
ACH-000943,Olanzapine,5.0,396,2505,237,0.089
ACH-000943,PF-06260933,0.05,4355,219,36,0.0079
ACH-000943,Palmatine (chloride),5.0,199,1657,107,0.0612
ACH-000943,Pasireotide (acetate),5.0,738,2103,334,0.1332
ACH-000943,Pentagastrin,5.0,245,2885,140,0.0468
ACH-000943,Pentamidine (isethionate),0.5,336,1441,84,0.0496
ACH-000943,Pentamidine (isethionate),5.0,307,2247,147,0.0611
ACH-000943,Pralsetinib,0.05,1546,169,86,0.0528
ACH-000943,Pravastatin (sodium),0.05,360,158,42,0.0882
ACH-000943,Pravastatin (sodium),0.5,395,434,68,0.0894
ACH-000943,Pravastatin (sodium),5.0,773,569,170,0.1451
ACH-000943,Pyridoxine,5.0,353,2276,183,0.0748
ACH-000943,Pyridoxine (hydrochloride),5.0,349,1816,195,0.099
ACH-000943,Quinestrol,5.0,400,2321,243,0.0981
ACH-000943,Radotinib,5.0,1851,3311,927,0.2189
ACH-000943,Ralimetinib dimesylate,0.05,4807,410,45,0.0087
ACH-000943,Raltitrexed,5.0,307,2768,217,0.0759
ACH-000943,Rapamycin,5.0,704,3442,377,0.1
ACH-000943,Regorafenib,0.05,765,196,83,0.0945
ACH-000943,Regorafenib,0.5,263,2369,112,0.0444
ACH-000943,Regorafenib,5.0,256,283,41,0.0823
ACH-000943,Relugolix,5.0,205,2234,101,0.0432
ACH-000943,Resveratrol,5.0,667,2863,310,0.0963
ACH-000943,Retinoic acid,5.0,479,2369,290,0.1134
ACH-000943,Riluzole hydrochloride,5.0,595,3552,423,0.1136
ACH-000943,Rimonabant,5.0,505,1925,303,0.1425
ACH-000943,Ritonavir,5.0,257,2216,158,0.0683
ACH-000943,Ropivacaine (hydrochloride monohydrate),5.0,381,2079,278,0.1274
ACH-000943,S-Adenosyl-L-methionine (disulfate tosylate),5.0,498,3104,362,0.1117
ACH-000943,Salicylic acid,5.0,304,2144,172,0.0756
ACH-000943,Saquinavir,5.0,376,2469,183,0.0687
ACH-000943,Selinexor ,5.0,2381,6435,1809,0.2582
ACH-000943,Sinomenine,5.0,335,1545,180,0.1059
ACH-000943,Sodium Salicylate,5.0,747,2791,362,0.114
ACH-000943,Sonidegib,0.05,264,500,30,0.0409
ACH-000943,Sulfisoxazole,0.5,926,1561,216,0.0951
ACH-000943,Sulfisoxazole,5.0,419,2481,214,0.0797
ACH-000943,Temsirolimus,5.0,399,2870,255,0.0846
ACH-000943,Terfenadine,0.5,975,943,169,0.0966
ACH-000943,Terfenadine,5.0,719,2471,375,0.1332
ACH-000943,Thymol,5.0,549,1122,182,0.1222
ACH-000943,Tofacitinib,5.0,696,3233,411,0.1168
ACH-000943,Tofacitinib (citrate),5.0,683,2827,454,0.1486
ACH-000943,Tolcapone,5.0,302,2952,194,0.0634
ACH-000943,Topotecan (hydrochloride),0.05,342,279,52,0.0914
ACH-000943,Topotecan (hydrochloride),0.5,287,3532,169,0.0463
ACH-000943,Topotecan (hydrochloride),5.0,349,1372,68,0.0411
ACH-000943,Trametinib,0.05,1338,2622,539,0.1576
ACH-000943,Trametinib,0.5,1598,4302,930,0.1871
ACH-000943,Trametinib,5.0,3316,2515,1099,0.2322
ACH-000943,Triamcinolone,5.0,815,2538,460,0.159
ACH-000943,Triclosan,5.0,406,2028,233,0.1059
ACH-000943,Trifluridine,5.0,344,2808,213,0.0725
ACH-000943,Trimetrexate,5.0,417,2726,228,0.0782
ACH-000943,Tucidinostat,5.0,1490,7290,1217,0.1609
ACH-000943,Vilanterol,5.0,423,2128,244,0.1058
ACH-000943,Vinblastine (sulfate),5.0,776,3699,586,0.1507
ACH-000943,c-Kit-IN-1,0.05,4282,3514,121,0.0158
ACH-000943,olaparib,0.05,233,413,25,0.0403
ACH-000950,(R)-Verapamil (hydrochloride),5.0,553,2327,339,0.1334
ACH-000950,18β-Glycyrrhetinic acid,5.0,925,2748,483,0.1514
ACH-000950,8-Hydroxyquinoline,5.0,979,3310,519,0.1377
ACH-000950,Abemaciclib,0.05,10996,2594,87,0.0064
ACH-000950,Acetohexamide,5.0,743,2513,300,0.1015
ACH-000950,Adagrasib,0.05,4812,3836,2108,0.3223
ACH-000950,Adenine,5.0,949,2972,479,0.1392
ACH-000950,Adenosine,5.0,1312,3541,741,0.1802
ACH-000950,Afatinib,0.05,2715,839,364,0.1141
ACH-000950,Afatinib,0.5,1816,4170,802,0.1547
ACH-000950,Afatinib,5.0,1759,5969,1087,0.1637
ACH-000950,Aliskiren,5.0,737,2414,400,0.1454
ACH-000950,Allantoin,5.0,1849,3857,970,0.2048
ACH-000950,Almonertinib (hydrochloride),5.0,1361,2958,589,0.1579
ACH-000950,Almonertinib (mesylate),0.05,582,724,126,0.1068
ACH-000950,Almonertinib (mesylate),0.5,873,1985,272,0.1052
ACH-000950,Almonertinib (mesylate),5.0,1108,1908,360,0.1355
ACH-000950,Amsacrine,5.0,1200,4039,694,0.1527
ACH-000950,Anethole trithione,5.0,1839,3819,1068,0.2327
ACH-000950,Artesunate,5.0,1651,4282,1225,0.2602
ACH-000950,Azithromycin (hydrate),5.0,1310,2853,607,0.1707
ACH-000950,Baicalin,5.0,1015,3574,663,0.1689
ACH-000950,Balsalazide (sodium hydrate),5.0,561,3359,351,0.0983
ACH-000950,Belumosudil,0.05,736,416,131,0.1283
ACH-000950,Belumosudil,0.5,909,3518,435,0.109
ACH-000950,Belumosudil,5.0,1781,2636,568,0.1476
ACH-000950,Berbamine,0.5,2519,1667,603,0.1683
ACH-000950,Berbamine,5.0,720,3672,438,0.1108
ACH-000950,Berbamine (dihydrochloride),0.05,1255,471,182,0.1179
ACH-000950,Berbamine (dihydrochloride),0.5,1610,1109,273,0.1116
ACH-000950,Berbamine (dihydrochloride),5.0,1449,1882,397,0.1353
ACH-000950,Berberine (chloride hydrate),5.0,994,3571,624,0.1583
ACH-000950,Bergenin,5.0,1050,2443,497,0.1659
ACH-000950,Bimatoprost,5.0,1137,3137,529,0.1413
ACH-000950,Binimetinib,0.05,3692,3155,1578,0.2995
ACH-000950,Binimetinib,0.5,2717,6760,1722,0.2221
ACH-000950,Binimetinib,5.0,4983,2669,1654,0.2758
ACH-000950,Busulfan,5.0,1380,2850,580,0.1589
ACH-000950,Captopril,0.05,1972,1137,310,0.1108
ACH-000950,Cepharanthine,5.0,1663,2910,879,0.238
ACH-000950,Chlorhexidine (diacetate),0.5,2131,2291,605,0.1585
ACH-000950,Chlorhexidine (diacetate),5.0,796,3650,503,0.1276
ACH-000950,Ciclopirox,5.0,878,3493,503,0.13
ACH-000950,Clonidine (hydrochloride),5.0,1091,4459,722,0.1495
ACH-000950,Clotrimazole,5.0,751,2708,359,0.1158
ACH-000950,Cloxacillin (sodium),5.0,831,2434,399,0.1392
ACH-000950,Cysteamine (hydrochloride),5.0,723,2583,388,0.133
ACH-000950,Cytarabine,0.05,1365,858,273,0.14
ACH-000950,Cytarabine,0.5,1096,1289,207,0.095
ACH-000950,Cytarabine,5.0,780,2477,321,0.1093
ACH-000950,DTP3,0.05,9696,3302,167,0.013
ACH-000950,Daidzin,0.05,1324,542,205,0.1234
ACH-000950,Daidzin,0.5,1090,1137,188,0.0922
ACH-000950,Daidzin,5.0,1132,1823,308,0.1164
ACH-000950,Darinaparsin,5.0,1378,4053,807,0.1745
ACH-000950,Demeclocycline,5.0,709,1679,224,0.1035
ACH-000950,Diammonium Glycyrrhizinate,5.0,804,3586,468,0.1193
ACH-000950,Docetaxel,5.0,1510,3211,712,0.1776
ACH-000950,Elagolix sodium,5.0,1539,3561,770,0.1778
ACH-000950,Flumatinib (mesylate),0.05,1297,858,262,0.1384
ACH-000950,Flumatinib (mesylate),0.5,1107,1783,340,0.1333
ACH-000950,Flumatinib (mesylate),5.0,980,2013,361,0.1372
ACH-000950,Fluvoxamine (maleate),5.0,951,4170,626,0.1393
ACH-000950,Folic acid,5.0,502,3366,272,0.0756
ACH-000950,Fumaric acid,0.05,1049,878,200,0.1158
ACH-000950,Fumaric acid,0.5,1277,2116,366,0.1209
ACH-000950,Fumaric acid,5.0,1514,2807,539,0.1425
ACH-000950,Furosemide,5.0,629,1810,259,0.1188
ACH-000950,Fusidic acid,5.0,779,2962,512,0.1586
ACH-000950,Gallic acid,5.0,889,2987,507,0.1505
ACH-000950,Gallic acid (hydrate),5.0,1444,3306,696,0.1717
ACH-000950,Gemfibrozil,5.0,1578,2975,750,0.1972
ACH-000950,Goserelin (acetate),5.0,1551,3258,781,0.1939
ACH-000950,Hexylresorcinol,5.0,1442,3245,815,0.2105
ACH-000950,Homoharringtonine,5.0,11533,12965,9404,0.623
ACH-000950,Hydroxyfasudil,0.05,671,2191,118,0.043
ACH-000950,Idarubicin (hydrochloride),5.0,10667,14859,9064,0.5506
ACH-000950,Irinotecan (hydrochloride),0.05,2335,662,259,0.0946
ACH-000950,Irinotecan (hydrochloride),0.5,2773,1525,490,0.1287
ACH-000950,Irinotecan (hydrochloride),5.0,3363,1505,571,0.1329
ACH-000950,Isocorydine,5.0,1172,3027,575,0.1587
ACH-000950,L-Thyroxine (sodium salt pentahydrate),5.0,288,3586,58,0.0152
ACH-000950,Larotrectinib,5.0,886,2329,396,0.1405
ACH-000950,Lenalidomide (hemihydrate),5.0,938,2919,518,0.1551
ACH-000950,Lidocaine (hydrochloride),5.0,1841,4054,958,0.194
ACH-000950,Lipoic acid,5.0,1229,2093,591,0.2164
ACH-000950,Lumateperone (tosylate),5.0,635,2881,367,0.1165
ACH-000950,Malotilate,0.05,3389,946,408,0.1039
ACH-000950,Medroxyprogesterone acetate,5.0,1002,2956,507,0.1469
ACH-000950,Megestrol,5.0,1083,2250,470,0.1642
ACH-000950,Methylprednisolone succinate,0.05,9863,1550,87,0.0077
ACH-000950,Mitoxantrone (dihydrochloride),5.0,1155,6545,715,0.1024
ACH-000950,Naproxen,0.05,527,533,94,0.0973
ACH-000950,Naproxen,0.5,691,1278,169,0.0939
ACH-000950,Naproxen,5.0,681,370,99,0.104
ACH-000950,Neratinib (maleate),5.0,1505,6641,1148,0.164
ACH-000950,Norepinephrine (hydrochloride),5.0,1076,3171,523,0.1404
ACH-000950,Olanzapine,5.0,950,3640,573,0.1426
ACH-000950,PF-06260933,0.05,10999,1131,62,0.0051
ACH-000950,Palmatine (chloride),5.0,700,2773,379,0.1225
ACH-000950,Pasireotide (acetate),5.0,1444,3357,780,0.194
ACH-000950,Pentagastrin,5.0,746,3646,414,0.1041
ACH-000950,Pentamidine (isethionate),0.5,1291,2552,375,0.1081
ACH-000950,Pentamidine (isethionate),5.0,1412,3128,628,0.1605
ACH-000950,Pralsetinib,0.05,3246,848,360,0.0964
ACH-000950,Pravastatin (sodium),0.05,1105,428,132,0.0942
ACH-000950,Pravastatin (sodium),0.5,1170,794,181,0.1015
ACH-000950,Pravastatin (sodium),5.0,1836,2045,601,0.1832
ACH-000950,Pyridoxine,5.0,1092,3098,544,0.1492
ACH-000950,Pyridoxine (hydrochloride),5.0,1116,3007,550,0.1539
ACH-000950,Quinestrol,5.0,1129,2991,630,0.1805
ACH-000950,Radotinib,5.0,2996,4161,1733,0.3195
ACH-000950,Ralimetinib dimesylate,0.05,10672,1721,80,0.0065
ACH-000950,Raltitrexed,5.0,805,3873,582,0.1421
ACH-000950,Rapamycin,5.0,1483,4317,762,0.1513
ACH-000950,Regorafenib,0.05,1682,1199,365,0.1451
ACH-000950,Regorafenib,0.5,968,4753,490,0.0937
ACH-000950,Regorafenib,5.0,941,2416,373,0.125
ACH-000950,Relugolix,5.0,504,3060,273,0.083
ACH-000950,Resveratrol,5.0,1324,3620,611,0.141
ACH-000950,Retinoic acid,5.0,972,3241,553,0.1511
ACH-000950,Riluzole hydrochloride,5.0,2098,4888,1318,0.2325
ACH-000950,Rimonabant,5.0,1020,2767,603,0.1894
ACH-000950,Ritonavir,5.0,800,3476,471,0.1238
ACH-000950,Ropivacaine (hydrochloride monohydrate),5.0,1123,3125,762,0.2186
ACH-000950,S-Adenosyl-L-methionine (disulfate tosylate),5.0,1470,4640,1000,0.1957
ACH-000950,Salicylic acid,5.0,964,3242,514,0.1392
ACH-000950,Saquinavir,5.0,1045,3616,526,0.1272
ACH-000950,Selinexor ,5.0,2922,7416,2175,0.2664
ACH-000950,Sinomenine,5.0,939,2373,469,0.165
ACH-000950,Sodium Salicylate,5.0,1733,3281,724,0.1688
ACH-000950,Sonidegib,0.05,4245,1785,173,0.0295
ACH-000950,Sulfisoxazole,0.5,1681,2403,469,0.1297
ACH-000950,Sulfisoxazole,5.0,838,3411,428,0.112
ACH-000950,Temsirolimus,5.0,1129,3596,700,0.1739
ACH-000950,Terfenadine,0.5,1624,2361,431,0.1213
ACH-000950,Terfenadine,5.0,1513,3657,811,0.1861
ACH-000950,Thymol,5.0,1376,1831,463,0.1687
ACH-000950,Tofacitinib,5.0,1445,3627,784,0.1828
ACH-000950,Tofacitinib (citrate),5.0,1342,3543,692,0.165
ACH-000950,Tolcapone,5.0,772,3974,522,0.1236
ACH-000950,Topotecan (hydrochloride),0.05,1385,643,186,0.101
ACH-000950,Topotecan (hydrochloride),0.5,1000,4530,557,0.112
ACH-000950,Topotecan (hydrochloride),5.0,1239,3484,530,0.1264
ACH-000950,Trametinib,0.05,3485,5088,1833,0.272
ACH-000950,Trametinib,0.5,3348,6584,2130,0.273
ACH-000950,Trametinib,5.0,5698,5025,2788,0.3514
ACH-000950,Triamcinolone,5.0,2012,3794,1187,0.257
ACH-000950,Triclosan,5.0,1036,2847,564,0.1699
ACH-000950,Trifluridine,5.0,462,3064,241,0.0734
ACH-000950,Trimetrexate,5.0,1064,3551,592,0.1472
ACH-000950,Tucidinostat,5.0,2779,9541,2275,0.2265
ACH-000950,Vilanterol,5.0,1103,3099,637,0.1787
ACH-000950,Vinblastine (sulfate),5.0,1843,5210,1320,0.2302
ACH-000950,olaparib,0.05,8221,1270,95,0.0101
ACH-000954,(R)-Verapamil (hydrochloride),5.0,572,2219,337,0.1373
ACH-000954,18β-Glycyrrhetinic acid,5.0,988,2365,459,0.1586
ACH-000954,8-Hydroxyquinoline,5.0,1122,3145,570,0.1542
ACH-000954,Abemaciclib,0.05,8752,1807,84,0.008
ACH-000954,Acetohexamide,5.0,837,2151,260,0.0953
ACH-000954,Adagrasib,0.05,4545,4375,2107,0.3093
ACH-000954,Adenine,5.0,986,2887,448,0.1308
ACH-000954,Adenosine,5.0,1127,3135,627,0.1725
ACH-000954,Afatinib,0.05,2440,291,147,0.0569
ACH-000954,Afatinib,0.5,1383,3524,583,0.1348
ACH-000954,Afatinib,5.0,1014,5984,623,0.0977
ACH-000954,Aliskiren,5.0,732,2349,380,0.1407
ACH-000954,Allantoin,5.0,1979,3420,982,0.2223
ACH-000954,Almonertinib (hydrochloride),5.0,1641,2555,638,0.1793
ACH-000954,Almonertinib (mesylate),0.05,264,427,54,0.0848
ACH-000954,Almonertinib (mesylate),0.5,541,1685,189,0.0928
ACH-000954,Almonertinib (mesylate),5.0,702,1683,204,0.0935
ACH-000954,Amsacrine,5.0,1634,4179,1005,0.209
ACH-000954,Anethole trithione,5.0,1824,3599,941,0.21
ACH-000954,Artesunate,5.0,2204,4526,1548,0.2987
ACH-000954,Azithromycin (hydrate),5.0,1346,2361,585,0.1874
ACH-000954,Baicalin,5.0,880,3161,541,0.1546
ACH-000954,Balsalazide (sodium hydrate),5.0,500,3030,292,0.0902
ACH-000954,Belumosudil,0.05,436,275,62,0.0955
ACH-000954,Belumosudil,0.5,488,811,104,0.087
ACH-000954,Belumosudil,5.0,1071,1599,295,0.1242
ACH-000954,Berbamine,0.5,1379,1488,413,0.1683
ACH-000954,Berbamine,5.0,682,3154,380,0.11
ACH-000954,Berbamine (dihydrochloride),0.05,866,159,79,0.0835
ACH-000954,Berbamine (dihydrochloride),0.5,833,653,127,0.0935
ACH-000954,Berbamine (dihydrochloride),5.0,764,1251,150,0.0804
ACH-000954,Berberine (chloride hydrate),5.0,763,3377,457,0.1241
ACH-000954,Bergenin,5.0,976,1984,378,0.1464
ACH-000954,Bimatoprost,5.0,926,2724,375,0.1145
ACH-000954,Binimetinib,0.05,3544,2917,1505,0.3037
ACH-000954,Binimetinib,0.5,2643,6973,1667,0.2097
ACH-000954,Binimetinib,5.0,3758,2480,1355,0.2775
ACH-000954,Busulfan,5.0,1504,2299,604,0.1888
ACH-000954,Captopril,0.05,1795,648,209,0.0936
ACH-000954,Cepharanthine,5.0,1400,2390,675,0.2167
ACH-000954,Chlorhexidine (diacetate),0.5,1317,2332,435,0.1353
ACH-000954,Chlorhexidine (diacetate),5.0,852,3469,517,0.1359
ACH-000954,Ciclopirox,5.0,1002,2862,522,0.1562
ACH-000954,Clonidine (hydrochloride),5.0,1021,4425,630,0.1308
ACH-000954,Clotrimazole,5.0,772,2493,389,0.1353
ACH-000954,Cloxacillin (sodium),5.0,926,2194,420,0.1556
ACH-000954,Cysteamine (hydrochloride),5.0,679,2403,343,0.1252
ACH-000954,Cytarabine,0.05,702,514,115,0.1045
ACH-000954,Cytarabine,0.5,550,628,110,0.103
ACH-000954,Cytarabine,5.0,459,1435,139,0.0792
ACH-000954,DTP3,0.05,9272,2374,122,0.0106
ACH-000954,Daidzin,0.05,721,196,90,0.1088
ACH-000954,Daidzin,0.5,497,802,84,0.0691
ACH-000954,Daidzin,5.0,756,1215,132,0.0718
ACH-000954,Darinaparsin,5.0,1658,3969,1000,0.2161
ACH-000954,Demeclocycline,5.0,673,1667,214,0.1007
ACH-000954,Diammonium Glycyrrhizinate,5.0,786,3538,452,0.1167
ACH-000954,Docetaxel,5.0,1691,3433,878,0.2068
ACH-000954,Elagolix sodium,5.0,1454,3284,700,0.1734
ACH-000954,Flumatinib (mesylate),0.05,980,475,139,0.1056
ACH-000954,Flumatinib (mesylate),0.5,690,1381,193,0.1028
ACH-000954,Flumatinib (mesylate),5.0,608,1380,196,0.1094
ACH-000954,Fluvoxamine (maleate),5.0,972,3478,615,0.1604
ACH-000954,Folic acid,5.0,420,3458,229,0.0628
ACH-000954,Fumaric acid,0.05,672,551,106,0.0949
ACH-000954,Fumaric acid,0.5,576,1720,173,0.0815
ACH-000954,Fumaric acid,5.0,1052,2490,371,0.117
ACH-000954,Furosemide,5.0,615,1661,233,0.114
ACH-000954,Fusidic acid,5.0,741,2758,486,0.1613
ACH-000954,Gallic acid,5.0,871,2885,428,0.1286
ACH-000954,Gallic acid (hydrate),5.0,1400,2520,584,0.1751
ACH-000954,Gemfibrozil,5.0,1533,2752,763,0.2166
ACH-000954,Goserelin (acetate),5.0,1801,3149,781,0.1873
ACH-000954,Hexylresorcinol,5.0,1407,2552,669,0.2033
ACH-000954,Homoharringtonine,5.0,11077,13313,9332,0.6197
ACH-000954,Hydroxyfasudil,0.05,574,1622,65,0.0305
ACH-000954,Idarubicin (hydrochloride),5.0,12613,18086,11178,0.5726
ACH-000954,Irinotecan (hydrochloride),0.05,1564,254,88,0.0509
ACH-000954,Irinotecan (hydrochloride),0.5,1172,1584,285,0.1153
ACH-000954,Irinotecan (hydrochloride),5.0,1079,1193,198,0.0955
ACH-000954,Isocorydine,5.0,1595,2699,628,0.1713
ACH-000954,L-Thyroxine (sodium salt pentahydrate),5.0,5597,2988,132,0.0156
ACH-000954,Larotrectinib,5.0,725,2274,358,0.1356
ACH-000954,Lenalidomide (hemihydrate),5.0,853,2720,512,0.1673
ACH-000954,Lidocaine (hydrochloride),5.0,2200,3749,1094,0.2253
ACH-000954,Lipoic acid,5.0,848,1616,385,0.1852
ACH-000954,Lumateperone (tosylate),5.0,463,2677,264,0.0918
ACH-000954,Malotilate,0.05,3176,558,236,0.0675
ACH-000954,Medroxyprogesterone acetate,5.0,1039,2494,435,0.1404
ACH-000954,Megestrol,5.0,757,2152,327,0.1266
ACH-000954,Mitoxantrone (dihydrochloride),5.0,1344,11212,997,0.0863
ACH-000954,Naproxen,0.05,217,300,38,0.0793
ACH-000954,Naproxen,0.5,343,1119,101,0.0742
ACH-000954,Naproxen,5.0,301,335,54,0.0928
ACH-000954,Neratinib (maleate),5.0,1188,4404,696,0.1422
ACH-000954,Norepinephrine (hydrochloride),5.0,1033,2704,473,0.1449
ACH-000954,Olanzapine,5.0,941,3231,560,0.155
ACH-000954,PF-06260933,0.05,3616,688,54,0.0127
ACH-000954,Palmatine (chloride),5.0,792,2677,418,0.137
ACH-000954,Pasireotide (acetate),5.0,1837,2911,814,0.2069
ACH-000954,Pentagastrin,5.0,1038,3375,456,0.1152
ACH-000954,Pentamidine (isethionate),0.5,873,2376,224,0.074
ACH-000954,Pentamidine (isethionate),5.0,1326,3219,567,0.1425
ACH-000954,Pralsetinib,0.05,2453,432,186,0.0689
ACH-000954,Pravastatin (sodium),0.05,620,250,57,0.0701
ACH-000954,Pravastatin (sodium),0.5,635,567,102,0.0927
ACH-000954,Pravastatin (sodium),5.0,1071,1604,339,0.1451
ACH-000954,Pyridoxine,5.0,1121,2758,447,0.1302
ACH-000954,Pyridoxine (hydrochloride),5.0,1049,2847,496,0.1459
ACH-000954,Quinestrol,5.0,732,2978,420,0.1277
ACH-000954,Radotinib,5.0,2453,3420,1290,0.2815
ACH-000954,Raltitrexed,5.0,915,3817,607,0.1472
ACH-000954,Rapamycin,5.0,1228,3976,638,0.1397
ACH-000954,Regorafenib,0.05,1501,567,203,0.1088
ACH-000954,Regorafenib,0.5,599,4239,310,0.0685
ACH-000954,Regorafenib,5.0,470,1511,166,0.0915
ACH-000954,Relugolix,5.0,587,2868,295,0.0934
ACH-000954,Resveratrol,5.0,1498,3208,636,0.1563
ACH-000954,Retinoic acid,5.0,1318,2763,619,0.1788
ACH-000954,Riluzole hydrochloride,5.0,2356,4768,1410,0.2468
ACH-000954,Rimonabant,5.0,766,2342,440,0.1649
ACH-000954,Ritonavir,5.0,863,3223,540,0.1523
ACH-000954,Ropivacaine (hydrochloride monohydrate),5.0,1406,3373,924,0.2397
ACH-000954,S-Adenosyl-L-methionine (disulfate tosylate),5.0,1429,4360,981,0.204
ACH-000954,Salicylic acid,5.0,869,3105,418,0.1175
ACH-000954,Saquinavir,5.0,825,3053,422,0.1221
ACH-000954,Selinexor ,5.0,2515,6677,1797,0.243
ACH-000954,Sinomenine,5.0,1015,1820,421,0.1744
ACH-000954,Sodium Salicylate,5.0,1914,3029,753,0.1797
ACH-000954,Sonidegib,0.05,575,1486,74,0.0372
ACH-000954,Sulfisoxazole,0.5,1018,2116,268,0.0935
ACH-000954,Sulfisoxazole,5.0,679,2952,352,0.1073
ACH-000954,Temsirolimus,5.0,1103,3437,703,0.1832
ACH-000954,Terfenadine,0.5,1624,2108,414,0.1248
ACH-000954,Terfenadine,5.0,1863,3467,799,0.1763
ACH-000954,Thymol,5.0,1563,1539,403,0.1493
ACH-000954,Tofacitinib,5.0,736,2533,345,0.118
ACH-000954,Tofacitinib (citrate),5.0,1722,2293,656,0.1953
ACH-000954,Tolcapone,5.0,716,3731,479,0.1207
ACH-000954,Topotecan (hydrochloride),0.05,940,249,61,0.0541
ACH-000954,Topotecan (hydrochloride),0.5,670,2906,337,0.104
ACH-000954,Topotecan (hydrochloride),5.0,934,3652,408,0.0977
ACH-000954,Trametinib,0.05,3452,4090,1514,0.2512
ACH-000954,Trametinib,0.5,2731,7177,1783,0.2194
ACH-000954,Trametinib,5.0,3693,5584,2095,0.2917
ACH-000954,Triamcinolone,5.0,2628,2949,1135,0.2555
ACH-000954,Triclosan,5.0,955,2357,469,0.165
ACH-000954,Trifluridine,5.0,714,2941,365,0.1109
ACH-000954,Trimetrexate,5.0,925,3265,510,0.1386
ACH-000954,Tucidinostat,5.0,2705,9131,2167,0.2241
ACH-000954,Vilanterol,5.0,1191,2825,692,0.2082
ACH-000954,Vinblastine (sulfate),5.0,1689,3464,919,0.2171
ACH-000954,c-Kit-IN-1,0.05,8651,4130,170,0.0135
ACH-000954,olaparib,0.05,8787,696,75,0.008
ACH-000957,(R)-Verapamil (hydrochloride),5.0,349,1975,219,0.104
ACH-000957,18β-Glycyrrhetinic acid,5.0,547,1837,247,0.1156
ACH-000957,8-Hydroxyquinoline,5.0,787,2022,342,0.1386
ACH-000957,Abemaciclib,0.05,9273,1967,60,0.0054
ACH-000957,Acetohexamide,5.0,653,1595,215,0.1058
ACH-000957,Adagrasib,0.05,3441,3573,1593,0.2939
ACH-000957,Adenine,5.0,822,1583,288,0.136
ACH-000957,Adenosine,5.0,714,2440,390,0.1411
ACH-000957,Afatinib,0.05,2217,476,211,0.085
ACH-000957,Afatinib,0.5,1598,3207,662,0.1598
ACH-000957,Afatinib,5.0,1082,4770,620,0.1185
ACH-000957,Aliskiren,5.0,416,1679,204,0.1079
ACH-000957,Allantoin,5.0,1597,2914,736,0.195
ACH-000957,Almonertinib (hydrochloride),5.0,1066,1895,382,0.1481
ACH-000957,Almonertinib (mesylate),0.05,357,441,67,0.0917
ACH-000957,Almonertinib (mesylate),0.5,751,1836,255,0.1093
ACH-000957,Almonertinib (mesylate),5.0,820,2079,289,0.1107
ACH-000957,Amsacrine,5.0,1239,3676,713,0.1697
ACH-000957,Anethole trithione,5.0,1208,2276,620,0.2165
ACH-000957,Artesunate,5.0,1792,4066,1302,0.2858
ACH-000957,Azithromycin (hydrate),5.0,756,1864,320,0.1391
ACH-000957,Baicalin,5.0,801,2593,485,0.1667
ACH-000957,Balsalazide (sodium hydrate),5.0,394,2121,206,0.0892
ACH-000957,Belumosudil,0.05,531,330,89,0.1153
ACH-000957,Belumosudil,0.5,825,747,140,0.0978
ACH-000957,Belumosudil,5.0,1247,2098,369,0.124
ACH-000957,Berbamine,0.5,1695,1131,337,0.1354
ACH-000957,Berbamine,5.0,530,2773,295,0.0981
ACH-000957,Berbamine (dihydrochloride),0.05,931,332,138,0.1227
ACH-000957,Berbamine (dihydrochloride),0.5,1176,1204,305,0.147
ACH-000957,Berbamine (dihydrochloride),5.0,1437,1630,344,0.1263
ACH-000957,Berberine (chloride hydrate),5.0,557,2339,321,0.1247
ACH-000957,Bergenin,5.0,913,1728,354,0.1548
ACH-000957,Bimatoprost,5.0,562,1813,213,0.0985
ACH-000957,Binimetinib,0.05,2516,2668,1138,0.2813
ACH-000957,Binimetinib,0.5,2874,5043,1464,0.2269
ACH-000957,Binimetinib,5.0,3587,1301,820,0.2016
ACH-000957,Busulfan,5.0,962,1829,380,0.1576
ACH-000957,Captopril,0.05,2048,1082,325,0.1159
ACH-000957,Cepharanthine,5.0,1155,2109,560,0.2071
ACH-000957,Chlorhexidine (diacetate),0.5,1590,1387,347,0.1319
ACH-000957,Chlorhexidine (diacetate),5.0,428,2508,259,0.0968
ACH-000957,Ciclopirox,5.0,521,2741,275,0.0921
ACH-000957,Clonidine (hydrochloride),5.0,586,3258,343,0.098
ACH-000957,Clotrimazole,5.0,674,1966,288,0.1224
ACH-000957,Cloxacillin (sodium),5.0,535,1580,262,0.1414
ACH-000957,Cysteamine (hydrochloride),5.0,523,1804,257,0.1242
ACH-000957,Cytarabine,0.05,718,639,129,0.105
ACH-000957,Cytarabine,0.5,846,1023,161,0.0943
ACH-000957,Cytarabine,5.0,550,2270,221,0.085
ACH-000957,Daidzin,0.05,757,435,125,0.1172
ACH-000957,Daidzin,0.5,817,1095,162,0.0926
ACH-000957,Daidzin,5.0,735,1499,184,0.0898
ACH-000957,Darinaparsin,5.0,1160,2703,579,0.1763
ACH-000957,Demeclocycline,5.0,399,1223,118,0.0785
ACH-000957,Diammonium Glycyrrhizinate,5.0,559,2594,310,0.109
ACH-000957,Docetaxel,5.0,972,2204,425,0.1545
ACH-000957,Elagolix sodium,5.0,1266,2403,489,0.1538
ACH-000957,Flumatinib (mesylate),0.05,1103,441,152,0.1092
ACH-000957,Flumatinib (mesylate),0.5,1032,1278,253,0.123
ACH-000957,Flumatinib (mesylate),5.0,686,1594,264,0.131
ACH-000957,Fluvoxamine (maleate),5.0,499,3240,340,0.1
ACH-000957,Folic acid,5.0,386,1897,162,0.0764
ACH-000957,Fumaric acid,0.05,712,642,126,0.1026
ACH-000957,Fumaric acid,0.5,750,1791,230,0.0995
ACH-000957,Fumaric acid,5.0,1154,2669,417,0.1224
ACH-000957,Furosemide,5.0,621,1209,167,0.1004
ACH-000957,Fusidic acid,5.0,456,1961,302,0.1428
ACH-000957,Gallic acid,5.0,569,1644,260,0.1331
ACH-000957,Gallic acid (hydrate),5.0,828,2095,348,0.1351
ACH-000957,Gemfibrozil,5.0,782,2295,402,0.1503
ACH-000957,Goserelin (acetate),5.0,1203,2198,497,0.1711
ACH-000957,Hexylresorcinol,5.0,1021,2473,541,0.1832
ACH-000957,Homoharringtonine,5.0,8720,10524,7262,0.6061
ACH-000957,Hydroxyfasudil,0.05,551,1272,70,0.0399
ACH-000957,Idarubicin (hydrochloride),5.0,9326,12883,7839,0.5455
ACH-000957,Irinotecan (hydrochloride),0.05,1623,322,109,0.0594
ACH-000957,Irinotecan (hydrochloride),0.5,1559,1411,353,0.1349
ACH-000957,Irinotecan (hydrochloride),5.0,1818,1700,398,0.1276
ACH-000957,Isocorydine,5.0,977,1641,372,0.1656
ACH-000957,L-Thyroxine (sodium salt pentahydrate),5.0,255,3085,56,0.0171
ACH-000957,Larotrectinib,5.0,465,1354,174,0.1058
ACH-000957,Lenalidomide (hemihydrate),5.0,622,2089,312,0.1301
ACH-000957,Lidocaine (hydrochloride),5.0,1799,2580,702,0.1909
ACH-000957,Lipoic acid,5.0,720,947,266,0.1899
ACH-000957,Lumateperone (tosylate),5.0,373,1871,195,0.0952
ACH-000957,Malotilate,0.05,3385,709,296,0.0779
ACH-000957,Medroxyprogesterone acetate,5.0,860,1867,290,0.119
ACH-000957,Megestrol,5.0,524,1583,182,0.0945
ACH-000957,Methylprednisolone succinate,0.05,8353,1131,63,0.0067
ACH-000957,Mitoxantrone (dihydrochloride),5.0,842,5031,458,0.0846
ACH-000957,Naproxen,0.05,274,263,41,0.0827
ACH-000957,Naproxen,0.5,502,808,101,0.0835
ACH-000957,Naproxen,5.0,325,375,63,0.0989
ACH-000957,Neratinib (maleate),5.0,1062,4133,712,0.1588
ACH-000957,Norepinephrine (hydrochloride),5.0,672,2115,266,0.1055
ACH-000957,Olanzapine,5.0,700,2372,308,0.1114
ACH-000957,PF-06260933,0.05,8639,658,56,0.0061
ACH-000957,Palmatine (chloride),5.0,528,1885,228,0.1043
ACH-000957,Pasireotide (acetate),5.0,1042,2283,456,0.1589
ACH-000957,Pentagastrin,5.0,561,2765,275,0.0901
ACH-000957,Pentamidine (isethionate),0.5,1129,1524,270,0.1133
ACH-000957,Pentamidine (isethionate),5.0,1054,2256,357,0.1209
ACH-000957,Pralsetinib,0.05,1984,437,162,0.0717
ACH-000957,Pravastatin (sodium),0.05,706,267,85,0.0957
ACH-000957,Pravastatin (sodium),0.5,776,871,161,0.1083
ACH-000957,Pravastatin (sodium),5.0,1318,2033,482,0.168
ACH-000957,Pyridoxine,5.0,678,1965,286,0.1213
ACH-000957,Pyridoxine (hydrochloride),5.0,804,1585,282,0.1338
ACH-000957,Quinestrol,5.0,573,2103,303,0.1277
ACH-000957,Radotinib,5.0,1499,2868,868,0.2481
ACH-000957,Raltitrexed,5.0,647,2770,427,0.1428
ACH-000957,Rapamycin,5.0,971,3114,446,0.1226
ACH-000957,Regorafenib,0.05,1219,695,208,0.1219
ACH-000957,Regorafenib,0.5,598,3446,302,0.0807
ACH-000957,Regorafenib,5.0,487,1197,174,0.1152
ACH-000957,Relugolix,5.0,301,1940,155,0.0743
ACH-000957,Resveratrol,5.0,984,2414,384,0.1274
ACH-000957,Retinoic acid,5.0,982,2426,471,0.1604
ACH-000957,Riluzole hydrochloride,5.0,1480,3372,821,0.2037
ACH-000957,Rimonabant,5.0,654,1919,353,0.159
ACH-000957,Ritonavir,5.0,528,2461,268,0.0985
ACH-000957,Ropivacaine (hydrochloride monohydrate),5.0,803,2359,493,0.1847
ACH-000957,S-Adenosyl-L-methionine (disulfate tosylate),5.0,908,3298,618,0.1722
ACH-000957,Salicylic acid,5.0,653,2429,262,0.0929
ACH-000957,Saquinavir,5.0,546,2229,259,0.1029
ACH-000957,Selinexor ,5.0,2582,6288,1839,0.2616
ACH-000957,Sinomenine,5.0,519,1194,217,0.1451
ACH-000957,Sodium Salicylate,5.0,1419,2613,480,0.1351
ACH-000957,Sonidegib,0.05,563,1326,90,0.05
ACH-000957,Sulfisoxazole,0.5,1922,1647,371,0.116
ACH-000957,Sulfisoxazole,5.0,623,2368,266,0.0976
ACH-000957,Temsirolimus,5.0,575,2508,373,0.1376
ACH-000957,Terfenadine,0.5,1810,1542,398,0.1347
ACH-000957,Terfenadine,5.0,1274,3049,608,0.1637
ACH-000957,Thymol,5.0,1089,1055,259,0.1374
ACH-000957,Tofacitinib,5.0,614,1937,235,0.1015
ACH-000957,Tofacitinib (citrate),5.0,793,1649,336,0.1595
ACH-000957,Tolcapone,5.0,427,3187,273,0.0817
ACH-000957,Topotecan (hydrochloride),0.05,851,472,119,0.0988
ACH-000957,Topotecan (hydrochloride),0.5,955,3691,501,0.1209
ACH-000957,Topotecan (hydrochloride),5.0,882,3483,396,0.0998
ACH-000957,Trametinib,0.05,2457,3723,1157,0.2303
ACH-000957,Trametinib,0.5,2583,5142,1408,0.2229
ACH-000957,Trametinib,5.0,3846,3718,1638,0.2764
ACH-000957,Triamcinolone,5.0,1412,2388,701,0.2262
ACH-000957,Triclosan,5.0,716,2339,373,0.1391
ACH-000957,Trifluridine,5.0,517,2740,253,0.0842
ACH-000957,Trimetrexate,5.0,490,2713,251,0.085
ACH-000957,Tucidinostat,5.0,2565,8990,2116,0.2242
ACH-000957,Vilanterol,5.0,717,2228,378,0.1473
ACH-000957,Vinblastine (sulfate),5.0,1661,4602,1178,0.2317
ACH-000957,c-Kit-IN-1,0.05,7288,2898,138,0.0137
ACH-000957,olaparib,0.05,8881,699,40,0.0042
ACH-000958,(R)-Verapamil (hydrochloride),5.0,190,942,117,0.1153
ACH-000958,18β-Glycyrrhetinic acid,5.0,322,824,100,0.0956
ACH-000958,8-Hydroxyquinoline,5.0,271,1163,111,0.0839
ACH-000958,Acetohexamide,5.0,201,928,78,0.0742
ACH-000958,Adagrasib,0.05,1273,1912,511,0.1911
ACH-000958,Adenine,5.0,319,898,156,0.147
ACH-000958,Adenosine,5.0,318,1360,173,0.115
ACH-000958,Afatinib,0.05,683,82,37,0.0508
ACH-000958,Afatinib,0.5,265,1329,97,0.0648
ACH-000958,Afatinib,5.0,272,2163,137,0.0596
ACH-000958,Aliskiren,5.0,209,818,102,0.1103
ACH-000958,Allantoin,5.0,496,1658,231,0.1201
ACH-000958,Almonertinib (hydrochloride),5.0,628,1054,179,0.1191
ACH-000958,Almonertinib (mesylate),0.05,63,32,2,0.0215
ACH-000958,Almonertinib (mesylate),0.5,102,547,34,0.0553
ACH-000958,Almonertinib (mesylate),5.0,355,234,44,0.0807
ACH-000958,Amsacrine,5.0,490,2869,311,0.102
ACH-000958,Anethole trithione,5.0,804,1173,303,0.181
ACH-000958,Artesunate,5.0,1003,2469,648,0.2295
ACH-000958,Azithromycin (hydrate),5.0,330,777,121,0.1227
ACH-000958,Baicalin,5.0,307,1145,181,0.1424
ACH-000958,Balsalazide (sodium hydrate),5.0,177,785,113,0.1331
ACH-000958,Belumosudil,0.05,78,11,6,0.0723
ACH-000958,Belumosudil,0.5,109,137,18,0.0789
ACH-000958,Belumosudil,5.0,494,720,112,0.1016
ACH-000958,Berbamine,0.5,723,243,72,0.0805
ACH-000958,Berbamine,5.0,177,1399,93,0.0627
ACH-000958,Berbamine (dihydrochloride),0.05,181,16,10,0.0535
ACH-000958,Berbamine (dihydrochloride),0.5,227,132,21,0.0621
ACH-000958,Berbamine (dihydrochloride),5.0,443,190,38,0.0639
ACH-000958,Berberine (chloride hydrate),5.0,228,1160,137,0.1095
ACH-000958,Bergenin,5.0,575,928,174,0.1309
ACH-000958,Bimatoprost,5.0,159,1115,69,0.0573
ACH-000958,Binimetinib,0.05,969,1188,357,0.1983
ACH-000958,Binimetinib,0.5,885,3145,488,0.1378
ACH-000958,Binimetinib,5.0,1395,342,174,0.1113
ACH-000958,Busulfan,5.0,375,877,116,0.1021
ACH-000958,Captopril,0.05,830,240,58,0.0573
ACH-000958,Cepharanthine,5.0,396,750,151,0.1518
ACH-000958,Chlorhexidine (diacetate),0.5,552,422,91,0.1031
ACH-000958,Chlorhexidine (diacetate),5.0,245,1449,138,0.0887
ACH-000958,Ciclopirox,5.0,327,1525,156,0.092
ACH-000958,Clonidine (hydrochloride),5.0,520,1732,254,0.1271
ACH-000958,Clotrimazole,5.0,185,1040,100,0.0889
ACH-000958,Cloxacillin (sodium),5.0,232,811,88,0.0921
ACH-000958,Cysteamine (hydrochloride),5.0,80,886,51,0.0557
ACH-000958,Cytarabine,0.05,200,8,3,0.0146
ACH-000958,Cytarabine,0.5,112,322,26,0.0637
ACH-000958,Cytarabine,5.0,79,528,23,0.0394
ACH-000958,Daidzin,0.05,203,14,8,0.0383
ACH-000958,Daidzin,0.5,148,164,26,0.0909
ACH-000958,Daidzin,5.0,321,246,34,0.0638
ACH-000958,Darinaparsin,5.0,337,1857,200,0.1003
ACH-000958,Demeclocycline,5.0,179,537,50,0.0751
ACH-000958,Diammonium Glycyrrhizinate,5.0,186,1304,117,0.0852
ACH-000958,Docetaxel,5.0,449,1367,228,0.1436
ACH-000958,Elagolix sodium,5.0,473,1176,185,0.1264
ACH-000958,Flumatinib (mesylate),0.05,172,39,14,0.0711
ACH-000958,Flumatinib (mesylate),0.5,114,461,29,0.0531
ACH-000958,Flumatinib (mesylate),5.0,142,169,27,0.0951
ACH-000958,Fluvoxamine (maleate),5.0,126,1392,85,0.0593
ACH-000958,Folic acid,5.0,196,872,87,0.0887
ACH-000958,Fumaric acid,0.05,144,87,21,0.1
ACH-000958,Fumaric acid,0.5,109,361,24,0.0538
ACH-000958,Fumaric acid,5.0,350,433,77,0.1091
ACH-000958,Furosemide,5.0,158,658,83,0.1132
ACH-000958,Fusidic acid,5.0,270,1035,165,0.1447
ACH-000958,Gallic acid,5.0,386,890,171,0.1548
ACH-000958,Gallic acid (hydrate),5.0,289,1295,120,0.082
ACH-000958,Gemfibrozil,5.0,302,1379,147,0.0958
ACH-000958,Goserelin (acetate),5.0,525,1159,240,0.1662
ACH-000958,Hexylresorcinol,5.0,533,1156,252,0.1754
ACH-000958,Homoharringtonine,5.0,6661,8906,5493,0.5453
ACH-000958,Hydroxyfasudil,0.05,338,615,32,0.0347
ACH-000958,Idarubicin (hydrochloride),5.0,4563,7056,3179,0.3767
ACH-000958,Irinotecan (hydrochloride),0.05,552,12,4,0.0071
ACH-000958,Irinotecan (hydrochloride),0.5,251,286,43,0.087
ACH-000958,Irinotecan (hydrochloride),5.0,556,147,44,0.0668
ACH-000958,Isocorydine,5.0,384,699,116,0.12
ACH-000958,L-Thyroxine (sodium salt pentahydrate),5.0,267,1151,35,0.0253
ACH-000958,Larotrectinib,5.0,196,795,67,0.0725
ACH-000958,Lenalidomide (hemihydrate),5.0,217,952,97,0.0905
ACH-000958,Lidocaine (hydrochloride),5.0,641,1508,264,0.1401
ACH-000958,Lipoic acid,5.0,341,561,138,0.1806
ACH-000958,Lumateperone (tosylate),5.0,187,858,113,0.1212
ACH-000958,Malotilate,0.05,1573,198,65,0.0381
ACH-000958,Medroxyprogesterone acetate,5.0,220,1028,104,0.0909
ACH-000958,Megestrol,5.0,169,733,88,0.1081
ACH-000958,Methylprednisolone succinate,0.05,62,317,15,0.0412
ACH-000958,Mitoxantrone (dihydrochloride),5.0,264,4545,160,0.0344
ACH-000958,Naproxen,0.05,69,86,10,0.069
ACH-000958,Naproxen,0.5,58,337,18,0.0477
ACH-000958,Naproxen,5.0,122,57,15,0.0915
ACH-000958,Neratinib (maleate),5.0,843,3348,551,0.1514
ACH-000958,Norepinephrine (hydrochloride),5.0,231,1153,104,0.0812
ACH-000958,Olanzapine,5.0,337,1248,177,0.1257
ACH-000958,Palmatine (chloride),5.0,205,977,108,0.1006
ACH-000958,Pasireotide (acetate),5.0,402,1123,159,0.1164
ACH-000958,Pentagastrin,5.0,156,1286,87,0.0642
ACH-000958,Pentamidine (isethionate),0.5,269,564,34,0.0426
ACH-000958,Pentamidine (isethionate),5.0,407,1385,172,0.1062
ACH-000958,Pralsetinib,0.05,688,188,59,0.0722
ACH-000958,Pravastatin (sodium),0.05,186,21,8,0.0402
ACH-000958,Pravastatin (sodium),0.5,273,145,26,0.0663
ACH-000958,Pravastatin (sodium),5.0,469,339,96,0.1348
ACH-000958,Pyridoxine,5.0,224,1380,114,0.0765
ACH-000958,Pyridoxine (hydrochloride),5.0,278,729,103,0.1139
ACH-000958,Quinestrol,5.0,282,1009,146,0.1275
ACH-000958,Radotinib,5.0,392,1211,206,0.1475
ACH-000958,Raltitrexed,5.0,195,1357,126,0.0884
ACH-000958,Rapamycin,5.0,365,1517,174,0.1019
ACH-000958,Regorafenib,0.05,388,127,41,0.0865
ACH-000958,Regorafenib,0.5,203,1935,88,0.0429
ACH-000958,Regorafenib,5.0,134,77,16,0.0821
ACH-000958,Relugolix,5.0,149,885,67,0.0693
ACH-000958,Resveratrol,5.0,450,1213,146,0.0962
ACH-000958,Retinoic acid,5.0,456,1027,162,0.1226
ACH-000958,Riluzole hydrochloride,5.0,455,1854,259,0.1263
ACH-000958,Rimonabant,5.0,318,889,171,0.1651
ACH-000958,Ritonavir,5.0,167,1186,80,0.0628
ACH-000958,Ropivacaine (hydrochloride monohydrate),5.0,339,1082,185,0.1497
ACH-000958,S-Adenosyl-L-methionine (disulfate tosylate),5.0,396,1802,268,0.1389
ACH-000958,Salicylic acid,5.0,238,1128,126,0.1016
ACH-000958,Saquinavir,5.0,252,1360,103,0.0683
ACH-000958,Selinexor ,5.0,1511,3395,889,0.2213
ACH-000958,Sinomenine,5.0,314,635,125,0.1517
ACH-000958,Sodium Salicylate,5.0,410,1175,171,0.1209
ACH-000958,Sonidegib,0.05,211,303,19,0.0384
ACH-000958,Sulfisoxazole,0.5,584,495,62,0.061
ACH-000958,Sulfisoxazole,5.0,261,1474,130,0.081
ACH-000958,Temsirolimus,5.0,232,1185,146,0.1149
ACH-000958,Terfenadine,0.5,442,691,87,0.0832
ACH-000958,Terfenadine,5.0,747,1390,262,0.1397
ACH-000958,Thymol,5.0,280,619,98,0.1223
ACH-000958,Tofacitinib,5.0,320,1341,134,0.0878
ACH-000958,Tofacitinib (citrate),5.0,561,1177,243,0.1625
ACH-000958,Tolcapone,5.0,241,1701,159,0.0892
ACH-000958,Topotecan (hydrochloride),0.05,210,79,17,0.0625
ACH-000958,Topotecan (hydrochloride),0.5,167,1153,86,0.0697
ACH-000958,Topotecan (hydrochloride),5.0,203,875,54,0.0527
ACH-000958,Trametinib,0.05,719,1694,268,0.1249
ACH-000958,Trametinib,0.5,703,2803,392,0.1259
ACH-000958,Trametinib,5.0,1461,1040,403,0.1921
ACH-000958,Triamcinolone,5.0,601,1375,278,0.1637
ACH-000958,Triclosan,5.0,258,1029,141,0.123
ACH-000958,Trifluridine,5.0,266,1538,105,0.0618
ACH-000958,Trimetrexate,5.0,268,1414,137,0.0887
ACH-000958,Tucidinostat,5.0,743,4756,582,0.1184
ACH-000958,Vilanterol,5.0,355,1204,188,0.1371
ACH-000958,Vinblastine (sulfate),5.0,583,2054,341,0.1485
ACH-000958,olaparib,0.05,125,361,26,0.0565
ACH-000997,(R)-Verapamil (hydrochloride),5.0,54,1063,45,0.042
ACH-000997,18β-Glycyrrhetinic acid,5.0,107,957,49,0.0483
ACH-000997,8-Hydroxyquinoline,5.0,200,1243,81,0.0595
ACH-000997,Acetohexamide,5.0,175,1108,55,0.0448
ACH-000997,Adagrasib,0.05,1406,1032,391,0.191
ACH-000997,Adenine,5.0,94,1095,42,0.0366
ACH-000997,Adenosine,5.0,68,1792,46,0.0254
ACH-000997,Afatinib,0.05,685,225,45,0.052
ACH-000997,Afatinib,0.5,848,1384,223,0.111
ACH-000997,Afatinib,5.0,317,1913,142,0.068
ACH-000997,Aliskiren,5.0,49,721,25,0.0336
ACH-000997,Allantoin,5.0,419,1404,153,0.0916
ACH-000997,Almonertinib (hydrochloride),5.0,147,1422,71,0.0474
ACH-000997,Almonertinib (mesylate),0.05,174,89,16,0.0648
ACH-000997,Almonertinib (mesylate),0.5,411,993,119,0.0926
ACH-000997,Almonertinib (mesylate),5.0,405,490,72,0.0875
ACH-000997,Amsacrine,5.0,214,1867,136,0.0699
ACH-000997,Anethole trithione,5.0,193,1252,109,0.0816
ACH-000997,Artesunate,5.0,582,2975,401,0.1271
ACH-000997,Azithromycin (hydrate),5.0,115,884,48,0.0505
ACH-000997,Baicalin,5.0,85,1534,56,0.0358
ACH-000997,Balsalazide (sodium hydrate),5.0,53,1341,29,0.0212
ACH-000997,Belumosudil,0.05,160,59,14,0.0683
ACH-000997,Belumosudil,0.5,388,502,75,0.092
ACH-000997,Belumosudil,5.0,378,522,36,0.0417
ACH-000997,Berbamine,0.5,688,257,72,0.0825
ACH-000997,Berbamine,5.0,55,1066,36,0.0332
ACH-000997,Berbamine (dihydrochloride),0.05,315,41,18,0.0533
ACH-000997,Berbamine (dihydrochloride),0.5,308,351,42,0.0681
ACH-000997,Berbamine (dihydrochloride),5.0,492,432,65,0.0757
ACH-000997,Berberine (chloride hydrate),5.0,65,1128,38,0.0329
ACH-000997,Bergenin,5.0,84,882,50,0.0546
ACH-000997,Bimatoprost,5.0,64,1640,29,0.0173
ACH-000997,Binimetinib,0.05,1044,1179,343,0.1824
ACH-000997,Binimetinib,0.5,1087,2854,462,0.1328
ACH-000997,Binimetinib,5.0,1732,223,121,0.066
ACH-000997,Busulfan,5.0,272,968,71,0.0607
ACH-000997,Captopril,0.05,685,459,68,0.0632
ACH-000997,Cepharanthine,5.0,259,1177,126,0.0962
ACH-000997,Chlorhexidine (diacetate),0.5,750,462,91,0.0812
ACH-000997,Chlorhexidine (diacetate),5.0,182,1751,111,0.0609
ACH-000997,Ciclopirox,5.0,125,1287,56,0.0413
ACH-000997,Clonidine (hydrochloride),5.0,76,1798,55,0.0302
ACH-000997,Clotrimazole,5.0,62,1077,33,0.0298
ACH-000997,Cloxacillin (sodium),5.0,43,860,20,0.0227
ACH-000997,Cysteamine (hydrochloride),5.0,37,957,21,0.0216
ACH-000997,Cytarabine,0.05,394,112,39,0.0835
ACH-000997,Cytarabine,0.5,389,568,64,0.0717
ACH-000997,Cytarabine,5.0,171,575,37,0.0522
ACH-000997,DTP3,0.05,130,1313,24,0.0169
ACH-000997,Daidzin,0.05,286,59,14,0.0423
ACH-000997,Daidzin,0.5,317,503,46,0.0594
ACH-000997,Daidzin,5.0,391,544,48,0.0541
ACH-000997,Darinaparsin,5.0,163,1781,109,0.0594
ACH-000997,Demeclocycline,5.0,80,621,31,0.0463
ACH-000997,Diammonium Glycyrrhizinate,5.0,88,1269,48,0.0367
ACH-000997,Docetaxel,5.0,334,1528,148,0.0863
ACH-000997,Elagolix sodium,5.0,303,1388,100,0.0629
ACH-000997,Flumatinib (mesylate),0.05,253,133,29,0.0812
ACH-000997,Flumatinib (mesylate),0.5,541,1072,168,0.1163
ACH-000997,Flumatinib (mesylate),5.0,224,262,38,0.0848
ACH-000997,Fluvoxamine (maleate),5.0,32,1605,26,0.0161
ACH-000997,Folic acid,5.0,47,888,23,0.0252
ACH-000997,Fumaric acid,0.05,361,175,32,0.0635
ACH-000997,Fumaric acid,0.5,315,1026,87,0.0694
ACH-000997,Fumaric acid,5.0,613,1186,151,0.0916
ACH-000997,Furosemide,5.0,45,749,17,0.0219
ACH-000997,Fusidic acid,5.0,36,876,26,0.0293
ACH-000997,Gallic acid,5.0,107,1072,49,0.0434
ACH-000997,Gallic acid (hydrate),5.0,126,1295,52,0.038
ACH-000997,Gemfibrozil,5.0,155,1198,80,0.0628
ACH-000997,Goserelin (acetate),5.0,99,1589,64,0.0394
ACH-000997,Hexylresorcinol,5.0,90,1266,58,0.0447
ACH-000997,Homoharringtonine,5.0,5823,8365,4594,0.4788
ACH-000997,Hydroxyfasudil,0.05,402,408,27,0.0345
ACH-000997,Idarubicin (hydrochloride),5.0,4761,9185,3906,0.389
ACH-000997,Irinotecan (hydrochloride),0.05,845,48,20,0.0229
ACH-000997,Irinotecan (hydrochloride),0.5,720,622,109,0.0884
ACH-000997,Irinotecan (hydrochloride),5.0,937,434,82,0.0636
ACH-000997,Isocorydine,5.0,107,689,49,0.0656
ACH-000997,L-Thyroxine (sodium salt pentahydrate),5.0,187,1004,17,0.0145
ACH-000997,Larotrectinib,5.0,56,931,33,0.0346
ACH-000997,Lenalidomide (hemihydrate),5.0,70,1106,30,0.0262
ACH-000997,Lidocaine (hydrochloride),5.0,465,1370,183,0.1108
ACH-000997,Lipoic acid,5.0,107,787,56,0.0668
ACH-000997,Lumateperone (tosylate),5.0,26,982,19,0.0192
ACH-000997,Malotilate,0.05,1884,296,101,0.0486
ACH-000997,Medroxyprogesterone acetate,5.0,194,1251,49,0.0351
ACH-000997,Megestrol,5.0,68,917,23,0.0239
ACH-000997,Methylprednisolone succinate,0.05,57,298,11,0.032
ACH-000997,Mitoxantrone (dihydrochloride),5.0,227,3182,148,0.0454
ACH-000997,Naproxen,0.05,72,112,9,0.0514
ACH-000997,Naproxen,0.5,201,447,36,0.0588
ACH-000997,Naproxen,5.0,116,95,19,0.099
ACH-000997,Neratinib (maleate),5.0,124,3633,97,0.0265
ACH-000997,Norepinephrine (hydrochloride),5.0,152,1020,50,0.0446
ACH-000997,Olanzapine,5.0,73,1520,41,0.0264
ACH-000997,PF-06260933,0.05,96,191,9,0.0324
ACH-000997,Palmatine (chloride),5.0,147,852,42,0.0439
ACH-000997,Pasireotide (acetate),5.0,157,1394,90,0.0616
ACH-000997,Pentagastrin,5.0,48,1710,33,0.0191
ACH-000997,Pentamidine (isethionate),0.5,317,420,38,0.0544
ACH-000997,Pentamidine (isethionate),5.0,208,1376,87,0.0581
ACH-000997,Pralsetinib,0.05,689,122,28,0.0358
ACH-000997,Pravastatin (sodium),0.05,279,60,19,0.0594
ACH-000997,Pravastatin (sodium),0.5,325,309,39,0.0655
ACH-000997,Pravastatin (sodium),5.0,642,887,190,0.1419
ACH-000997,Pyridoxine,5.0,89,1663,47,0.0276
ACH-000997,Pyridoxine (hydrochloride),5.0,188,686,65,0.0803
ACH-000997,Quinestrol,5.0,68,1182,50,0.0417
ACH-000997,Radotinib,5.0,182,1039,87,0.0767
ACH-000997,Ralimetinib dimesylate,0.05,101,382,10,0.0211
ACH-000997,Raltitrexed,5.0,83,1640,64,0.0386
ACH-000997,Rapamycin,5.0,163,2203,74,0.0323
ACH-000997,Regorafenib,0.05,325,145,19,0.0421
ACH-000997,Regorafenib,0.5,184,1347,46,0.031
ACH-000997,Regorafenib,5.0,152,73,14,0.0664
ACH-000997,Relugolix,5.0,40,907,24,0.026
ACH-000997,Resveratrol,5.0,270,1196,94,0.0685
ACH-000997,Retinoic acid,5.0,149,1201,95,0.0757
ACH-000997,Riluzole hydrochloride,5.0,260,2211,152,0.0655
ACH-000997,Rimonabant,5.0,149,1175,88,0.0712
ACH-000997,Ritonavir,5.0,99,1289,45,0.0335
ACH-000997,Ropivacaine (hydrochloride monohydrate),5.0,151,1116,107,0.0922
ACH-000997,S-Adenosyl-L-methionine (disulfate tosylate),5.0,176,1591,112,0.0677
ACH-000997,Salicylic acid,5.0,58,1485,40,0.0266
ACH-000997,Saquinavir,5.0,120,1176,47,0.0376
ACH-000997,Selinexor ,5.0,1014,3550,637,0.1622
ACH-000997,Sinomenine,5.0,84,855,43,0.048
ACH-000997,Sodium Salicylate,5.0,197,1601,93,0.0545
ACH-000997,Sonidegib,0.05,221,480,12,0.0174
ACH-000997,Sulfisoxazole,0.5,705,592,80,0.0657
ACH-000997,Sulfisoxazole,5.0,36,1424,23,0.016
ACH-000997,Temsirolimus,5.0,91,1271,61,0.0469
ACH-000997,Terfenadine,0.5,1052,448,71,0.0497
ACH-000997,Terfenadine,5.0,151,1245,77,0.0584
ACH-000997,Thymol,5.0,268,552,63,0.0832
ACH-000997,Tofacitinib,5.0,138,1347,58,0.0406
ACH-000997,Tofacitinib (citrate),5.0,119,1417,69,0.047
ACH-000997,Tolcapone,5.0,47,1613,35,0.0215
ACH-000997,Topotecan (hydrochloride),0.05,447,65,21,0.0428
ACH-000997,Topotecan (hydrochloride),0.5,310,3580,201,0.0545
ACH-000997,Topotecan (hydrochloride),5.0,380,1989,129,0.0576
ACH-000997,Trametinib,0.05,1061,1795,378,0.1525
ACH-000997,Trametinib,0.5,1080,2576,417,0.1287
ACH-000997,Trametinib,5.0,2341,757,372,0.1365
ACH-000997,Triamcinolone,5.0,247,1631,151,0.0874
ACH-000997,Triclosan,5.0,55,1613,43,0.0265
ACH-000997,Trifluridine,5.0,53,1284,25,0.0191
ACH-000997,Trimetrexate,5.0,75,1247,40,0.0312
ACH-000997,Tucidinostat,5.0,427,4616,328,0.0696
ACH-000997,Vilanterol,5.0,94,906,59,0.0627
ACH-000997,Vinblastine (sulfate),5.0,176,2420,148,0.0605
ACH-000997,c-Kit-IN-1,0.05,111,2563,21,0.0079
ACH-000997,olaparib,0.05,239,391,21,0.0345
ACH-001021,(R)-Verapamil (hydrochloride),5.0,177,1040,105,0.0944
ACH-001021,18β-Glycyrrhetinic acid,5.0,299,939,120,0.1073
ACH-001021,8-Hydroxyquinoline,5.0,402,1580,199,0.1116
ACH-001021,Acetohexamide,5.0,324,999,103,0.0844
ACH-001021,Adagrasib,0.05,1348,1551,514,0.2155
ACH-001021,Adenine,5.0,288,1406,153,0.0993
ACH-001021,Adenosine,5.0,351,1801,201,0.103
ACH-001021,Afatinib,0.05,1040,41,27,0.0256
ACH-001021,Afatinib,0.5,212,1496,94,0.0582
ACH-001021,Afatinib,5.0,207,2216,106,0.0457
ACH-001021,Aliskiren,5.0,249,1049,119,0.1009
ACH-001021,Allantoin,5.0,979,1667,371,0.1631
ACH-001021,Almonertinib (hydrochloride),5.0,637,1070,208,0.1388
ACH-001021,Almonertinib (mesylate),0.05,71,46,8,0.0734
ACH-001021,Almonertinib (mesylate),0.5,105,434,36,0.0716
ACH-001021,Almonertinib (mesylate),5.0,188,301,35,0.0771
ACH-001021,Amsacrine,5.0,378,1544,210,0.1227
ACH-001021,Anethole trithione,5.0,670,2005,334,0.1427
ACH-001021,Artesunate,5.0,615,1798,427,0.215
ACH-001021,Azithromycin (hydrate),5.0,385,1099,163,0.1234
ACH-001021,Baicalin,5.0,365,1333,208,0.1396
ACH-001021,Balsalazide (sodium hydrate),5.0,222,1297,128,0.092
ACH-001021,Belumosudil,0.05,78,35,14,0.1414
ACH-001021,Belumosudil,0.5,97,322,23,0.0581
ACH-001021,Belumosudil,5.0,214,255,32,0.0732
ACH-001021,Berbamine,0.5,332,456,85,0.1209
ACH-001021,Berbamine,5.0,126,1353,66,0.0467
ACH-001021,Berbamine (dihydrochloride),0.05,131,54,28,0.1783
ACH-001021,Berbamine (dihydrochloride),0.5,147,243,23,0.0627
ACH-001021,Berbamine (dihydrochloride),5.0,278,208,39,0.0872
ACH-001021,Berberine (chloride hydrate),5.0,360,1512,200,0.1196
ACH-001021,Bergenin,5.0,412,1141,170,0.1229
ACH-001021,Bimatoprost,5.0,355,1622,162,0.0893
ACH-001021,Binimetinib,0.05,1684,906,474,0.224
ACH-001021,Binimetinib,0.5,890,3657,572,0.1439
ACH-001021,Binimetinib,5.0,1730,360,245,0.1328
ACH-001021,Busulfan,5.0,647,1135,185,0.1158
ACH-001021,Captopril,0.05,290,186,27,0.0601
ACH-001021,Cepharanthine,5.0,420,966,166,0.1361
ACH-001021,Chlorhexidine (diacetate),0.5,284,877,94,0.0881
ACH-001021,Chlorhexidine (diacetate),5.0,208,1420,125,0.0832
ACH-001021,Ciclopirox,5.0,404,1292,178,0.1173
ACH-001021,Clonidine (hydrochloride),5.0,273,2243,161,0.0684
ACH-001021,Clotrimazole,5.0,268,1210,130,0.0964
ACH-001021,Cloxacillin (sodium),5.0,219,811,84,0.0888
ACH-001021,Cysteamine (hydrochloride),5.0,223,1012,98,0.0862
ACH-001021,Cytarabine,0.05,186,94,29,0.1155
ACH-001021,Cytarabine,0.5,70,113,8,0.0457
ACH-001021,Cytarabine,5.0,63,377,16,0.0377
ACH-001021,DTP3,0.05,6376,465,31,0.0046
ACH-001021,Daidzin,0.05,126,68,17,0.096
ACH-001021,Daidzin,0.5,124,284,26,0.0681
ACH-001021,Daidzin,5.0,182,336,32,0.0658
ACH-001021,Darinaparsin,5.0,547,1866,273,0.1276
ACH-001021,Demeclocycline,5.0,270,827,72,0.0702
ACH-001021,Diammonium Glycyrrhizinate,5.0,268,1381,122,0.0799
ACH-001021,Docetaxel,5.0,623,1604,268,0.1368
ACH-001021,Elagolix sodium,5.0,573,1475,204,0.1106
ACH-001021,Flumatinib (mesylate),0.05,107,116,25,0.1263
ACH-001021,Flumatinib (mesylate),0.5,272,418,71,0.1147
ACH-001021,Flumatinib (mesylate),5.0,185,244,43,0.1114
ACH-001021,Fluvoxamine (maleate),5.0,231,1375,131,0.0888
ACH-001021,Folic acid,5.0,200,1465,91,0.0578
ACH-001021,Fumaric acid,0.05,171,80,19,0.0819
ACH-001021,Fumaric acid,0.5,103,311,22,0.0561
ACH-001021,Fumaric acid,5.0,210,638,71,0.0914
ACH-001021,Furosemide,5.0,174,799,82,0.092
ACH-001021,Fusidic acid,5.0,208,1183,143,0.1146
ACH-001021,Gallic acid,5.0,342,1623,187,0.1052
ACH-001021,Gallic acid (hydrate),5.0,399,1524,181,0.1039
ACH-001021,Gemfibrozil,5.0,529,1257,251,0.1635
ACH-001021,Goserelin (acetate),5.0,427,1567,207,0.1158
ACH-001021,Hexylresorcinol,5.0,524,1112,260,0.189
ACH-001021,Homoharringtonine,5.0,7861,10260,6626,0.5764
ACH-001021,Hydroxyfasudil,0.05,461,308,35,0.0477
ACH-001021,Idarubicin (hydrochloride),5.0,5454,8692,4149,0.415
ACH-001021,Irinotecan (hydrochloride),0.05,356,57,12,0.0299
ACH-001021,Irinotecan (hydrochloride),0.5,660,236,68,0.0821
ACH-001021,Irinotecan (hydrochloride),5.0,953,289,87,0.0753
ACH-001021,Isocorydine,5.0,299,1039,126,0.104
ACH-001021,L-Thyroxine (sodium salt pentahydrate),5.0,207,1471,35,0.0213
ACH-001021,Larotrectinib,5.0,252,1067,107,0.0883
ACH-001021,Lenalidomide (hemihydrate),5.0,296,1202,138,0.1015
ACH-001021,Lidocaine (hydrochloride),5.0,1035,1551,331,0.1468
ACH-001021,Lipoic acid,5.0,297,878,162,0.1599
ACH-001021,Lumateperone (tosylate),5.0,163,1100,98,0.0841
ACH-001021,Malotilate,0.05,1217,142,56,0.043
ACH-001021,Medroxyprogesterone acetate,5.0,366,1289,169,0.1137
ACH-001021,Megestrol,5.0,285,958,109,0.0961
ACH-001021,Mitoxantrone (dihydrochloride),5.0,666,5363,457,0.082
ACH-001021,Naproxen,0.05,44,109,8,0.0552
ACH-001021,Naproxen,0.5,64,304,18,0.0514
ACH-001021,Naproxen,5.0,67,110,15,0.0926
ACH-001021,Neratinib (maleate),5.0,426,2666,276,0.098
ACH-001021,Norepinephrine (hydrochloride),5.0,406,1479,165,0.0959
ACH-001021,Olanzapine,5.0,341,1415,159,0.0996
ACH-001021,PF-06260933,0.05,6612,167,19,0.0028
ACH-001021,Palmatine (chloride),5.0,274,1043,121,0.1012
ACH-001021,Pasireotide (acetate),5.0,406,1334,167,0.1062
ACH-001021,Pentagastrin,5.0,238,1732,139,0.0759
ACH-001021,Pentamidine (isethionate),0.5,158,920,41,0.0395
ACH-001021,Pentamidine (isethionate),5.0,511,1890,292,0.1385
ACH-001021,Pralsetinib,0.05,1153,64,29,0.0244
ACH-001021,Pravastatin (sodium),0.05,144,85,17,0.0802
ACH-001021,Pravastatin (sodium),0.5,166,136,28,0.1022
ACH-001021,Pravastatin (sodium),5.0,422,458,101,0.1297
ACH-001021,Pyridoxine,5.0,411,1829,173,0.0837
ACH-001021,Pyridoxine (hydrochloride),5.0,291,1244,145,0.1043
ACH-001021,Quinestrol,5.0,349,1724,218,0.1175
ACH-001021,Radotinib,5.0,782,1817,456,0.2128
ACH-001021,Ralimetinib dimesylate,0.05,32,154,7,0.0391
ACH-001021,Raltitrexed,5.0,261,1702,166,0.0924
ACH-001021,Rapamycin,5.0,787,2234,409,0.1566
ACH-001021,Regorafenib,0.05,804,159,61,0.0676
ACH-001021,Regorafenib,0.5,133,1332,44,0.031
ACH-001021,Regorafenib,5.0,81,159,17,0.0762
ACH-001021,Relugolix,5.0,210,1157,84,0.0655
ACH-001021,Resveratrol,5.0,524,1660,235,0.1206
ACH-001021,Retinoic acid,5.0,288,1412,197,0.1311
ACH-001021,Riluzole hydrochloride,5.0,568,2204,315,0.1282
ACH-001021,Rimonabant,5.0,350,1173,184,0.1374
ACH-001021,Ritonavir,5.0,334,1376,156,0.1004
ACH-001021,Ropivacaine (hydrochloride monohydrate),5.0,329,1368,216,0.1458
ACH-001021,S-Adenosyl-L-methionine (disulfate tosylate),5.0,443,1899,254,0.1216
ACH-001021,Salicylic acid,5.0,316,1361,176,0.1173
ACH-001021,Saquinavir,5.0,321,1296,143,0.097
ACH-001021,Selinexor ,5.0,1321,3849,922,0.217
ACH-001021,Sinomenine,5.0,319,913,144,0.1324
ACH-001021,Sodium Salicylate,5.0,586,1457,249,0.1388
ACH-001021,Sonidegib,0.05,2838,371,50,0.0158
ACH-001021,Sulfisoxazole,0.5,697,796,108,0.078
ACH-001021,Sulfisoxazole,5.0,233,1344,107,0.0728
ACH-001021,Temsirolimus,5.0,353,1818,218,0.1116
ACH-001021,Terfenadine,0.5,551,897,117,0.0879
ACH-001021,Terfenadine,5.0,522,1388,202,0.1183
ACH-001021,Thymol,5.0,630,685,149,0.1278
ACH-001021,Tofacitinib,5.0,720,2226,436,0.1737
ACH-001021,Tofacitinib (citrate),5.0,557,2099,321,0.1375
ACH-001021,Tolcapone,5.0,275,1591,168,0.0989
ACH-001021,Topotecan (hydrochloride),0.05,119,144,18,0.0735
ACH-001021,Topotecan (hydrochloride),0.5,99,1985,71,0.0353
ACH-001021,Topotecan (hydrochloride),5.0,126,1489,47,0.03
ACH-001021,Trametinib,0.05,1398,1531,461,0.1868
ACH-001021,Trametinib,0.5,1046,3258,602,0.1626
ACH-001021,Trametinib,5.0,1901,1178,471,0.1806
ACH-001021,Triamcinolone,5.0,696,2182,412,0.1671
ACH-001021,Triclosan,5.0,376,1305,217,0.1482
ACH-001021,Trifluridine,5.0,154,1246,85,0.0646
ACH-001021,Trimetrexate,5.0,394,1533,186,0.1068
ACH-001021,Tucidinostat,5.0,1378,6981,1138,0.1576
ACH-001021,Vilanterol,5.0,291,1056,152,0.1272
ACH-001021,Vinblastine (sulfate),5.0,741,3368,555,0.1562
ACH-001021,c-Kit-IN-1,0.05,6351,1407,42,0.0054
ACH-001021,olaparib,0.05,4624,197,34,0.0071
ACH-001039,(R)-Verapamil (hydrochloride),5.0,248,773,141,0.1602
ACH-001039,18β-Glycyrrhetinic acid,5.0,313,980,159,0.1402
ACH-001039,8-Hydroxyquinoline,5.0,249,1012,134,0.1189
ACH-001039,Abemaciclib,0.05,127,826,16,0.0171
ACH-001039,Acetohexamide,5.0,409,858,132,0.1163
ACH-001039,Adagrasib,0.05,1277,1145,440,0.222
ACH-001039,Adenine,5.0,262,856,141,0.1443
ACH-001039,Adenosine,5.0,502,1472,245,0.1417
ACH-001039,Afatinib,0.05,911,143,44,0.0436
ACH-001039,Afatinib,0.5,648,1404,189,0.1014
ACH-001039,Afatinib,5.0,339,838,108,0.101
ACH-001039,Aliskiren,5.0,266,723,128,0.1487
ACH-001039,Allantoin,5.0,545,1337,267,0.1653
ACH-001039,Almonertinib (hydrochloride),5.0,319,925,138,0.1248
ACH-001039,Almonertinib (mesylate),0.05,139,82,14,0.0676
ACH-001039,Almonertinib (mesylate),0.5,341,767,92,0.0906
ACH-001039,Almonertinib (mesylate),5.0,487,503,71,0.0773
ACH-001039,Amsacrine,5.0,282,1070,143,0.1183
ACH-001039,Anethole trithione,5.0,338,1143,173,0.1323
ACH-001039,Artesunate,5.0,838,1710,541,0.2696
ACH-001039,Azithromycin (hydrate),5.0,313,617,99,0.1191
ACH-001039,Baicalin,5.0,356,931,209,0.1939
ACH-001039,Balsalazide (sodium hydrate),5.0,231,754,124,0.144
ACH-001039,Belumosudil,0.05,180,24,11,0.057
ACH-001039,Belumosudil,0.5,298,350,51,0.0854
ACH-001039,Belumosudil,5.0,446,1096,97,0.0671
ACH-001039,Berbamine,0.5,628,405,111,0.1204
ACH-001039,Berbamine,5.0,236,1260,154,0.1148
ACH-001039,Berbamine (dihydrochloride),0.05,232,52,31,0.1225
ACH-001039,Berbamine (dihydrochloride),0.5,305,440,61,0.0892
ACH-001039,Berbamine (dihydrochloride),5.0,490,298,52,0.0707
ACH-001039,Berberine (chloride hydrate),5.0,341,1601,231,0.135
ACH-001039,Bergenin,5.0,301,824,156,0.161
ACH-001039,Bimatoprost,5.0,391,1014,151,0.1204
ACH-001039,Binimetinib,0.05,877,621,207,0.1603
ACH-001039,Binimetinib,0.5,913,3018,440,0.126
ACH-001039,Binimetinib,5.0,1716,323,190,0.1028
ACH-001039,Busulfan,5.0,362,805,135,0.1308
ACH-001039,Captopril,0.05,926,249,50,0.0444
ACH-001039,Cepharanthine,5.0,509,1004,217,0.1674
ACH-001039,Chlorhexidine (diacetate),0.5,667,529,105,0.0962
ACH-001039,Chlorhexidine (diacetate),5.0,385,1419,263,0.1707
ACH-001039,Ciclopirox,5.0,298,1385,189,0.1265
ACH-001039,Clonidine (hydrochloride),5.0,183,1372,125,0.0874
ACH-001039,Clotrimazole,5.0,329,1069,177,0.145
ACH-001039,Cloxacillin (sodium),5.0,104,469,58,0.1126
ACH-001039,Cysteamine (hydrochloride),5.0,380,676,162,0.1812
ACH-001039,Cytarabine,0.05,412,204,49,0.0864
ACH-001039,Cytarabine,0.5,338,308,48,0.0803
ACH-001039,Cytarabine,5.0,213,413,38,0.0646
ACH-001039,DTP3,0.05,4140,1074,43,0.0083
ACH-001039,Daidzin,0.05,447,55,27,0.0568
ACH-001039,Daidzin,0.5,371,312,39,0.0606
ACH-001039,Daidzin,5.0,527,390,60,0.07
ACH-001039,Darinaparsin,5.0,416,1407,191,0.117
ACH-001039,Demeclocycline,5.0,306,482,77,0.1083
ACH-001039,Diammonium Glycyrrhizinate,5.0,237,1153,133,0.1058
ACH-001039,Docetaxel,5.0,495,953,190,0.151
ACH-001039,Elagolix sodium,5.0,329,965,129,0.1107
ACH-001039,Flumatinib (mesylate),0.05,275,141,30,0.0777
ACH-001039,Flumatinib (mesylate),0.5,392,574,83,0.094
ACH-001039,Flumatinib (mesylate),5.0,266,298,45,0.0867
ACH-001039,Fluvoxamine (maleate),5.0,203,1409,122,0.0819
ACH-001039,Folic acid,5.0,289,817,136,0.1402
ACH-001039,Fumaric acid,0.05,285,131,28,0.0722
ACH-001039,Fumaric acid,0.5,305,784,74,0.0729
ACH-001039,Fumaric acid,5.0,396,752,93,0.0882
ACH-001039,Furosemide,5.0,248,552,114,0.1662
ACH-001039,Fusidic acid,5.0,209,638,97,0.1293
ACH-001039,Gallic acid,5.0,214,882,117,0.1195
ACH-001039,Gallic acid (hydrate),5.0,360,999,162,0.1353
ACH-001039,Gemfibrozil,5.0,405,1175,213,0.1558
ACH-001039,Goserelin (acetate),5.0,292,855,130,0.1278
ACH-001039,Hexylresorcinol,5.0,349,752,185,0.202
ACH-001039,Homoharringtonine,5.0,5871,6621,4559,0.5747
ACH-001039,Hydroxyfasudil,0.05,504,472,50,0.054
ACH-001039,Idarubicin (hydrochloride),5.0,4259,6689,3262,0.4244
ACH-001039,Irinotecan (hydrochloride),0.05,1168,64,26,0.0216
ACH-001039,Irinotecan (hydrochloride),0.5,1274,318,118,0.0801
ACH-001039,Irinotecan (hydrochloride),5.0,1016,393,108,0.083
ACH-001039,Isocorydine,5.0,228,811,78,0.0812
ACH-001039,L-Thyroxine (sodium salt pentahydrate),5.0,214,1414,51,0.0323
ACH-001039,Larotrectinib,5.0,214,877,88,0.0877
ACH-001039,Lenalidomide (hemihydrate),5.0,191,861,94,0.0981
ACH-001039,Lidocaine (hydrochloride),5.0,662,1475,255,0.1355
ACH-001039,Lipoic acid,5.0,255,527,111,0.1654
ACH-001039,Lumateperone (tosylate),5.0,214,489,83,0.1339
ACH-001039,Malotilate,0.05,1761,194,67,0.0355
ACH-001039,Medroxyprogesterone acetate,5.0,368,858,134,0.1227
ACH-001039,Megestrol,5.0,410,650,160,0.1778
ACH-001039,Methylprednisolone succinate,0.05,3014,387,43,0.0128
ACH-001039,Mitoxantrone (dihydrochloride),5.0,573,4597,353,0.0733
ACH-001039,Naproxen,0.05,94,125,11,0.0529
ACH-001039,Naproxen,0.5,116,293,27,0.0707
ACH-001039,Naproxen,5.0,122,75,17,0.0944
ACH-001039,Neratinib (maleate),5.0,386,2050,242,0.1103
ACH-001039,Norepinephrine (hydrochloride),5.0,455,1183,177,0.1211
ACH-001039,Olanzapine,5.0,235,1144,128,0.1023
ACH-001039,PF-06260933,0.05,6105,322,28,0.0044
ACH-001039,Palmatine (chloride),5.0,249,837,123,0.1277
ACH-001039,Pasireotide (acetate),5.0,455,767,146,0.1357
ACH-001039,Pentagastrin,5.0,168,1176,93,0.0743
ACH-001039,Pentamidine (isethionate),0.5,343,537,56,0.068
ACH-001039,Pentamidine (isethionate),5.0,515,1088,203,0.145
ACH-001039,Pralsetinib,0.05,1014,145,56,0.0508
ACH-001039,Pravastatin (sodium),0.05,310,61,18,0.051
ACH-001039,Pravastatin (sodium),0.5,315,170,38,0.085
ACH-001039,Pravastatin (sodium),5.0,589,441,122,0.1344
ACH-001039,Pyridoxine,5.0,398,1061,194,0.1534
ACH-001039,Pyridoxine (hydrochloride),5.0,286,673,119,0.1417
ACH-001039,Quinestrol,5.0,380,1099,219,0.1738
ACH-001039,Radotinib,5.0,776,1367,402,0.2309
ACH-001039,Ralimetinib dimesylate,0.05,4288,397,31,0.0067
ACH-001039,Raltitrexed,5.0,196,1536,132,0.0825
ACH-001039,Rapamycin,5.0,665,1695,339,0.1677
ACH-001039,Regorafenib,0.05,665,220,68,0.0832
ACH-001039,Regorafenib,0.5,265,1858,110,0.0546
ACH-001039,Regorafenib,5.0,340,159,46,0.1015
ACH-001039,Relugolix,5.0,135,700,75,0.0987
ACH-001039,Resveratrol,5.0,369,1184,168,0.1213
ACH-001039,Retinoic acid,5.0,336,1413,209,0.1357
ACH-001039,Riluzole hydrochloride,5.0,688,1694,346,0.1699
ACH-001039,Rimonabant,5.0,250,907,139,0.1365
ACH-001039,Ritonavir,5.0,279,1063,155,0.1306
ACH-001039,Ropivacaine (hydrochloride monohydrate),5.0,253,975,169,0.1596
ACH-001039,S-Adenosyl-L-methionine (disulfate tosylate),5.0,419,1473,239,0.1446
ACH-001039,Salicylic acid,5.0,376,949,143,0.121
ACH-001039,Saquinavir,5.0,368,1321,186,0.1238
ACH-001039,Selinexor ,5.0,1363,2675,889,0.2823
ACH-001039,Sinomenine,5.0,219,662,108,0.1397
ACH-001039,Sodium Salicylate,5.0,556,1005,202,0.1486
ACH-001039,Sonidegib,0.05,315,616,39,0.0437
ACH-001039,Sulfisoxazole,0.5,989,566,95,0.0651
ACH-001039,Sulfisoxazole,5.0,292,1106,131,0.1034
ACH-001039,Temsirolimus,5.0,308,1265,195,0.1415
ACH-001039,Terfenadine,0.5,620,669,97,0.0814
ACH-001039,Terfenadine,5.0,330,1567,153,0.0877
ACH-001039,Thymol,5.0,461,660,152,0.1569
ACH-001039,Tofacitinib,5.0,569,1927,367,0.1724
ACH-001039,Tofacitinib (citrate),5.0,483,1971,277,0.1272
ACH-001039,Tolcapone,5.0,229,1532,143,0.0884
ACH-001039,Topotecan (hydrochloride),0.05,329,68,15,0.0393
ACH-001039,Topotecan (hydrochloride),0.5,311,2398,155,0.0607
ACH-001039,Topotecan (hydrochloride),5.0,250,2386,114,0.0452
ACH-001039,Trametinib,0.05,929,1699,324,0.1406
ACH-001039,Trametinib,0.5,937,2387,405,0.1387
ACH-001039,Trametinib,5.0,1821,586,269,0.1258
ACH-001039,Triamcinolone,5.0,486,1202,268,0.1887
ACH-001039,Triclosan,5.0,308,1136,159,0.1237
ACH-001039,Trifluridine,5.0,140,976,96,0.0941
ACH-001039,Trimetrexate,5.0,314,1504,166,0.1005
ACH-001039,Tucidinostat,5.0,680,4348,472,0.1036
ACH-001039,Vilanterol,5.0,193,1244,113,0.0853
ACH-001039,Vinblastine (sulfate),5.0,770,3182,578,0.1713
ACH-001039,olaparib,0.05,323,336,27,0.0427
ACH-001190,(R)-Verapamil (hydrochloride),5.0,127,1730,83,0.0468
ACH-001190,18β-Glycyrrhetinic acid,5.0,153,1308,99,0.0727
ACH-001190,8-Hydroxyquinoline,5.0,189,1591,121,0.0729
ACH-001190,Abemaciclib,0.05,4799,1319,38,0.0062
ACH-001190,Acetohexamide,5.0,155,1405,78,0.0526
ACH-001190,Adagrasib,0.05,2302,2245,946,0.2627
ACH-001190,Adenine,5.0,196,1828,135,0.0715
ACH-001190,Adenosine,5.0,237,2133,165,0.0748
ACH-001190,Afatinib,0.05,808,386,111,0.1025
ACH-001190,Afatinib,0.5,965,1254,240,0.1213
ACH-001190,Afatinib,5.0,716,1540,245,0.1218
ACH-001190,Aliskiren,5.0,210,1345,129,0.0905
ACH-001190,Allantoin,5.0,392,2372,260,0.1038
ACH-001190,Almonertinib (hydrochloride),5.0,296,1432,152,0.0964
ACH-001190,Almonertinib (mesylate),0.05,339,298,52,0.0889
ACH-001190,Almonertinib (mesylate),0.5,621,703,100,0.0817
ACH-001190,Almonertinib (mesylate),5.0,683,704,138,0.1105
ACH-001190,Amsacrine,5.0,497,2502,366,0.139
ACH-001190,Anethole trithione,5.0,365,2349,240,0.097
ACH-001190,Artesunate,5.0,728,3092,530,0.1611
ACH-001190,Azithromycin (hydrate),5.0,258,1199,135,0.1021
ACH-001190,Baicalin,5.0,243,2184,174,0.0772
ACH-001190,Balsalazide (sodium hydrate),5.0,154,2030,121,0.0587
ACH-001190,Belumosudil,0.05,365,175,70,0.1489
ACH-001190,Belumosudil,0.5,391,1220,124,0.0834
ACH-001190,Belumosudil,5.0,913,1185,175,0.091
ACH-001190,Berbamine,0.5,1499,561,205,0.1105
ACH-001190,Berbamine,5.0,103,1660,79,0.0469
ACH-001190,Berbamine (dihydrochloride),0.05,778,198,101,0.1154
ACH-001190,Berbamine (dihydrochloride),0.5,824,419,94,0.0818
ACH-001190,Berbamine (dihydrochloride),5.0,781,598,112,0.0884
ACH-001190,Berberine (chloride hydrate),5.0,201,2313,141,0.0594
ACH-001190,Bergenin,5.0,267,1430,143,0.092
ACH-001190,Bimatoprost,5.0,216,1665,124,0.0706
ACH-001190,Binimetinib,0.05,954,1477,358,0.1727
ACH-001190,Binimetinib,0.5,1741,3320,807,0.1897
ACH-001190,Binimetinib,5.0,4015,598,441,0.1057
ACH-001190,Busulfan,5.0,268,1521,134,0.081
ACH-001190,Captopril,0.05,1410,726,167,0.0848
ACH-001190,Cepharanthine,5.0,298,1506,178,0.1095
ACH-001190,Chlorhexidine (diacetate),0.5,1326,883,213,0.1067
ACH-001190,Chlorhexidine (diacetate),5.0,133,1874,101,0.053
ACH-001190,Ciclopirox,5.0,275,2208,175,0.0758
ACH-001190,Clonidine (hydrochloride),5.0,189,2627,134,0.05
ACH-001190,Clotrimazole,5.0,179,1556,127,0.079
ACH-001190,Cloxacillin (sodium),5.0,158,1337,87,0.0618
ACH-001190,Cysteamine (hydrochloride),5.0,139,1395,93,0.0645
ACH-001190,Cytarabine,0.05,716,324,114,0.1231
ACH-001190,Cytarabine,0.5,414,525,67,0.0768
ACH-001190,Cytarabine,5.0,570,1049,157,0.1074
ACH-001190,Daidzin,0.05,827,277,104,0.104
ACH-001190,Daidzin,0.5,679,578,86,0.0734
ACH-001190,Daidzin,5.0,628,664,91,0.0758
ACH-001190,Darinaparsin,5.0,396,2542,274,0.1029
ACH-001190,Demeclocycline,5.0,131,698,43,0.0547
ACH-001190,Diammonium Glycyrrhizinate,5.0,104,1913,71,0.0365
ACH-001190,Docetaxel,5.0,419,1592,221,0.1235
ACH-001190,Elagolix sodium,5.0,387,1866,176,0.0847
ACH-001190,Flumatinib (mesylate),0.05,715,329,98,0.1036
ACH-001190,Flumatinib (mesylate),0.5,742,1369,208,0.1093
ACH-001190,Flumatinib (mesylate),5.0,586,885,125,0.0929
ACH-001190,Fluvoxamine (maleate),5.0,162,1998,114,0.0557
ACH-001190,Folic acid,5.0,199,1698,103,0.0574
ACH-001190,Fumaric acid,0.05,726,464,128,0.1205
ACH-001190,Fumaric acid,0.5,674,1187,152,0.0889
ACH-001190,Fumaric acid,5.0,841,1489,237,0.1132
ACH-001190,Furosemide,5.0,117,1092,80,0.0709
ACH-001190,Fusidic acid,5.0,203,1538,151,0.095
ACH-001190,Gallic acid,5.0,216,1689,126,0.0708
ACH-001190,Gallic acid (hydrate),5.0,243,1837,156,0.0811
ACH-001190,Gemfibrozil,5.0,360,1755,229,0.1214
ACH-001190,Goserelin (acetate),5.0,294,2023,164,0.0762
ACH-001190,Hexylresorcinol,5.0,373,1908,241,0.1181
ACH-001190,Homoharringtonine,5.0,5871,6564,4057,0.4842
ACH-001190,Hydroxyfasudil,0.05,409,1124,49,0.033
ACH-001190,Idarubicin (hydrochloride),5.0,3466,6275,2272,0.3042
ACH-001190,Irinotecan (hydrochloride),0.05,1709,252,96,0.0515
ACH-001190,Irinotecan (hydrochloride),0.5,1916,761,214,0.0869
ACH-001190,Irinotecan (hydrochloride),5.0,2543,693,254,0.0852
ACH-001190,Isocorydine,5.0,185,1344,86,0.0596
ACH-001190,L-Thyroxine (sodium salt pentahydrate),5.0,111,1578,25,0.015
ACH-001190,Larotrectinib,5.0,240,1204,119,0.0898
ACH-001190,Lenalidomide (hemihydrate),5.0,207,1546,130,0.0801
ACH-001190,Lidocaine (hydrochloride),5.0,505,2510,307,0.1134
ACH-001190,Lipoic acid,5.0,191,1029,117,0.1061
ACH-001190,Lumateperone (tosylate),5.0,130,1434,90,0.0611
ACH-001190,Malotilate,0.05,2784,517,207,0.0669
ACH-001190,Medroxyprogesterone acetate,5.0,204,1803,125,0.0664
ACH-001190,Megestrol,5.0,246,1249,137,0.1009
ACH-001190,Methylprednisolone succinate,0.05,4082,865,46,0.0094
ACH-001190,Mitoxantrone (dihydrochloride),5.0,186,3883,126,0.032
ACH-001190,Naproxen,0.05,278,324,53,0.0965
ACH-001190,Naproxen,0.5,345,737,92,0.0929
ACH-001190,Naproxen,5.0,346,175,48,0.1015
ACH-001190,Neratinib (maleate),5.0,420,4276,347,0.0798
ACH-001190,Norepinephrine (hydrochloride),5.0,154,1841,98,0.0517
ACH-001190,Olanzapine,5.0,214,2083,156,0.0729
ACH-001190,Palmatine (chloride),5.0,108,1446,72,0.0486
ACH-001190,Pasireotide (acetate),5.0,349,1700,189,0.1016
ACH-001190,Pentagastrin,5.0,163,1804,86,0.0457
ACH-001190,Pentamidine (isethionate),0.5,662,1078,131,0.0814
ACH-001190,Pentamidine (isethionate),5.0,228,2099,150,0.0689
ACH-001190,Pralsetinib,0.05,885,514,120,0.0938
ACH-001190,Pravastatin (sodium),0.05,622,221,82,0.1078
ACH-001190,Pravastatin (sodium),0.5,530,380,76,0.0911
ACH-001190,Pravastatin (sodium),5.0,933,1048,251,0.1451
ACH-001190,Pyridoxine,5.0,233,1730,128,0.0698
ACH-001190,Pyridoxine (hydrochloride),5.0,270,1404,133,0.0863
ACH-001190,Quinestrol,5.0,183,1899,131,0.0671
ACH-001190,Radotinib,5.0,810,1859,330,0.1411
ACH-001190,Raltitrexed,5.0,140,1938,114,0.058
ACH-001190,Rapamycin,5.0,298,3416,231,0.0663
ACH-001190,Regorafenib,0.05,516,713,132,0.1203
ACH-001190,Regorafenib,0.5,619,1364,160,0.0878
ACH-001190,Regorafenib,5.0,588,286,66,0.0817
ACH-001190,Relugolix,5.0,97,1493,61,0.0399
ACH-001190,Resveratrol,5.0,349,2325,159,0.0632
ACH-001190,Retinoic acid,5.0,334,2121,247,0.1119
ACH-001190,Riluzole hydrochloride,5.0,301,2915,226,0.0756
ACH-001190,Rimonabant,5.0,187,1698,133,0.0759
ACH-001190,Ritonavir,5.0,124,1656,79,0.0464
ACH-001190,Ropivacaine (hydrochloride monohydrate),5.0,296,1580,206,0.1234
ACH-001190,S-Adenosyl-L-methionine (disulfate tosylate),5.0,273,2559,201,0.0764
ACH-001190,Salicylic acid,5.0,217,1602,134,0.0795
ACH-001190,Saquinavir,5.0,201,2111,132,0.0606
ACH-001190,Selinexor ,5.0,858,4303,447,0.0948
ACH-001190,Sinomenine,5.0,188,1189,111,0.0877
ACH-001190,Sodium Salicylate,5.0,457,1957,238,0.1094
ACH-001190,Sonidegib,0.05,201,1283,32,0.022
ACH-001190,Sulfisoxazole,0.5,1061,1069,180,0.0923
ACH-001190,Sulfisoxazole,5.0,130,2002,74,0.036
ACH-001190,Temsirolimus,5.0,248,2640,196,0.0728
ACH-001190,Terfenadine,0.5,1316,1037,204,0.0949
ACH-001190,Terfenadine,5.0,212,1963,126,0.0615
ACH-001190,Thymol,5.0,263,897,99,0.0933
ACH-001190,Tofacitinib,5.0,228,1913,173,0.0879
ACH-001190,Tofacitinib (citrate),5.0,353,1930,201,0.0965
ACH-001190,Tolcapone,5.0,211,2089,157,0.0733
ACH-001190,Topotecan (hydrochloride),0.05,776,281,76,0.0775
ACH-001190,Topotecan (hydrochloride),0.5,575,2662,268,0.0903
ACH-001190,Topotecan (hydrochloride),5.0,677,1904,207,0.0872
ACH-001190,Trametinib,0.05,841,2868,361,0.1078
ACH-001190,Trametinib,0.5,1880,3189,818,0.1924
ACH-001190,Trametinib,5.0,4247,1201,736,0.1562
ACH-001190,Triamcinolone,5.0,503,2443,353,0.1361
ACH-001190,Triclosan,5.0,160,1982,124,0.0614
ACH-001190,Trifluridine,5.0,72,1627,50,0.0303
ACH-001190,Trimetrexate,5.0,180,2299,116,0.0491
ACH-001190,Tucidinostat,5.0,799,7652,716,0.0926
ACH-001190,Vilanterol,5.0,222,1418,153,0.1029
ACH-001190,Vinblastine (sulfate),5.0,725,4387,605,0.1342
ACH-001190,olaparib,0.05,4081,1061,29,0.0057
ACH-001333,(R)-Verapamil (hydrochloride),5.0,78,1193,45,0.0367
ACH-001333,18β-Glycyrrhetinic acid,5.0,118,1232,57,0.0441
ACH-001333,8-Hydroxyquinoline,5.0,137,1270,63,0.0469
ACH-001333,Abemaciclib,0.05,71,405,18,0.0393
ACH-001333,Acetohexamide,5.0,82,1177,30,0.0244
ACH-001333,Adagrasib,0.05,1376,1181,414,0.1932
ACH-001333,Adenine,5.0,107,1330,59,0.0428
ACH-001333,Adenosine,5.0,152,2050,97,0.0461
ACH-001333,Afatinib,0.05,1257,95,41,0.0313
ACH-001333,Afatinib,0.5,1559,2520,639,0.1858
ACH-001333,Afatinib,5.0,376,1819,166,0.0818
ACH-001333,Aliskiren,5.0,97,958,46,0.0456
ACH-001333,Allantoin,5.0,228,1659,118,0.0667
ACH-001333,Almonertinib (hydrochloride),5.0,300,2493,154,0.0584
ACH-001333,Almonertinib (mesylate),0.05,78,39,4,0.0354
ACH-001333,Almonertinib (mesylate),0.5,66,1211,34,0.0274
ACH-001333,Almonertinib (mesylate),5.0,416,607,86,0.0918
ACH-001333,Amsacrine,5.0,241,2389,180,0.0735
ACH-001333,Anethole trithione,5.0,168,1560,103,0.0634
ACH-001333,Artesunate,5.0,287,2014,199,0.0947
ACH-001333,Azithromycin (hydrate),5.0,159,1250,76,0.057
ACH-001333,Baicalin,5.0,143,1844,103,0.0547
ACH-001333,Balsalazide (sodium hydrate),5.0,61,1568,40,0.0252
ACH-001333,Belumosudil,0.05,73,25,9,0.1011
ACH-001333,Belumosudil,0.5,105,313,23,0.0582
ACH-001333,Belumosudil,5.0,388,453,42,0.0526
ACH-001333,Berbamine,0.5,782,470,107,0.0934
ACH-001333,Berbamine,5.0,143,1553,97,0.0607
ACH-001333,Berbamine (dihydrochloride),0.05,156,42,15,0.082
ACH-001333,Berbamine (dihydrochloride),0.5,140,190,21,0.068
ACH-001333,Berbamine (dihydrochloride),5.0,309,290,39,0.0696
ACH-001333,Berberine (chloride hydrate),5.0,118,2067,68,0.0321
ACH-001333,Bergenin,5.0,101,1124,57,0.0488
ACH-001333,Bimatoprost,5.0,109,1499,51,0.0328
ACH-001333,Binimetinib,0.05,867,573,167,0.1312
ACH-001333,Binimetinib,0.5,162,2892,89,0.03
ACH-001333,Binimetinib,5.0,1290,277,119,0.0822
ACH-001333,Busulfan,5.0,267,1304,94,0.0636
ACH-001333,Captopril,0.05,413,384,28,0.0364
ACH-001333,Cepharanthine,5.0,334,1239,166,0.118
ACH-001333,Chlorhexidine (diacetate),0.5,462,827,116,0.0989
ACH-001333,Chlorhexidine (diacetate),5.0,246,2119,156,0.0706
ACH-001333,Ciclopirox,5.0,97,1637,57,0.034
ACH-001333,Clonidine (hydrochloride),5.0,114,1925,77,0.0392
ACH-001333,Clotrimazole,5.0,146,1328,68,0.0484
ACH-001333,Cloxacillin (sodium),5.0,65,1083,32,0.0287
ACH-001333,Cysteamine (hydrochloride),5.0,27,1063,18,0.0168
ACH-001333,Cytarabine,0.05,168,70,10,0.0439
ACH-001333,Cytarabine,0.5,84,257,16,0.0492
ACH-001333,Cytarabine,5.0,42,221,10,0.0395
ACH-001333,DTP3,0.05,3481,1246,35,0.0075
ACH-001333,Daidzin,0.05,135,36,10,0.0621
ACH-001333,Daidzin,0.5,121,196,13,0.0428
ACH-001333,Daidzin,5.0,262,302,36,0.0682
ACH-001333,Darinaparsin,5.0,175,2001,102,0.0492
ACH-001333,Demeclocycline,5.0,80,776,30,0.0363
ACH-001333,Diammonium Glycyrrhizinate,5.0,107,1702,54,0.0308
ACH-001333,Docetaxel,5.0,174,1388,97,0.0662
ACH-001333,Elagolix sodium,5.0,182,1543,82,0.0499
ACH-001333,Flumatinib (mesylate),0.05,80,152,9,0.0404
ACH-001333,Flumatinib (mesylate),0.5,278,583,62,0.0776
ACH-001333,Flumatinib (mesylate),5.0,161,174,31,0.102
ACH-001333,Fluvoxamine (maleate),5.0,84,1637,53,0.0318
ACH-001333,Folic acid,5.0,73,1510,41,0.0266
ACH-001333,Fumaric acid,0.05,147,124,13,0.0504
ACH-001333,Fumaric acid,0.5,195,657,43,0.0532
ACH-001333,Fumaric acid,5.0,313,562,70,0.087
ACH-001333,Furosemide,5.0,48,713,25,0.034
ACH-001333,Fusidic acid,5.0,58,1089,40,0.0361
ACH-001333,Gallic acid,5.0,113,1259,69,0.053
ACH-001333,Gallic acid (hydrate),5.0,192,1558,97,0.0587
ACH-001333,Gemfibrozil,5.0,116,1254,68,0.0522
ACH-001333,Goserelin (acetate),5.0,112,1917,69,0.0352
ACH-001333,Hexylresorcinol,5.0,239,1306,120,0.0842
ACH-001333,Homoharringtonine,5.0,3301,4500,1962,0.336
ACH-001333,Hydroxyfasudil,0.05,374,393,27,0.0365
ACH-001333,Idarubicin (hydrochloride),5.0,4580,9351,3685,0.3597
ACH-001333,Irinotecan (hydrochloride),0.05,803,36,12,0.0145
ACH-001333,Irinotecan (hydrochloride),0.5,402,548,65,0.0734
ACH-001333,Irinotecan (hydrochloride),5.0,799,226,44,0.0449
ACH-001333,Isocorydine,5.0,144,1174,71,0.0569
ACH-001333,L-Thyroxine (sodium salt pentahydrate),5.0,318,1171,54,0.0376
ACH-001333,Larotrectinib,5.0,150,1160,68,0.0548
ACH-001333,Lenalidomide (hemihydrate),5.0,89,1111,43,0.0372
ACH-001333,Lidocaine (hydrochloride),5.0,281,1783,145,0.0756
ACH-001333,Lipoic acid,5.0,111,743,61,0.0769
ACH-001333,Lumateperone (tosylate),5.0,65,1130,47,0.0409
ACH-001333,Malotilate,0.05,1467,152,55,0.0352
ACH-001333,Medroxyprogesterone acetate,5.0,185,1286,72,0.0515
ACH-001333,Megestrol,5.0,108,1182,51,0.0412
ACH-001333,Mitoxantrone (dihydrochloride),5.0,193,5567,133,0.0236
ACH-001333,Naproxen,0.05,40,181,13,0.0625
ACH-001333,Naproxen,0.5,61,401,14,0.0312
ACH-001333,Naproxen,5.0,99,52,9,0.0634
ACH-001333,Neratinib (maleate),5.0,220,4050,175,0.0427
ACH-001333,Norepinephrine (hydrochloride),5.0,96,1275,50,0.0379
ACH-001333,Olanzapine,5.0,115,1608,67,0.0405
ACH-001333,Palmatine (chloride),5.0,75,945,32,0.0324
ACH-001333,Pasireotide (acetate),5.0,216,1101,100,0.0822
ACH-001333,Pentagastrin,5.0,65,1540,39,0.0249
ACH-001333,Pentamidine (isethionate),0.5,150,1021,44,0.039
ACH-001333,Pentamidine (isethionate),5.0,169,1664,100,0.0577
ACH-001333,Pralsetinib,0.05,955,114,44,0.0429
ACH-001333,Pravastatin (sodium),0.05,286,47,17,0.0538
ACH-001333,Pravastatin (sodium),0.5,255,139,20,0.0535
ACH-001333,Pravastatin (sodium),5.0,466,203,64,0.1058
ACH-001333,Pyridoxine,5.0,152,1750,73,0.0399
ACH-001333,Pyridoxine (hydrochloride),5.0,99,1006,47,0.0444
ACH-001333,Quinestrol,5.0,126,1795,85,0.0463
ACH-001333,Radotinib,5.0,130,1276,78,0.0587
ACH-001333,Ralimetinib dimesylate,0.05,3544,193,20,0.0054
ACH-001333,Raltitrexed,5.0,93,1393,59,0.0413
ACH-001333,Rapamycin,5.0,213,2206,119,0.0517
ACH-001333,Regorafenib,0.05,354,73,15,0.0364
ACH-001333,Regorafenib,0.5,168,1267,45,0.0324
ACH-001333,Regorafenib,5.0,96,34,6,0.0484
ACH-001333,Relugolix,5.0,46,1284,23,0.0176
ACH-001333,Resveratrol,5.0,305,1976,129,0.0599
ACH-001333,Retinoic acid,5.0,193,1169,107,0.0853
ACH-001333,Riluzole hydrochloride,5.0,214,2149,133,0.0596
ACH-001333,Rimonabant,5.0,157,1243,98,0.0753
ACH-001333,Ritonavir,5.0,57,1334,34,0.0251
ACH-001333,Ropivacaine (hydrochloride monohydrate),5.0,118,1093,89,0.0793
ACH-001333,S-Adenosyl-L-methionine (disulfate tosylate),5.0,152,1734,108,0.0607
ACH-001333,Salicylic acid,5.0,77,1316,45,0.0334
ACH-001333,Saquinavir,5.0,143,1664,68,0.0391
ACH-001333,Selinexor ,5.0,952,4229,668,0.148
ACH-001333,Sinomenine,5.0,112,974,62,0.0605
ACH-001333,Sodium Salicylate,5.0,308,1577,136,0.0778
ACH-001333,Sonidegib,0.05,240,285,30,0.0606
ACH-001333,Sulfisoxazole,0.5,574,1087,121,0.0786
ACH-001333,Sulfisoxazole,5.0,107,1573,56,0.0345
ACH-001333,Temsirolimus,5.0,113,1912,73,0.0374
ACH-001333,Terfenadine,0.5,599,818,77,0.0575
ACH-001333,Terfenadine,5.0,140,1833,78,0.0412
ACH-001333,Thymol,5.0,206,606,53,0.0698
ACH-001333,Tofacitinib,5.0,181,1765,114,0.0622
ACH-001333,Tofacitinib (citrate),5.0,165,1417,93,0.0625
ACH-001333,Tolcapone,5.0,114,1783,69,0.0377
ACH-001333,Topotecan (hydrochloride),0.05,198,124,18,0.0592
ACH-001333,Topotecan (hydrochloride),0.5,102,1246,46,0.0353
ACH-001333,Topotecan (hydrochloride),5.0,256,911,47,0.042
ACH-001333,Trametinib,0.05,958,1228,304,0.1615
ACH-001333,Trametinib,0.5,563,3071,253,0.0748
ACH-001333,Trametinib,5.0,2352,1395,549,0.1717
ACH-001333,Triamcinolone,5.0,464,1915,247,0.1159
ACH-001333,Triclosan,5.0,99,1521,58,0.0371
ACH-001333,Trifluridine,5.0,158,1515,82,0.0515
ACH-001333,Trimetrexate,5.0,110,1747,65,0.0363
ACH-001333,Tucidinostat,5.0,570,6038,475,0.0774
ACH-001333,Vilanterol,5.0,147,1381,86,0.0596
ACH-001333,Vinblastine (sulfate),5.0,120,1817,87,0.047
ACH-001333,c-Kit-IN-1,0.05,125,1573,27,0.0162
ACH-001333,olaparib,0.05,71,197,13,0.051
NA,(R)-Verapamil (hydrochloride),5.0,237,1494,140,0.088
NA,18β-Glycyrrhetinic acid,5.0,420,1059,153,0.1154
NA,8-Hydroxyquinoline,5.0,547,1234,210,0.1337
NA,Abemaciclib,0.05,77,401,12,0.0258
NA,Acetohexamide,5.0,453,1431,161,0.0934
NA,Adagrasib,0.05,1574,1720,665,0.2529
NA,Adenine,5.0,447,1075,179,0.1333
NA,Adenosine,5.0,420,1891,223,0.1068
NA,Afatinib,0.05,886,71,29,0.0312
NA,Afatinib,0.5,222,1940,115,0.0562
NA,Afatinib,5.0,252,1988,110,0.0516
NA,Aliskiren,5.0,301,1123,159,0.1257
NA,Allantoin,5.0,974,1637,348,0.1538
NA,Almonertinib (hydrochloride),5.0,629,1512,274,0.1468
NA,Almonertinib (mesylate),0.05,43,89,9,0.0732
NA,Almonertinib (mesylate),0.5,215,1279,97,0.0694
NA,Almonertinib (mesylate),5.0,413,590,67,0.0716
NA,Amsacrine,5.0,660,2396,408,0.1541
NA,Anethole trithione,5.0,503,1505,266,0.1527
NA,Artesunate,5.0,650,1718,405,0.2063
NA,Azithromycin (hydrate),5.0,548,1315,223,0.136
NA,Baicalin,5.0,314,1442,179,0.1135
NA,Balsalazide (sodium hydrate),5.0,299,1152,146,0.1119
NA,Belumosudil,0.05,80,50,15,0.1304
NA,Belumosudil,0.5,140,349,34,0.0747
NA,Belumosudil,5.0,245,872,66,0.0628
NA,Berbamine,0.5,417,531,114,0.1367
NA,Berbamine,5.0,368,1767,166,0.0843
NA,Berbamine (dihydrochloride),0.05,161,84,29,0.1343
NA,Berbamine (dihydrochloride),0.5,140,171,26,0.0912
NA,Berbamine (dihydrochloride),5.0,321,427,61,0.0888
NA,Berberine (chloride hydrate),5.0,361,1364,184,0.1194
NA,Bergenin,5.0,352,1097,159,0.1233
NA,Bimatoprost,5.0,646,1624,274,0.1373
NA,Binimetinib,0.05,1050,735,258,0.169
NA,Binimetinib,0.5,573,3606,287,0.0737
NA,Binimetinib,5.0,1370,311,155,0.1016
NA,Busulfan,5.0,776,1237,258,0.147
NA,Captopril,0.05,483,173,27,0.0429
NA,Cepharanthine,5.0,540,849,210,0.1781
NA,Chlorhexidine (diacetate),0.5,398,676,88,0.0892
NA,Chlorhexidine (diacetate),5.0,300,1761,168,0.0887
NA,Ciclopirox,5.0,419,1648,171,0.0902
NA,Clonidine (hydrochloride),5.0,334,1718,182,0.0973
NA,Clotrimazole,5.0,347,1356,158,0.1023
NA,Cloxacillin (sodium),5.0,235,929,125,0.1203
NA,Cysteamine (hydrochloride),5.0,334,1113,138,0.1054
NA,Cytarabine,0.05,233,160,34,0.0947
NA,Cytarabine,0.5,109,439,29,0.0559
NA,Cytarabine,5.0,83,560,34,0.0558
NA,DTP3,0.05,145,644,18,0.0233
NA,Daidzin,0.05,200,117,46,0.1697
NA,Daidzin,0.5,63,155,13,0.0634
NA,Daidzin,5.0,316,589,67,0.08
NA,Darinaparsin,5.0,604,2191,282,0.1122
NA,Demeclocycline,5.0,341,595,77,0.0896
NA,Diammonium Glycyrrhizinate,5.0,351,1664,182,0.0993
NA,Docetaxel,5.0,977,2214,460,0.1684
NA,Elagolix sodium,5.0,735,1541,302,0.153
NA,Flumatinib (mesylate),0.05,154,137,26,0.0981
NA,Flumatinib (mesylate),0.5,240,1128,88,0.0688
NA,Flumatinib (mesylate),5.0,68,360,33,0.0835
NA,Fluvoxamine (maleate),5.0,329,2202,204,0.0877
NA,Folic acid,5.0,274,1279,128,0.0898
NA,Fumaric acid,0.05,79,187,18,0.0726
NA,Fumaric acid,0.5,92,720,43,0.0559
NA,Fumaric acid,5.0,154,738,68,0.0825
NA,Furosemide,5.0,329,975,139,0.1193
NA,Fusidic acid,5.0,282,1077,166,0.1391
NA,Gallic acid,5.0,345,1109,189,0.1494
NA,Gallic acid (hydrate),5.0,492,1604,213,0.1131
NA,Gemfibrozil,5.0,617,1781,285,0.1349
NA,Goserelin (acetate),5.0,353,1344,209,0.1405
NA,Hexylresorcinol,5.0,547,1256,305,0.2036
NA,Homoharringtonine,5.0,7580,8981,6014,0.5702
NA,Hydroxyfasudil,0.05,397,301,32,0.048
NA,Idarubicin (hydrochloride),5.0,6342,10134,5202,0.4614
NA,Irinotecan (hydrochloride),0.05,613,81,24,0.0358
NA,Irinotecan (hydrochloride),0.5,647,802,177,0.1392
NA,Irinotecan (hydrochloride),5.0,904,446,108,0.087
NA,Isocorydine,5.0,341,1111,166,0.1291
NA,L-Thyroxine (sodium salt pentahydrate),5.0,423,1470,98,0.0546
NA,Larotrectinib,5.0,459,1214,182,0.1221
NA,Lenalidomide (hemihydrate),5.0,315,1530,186,0.1121
NA,Lidocaine (hydrochloride),5.0,1159,1780,398,0.1566
NA,Lipoic acid,5.0,257,948,152,0.1443
NA,Lumateperone (tosylate),5.0,333,885,148,0.1383
NA,Malotilate,0.05,2079,87,43,0.0203
NA,Medroxyprogesterone acetate,5.0,659,1853,276,0.1234
NA,Megestrol,5.0,465,1269,197,0.1282
NA,Methylprednisolone succinate,0.05,245,159,24,0.0632
NA,Mitoxantrone (dihydrochloride),5.0,670,5852,421,0.069
NA,Naproxen,0.05,55,155,12,0.0606
NA,Naproxen,0.5,68,470,27,0.0528
NA,Naproxen,5.0,66,85,13,0.0942
NA,Neratinib (maleate),5.0,590,2765,338,0.112
NA,Norepinephrine (hydrochloride),5.0,470,1373,170,0.1016
NA,Olanzapine,5.0,591,1476,267,0.1483
NA,PF-06260933,0.05,462,192,50,0.0828
NA,Palmatine (chloride),5.0,396,1176,168,0.1197
NA,Pasireotide (acetate),5.0,846,1500,371,0.1878
NA,Pentagastrin,5.0,285,1229,128,0.0924
NA,Pentamidine (isethionate),0.5,196,944,57,0.0526
NA,Pentamidine (isethionate),5.0,588,1789,250,0.1175
NA,Pralsetinib,0.05,1395,99,52,0.0361
NA,Pravastatin (sodium),0.05,98,46,12,0.0909
NA,Pravastatin (sodium),0.5,250,234,47,0.1076
NA,Pravastatin (sodium),5.0,450,360,81,0.1111
NA,Pyridoxine,5.0,460,1511,168,0.0932
NA,Pyridoxine (hydrochloride),5.0,563,1041,215,0.1548
NA,Quinestrol,5.0,345,1654,217,0.1218
NA,Radotinib,5.0,905,2061,502,0.2037
NA,Ralimetinib dimesylate,0.05,245,239,24,0.0522
NA,Raltitrexed,5.0,277,1607,186,0.1095
NA,Rapamycin,5.0,719,2176,317,0.123
NA,Regorafenib,0.05,720,147,64,0.0797
NA,Regorafenib,0.5,77,2270,43,0.0187
NA,Regorafenib,5.0,85,151,20,0.0926
NA,Relugolix,5.0,190,957,95,0.0903
NA,Resveratrol,5.0,645,1649,247,0.1207
NA,Retinoic acid,5.0,484,1515,262,0.1508
NA,Riluzole hydrochloride,5.0,840,2168,399,0.1529
NA,Rimonabant,5.0,387,1208,213,0.1541
NA,Ritonavir,5.0,467,1633,227,0.1212
NA,Ropivacaine (hydrochloride monohydrate),5.0,455,1472,257,0.1539
NA,S-Adenosyl-L-methionine (disulfate tosylate),5.0,468,2450,324,0.1249
NA,Salicylic acid,5.0,411,1276,177,0.1172
NA,Saquinavir,5.0,478,1633,193,0.1006
NA,Selinexor ,5.0,1393,3415,851,0.2151
NA,Sinomenine,5.0,378,1012,192,0.1603
NA,Sodium Salicylate,5.0,694,1520,260,0.1331
NA,Sonidegib,0.05,222,500,37,0.054
NA,Sulfisoxazole,0.5,565,927,127,0.093
NA,Sulfisoxazole,5.0,298,1658,165,0.0921
NA,Temsirolimus,5.0,338,1683,226,0.1259
NA,Terfenadine,0.5,325,1046,116,0.0924
NA,Terfenadine,5.0,428,2147,286,0.1249
NA,Thymol,5.0,727,841,215,0.1589
NA,Tofacitinib,5.0,496,1428,182,0.1045
NA,Tofacitinib (citrate),5.0,366,1341,191,0.126
NA,Tolcapone,5.0,249,2121,161,0.0729
NA,Topotecan (hydrochloride),0.05,183,308,42,0.0935
NA,Topotecan (hydrochloride),0.5,110,2521,80,0.0314
NA,Topotecan (hydrochloride),5.0,110,2305,55,0.0233
NA,Trametinib,0.05,839,837,229,0.1583
NA,Trametinib,0.5,745,3811,438,0.1064
NA,Trametinib,5.0,2021,1824,628,0.1952
NA,Triamcinolone,5.0,891,2657,562,0.1882
NA,Triclosan,5.0,475,1507,250,0.1443
NA,Trifluridine,5.0,271,1477,120,0.0737
NA,Trimetrexate,5.0,351,2170,193,0.0829
NA,Tucidinostat,5.0,1431,6419,1083,0.16
NA,Vilanterol,5.0,411,1829,279,0.1423
NA,Vinblastine (sulfate),5.0,457,2295,315,0.1293
NA,c-Kit-IN-1,0.05,223,1503,43,0.0255
NA,olaparib,0.05,5782,326,20,0.0033
