gene,n_pairs,r
LINC00905,22,0.8075
ENSG00000286405,36,0.719
ENSG00000286142,109,0.6849
ENSG00000236800,27,0.6831
WARS1P1,38,0.6787
ENSG00000215097,21,0.6785
ENSG00000237856,61,0.6751
OR13C4,29,0.6664
ENSG00000284095,89,0.6591
ZNF101P1,23,0.6523
RNU1-22P,62,0.6496
PDE4DIPP7,36,0.6456
RPL6P16,51,0.6387
CCNB1IP1P1,31,0.6282
LINC02164,37,0.625
RPLP0P3,55,0.6225
ENSG00000227687,20,0.6182
ENSG00000226036,24,0.6037
ADAD2,27,0.5999
OR10A6,173,0.5878
ENSG00000235371,82,0.5858
RRAS2P2,30,0.5839
ENSG00000253189,125,0.5804
ENSG00000251478,22,0.5756
PDE6H,114,0.5697
ENSG00000255216,33,0.568
TPT1P1,25,0.5649
EEF1GP8,22,0.5601
ANKRD44-DT,21,0.5581
GVINP2,25,0.5573
REXO1L1P,52,0.5511
CACNA1G-AS1,59,0.5491
ENSG00000287504,44,0.5477
SMIM12P1,30,0.5467
SLC6A14P2,33,0.5466
LINC02374,33,0.5437
THAP12P5,26,0.5412
RN7SL717P,24,0.5409
MTCYBP19,21,0.5405
ENSG00000259989,43,0.5391
MROH4P,21,0.5351
KRT8P47,70,0.5304
ENSG00000288970,20,0.5259
ENSG00000289991,109,0.5209
PRELID3BP5,23,0.52
ENSG00000283259,45,0.5184
ENSG00000285562,46,0.5175
ENSG00000270989,28,0.5161
ENSG00000232383,24,0.5152
ENSG00000270992,146,0.5111
LINC01774,26,0.5106
OR6B1,72,0.5081
FAM136CP,26,0.5078
OOSP4A,156,0.5064
ENSG00000289901,7363,0.5027
OR51C1P,116,0.502
ENSG00000286498,66,0.4966
APLNR,33,0.4916
LILRB2,20,0.4882
SERF1AP1,21,0.4881
RN7SKP255,6545,0.4864
ENSG00000288657,43,0.4864
RPL12P30,46,0.4776
ENSG00000289967,27,0.4775
SNRPGP17,125,0.4743
IGHD,31,0.4729
OR2T32P,20,0.4723
AIF1,261,0.4722
ENSG00000248423,21,0.4718
CHCHD2P4,104,0.4717
ENSG00000289639,23,0.4698
ENSG00000271343,110,0.4697
ENSG00000274330,114,0.4692
RNU6-239P,69,0.4692
GSC2,70,0.468
OFD1P1Y,59,0.4664
ENSG00000251049,28,0.4657
SLC17A2,486,0.4654
PPIAP45,80,0.4637
IGHA2,86,0.4624
RNU4-2,7400,0.4612
ENSG00000271099,23,0.4607
ENSG00000268615,82,0.4593
DUSP6,7579,0.459
OR52A1,57,0.4572
ENSG00000229016,60,0.4547
ENSG00000287520,301,0.4533
PPP3R2,55,0.4527
MT2A,7630,0.4525
LIMK2P1,28,0.4513
ENSG00000236412,27,0.4491
ENSG00000288922,34,0.4468
ENSG00000278580,28,0.4459
ENSG00000280268,30,0.4448
ITGA2,7640,0.4437
ENSG00000239532,70,0.4436
ENSG00000230285,55,0.4427
OR7H1P,26,0.4418
ENSG00000261462,37,0.4417
ENSG00000267674,32,0.4405
ENSG00000284727,168,0.4401
ENSG00000262296,69,0.4401
ENSG00000229283,34,0.4375
SPRY4,7513,0.4369
TRH,76,0.4368
MT-ND4L,7472,0.4366
FDPSP1,30,0.4364
ENSG00000266479,221,0.4361
ENSG00000284610,95,0.4359
RN7SL416P,21,0.4357
ENSG00000283213,40,0.4341
ENSG00000285191,31,0.434
ENSG00000228292,52,0.4339
ENSG00000257284,69,0.4302
MED28P3,25,0.43
ENSG00000290819,20,0.4297
ENSG00000250194,105,0.4287
EGR1,7636,0.4276
PAGE3,21,0.4274
ENSG00000284614,22,0.4267
ENSG00000286986,23,0.426
ENSG00000290828,23,0.426
ENSG00000285564,54,0.4249
ENSG00000279172,20,0.424
ENSG00000261078,27,0.4228
OR2V1,41,0.4225
LINC02070,37,0.4218
ENSG00000249287,89,0.4216
ENSG00000258888,119,0.4216
RN7SKP71,7160,0.4215
OR10A3,109,0.4204
OR8B12,23,0.42
BHLHE22,40,0.4195
BPIFA4P,247,0.4169
TBC1D3D,69,0.4158
ENSG00000219549,280,0.4156
ENSG00000278982,36,0.4153
METAP2P1,31,0.415
ENSG00000286204,375,0.4123
MC4R,77,0.4115
EVX2,120,0.4101
7SK,7606,0.4087
ENSG00000226601,110,0.4073
LILRP1,211,0.406
CCL4,203,0.4055
RPSAP47,99,0.4048
ENSG00000248625,22,0.4039
ENSG00000285744,7479,0.4034
ENSG00000284745,38,0.403
OR4N5,37,0.403
ENSG00000290042,66,0.4019
DHFR,7523,0.4016
RN7SKP19,361,0.4012
ETV5,7559,0.4012
LLPHP1,59,0.3992
ENSG00000284003,23,0.3986
UBE2FP2,36,0.3982
Y_RNA-628,32,0.3977
ENSG00000259001,7323,0.397
MTND2P31,129,0.3968
DUXAP7,72,0.3961
ENSG00000287927,115,0.396
ENSG00000269993,211,0.3954
IER2,7591,0.3953
NEAT1,7641,0.3952
ENSG00000253403,111,0.3945
ENSG00000280276,201,0.3938
SPRY4-AS1,7596,0.3935
KMT2CP2,51,0.3933
TENT5C-DT,126,0.3933
ENSG00000255440,112,0.3922
ENSG00000285040,110,0.3918
LINC00919,58,0.3913
ENSG00000224583,81,0.3912
ENSG00000279534,110,0.3911
CNEP1R1P1,51,0.3902
PRELID3BP10,29,0.39
ENSG00000238215,82,0.3895
U8-11,41,0.389
RAB5CP2,52,0.3886
DUX4L37,114,0.3884
ENSG00000184084,34,0.3874
LINC01729,71,0.3873
CSN1S1,86,0.386
ENSG00000255272,40,0.3857
TRDC,119,0.3842
ENSG00000285998,33,0.3828
Y_RNA-649,193,0.3822
ENSG00000273679,23,0.3815
ENSG00000276127,76,0.3815
ENSG00000264985,102,0.3805
EIF4E2P1,41,0.3799
RPL12P8,21,0.3798
ENSG00000275358,35,0.3797
ENSG00000288763,165,0.3793
WFIKKN2,127,0.3793
ENSG00000258140,88,0.3782
PPP1R15A,7605,0.378
ENSG00000275672,161,0.3771
RN7SKP37,21,0.3761
ENSG00000283053,55,0.376
ENSG00000224525,298,0.3757
SETP1,74,0.3756
USP17L2,22,0.3752
SRSF3P4,57,0.3751
ENSG00000279326,113,0.3746
NDUFB4P4,35,0.3739
LINC02366,448,0.3737
CXCL8,7634,0.3735
RPL7AP55,128,0.3729
IFITM3P1,64,0.3727
GPR79,36,0.3727
FTCD-AS1,236,0.3723
DEFB125,34,0.3722
ENSG00000233459,44,0.3718
LINC00269,58,0.3715
ENSG00000290059,219,0.3714
ENSG00000286421,93,0.3704
ENSG00000286183,80,0.3702
ENSG00000266306,47,0.37
OR8G2P,80,0.3698
RPL7P3,29,0.3693
ENSG00000226624,43,0.3683
ENSG00000259008,136,0.3678
ENSG00000253985,84,0.3667
CRNN,189,0.3663
ENSG00000284964,45,0.3657
CPEB4,7635,0.3657
PPBPP2-1,20,0.365
ENSG00000271621,67,0.3643
ENSG00000225011,129,0.3641
ENSG00000290393,41,0.3639
LINC02173,134,0.3636
ENSG00000289237,32,0.3619
SNX19P3,363,0.3616
RPL7P50,182,0.3608
DUSP5,7552,0.3607
ENSG00000287768,128,0.3603
JUN,7634,0.3589
IGHV3-33-2,25,0.3583
IGLL5,21,0.3574
B3GALNT2P1,82,0.3565
ENSG00000287700,177,0.3559
ENSG00000235308,68,0.3556
ENSG00000287633,54,0.3556
ENSG00000285945,264,0.3555
LINC01827,37,0.3539
RPS3AP31,21,0.3538
GPR143P,51,0.3535
FUT11,7628,0.3531
NPM1P47,79,0.3525
ICE2P1,224,0.3523
MT-ATP8,7638,0.3523
ENSG00000277245,74,0.3514
POU5F1P3,32,0.3511
KRT77,22,0.3506
PLEC,7633,0.3503
NFKBIA,7579,0.3499
PER1,7565,0.3497
LINC00459,21,0.3494
LINC03010,224,0.3491
ARRDC3,7600,0.3486
RN7SKP43,29,0.3484
HK2,7641,0.3479
ZFPM2-AS1,7637,0.3476
Y_RNA-471,47,0.3476
CST9L,45,0.3467
CKAP2P1,291,0.3465
ENSG00000219302,218,0.3456
FAM114A1,7630,0.3455
CCL23,27,0.3454
INSM2,451,0.3442
MT-ND6,7610,0.3438
DLG2,7600,0.3438
ENSG00000287217,245,0.3432
ENSG00000229282,86,0.343
ENSG00000249289,88,0.3427
ENSG00000289876,44,0.3426
MT1X,7555,0.342
ENSG00000288840,411,0.3419
ENSG00000286621,87,0.3414
ENSG00000285647,388,0.3412
ENSG00000230785,121,0.3412
ENSG00000271680,202,0.341
ENSG00000287951,190,0.3407
ENSG00000285336,144,0.3406
KRT127P,34,0.3404
ENSG00000270712,53,0.3402
ENSG00000284825,120,0.3402
FAM223A,21,0.34
ENSG00000286270,234,0.3399
CXCR1,163,0.3399
ENSG00000287973,913,0.3396
ENSG00000268080,36,0.3394
KCNK18,92,0.3393
ENSG00000275228,32,0.3384
CDRT15P13,76,0.338
ENSG00000288796,90,0.3379
ENSG00000287333,68,0.3364
RPL7P34,22,0.3363
LINC01654,63,0.3363
ENSG00000285695,646,0.336
ENSG00000224604,117,0.3356
OR1H1P,89,0.3352
ANAPC1P3,41,0.3349
TGIF2LY,39,0.3345
UBE2V1P3,26,0.3344
ATF3,7510,0.3343
TALAM1,7641,0.3342
ENSG00000261298,287,0.3339
RNU6-519P,127,0.3338
AREG,7628,0.3337
ENSG00000255801,326,0.3337
ENSG00000275508,49,0.3334
BNIP3L,7641,0.3332
KLF10,7567,0.3332
ENSG00000222024,66,0.3332
FRG2C,266,0.3326
CRYAA,117,0.3325
OR7E122P,32,0.3322
ENSG00000228391,63,0.3319
ENSG00000262319,25,0.3318
TM4SF1,7641,0.3314
ENSG00000235907,75,0.3313
CEACAMP9,61,0.3309
GAPDH,7641,0.3306
HIKESHIP3,113,0.3297
PCLO,7565,0.3296
PCBP2,7641,0.3296
ENSG00000288017,108,0.3295
FOS,7554,0.329
KCNA1,340,0.3284
ENSG00000283686,100,0.3282
LINC02155,701,0.328
HILPDA,7623,0.328
CIBAR1P2,34,0.328
KRT33B,300,0.3276
ENSG00000253447,78,0.3275
ENSG00000258693,67,0.3274
ENSG00000225102,386,0.3271
CBLB,7641,0.3269
LINC01987,59,0.3269
MAGEA9,40,0.325
RBM7P1,79,0.3248
MXI1,7602,0.3246
PAQR9-AS1,45,0.3244
OR6Y1,41,0.3242
RTP2,28,0.3237
ZBTB10,7591,0.3235
SLC2A3,7639,0.3233
TRAV13-2,64,0.3229
KIRREL3-AS3,45,0.3229
DDX43P1,21,0.3228
LINC00368,274,0.3226
FBXO36P1,112,0.3218
LINC02961,83,0.3211
ENSG00000288860,224,0.3211
ENSG00000271137,23,0.3208
RPS12,7638,0.3208
MIPEPP2,144,0.3208
ADH5P2,31,0.3206
AHNAK2,7559,0.3205
NPM1,7641,0.3204
OR51Q1,58,0.3202
PITPNC1,7641,0.3202
MCTP1,7634,0.3202
ENSG00000255357,32,0.3202
ANGPTL4,7571,0.3198
GADD45B,7478,0.3195
FAM181A-AS1,445,0.3191
UPP1,7570,0.3188
RHBDF1P1,32,0.3188
SPANXN2,36,0.3185
ENSG00000271537,24,0.3185
UBC,7640,0.3184
HSP90AB1,7641,0.3182
MYADM,7509,0.3175
ENSG00000203437,93,0.3175
ENSG00000279391,32,0.3171
RN7SKP174,161,0.3167
RPS2,7631,0.3166
CDC37,7554,0.3164
ELK3,7633,0.3164
TRIM49B,34,0.3163
ZNF705D,97,0.3162
ENSG00000267614,71,0.3157
ENSG00000260522,60,0.3156
VDAC1P10,93,0.3156
TNFRSF12A,7470,0.3153
NT5E,7576,0.3152
RPL31P58,45,0.3149
ENSG00000235994,78,0.3146
INSIG2,7638,0.3145
ENSG00000258437,31,0.3143
RNU4-1,6925,0.3141
CDCP1,7624,0.3136
ENSG00000287499,219,0.3135
LINC01779,50,0.3134
LNCPRESS2,952,0.3133
FAM87A,414,0.3131
MT-ND5,7641,0.313
ENSG00000242407,75,0.3129
MRPL48P1,62,0.3129
ENSG00000257863,362,0.3128
RPL15P2,52,0.3126
ZCCHC12,448,0.3125
USP6NL-AS1,122,0.3124
CCN1,7617,0.3123
ENSG00000250997,63,0.3121
ENSG00000265069,53,0.312
CAPZA1P4,117,0.3116
ENSG00000229961,60,0.3116
LEUTX,35,0.3114
ANXA1,7637,0.3114
LINC00353,68,0.3113
MTATP6P1,7604,0.3112
CYLD,7570,0.3109
RD3,216,0.3106
ENSG00000224134,145,0.3105
MCL1,7641,0.3101
PAX4,26,0.3101
KRT18P39,40,0.3099
FASN,7522,0.3098
ENSG00000265494,345,0.3098
PGAM1,7434,0.3098
ENSG00000262488,56,0.3089
ENSG00000289203,36,0.3083
LINC02431,145,0.3078
CTSL3P,167,0.3077
ENSG00000249588,23,0.3076
GAPDHP27,396,0.3075
ENSG00000276251,50,0.3072
ENSG00000234768,853,0.3065
ENSG00000236543,282,0.3063
RHOB,7517,0.306
PRELID2,7641,0.3059
ENSG00000263682,54,0.3055
EEF2,7640,0.3054
MT-CO2,7577,0.3052
ETV1,7521,0.3052
HRURF,1776,0.3051
AMER2,26,0.3049
ID1,7452,0.3047
ENSG00000226798,201,0.3047
ENSG00000291261,406,0.3046
ENTR1P2,33,0.3045
ENSG00000249099,177,0.3044
GPCPD1,7620,0.3043
CLEC4M,229,0.3038
HEXIM1,7542,0.3036
HMGCS1,7611,0.3033
RN7SKP127,62,0.3033
ERRFI1,7641,0.3031
OR7E29P,22,0.3031
ACTG1P23,181,0.3028
FN1,7641,0.3025
MT-CO1,7641,0.3024
ENSG00000228957,100,0.302
PRSS58,104,0.3012
RNU4-42P,173,0.3011
RMRP,7059,0.3008
ENSG00000265690,6405,0.3008
ENSG00000260404,24,0.3007
ENSG00000261789,31,0.3007
GPR174,132,0.3007
Y_RNA-297,136,0.3007
RBMXL3,86,0.3006
MAGEB10,157,0.3001
SRRM1P2,294,0.3
LPCAT1,7497,0.2999
ENSG00000232327,103,0.2997
PRRC1,7581,0.2995
LINC01544,76,0.2988
RPL7AP44,30,0.2986
HNRNPA1,7635,0.2985
ENSG00000270512,30,0.2982
ENSG00000232188,93,0.2978
ENSG00000290064,392,0.2977
HDAC9,7623,0.2975
ENSG00000288854,113,0.2972
H1-1,1970,0.297
CYP2B7P-1,402,0.2969
RPS2P17,51,0.2968
CGB3,175,0.2966
LINC01016,422,0.2965
ERGIC3,7496,0.2965
ELL2,7641,0.2964
Y_RNA-427,43,0.2963
PRND,340,0.2962
PERCC1,57,0.2962
ARHGEF19-AS1,25,0.2961
ANKRD66,32,0.2959
ENSG00000250100,116,0.2959
H2AC20,7317,0.2957
TEX14,7372,0.2955
LCE1E,294,0.2951
ENSG00000238185,24,0.295
ENSG00000250540,30,0.295
ENSG00000272085,129,0.2948
LINC02153,461,0.2947
ENSG00000285587,61,0.2944
VCX2,107,0.2944
MT-ND4,7641,0.2944
PDIA4,7634,0.2938
FABP9,71,0.2936
SCRT2,419,0.2936
STAT3,7641,0.2933
ENSG00000237707,89,0.2933
CLU,7520,0.2932
NEUROD4,168,0.2929
EEF1G,7609,0.2928
ENSG00000267612,150,0.2928
EHBP1L1,7528,0.2925
ENSG00000286919,26,0.2925
CYCSP26,94,0.2923
NCR3,114,0.2923
USH2A-AS2,502,0.2921
THSD4,7638,0.2921
USP9YP6,82,0.2919
LDHA,7641,0.2918
CBLN4,378,0.2915
ENSG00000260410,42,0.2914
NKX1-2,431,0.2913
FOSL1,7582,0.2912
RPL7,7640,0.291
ENSG00000213386,160,0.291
GSTA5,23,0.2908
SQSTM1,7641,0.2904
ENSG00000254506,377,0.2899
ENSG00000230027,731,0.2898
SPRED1,7630,0.2898
ENSG00000290479,22,0.2898
EGR3,7205,0.2896
ENSG00000254314,180,0.2896
ENSG00000290377,23,0.2895
ENSG00000289008,171,0.2894
NKX2-4,57,0.2888
CCT2,7499,0.2886
ENSG00000286295,80,0.2885
LILRP2,162,0.2885
SALRNA1,127,0.2884
CLK3P2,30,0.2879
TMX1,7442,0.2877
ENSG00000285992,45,0.2877
ENSG00000274310,63,0.2877
ENSG00000237716,58,0.2873
HNRNPCL3,62,0.2873
UQCRFS1P1,673,0.287
ENSG00000249412,154,0.287
MAGEA8-AS1,98,0.287
ENSG00000213587,59,0.2869
ENSG00000281383,7301,0.2869
C10orf67-AS1,113,0.2868
ENSG00000277513,215,0.2868
MBOAT2,7632,0.2868
RNU5A-1,1428,0.2867
RPS3,7633,0.2864
OR51R1P,25,0.2864
ENSG00000264243,34,0.2862
ENSG00000290843,339,0.2858
ALDOA,7641,0.2856
KLF6,7625,0.2855
UNCX,299,0.2855
SPRED2,7641,0.2852
NR1H5P,55,0.2852
MT-ND1,7638,0.2851
ENSG00000260677,178,0.2851
ENSG00000249091,49,0.285
OR8D4,91,0.285
IFITM5,77,0.285
GCSHP2,157,0.2847
TGM2,7581,0.2847
HNRNPA1P39,61,0.2846
KDELR1,7586,0.2843
AKAP12,7641,0.2838
ARRDC4,7454,0.2836
EEF1B2P4,80,0.2836
RN7SKP194,219,0.2836
ENSG00000232821,84,0.2835
ENSG00000236106,91,0.2835
ENSG00000270066,7240,0.2834
EEA1,7627,0.2834
HES5,1198,0.2832
NR1D2,7595,0.2831
ENSG00000263618,963,0.2831
XPOT,7635,0.2831
BANF1P2,86,0.283
REL,7594,0.283
NR4A3,7569,0.2828
U6-23,34,0.2827
ENSG00000248600,66,0.2827
STC1,7637,0.2825
TRIM51JP,62,0.2824
ENSG00000250771,156,0.2823
RHOQP3,115,0.2822
MMEL1-AS1,84,0.2821
EIF4BP2,116,0.282
KRTAP5-10,48,0.282
RRM2,7541,0.2818
EIF4A1P7,104,0.2818
GPX4,7517,0.2817
ENSG00000285041,78,0.2817
TNFAIP3,7573,0.2816
ENSG00000286818,372,0.2814
ENSG00000287396,776,0.2811
B4GALNT2P1,60,0.2811
CTAGE13P,29,0.2798
ENSG00000233633,191,0.2795
ENSG00000281741,89,0.2793
MAFF,7528,0.2793
BBS7-DT,89,0.2792
RN7SKP150,1703,0.2791
PCARE,151,0.279
ENSG00000279239,557,0.279
SLX1B,53,0.279
CHP2,41,0.2789
TXNIP,7632,0.2788
SFTPC,231,0.2788
HBEGF,7473,0.2788
ENSG00000251510,45,0.2787
TEMN3-AS1,148,0.2787
CALM3,7553,0.2787
ACOXL-AS1,211,0.2786
ENSG00000279729,195,0.2785
ENSG00000287831,120,0.2784
TUBB4B,7529,0.2781
ENSG00000234034,269,0.2779
ENSG00000256189,508,0.2779
ANTXR2,7635,0.2777
ANKRD36B,7566,0.2777
OR8B8,128,0.2775
ENSG00000258433,390,0.2775
ENSG00000267141,111,0.2775
ADAMTS6,7634,0.2774
H1-7,67,0.2774
RORA,7641,0.2772
LILRA6,383,0.2771
ENSG00000288978,23,0.2771
SEPTIN14P21,118,0.2771
LINC01761,197,0.2769
GPR50,385,0.2768
MSMO1,7523,0.2767
SLC30A1,7472,0.2767
RPL9P28,37,0.2765
ENSG00000203531,195,0.2764
ENSG00000288078,40,0.2762
RPS27A,7635,0.2761
EIF4BP1,226,0.2759
ENSG00000254398,37,0.2759
ENSG00000291000,73,0.2758
HDAC9-AS1,279,0.2758
DNAJC19P3,99,0.2757
TNKS1BP1,7541,0.2757
BPIFA4P-1,460,0.2756
NPY,376,0.2756
NCL,7641,0.2755
DCBLD2,7641,0.2749
IFI6,7618,0.2749
ENSG00000230843,218,0.2749
ODF4,60,0.2749
TMED4,7493,0.2746
LINC02498,35,0.2742
ENSG00000213942,174,0.2742
MT-CYB,7641,0.2741
ENSG00000278996,7315,0.2738
ENSG00000237837,139,0.2738
KDM6B,7550,0.2736
RPL32P33,38,0.2736
ENSG00000237325,37,0.2736
RSRC2,7638,0.2736
ENSG00000260070,2342,0.2735
LAP3P2,166,0.2731
ENSG00000287914,535,0.2731
ENSG00000244192,54,0.273
PIK3R3,7559,0.2728
IRF1,7599,0.2727
LINC02480,29,0.2726
NFE2L1,7616,0.2725
COG6,7639,0.2724
H4C5,7048,0.2724
H4C8,7359,0.2723
ENSG00000253252,346,0.2722
TIMP1,7577,0.2719
FKBP5,7453,0.2716
MICC,63,0.2716
OR5AU1,1945,0.2715
Y_RNA-457,33,0.2715
ENSG00000267193,499,0.2714
ENSG00000279125,64,0.2714
ENSG00000264138,27,0.2713
ENSG00000259912,57,0.2712
NOP56,7507,0.2708
LINC01906,485,0.2707
TTTY18,261,0.2707
LAMA3,7638,0.2704
CYP51A1,7622,0.2704
PGGHG,7247,0.2702
ADAM19,7541,0.2701
LAMA5,7556,0.2701
SLC6A21P,63,0.2701
ENSG00000286006,20,0.27
LINC00552,413,0.2698
IFIH1,7633,0.2691
NFKB2,7538,0.2691
ASNS,7553,0.2691
ABHD17C,7577,0.269
ENSG00000287473,68,0.269
ZNF839P1,62,0.2689
SREBF1,7580,0.2685
ENSG00000226130,150,0.2685
ENSG00000257958,67,0.2685
COL6A3,7611,0.2684
RPL32P5,57,0.2684
RAB30,7526,0.2683
SIT1,438,0.2683
ITGB5,7622,0.2683
ENSG00000248635,259,0.2682
SLC7A11,7637,0.2681
POLR2J3,7291,0.2681
RNA5SP399,92,0.2679
SPACA4,169,0.2676
ENSG00000258860,901,0.2675
ENSG00000279024,20,0.2674
OR5AN1,108,0.2673
ENSG00000272872,3162,0.2671
ALPG,862,0.2669
ENSG00000284673,45,0.2668
ENSG00000266775,37,0.2668
GADD45A,7516,0.2666
H3C2,6789,0.2662
HPCAL1,7621,0.2662
RPL7AP65,23,0.2661
RNF103-CHMP3,7419,0.2657
IL25,25,0.2657
ENSG00000286436,440,0.2656
OR8B3,28,0.2653
ENSG00000255843,109,0.2653
IMPDH1P6,22,0.2653
ENSG00000287364,400,0.2652
FLNA,7630,0.2651
HNRNPA1P38,78,0.265
DAG1,7456,0.265
STEAP3,7442,0.265
TMEM41B,7627,0.2649
SF3A3,7462,0.2649
LPIN1,7513,0.2647
ENSG00000257846,229,0.2646
ENSG00000255313,20,0.2644
IDI1,7531,0.2644
H3-3B,7638,0.2644
OR7G2,88,0.2643
ENSG00000253879,106,0.2642
HMGN1P17,172,0.2642
ENSG00000230485,95,0.2641
MT-RNR2,7641,0.2641
HNRNPA3,7580,0.2639
ENSG00000250084,390,0.2639
NLRP10,1930,0.2638
ATOSA,7616,0.2638
ENSG00000243574,369,0.2635
RN7SL502P,30,0.2635
RPL21,7550,0.2631
ENSG00000260877,7381,0.263
MARK2P9,380,0.263
Y_RNA-18,41,0.263
CCL4L2,235,0.263
RPL41,7428,0.2629
HMGN2P17,188,0.2628
ENSG00000290024,24,0.2628
RPEP2,115,0.2627
ENSG00000231780,24,0.2625
C4orf3,7532,0.2624
ENSG00000286471,529,0.2624
HLA-G,5885,0.2623
ENSG00000232710,5677,0.262
ENSG00000224670,44,0.262
IL36A,54,0.2619
ENSG00000266009,137,0.2618
ENSG00000256075,29,0.2618
ENSG00000291021,22,0.2617
WEE1P1,52,0.2615
TNRC18,7630,0.2614
ERO1A,7641,0.2613
ENSG00000227981,20,0.2611
ENSG00000225172,670,0.2611
SEPTIN7P5,112,0.2611
DUSP1,7524,0.2609
RPLP1,7641,0.2609
ENSG00000290062,67,0.2608
ABCA2,7363,0.2606
DNM2,7637,0.2603
ABTB2,7638,0.2603
ENSG00000279565,150,0.2603
ENSG00000277535,26,0.2603
RPL18A,7341,0.2602
DOCK6,7600,0.2601
NUSAP1,7508,0.26
ENSG00000275063,46,0.2598
PTTG1IP2,79,0.2597
BCKDK,7364,0.2596
ENSG00000230021,7402,0.2594
PPFIA4,7543,0.2592
ENSG00000285976,7636,0.2591
JUND,7443,0.2588
LINC02704,85,0.2588
ARFGEF3,7638,0.2588
KCTD3,7614,0.2588
H2BC1,274,0.2587
TXNRD1,7641,0.2584
PTPRM,7641,0.2584
ENSG00000230298,25,0.2582
LINC01683,49,0.2579
EIF4A2,7621,0.2579
EIF5A,7597,0.2577
RPL39P15,302,0.2576
CCDC188BP,84,0.2576
LINC02668,796,0.2576
ENSG00000262372,121,0.2575
ENSG00000290507,29,0.2574
ENSG00000289355,526,0.2572
Y_RNA-333,117,0.2572
CXCL3,7284,0.2572
ENSG00000289044,6098,0.2571
ENSG00000289293,7238,0.2571
KCNAB1-AS1,207,0.2571
RPL3,7591,0.2569
ENSG00000289020,669,0.2569
INTS10,7567,0.2568
ENSG00000285895,1487,0.2566
ENSG00000283659,81,0.2565
LINC01815,140,0.2564
AGPAT5,7582,0.2564
ZFP36,7573,0.2562
ITGA6,7640,0.2562
SH3PXD2B,7568,0.2562
OR8F1P,115,0.2561
ENSG00000254939,107,0.256
ZC3H12C,7617,0.2558
LINC02991,28,0.2557
RPL21P93,506,0.2556
DPYSL2,7629,0.2556
ENSG00000288048,224,0.2556
ENSG00000222022,2285,0.2555
OPALIN,1288,0.2554
TMED9,7542,0.2553
ENSG00000257879,794,0.2552
PHLDA1,7640,0.2549
ENSG00000287952,38,0.2548
MARCHF11-AS1,938,0.2547
ENSG00000263253,73,0.2545
NOC3L,7548,0.2543
H2BC5,7488,0.2542
HMGA2,7638,0.2542
DNAJB6P6,42,0.2541
KLF1,387,0.2539
XYLT2,7449,0.2538
CRP,114,0.2536
ENSG00000231062,191,0.2536
KIF1C,7547,0.2534
MEF2D,7627,0.2534
FLNB,7641,0.2529
ENO1,7641,0.2528
HMGN2,7536,0.2528
ENSG00000236775,28,0.2528
DDIT4,7597,0.2527
ENSG00000266644,199,0.2527
ENSG00000267620,144,0.2526
IGHM,82,0.2525
CD55,7641,0.2524
PNMA6E,84,0.2522
ENSG00000250319,153,0.2518
DBN1,7467,0.2518
KIF13B,7626,0.2516
IFI44L,7496,0.2515
BIRC3,7617,0.2514
AP2M1,7523,0.2512
ZSWIM5P3,216,0.2512
HMGB2,7563,0.251
EFCAB11,7402,0.2508
SERPINH1,7570,0.2506
H1-10,7494,0.2505
NOL3,7473,0.2505
ARL13B,7481,0.2504
ENSG00000225339,7352,0.2504
SALL3,998,0.2503
ENSG00000253717,100,0.2502
MYO9B,7639,0.2502
PITPNM2,7560,0.2501
CCL18,60,0.25
ENSG00000260137,96,0.25
POLR2A,7639,0.2497
CRISP3,279,0.2496
ENSG00000249695,728,0.2496
PSAPL1,442,0.2494
ENSG00000250300,455,0.2494
ACTB,7641,0.2493
PSMD7,7528,0.2492
TRIM53CP,578,0.2492
CREB5,7581,0.2491
ENSG00000276919,27,0.2489
ENSG00000282906,110,0.2489
ETV4,7414,0.2487
SYNE1,7490,0.2486
ENSG00000286921,25,0.2485
TCP11L2,7508,0.2483
BACH2,7513,0.2483
ASF1B,7316,0.2482
ENSG00000233029,1630,0.2481
ENSG00000263501,45,0.2479
NPM1P11,61,0.2477
EEF1A1,7629,0.2476
MT-RNR1,7641,0.2476
LINC02430,259,0.2475
SLCO5A1,7431,0.2474
PPIAP32,28,0.2474
KATNAL1,7427,0.2474
ENSG00000271565,32,0.2472
CNOT7P1,277,0.2471
OS9,7627,0.247
HMGN2P2,72,0.2469
PFKL,7533,0.2468
FAM205A,77,0.2468
ENSG00000223402,69,0.2468
S100A7A,162,0.2467
CD9,7569,0.2465
SNAPC3,7573,0.2465
MYLIP,7516,0.2465
SLC7A15P,113,0.2465
RPS6,7641,0.2463
EPIC1,7641,0.2463
OR4K17,93,0.2462
TMED3,7619,0.2462
ENSG00000254372,41,0.2461
ENSG00000259433,259,0.2459
LCE1C,25,0.2459
ENSG00000227965,24,0.2459
ENSG00000278058,147,0.2459
CCNL1,7641,0.2458
SCRT1,812,0.2457
MCPH1-AS1,7499,0.2457
MTRF1LP2,180,0.2457
LINC01797,209,0.2457
RPN1,7545,0.2455
TPM3,7640,0.2454
MIDN,7555,0.2453
PYDC2,141,0.2452
SLC12A7,7515,0.2452
HACE1,7549,0.2451
ENSG00000286597,191,0.2451
UBR1,7637,0.2449
MYO1D,7641,0.2448
CREBRF,7626,0.2448
ENSG00000233511,116,0.2447
Y_RNA-503,82,0.2446
ZMYM3,7350,0.2445
ENSG00000239767,61,0.2444
PMP22,7508,0.2444
RN7SKP203,5878,0.2444
NUMA1,7609,0.2443
PVALB,230,0.2443
RPS7,7479,0.2441
LINC00342,7557,0.2441
ENSG00000289281,469,0.244
ENSG00000229345,58,0.244
RPL17,7635,0.2439
ENSG00000253960,450,0.2439
ENSG00000289431,380,0.2437
LRRC23,7515,0.2437
SUMO1P1,152,0.2436
ENSG00000288595,1569,0.2435
PTCHD3,552,0.2435
S1PR1-DT,486,0.2434
ENSG00000258125,286,0.2433
ENSG00000283157,126,0.2432
NIBAN2,7622,0.2429
HSPA8,7638,0.2427
ENSG00000249857,532,0.2427
ENSG00000289595,547,0.2426
CEACAM7,2726,0.2424
ENSG00000223753,104,0.2423
DUX4,27,0.2422
DEFB4B,48,0.2422
ENSG00000280277,116,0.2422
ENSG00000287995,33,0.2421
ABTB3,7527,0.2421
KLHL24,7620,0.2421
LIMCH1,7639,0.2421
H19,6057,0.242
ATP5F1AP10,31,0.2419
ACTL7B,25,0.2419
ENSG00000285821,165,0.2418
ENSG00000279687,264,0.2417
CENPK,7474,0.2416
IFITM3P2,113,0.2416
ENSG00000227920,27,0.2412
ZFYVE28,7617,0.241
ENSG00000286309,134,0.2407
SORBS1,7522,0.2407
CSRNP1,7431,0.2405
ENSG00000225916,117,0.2405
ENSG00000261222,460,0.2405
LINC01644,1480,0.2404
RPS8,7641,0.2403
KRTAP5-2,88,0.2403
GAGE12J,195,0.2402
SPTBN1,7641,0.2401
ENSG00000267089,27,0.2401
FANCA,7444,0.24
TUBA1B,7574,0.24
ENSG00000250877,74,0.2399
ENSG00000261625,78,0.2398
PLCB4,7606,0.2398
ENSG00000232121,245,0.2397
GPC6,7641,0.2397
ENSG00000287921,122,0.2397
DOCK4,7636,0.2396
POM121L9P-1,1223,0.2395
FAM13A,7640,0.2394
TNS1,7535,0.2393
ENSG00000277119,223,0.2393
ENSG00000286452,94,0.2392
BOD1L1,7641,0.2391
GIGYF1,7404,0.239
ENSG00000232431,416,0.239
PABPC1P7,57,0.2389
PRMT1P1,104,0.2389
THBS1,7498,0.2387
ENSG00000286247,21,0.2386
TBC1D26-AS1,122,0.2386
VEGFA,7629,0.2385
ENSG00000260997,671,0.2385
FDX1P1,23,0.2384
PMS2P4-1,7613,0.2381
PDK3,7623,0.2381
FAM30A,194,0.2379
ENSG00000285623,1189,0.2379
KRT18,7602,0.2379
MYO16-AS1,7259,0.2378
ENSG00000285726,23,0.2378
CNBP,7634,0.2378
HNRNPA2B1,7641,0.2377
ENSG00000241962,7430,0.2376
COX7C,7470,0.2376
ENSG00000287140,40,0.2376
ENSG00000254651,60,0.2376
NCK2,7546,0.2374
NPAS2,7640,0.2374
ENSG00000248112,1304,0.2373
RN7SL753P,344,0.2373
ENSG00000271148,20,0.2371
PDE4D,7641,0.2371
DDX5,7640,0.237
BCL2L1,7638,0.2369
BMERB1,7627,0.2369
ENSG00000290608,153,0.2368
GSTA9P,1013,0.2368
ENSG00000287658,105,0.2367
CCDC200,7297,0.2365
RPL5P28,131,0.2365
TREML4,745,0.2362
LINC00682,485,0.2362
ZFP64,7587,0.2362
BRD2,7641,0.2361
RNU5B-1,1789,0.2361
KRTAP4-12,226,0.236
LINC01734,94,0.236
ENSG00000240296,38,0.2359
CALML5,144,0.2359
YEATS2,7640,0.2358
OR2C1,76,0.2356
RNA5SP141,70,0.2355
ASPH,7641,0.2355
CSNK1G3,7633,0.2354
PPM1L,7477,0.2353
SLC25A43,7520,0.2353
NDUFB4P1,108,0.2351
NTSR1,7542,0.235
ENSG00000233995,69,0.235
MAML2,7640,0.2349
ENSG00000258517,153,0.2348
ENSG00000258204,33,0.2348
RPLP0,7641,0.2348
ENSG00000236145,127,0.2348
SCAMP1,7621,0.2347
KRT90P,686,0.2347
ENSG00000257035,521,0.2347
RNU4-43P,156,0.2346
IFIT1,7573,0.2345
YPEL5P2,32,0.2344
ENSG00000240842,26,0.2344
ARF4P1,72,0.2344
ENSG00000264340,161,0.2344
KRT18P48,745,0.2343
RNF213,7641,0.2343
NCAPG,7405,0.2342
LRP1,7629,0.2342
CEMIP,7599,0.2341
CTSLP6,22,0.234
RPL4,7639,0.234
ENSG00000225387,126,0.234
ENSG00000278045,22,0.234
KIR3DL3,188,0.2339
PAG1,7629,0.2338
CCL20,7247,0.2338
ENSG00000276807,159,0.2337
ANKRD37,7558,0.2337
FDPS,7556,0.2335
LINC01164,571,0.2335
ENSG00000235328,35,0.2333
DNMBP,7567,0.2333
RAB11B,7424,0.2332
ENSG00000280850,169,0.2332
ENSG00000280270,578,0.2332
ARHGAP29,7599,0.2329
CASP4,7515,0.2329
MT-CO3,7634,0.2329
ENSG00000290053,710,0.2329
RPS3AP41,44,0.2328
TKTL2,61,0.2328
MYBPH,717,0.2324
ENSG00000250842,7464,0.2323
ARHGEF2,7555,0.2321
ENSG00000225813,1282,0.232
ENSG00000285661,62,0.2319
ENSG00000257434,535,0.2318
NUTF2P7,49,0.2318
ENSG00000264023,182,0.2317
NDRG1,7641,0.2315
SQLE,7511,0.2314
ENSG00000261265,21,0.2314
PDIA6,7638,0.2314
ZMYND19P1,26,0.2314
ENSG00000230597,135,0.2313
ENSG00000276403,229,0.2313
CLK1,7590,0.2312
OFD1P11Y,48,0.2312
ARF4P4,49,0.2311
ENSG00000226252,52,0.2311
NR1D1,7546,0.2311
DDX41,7455,0.231
IGFBP3,7637,0.2309
RELB,7544,0.2309
AARS1,7576,0.2309
GZMK,34,0.2309
LINC01148,138,0.2309
HMGB1P48,135,0.2308
FAM91A3P,192,0.2308
TAB3P1,322,0.2308
ENSG00000249763,30,0.2307
H1-0,7626,0.2307
NMUR1,1077,0.2307
ENSG00000254563,145,0.2307
PHF5FP,126,0.2307
CTSB,7588,0.2306
ENSG00000286942,267,0.2306
SEMA4B,7615,0.2306
FRMD6,7627,0.2305
FADS2,7416,0.2303
NDUFAF6,7623,0.2302
H4C4,6003,0.2301
LGALS13,140,0.2301
SHFL,7371,0.23
PCYOX1,7537,0.2299
TMA7,7468,0.2299
SLC6A12-AS1,21,0.2298
ENSG00000287483,234,0.2298
SLC6A8,7467,0.2297
ARL6IP1,7622,0.2297
RPSAP48,30,0.2297
H2AC7,6483,0.2297
ENSG00000279139,92,0.2297
ENSG00000258795,241,0.2296
HAUS6P2,911,0.2294
ENSG00000236387,795,0.2293
ENSG00000253444,139,0.2293
ENSG00000290934,77,0.2291
ENSG00000267234,22,0.2291
RPS2P25,110,0.2291
TCAF1P1,6194,0.2291
CCND1,7634,0.229
PLD1,7628,0.2289
HIVEP2,7641,0.2288
RPS16P9,37,0.2288
CTSL3P-1,387,0.2287
RSL24D1,7524,0.2287
ARSFP1,241,0.2287
CLASP1-AS1,7021,0.2286
H1-2,7454,0.2286
SLC38A2,7641,0.2286
R3HDM2P2,57,0.2286
MCFD2,7613,0.2285
ENSG00000286983,774,0.2284
PTPRF,7636,0.2284
ENSG00000250173,131,0.2283
LSM14A,7623,0.2282
LINC02614,7434,0.2282
PLOD2,7641,0.2281
MYO5A,7631,0.2281
ENSG00000229458,181,0.2281
RPL12,7639,0.2281
INSR,7612,0.2279
STX1A,7516,0.2279
ABCC3,7587,0.2279
KIF3A,7489,0.2279
KTN1,7641,0.2277
FDFT1,7548,0.2277
DOCK5,7641,0.2276
SIGLEC17P-1,22,0.2276
ENSG00000273013,117,0.2276
RYBP,7640,0.2275
PREPL,7600,0.2275
ENSG00000280440,91,0.2274
HES1,7638,0.2274
KRTAP5-7,121,0.2274
GUSBP10,35,0.2272
OSMR,7641,0.2272
CLMN,7576,0.2271
ENSG00000205976,388,0.2271
SPATA31A6,195,0.227
TENT5A,7636,0.2269
PRMT2,7613,0.2269
RPSAP33,33,0.2269
XAF1,7478,0.2269
OR4C4P,23,0.2268
ENSG00000267636,287,0.2268
SLC17A5,7518,0.2267
SIRT1,7534,0.2266
LY6E,7456,0.2266
ARL15,7635,0.2266
PRC1,7430,0.2264
MINAR2,858,0.2264
SAT1,7640,0.2264
DRAP1,7463,0.2264
RANBP2,7580,0.2262
APLP2,7641,0.2261
PRPF4BP1,107,0.226
ENSG00000270212,70,0.226
LINC02707,47,0.2259
TAMM41,7466,0.2259
ENSG00000258460,763,0.2259
EIF4EBP1,7463,0.2259
APOL6,7550,0.2258
BCL9L,7568,0.2257
ENSG00000269564,79,0.2257
MKI67,7557,0.2257
ENSG00000257096,532,0.2257
H2AC6,7535,0.2257
ENSG00000287597,289,0.2256
PJA2,7617,0.2256
MIR23AHG,7512,0.2255
PLEK2,7329,0.2255
BUB1B,7453,0.2255
ZEB1,7641,0.2255
ENSG00000232411,254,0.2254
THRA,7375,0.2253
SPECC1,7557,0.2253
IRF2BP2,7622,0.2253
LINC00297,54,0.2253
ENSG00000234457,214,0.2252
ENSG00000279096,143,0.2252
GAPDHP32,263,0.2251
HSPA4L,7497,0.2251
LINC00349,171,0.225
ARHGAP36,322,0.2249
SH3PXD2A,7611,0.2248
ENSG00000260509,133,0.2248
ENSG00000267250,350,0.2247
IER3,7625,0.2247
LUZP1,7631,0.2247
TRIM69,7370,0.2246
NAMPT,7641,0.2246
LINC01354,321,0.2246
DNTTIP1,7546,0.2245
PODXL,7491,0.2244
CNNM2,7614,0.2244
LHFPL6,7519,0.2244
OR5P3,532,0.2243
MAGEB18,194,0.2243
LINC02437,265,0.2242
SAMD5,7516,0.2242
VAT1,7512,0.2242
ENSG00000230882,3335,0.2241
FRY,7599,0.2241
ENSG00000285483,57,0.224
ARRDC3-AS1,7345,0.224
TMF1,7636,0.224
MED15P6,62,0.224
PDE3A,7620,0.2239
STRAP,7572,0.2239
MDH1,7503,0.2237
EGR2,6975,0.2237
ENSG00000213365,178,0.2237
ENSG00000286860,1604,0.2237
CHIAP1,59,0.2237
TAX1BP1,7641,0.2236
ENSG00000231136,151,0.2236
TBC1D9B,7577,0.2236
KRT8,7632,0.2236
BARD1,7554,0.2234
RACK1,7637,0.2234
MIR450A2,30,0.2234
ENSG00000287586,59,0.2233
ENSG00000249791,45,0.2233
OOSP4B,1178,0.2233
PPIAP67,291,0.2233
EIF1,7640,0.2233
ENSG00000286948,671,0.2232
HIF1A-AS3,7629,0.2231
ENSG00000234967,422,0.2231
CEP290,7625,0.2231
CNN2,7505,0.223
ENSG00000273920,29,0.223
CALU,7641,0.223
HERPUD1,7610,0.2229
MLPH,7567,0.2229
JAG1,7517,0.2228
LRRFIP1,7641,0.2228
ENSG00000229379,106,0.2226
PLXNB3,6715,0.2225
TRIQK,7544,0.2224
LINC02338,552,0.2224
SCGB2A1,304,0.2221
CXCL2,7296,0.2221
RPL19,7639,0.2221
RNU6-1046P,234,0.222
ENSG00000286832,279,0.222
ENSG00000225570,23,0.2219
AIFM1P1,190,0.2219
FREM2-AS1,30,0.2218
STX7,7578,0.2217
ENSG00000228559,293,0.2217
CDC25B,7379,0.2217
VLDLR,7308,0.2216
PLA2G2E,472,0.2215
ANKRD27,7516,0.2215
TPSB2,1408,0.2215
SPATA5,7593,0.2213
ENSG00000248425,133,0.2213
ANKRD36C,7623,0.2212
ZNF680P1,1281,0.2212
WIPI1,7453,0.2211
USP53,7641,0.2211
ENSG00000255402,69,0.221
WFDC12,64,0.221
SMYD2,7522,0.221
ENSG00000254055,107,0.2209
RPL15,7631,0.2209
ENSG00000237845,225,0.2209
ENSG00000267838,5619,0.2209
MUC5B,5272,0.2208
ENSG00000224387,133,0.2208
ENSG00000273012,28,0.2208
LSP1P5,341,0.2207
ENSG00000289707,381,0.2207
RN7SL255P,26,0.2207
CKAP2,7509,0.2207
MAS1,836,0.2206
AQP7P3,424,0.2206
TNS3,7638,0.2205
NREP,7488,0.2205
ENSG00000257517,33,0.2204
ENSG00000285827,7595,0.2204
FGF12-AS3,478,0.2204
ENSG00000274834,303,0.2204
TOP2B,7631,0.2204
PHLDA2,7370,0.2203
FAU,7534,0.2203
ENSG00000273184,7607,0.2203
IFNA10,48,0.2203
ENSG00000254001,116,0.2201
ENSG00000279949,87,0.22
ENSG00000252139,23,0.2199
KLHDC7B,3303,0.2199
OR2L1P,164,0.2198
VEZT,7632,0.2198
RPL36,7631,0.2198
ENSG00000264488,110,0.2197
CNIH3,7464,0.2197
ENSG00000236252,231,0.2197
LINC02289,234,0.2197
ENSG00000237596,7421,0.2196
CKLF,7434,0.2196
ENSG00000249691,154,0.2195
ENSG00000278192,4238,0.2195
NAV3,7572,0.2195
ST13P13,283,0.2195
GAPDHP64,782,0.2195
ENSG00000226716,750,0.2194
LINC01998,125,0.2194
PKM,7641,0.2193
ENSG00000251284,276,0.2192
ENSG00000289405,7353,0.2191
TJP2,7632,0.2191
RNU4ATAC,6781,0.2191
PRKN,7615,0.2191
DNAH5,7480,0.219
PPIL1P1,92,0.2189
MYC,7505,0.2189
CDH13,7641,0.2189
APOL1,7519,0.2189
ARHGAP26,7639,0.2188
RPS5,7577,0.2187
EMP1,7624,0.2186
DPEP3,74,0.2186
RPL23,7640,0.2186
SPTAN1,7624,0.2185
PLCXD1,7378,0.2185
PGK1,7641,0.2185
ENSG00000270655,69,0.2184
ENSG00000260701,855,0.2184
SEZ6L-AS1,55,0.2184
ENSG00000290880,62,0.2183
STAT1,7641,0.2181
LINC01154,58,0.2181
CIR1P3,29,0.2181
BCAP31,7491,0.218
CD83,7434,0.218
CTDSP1,7362,0.2178
SH3BP2,7507,0.2178
GPAA1P1,235,0.2178
RNU1-14P,172,0.2177
OR2B6,949,0.2177
PRANCR,7486,0.2176
ENSG00000287300,601,0.2176
ENSG00000272583,298,0.2175
ENSG00000185296,81,0.2175
GPC5,7455,0.2174
H4C13,3637,0.2174
SPAG9,7641,0.2174
RND3,7578,0.2174
BNIP3P39,26,0.2174
ENSG00000203900,140,0.2173
ENSG00000226041,53,0.2173
CTNNB1,7641,0.2173
TRA2B,7626,0.2173
H1-4,7410,0.2172
ENSG00000248586,351,0.2172
ZCRB1,7512,0.2171
PLAUR,7621,0.2171
TMEM50B,7507,0.217
TPT1,7641,0.217
RHOXF1,7442,0.2169
ENSG00000290455,95,0.2169
GPRC5A,7641,0.2168
TERB2,472,0.2168
LINC02517,150,0.2168
ENSG00000273997,35,0.2168
NAALADL2,7622,0.2167
ENSG00000290384,87,0.2167
ITGA3,7628,0.2167
ENSG00000279065,264,0.2166
ANK2,7618,0.2166
ZMYND8,7640,0.2164
INSIG1,7589,0.2164
BCL6,7609,0.2164
TRBV26OR9-2,60,0.2164
ENSG00000261774,62,0.2164
ENTPD7,7543,0.2164
MED16,7357,0.2163
CFB,7404,0.2163
EGR4,4584,0.2163
STAT6,7572,0.2163
ENC1,7481,0.2163
CCN2,7360,0.2162
DBH,941,0.2162
Y_RNA-391,193,0.2162
OR52N1,64,0.2161
LINC01441,63,0.2161
LAMB2,7445,0.216
ELOVL6,7490,0.216
MCEE,7420,0.216
ENSG00000290599,664,0.216
ENSG00000267318,7355,0.2158
PHRF1,7558,0.2158
OR4A12P,104,0.2158
ENSG00000287439,661,0.2158
TMEM207,663,0.2158
ENSG00000289160,29,0.2157
ZNF235,7591,0.2157
B2M,7640,0.2157
TRERF1,7534,0.2157
ENSG00000236389,50,0.2155
ENSG00000248161,946,0.2155
NIPBL,7641,0.2153
ENSG00000243176,7328,0.2152
ALDH1A2-AS1,54,0.2151
SCYL2,7569,0.2151
LRP8,7506,0.215
NIHCOLE,7641,0.215
PRPSAP1,7522,0.2149
ENSG00000274515,219,0.2148
SERPINB8,7326,0.2148
PMAIP1,7581,0.2148
ENSG00000263574,863,0.2147
H3C3,4323,0.2147
LINC02425,171,0.2147
ELOCP18,791,0.2147
RPL24P9,27,0.2146
ENSG00000261793,66,0.2146
ENSG00000261368,98,0.2146
TFPI2,7607,0.2145
TFDP2,7627,0.2145
ENSG00000274702,42,0.2145
ENSG00000266885,569,0.2144
AFDN,7641,0.2144
RYR2,7416,0.2143
ETS1,7634,0.2143
ENSG00000288041,117,0.2143
PPY,321,0.2143
HJURP,7392,0.2142
TYMS,7425,0.2141
ENSG00000287602,277,0.2141
FAM90A28P,34,0.2141
CENPUP2,87,0.2141
ENSG00000278334,109,0.214
SYTL2,7486,0.214
SCD,7640,0.214
YBX3,7636,0.214
LUCAT1,7641,0.2139
MX2,7591,0.2139
ENSG00000231418,100,0.2139
LINC01874,221,0.2139
ENSG00000216906,162,0.2137
HNRNPA1P64,32,0.2137
ENSG00000278346,388,0.2137
SSRP1,7517,0.2136
KIF26A-DT,261,0.2136
NF1P5,149,0.2135
DCAF4L2,329,0.2134
RPL24,7583,0.2134
ENSG00000258601,653,0.2133
PLEKHA6,7488,0.2133
CCNI,7640,0.2133
MNDA,192,0.2132
NALF1,7641,0.2132
ENSG00000236665,92,0.2132
AWAT2,232,0.2132
ARPC1B,7548,0.2132
PSD3,7641,0.2132
HNRNPH1,7641,0.2132
HSPA5,7641,0.2131
GTF2F2P2,55,0.2131
DPH6,7488,0.2129
CTSL,7573,0.2128
NR4A1,7605,0.2127
ENSG00000253583,176,0.2127
LMNB1,7418,0.2127
UGCG,7640,0.2126
TFPI,7638,0.2126
SOX12,7395,0.2126
DDX23,7476,0.2126
ZNF444P1,36,0.2125
HSPA4,7617,0.2125
H2BC15,7409,0.2124
RPL36A,7635,0.2124
TRBV12-4,161,0.2124
Metazoa_SRP-44,21,0.2123
NUP58,7634,0.2122
MTND1P14,59,0.2122
ENSG00000286495,344,0.2122
LINC02655,135,0.2122
MSH5,7380,0.2122
PLOD1,7573,0.2122
MYL6,7602,0.2121
TMEM109,7356,0.212
PIGU,7572,0.212
HMGCR,7581,0.212
HMMR,7394,0.2119
GBP1,7229,0.2119
OGA,7640,0.2118
ENSG00000236304,77,0.2118
CEP250,7612,0.2118
VDAC2P2,63,0.2118
ENSG00000258836,110,0.2118
IL31,118,0.2117
ENSG00000228238,301,0.2117
ENSG00000284706,33,0.2117
CYP20A1,7519,0.2116
ARHGDIA,7592,0.2115
TRMT112P6,73,0.2115
OR6F1,185,0.2115
ELOVL7,7499,0.2114
WHAMM,7548,0.2114
ENSG00000285693,7333,0.2113
ENSG00000275186,47,0.2113
DZIP3,7477,0.2113
COPG2,7475,0.2112
CAST,7641,0.211
FAM107B,7634,0.211
AZGP1P1-1,304,0.2109
IL6R,7447,0.2109
ENSG00000290004,186,0.2108
RPSA,7415,0.2107
LINC01267,236,0.2107
ENSG00000285918,208,0.2106
AFF3,7517,0.2106
ENSG00000286879,279,0.2105
GAPDHP2,36,0.2105
ENSG00000258077,7636,0.2104
ENSG00000287150,2336,0.2104
KIDINS220,7635,0.2104
GFPT1,7641,0.2104
ENSG00000233754,41,0.2103
CYCS,7550,0.2103
RPL29,7399,0.2103
ENSG00000269981,181,0.2103
KIF18B,7404,0.2102
TLN1,7638,0.2102
ENSG00000286393,1267,0.2101
ZNF367,7370,0.2101
TFDP1,7468,0.2101
ENSG00000235158,539,0.2099
MT-ND2,7641,0.2099
GNPATP,104,0.2098
CHD3,7600,0.2097
SRSF10,7627,0.2097
ACIN1,7640,0.2096
C12orf71,72,0.2096
AP3M2,7416,0.2096
ENSG00000259084,848,0.2096
FAM90A26,210,0.2095
RPS27,7625,0.2095
CD68,7477,0.2095
NPHS1,6877,0.2094
PPP6R1,7535,0.2094
LHFPL3-AS2,5837,0.2094
ENSG00000267406,373,0.2094
SAR1AP3,98,0.2092
NUTF2P2,127,0.2092
SAMD12,7634,0.2092
GAS2L3,7460,0.2092
FGFRL1,7313,0.2092
HYCC1,7625,0.2091
TOP1,7641,0.2091
ENSG00000276693,122,0.2091
ENSG00000249772,137,0.2091
ENSG00000229533,101,0.2091
SPRR2A,813,0.209
MINDY2,7640,0.209
SNTB1,7632,0.209
MACROD2,7634,0.2089
TNFSF18,2732,0.2089
CMPK2,7370,0.2088
EIF4A1P8,54,0.2087
GALNS,7418,0.2086
TSGA10,7415,0.2086
AMY1B,78,0.2085
CMC2,7425,0.2085
DEFA5,21,0.2085
ICAM1,7522,0.2084
NRG1,7595,0.2084
ENSG00000285155,7093,0.2082
RHOC,7477,0.2081
AAMP,7493,0.2081
IRF9,7560,0.2081
RCOR3,7630,0.208
TBCD,7614,0.208
HLA-H,6875,0.2079
JPT2,7603,0.2079
PLEKHA4,7510,0.2078
CXCL1,7302,0.2078
SNORD3B-1,3459,0.2078
CAMK1D,7594,0.2077
HNRNPABP1,112,0.2077
EZR,7641,0.2077
ENSG00000236341,360,0.2077
TMEM144,7463,0.2076
BACE2,7641,0.2076
TNPO1P2,52,0.2076
PGRMC2,7554,0.2076
RN7SL568P,71,0.2076
OR2V2,436,0.2075
CAVIN1,7623,0.2074
HSP90B1,7641,0.2074
RNF6P1,92,0.2074
ENSG00000251529,105,0.2073
GPT2,7463,0.2072
BRS3,204,0.2071
ZBED6,7235,0.207
DHX9,7587,0.207
NR4A2,7619,0.207
THAP12P4,44,0.207
PFN2,7394,0.2068
BIRC2,7568,0.2067
SPRR3,846,0.2066
ENSG00000253105,392,0.2066
USP8P2,99,0.2065
THOC6,7282,0.2065
TSPYL2,7458,0.2064
JUNB,7541,0.2063
FERMT1,7456,0.2063
ENSG00000289571,643,0.2062
PDIA3,7641,0.2061
RNA5SP265,21,0.2061
FCF1P3,159,0.2061
CDC42BPB,7632,0.2061
ENSG00000235246,671,0.206
EIF3A,7641,0.206
RPL23AP91,56,0.206
NCKAP5,7574,0.2059
TMEM44,7526,0.2059
SMAD6,7370,0.2059
ENSG00000234793,216,0.2058
UBE2B,7606,0.2058
PRXL2AP2,198,0.2056
ENSG00000280441,7547,0.2056
SP100,7641,0.2056
HELLS,7617,0.2056
MMADHC-DT,7419,0.2055
MTUS2-AS2,65,0.2055
RALBP1,7558,0.2054
SET,7638,0.2054
MMP24OS,7545,0.2054
IFNL3P1,43,0.2053
ENSG00000250850,97,0.2053
ENSG00000259390,1269,0.2053
ENSG00000290906,1155,0.2052
SFPQ,7637,0.2052
PRKG1,7620,0.2052
GPSM1,7392,0.205
PDLIM1P3,267,0.205
HOMER1,7604,0.2049
RALGDS,7530,0.2049
EIF5,7602,0.2049
FTL,7640,0.2048
FBXL20,7636,0.2048
LINC02841,164,0.2048
ENSG00000288775,446,0.2046
LTBP4,7405,0.2046
LINC02379,50,0.2045
BMPR1B,7383,0.2045
TPT1P2,404,0.2044
ENSG00000276393,75,0.2043
MVB12B,7356,0.2043
RPL6,7579,0.2043
XBP1,7587,0.2042
H4C3,7364,0.2042
TERF2IP,7545,0.2042
PRSS23,7565,0.2042
ENSG00000287661,44,0.2041
PLXNB2,7520,0.2041
DTNA,7640,0.2041
LTBP3,7420,0.204
PARP9,7597,0.204
GOLM1,7548,0.204
ENSG00000269826,996,0.204
ENSG00000287706,1416,0.204
LINC01411,7560,0.204
CLMP,7537,0.2039
DNAAF9,7627,0.2039
IQGAP3,7422,0.2038
ANP32E,7581,0.2038
LINC02662,169,0.2037
DEFB116,621,0.2037
RN7SL591P,421,0.2037
LINC-PINT,7641,0.2037
SNHG22,7358,0.2036
DAAM1,7628,0.2036
ATF1P1,117,0.2036
ENSG00000261564,34,0.2035
ENSG00000286748,1168,0.2035
ODC1,7495,0.2035
AK4,7561,0.2035
RNA5SP473,59,0.2034
LDHAP4,6464,0.2034
DDX24,7621,0.2034
H2BC21,7315,0.2034
SOWAHCP2,733,0.2033
ARHGAP22,7559,0.2033
FAM117B,7569,0.2033
ARL5B,7620,0.2033
ABCA1,7626,0.2033
COX6C,7520,0.2033
SERGEF,7591,0.2033
SGIP1,7596,0.2032
SMYD3,7641,0.2032
LENG8,7539,0.2032
SPINK14,426,0.2031
RPS4X,7632,0.2031
ENSG00000225949,47,0.2031
RASA3,7619,0.2031
HLA-C,7587,0.2031
XPO1,7623,0.203
ENSG00000258757,7360,0.203
UBE2L6,7410,0.203
RPL23AP20,343,0.203
LINC02524,226,0.203
ESPL1,7361,0.203
PTTG1IP,7641,0.2029
ENSG00000245719,371,0.2029
SNORA10B,49,0.2029
CEMIP2,7637,0.2028
KCNMB2-AS1,7482,0.2027
FSTL3,7307,0.2027
PLEKHA2,7602,0.2027
SOX4,7622,0.2026
MAPRE1P1,216,0.2026
CCDC186,7598,0.2025
OSMR-DT,7603,0.2025
TRIM22,7240,0.2025
ENSG00000228874,151,0.2025
ASNSP3,81,0.2023
HNRNPH3,7624,0.2023
NBR1,7591,0.2022
RPSAP52,7381,0.2021
EEF1A1P12,6532,0.2021
ENSG00000254007,70,0.2021
ENSG00000274996,263,0.202
ENSG00000291149,7414,0.202
WSB1,7641,0.202
TGFBI,7639,0.2019
NUCKS1,7641,0.2018
RNASE10,307,0.2018
FOXS1,427,0.2018
CLEC10A,291,0.2018
CIB1,7509,0.2018
ENSG00000285977,143,0.2017
RNF40,7452,0.2017
URI1,7600,0.2017
CAMLG,7518,0.2017
MTMR11,7392,0.2017
ENSG00000235464,62,0.2016
SF3B2,7633,0.2015
TLE1,7580,0.2015
LSAMP,7628,0.2015
RHBDF2,7482,0.2015
C9orf78,7538,0.2014
ENSG00000268355,34,0.2013
ERN1,7589,0.2012
FOXK2,7613,0.2012
FKBP9,7481,0.2012
KIF26B,7501,0.2012
OR5B21,675,0.2011
ARID3B,7520,0.2011
SPOPL,7610,0.2011
TMEM65,7620,0.2011
BRCA2,7438,0.201
PGM5-AS1,29,0.201
SSX2,137,0.201
IGHV3-36,44,0.201
DNAI4,7366,0.201
UCN2,4057,0.201
VIM,7641,0.2009
LINC01574,42,0.2009
CIC,7452,0.2009
SLC27A1,7424,0.2009
NCOR2,7640,0.2009
CATSPERG,7374,0.2009
SLIT3-AS2,1225,0.2008
SERPINE1,7635,0.2008
ENSG00000276012,3268,0.2008
CALR,7637,0.2008
ANKUB1,7502,0.2007
SFXN1,7628,0.2007
RAPGEF4,7543,0.2006
NAPA,7547,0.2005
ENSG00000279939,120,0.2004
EN2-DT,2051,0.2004
ENSG00000273554,329,0.2003
ENSG00000286815,191,0.2003
ENSG00000259819,330,0.2003
CDHR3,7554,0.2003
ENSG00000290562,586,0.2002
LINC02148,133,0.2002
LINC02605,6738,0.2002
MAFK,7547,0.2002
CDON,7464,0.2001
VARS1,7370,0.2
KRT8P17,170,0.2
YWHAEP4,112,0.2
ENSG00000258661,173,0.2
ENSG00000253725,38,0.2
ENSG00000287441,237,0.2
ENSG00000251377,1337,0.2
MTCO3P12,6671,0.2
AHR,7634,0.2
PLP2,7512,0.1999
ATP6V1A,7581,0.1999
ENSG00000260021,181,0.1997
PLCB1,7640,0.1996
CCNF,7374,0.1996
OR10AB1P,73,0.1996
LINC00443,952,0.1996
SLC2A13,7637,0.1996
ARHGAP11A,7404,0.1995
ZNF107,7390,0.1994
ENSG00000232598,40,0.1994
ENSG00000280284,45,0.1994
ENSG00000271222,447,0.1993
OTOL1,296,0.1993
EPHA2,7602,0.1993
GPI,7641,0.1992
ERO1B,7512,0.1992
ENSG00000240535,234,0.1991
OR10J4,37,0.1991
IDS,7563,0.199
NXF5,528,0.199
PKN2-AS1,7338,0.199
ENSG00000291169,162,0.199
ENSG00000199470,20,0.199
ENSG00000261959,287,0.199
MIR924HG,7549,0.199
YJEFN3,7363,0.199
BLZF1,7641,0.199
ZNF710,7533,0.1989
FAM219A,7617,0.1988
MAP7D1,7544,0.1988
LILRB5,320,0.1988
SLC32A1,26,0.1988
ENSG00000236889,138,0.1988
PADI3,5127,0.1988
BCAS2P1,199,0.1987
FOSB,7515,0.1987
CCDC88A,7636,0.1987
COMP,2144,0.1987
LHX2-AS1,235,0.1987
COL6A1,7616,0.1986
ENSG00000250978,963,0.1986
DCTN1,7500,0.1986
CD44,7641,0.1986
ENSG00000284702,1419,0.1986
KLF13,7553,0.1986
LYPD4,46,0.1985
ABCA5,7588,0.1985
CLSPN,7390,0.1985
ENSG00000270166,185,0.1985
KRTAP5-11,740,0.1984
SP110,7581,0.1984
COL13A1,7348,0.1984
CD99,7608,0.1984
GTPBP2,7488,0.1984
RPL13A,7634,0.1983
ENSG00000226548,472,0.1983
H2AZ1,7448,0.1983
THBS3,7412,0.1983
SNX9,7641,0.1982
AKAP9,7641,0.1982
FSD1L,7513,0.1982
KIF4A,7504,0.1982
MAP1LC3B,7613,0.1981
NAV2,7641,0.1981
ADARB1,7575,0.1981
ENSG00000249780,1019,0.198
LIF,7380,0.198
ENSG00000279367,202,0.198
LINC02180,97,0.198
ENSG00000220614,41,0.198
TMEM120B,7529,0.1978
ENSG00000213209,31,0.1978
C18orf63,1078,0.1978
RPS11,7634,0.1978
ENSG00000267051,2425,0.1978
SPC25,7370,0.1977
STK25,7418,0.1977
GEM,7451,0.1977
ENSG00000236513,260,0.1976
SLC19A1,7298,0.1976
LINC02934,7483,0.1975
CALM2,7640,0.1975
ENSG00000227240,7411,0.1974
TNFAIP2,7374,0.1973
SYNGAP1,7382,0.1973
IFIT3,7580,0.1973
CAPRIN2,7620,0.1972
GUSBP18,7460,0.1972
CENPF,7568,0.1971
ENSG00000288837,114,0.197
BMP6,7470,0.197
RILPL1,7566,0.197
PITPNM1,7368,0.1969
CFL1,7593,0.1969
TNIP1,7635,0.1968
ENSG00000291231,113,0.1967
RBAK,7563,0.1967
PWWP3A,7413,0.1966
RPS17,7608,0.1966
DPY19L2P4-1,235,0.1966
DTHD1,1793,0.1965
HSP90AA1,7641,0.1964
ERCC8-AS1,82,0.1964
LINC01091,7263,0.1964
ENSG00000285254,20,0.1964
KLF5,7636,0.1963
FHIP1A,7640,0.1962
ENSG00000176984,227,0.1962
JAZF1,7603,0.1962
H2AC10P,75,0.1962
ENSG00000285692,7341,0.1961
IFI44,7592,0.1961
TMSB10,7641,0.1961
TARBP1,7553,0.1961
ENSG00000290808,6684,0.196
CPS1,7611,0.196
CLTB,7467,0.196
STPG4,7407,0.196
ENSG00000241912,527,0.1959
RHOT1P2,160,0.1959
ZSCAN10,1348,0.1958
ENSG00000290735,1452,0.1958
CTDSPL2,7633,0.1957
ENSG00000290565,44,0.1957
MOV10,7490,0.1957
PMM2,7638,0.1957
RBL2,7614,0.1956
PTMA,7641,0.1956
LINC01127,3462,0.1956
COX7B,7521,0.1956
SLC16A1,7517,0.1955
GSTA3,196,0.1955
FKBP10,7527,0.1955
RPL38,7620,0.1955
CRY1,7617,0.1954
ZNF72P,88,0.1954
Metazoa_SRP-98,191,0.1954
PUDP,7532,0.1954
STX8,7590,0.1953
SLC7A2,7534,0.1952
ENSG00000229224,161,0.1952
MX1,7564,0.1952
ENSG00000267356,78,0.1952
PDLIM5,7641,0.1952
ENSG00000230526,202,0.1951
SPOCK1,7623,0.195
ANKRD33B,7505,0.195
CDKL5,7611,0.1949
INF2,7534,0.1948
LPCAT4,7403,0.1948
SERINC5,7635,0.1948
IL9RP4,95,0.1947
ENSG00000261020,895,0.1947
ENSG00000289163,56,0.1947
SDC4,7615,0.1947
ENSG00000254249,28,0.1946
ETS2,7586,0.1946
ESYT2,7641,0.1946
LZTS2,7441,0.1946
PLSCR1,7636,0.1946
MIF,7546,0.1945
SPIDR,7640,0.1944
COL5A2,7620,0.1944
ENSG00000271653,65,0.1944
TAFA2,7365,0.1944
LINC00467,7393,0.1944
SUMO2P6,84,0.1943
LINC00430,908,0.1943
RAB11FIP3,7546,0.1943
ENSG00000227186,22,0.1943
SCTR-AS1,499,0.1942
ENSG00000285578,62,0.1942
MYH9,7641,0.1942
CYCSP52,107,0.1942
CHIC2,7605,0.1941
ARHGAP27P2,84,0.1941
PPME1,7637,0.1939
PLA2G2F,1087,0.1939
TSKU,7372,0.1939
GLIS3,7626,0.1939
RPS23,7635,0.1939
RANBP17,7574,0.1938
ENSG00000287060,71,0.1938
PHF19,7356,0.1938
CCDC149,7381,0.1937
ENSG00000254932,117,0.1937
MAP4K4,7641,0.1937
PNPLA7,7421,0.1937
USP49,7509,0.1937
ENSG00000234519,276,0.1937
CD24P2,21,0.1937
FLOT1,7601,0.1937
ENSG00000259601,361,0.1936
PNRC1,7625,0.1936
COPS2,7628,0.1936
RPS26P49,44,0.1936
ENSG00000254339,1369,0.1935
FHL2,7636,0.1935
MMP10,5250,0.1935
ID2,7472,0.1935
CEACAMP7,104,0.1934
YWHAH,7499,0.1934
ENSG00000290606,196,0.1934
ENSG00000286504,491,0.1934
RPSAP17,31,0.1934
TXNDC5,7511,0.1933
IMPA2,7281,0.1933
HCFC1,7565,0.1932
EOLA2-DT,7539,0.1932
HSPA9,7639,0.1932
CCDC9,7474,0.1932
HSD17B4,7515,0.1932
MYEOV,7332,0.1932
SELENON,7370,0.1931
TOP2A,7576,0.1931
PLIN3,7590,0.1931
SLC6A10P,194,0.1931
DPPA2P4,786,0.193
PRKXP1,778,0.193
PSMD4,7488,0.193
NDFIP2,7557,0.193
SLC4A2,7395,0.193
RSAD2,7528,0.193
ENSG00000237262,330,0.1929
ENSG00000226471,7535,0.1929
RPL35AP4,94,0.1928
SUMF2,7523,0.1927
PMEPA1,7626,0.1927
BAHCC1,7287,0.1927
ENSG00000255845,347,0.1926
UTP14A,7420,0.1926
CAMTA2,7374,0.1926
SARS1,7588,0.1924
SGO1-AS1,7451,0.1924
ENSG00000283599,772,0.1924
ZYX,7528,0.1924
LRP10,7529,0.1923
RPH3AL,7554,0.1923
ARFGAP1,7483,0.1923
LINC01222,1269,0.1923
HMGN3P1,42,0.1923
INCENP,7374,0.1922
MAN2A1,7626,0.1922
MUC2,4892,0.1922
ZNF75D,7532,0.1922
EZH2,7627,0.1921
BCL2L2,7425,0.1921
ENSG00000289249,113,0.1921
SGSM2-AS1,6483,0.192
RN7SL165P,876,0.192
SH3GL1,7566,0.192
LINC01539,470,0.192
TANC2,7641,0.192
GTF2IRD1,7627,0.1919
EIF3M,7586,0.1919
CYP3A5,7510,0.1918
RIN2,7608,0.1918
ZPBP2,239,0.1918
RN7SL376P,43,0.1918
ENSG00000227141,92,0.1918
ALKBH5,7512,0.1918
SAMD4A,7641,0.1917
ENSG00000255648,1018,0.1917
VCAN,7581,0.1917
TACC3,7476,0.1917
ENSG00000225775,2094,0.1916
ENSG00000243831,181,0.1916
ENSG00000290007,756,0.1916
PGM1,7469,0.1916
STX2,7416,0.1916
CMAS,7488,0.1916
PRPF40A,7639,0.1915
PEX14,7599,0.1915
DLGAP4,7612,0.1915
SUB1P3,33,0.1915
LINC02543,25,0.1915
ENSG00000288842,625,0.1914
MAPRE1,7503,0.1914
CMSS1,7629,0.1914
Y_RNA-302,130,0.1913
MYO6,7639,0.1913
DRD5,21,0.1913
RNF217,7613,0.1913
TRAM2,7558,0.1912
MYO1B,7633,0.1912
RXFP3,98,0.1912
ENSG00000290730,48,0.1911
MAILR,7405,0.1911
MIR181A2HG,7367,0.1911
LY6S,711,0.1911
ENSG00000287738,5856,0.1911
GBP2,7501,0.1911
ENSG00000288018,7243,0.191
TUFT1,7547,0.1909
TGFA,7530,0.1909
ENSG00000228173,310,0.1909
WFDC10B,7225,0.1908
TTC24,613,0.1908
ENSG00000249276,261,0.1907
ENSG00000205890,6751,0.1907
ENSG00000290788,120,0.1907
ANK3,7605,0.1907
ANKMY2,7550,0.1907
HTR3A,727,0.1906
MUC5AC,6370,0.1906
ARHGAP27,7432,0.1905
KIF5B,7638,0.1905
LNPK,7620,0.1904
ENSG00000224330,1682,0.1904
HMGB3P13,82,0.1904
GCC2,7641,0.1903
PRPF38AP2,193,0.1903
ENSG00000254705,26,0.1903
TMCC1,7638,0.1903
SAMHD1,7504,0.1903
DNAH12,7140,0.1902
ENSG00000284617,48,0.1902
TSHZ2,7549,0.1902
ZNF706,7550,0.1901
ENSG00000289894,724,0.19
MIS18BP1,7613,0.19
SPANXN3,494,0.1899
ENSG00000280333,206,0.1899
RGS12,7511,0.1899
OR2D2,235,0.1898
SEMA4A,7206,0.1897
FBXO32,7608,0.1897
OR2AE1,191,0.1897
UBE2V1P6,155,0.1896
MEIS3P2,82,0.1896
CYP4F60P,216,0.1896
SH3BGRL,7441,0.1896
ILK,7481,0.1896
KIAA1549L,7587,0.1894
ENSG00000225708,380,0.1894
LINC03040,5164,0.1893
BECN2,97,0.1893
DOCK9,7599,0.1893
ENSG00000272626,174,0.1893
CSNK1D,7629,0.1892
ENSG00000286170,29,0.1891
UHRF2,7630,0.1891
ENSG00000255381,748,0.1891
ENSG00000253809,1072,0.1889
STX4,7441,0.1889
ENSG00000234089,146,0.1888
LSS,7513,0.1888
SERPINA2,172,0.1887
MBTPS1,7545,0.1887
TXNDC16,7467,0.1887
MSH2,7564,0.1886
OR10C1,91,0.1886
LINC00333,69,0.1886
SHISA2,3331,0.1885
LINC00944,7225,0.1885
NR2F2-AS1,7591,0.1884
EIF4H,7551,0.1884
ENSG00000279151,477,0.1884
LINC02320,7360,0.1884
Y_RNA-363,44,0.1884
SEMA3C,7632,0.1883
PRKCSH,7576,0.1883
ENSG00000253176,634,0.1883
RPL23A,7601,0.1883
PCGEM1,225,0.1882
ESF1,7621,0.1882
HTATSF1,7425,0.1881
ENSG00000277738,298,0.1881
ITGB1,7641,0.1881
B3GALNT2,7570,0.1881
GABARAPL1,7483,0.1881
C12orf75-AS1,5207,0.1881
SOX3,609,0.1881
VN1R53P,394,0.188
ENSG00000259650,188,0.188
YTHDC1,7633,0.1879
PTPN13,7610,0.1879
MT1E,7392,0.1878
YY1AP1,7619,0.1878
ENSG00000289308,1349,0.1878
SERPINB6,7546,0.1877
MTCO2P17,68,0.1877
ENSG00000251172,97,0.1877
HMGB3P26,143,0.1877
CRYZL2P,6847,0.1876
PARP12,7527,0.1876
MRPS10,7378,0.1876
ATF7IP,7569,0.1875
CIT,7496,0.1875
TARDBP,7537,0.1875
ENSG00000276348,39,0.1874
PEX5L-AS1,176,0.1874
ENSG00000289411,147,0.1874
ENSG00000279559,64,0.1874
ATP5F1E,7562,0.1873
KIZ,7635,0.1873
PRDX4,7486,0.1873
CTTNBP2NL,7557,0.1873
IFITM1,7403,0.1873
TMEM51,7606,0.1872
ACSF3,7432,0.1872
RPL37A,7638,0.1872
S100A6,7637,0.1872
ZBTB8OSP1,127,0.1871
CPED1,7481,0.1871
ENSG00000268240,140,0.1871
BLZF2P,7184,0.1871
ZNF133,7441,0.1871
EDA,7287,0.187
PACS2,7497,0.187
TNS4,7480,0.187
BRIP1,7537,0.187
KERA,35,0.1869
C11orf80,7596,0.1869
ENSG00000279320,6977,0.1869
SPPL3,7638,0.1869
ADORA2B,7331,0.1869
ENSG00000276538,36,0.1868
TSC22D3,7403,0.1868
ENSG00000253282,303,0.1868
STAMBPL1,7347,0.1867
KIAA1328,7629,0.1867
ENSG00000253784,37,0.1867
ENSG00000263677,609,0.1867
SKA2P1,82,0.1867
PCMT1,7574,0.1867
NEK7,7637,0.1867
UBA2,7632,0.1866
SLC25A51P4-1,304,0.1866
KLF9,7472,0.1866
ENSG00000284188,187,0.1866
ENSG00000227088,7635,0.1866
ENSG00000286104,2596,0.1866
RBCK1,7608,0.1865
UCKL1,7350,0.1864
CHRNA4,1270,0.1864
ABLIM3,7561,0.1864
ENSG00000251458,612,0.1864
ENSG00000266711,241,0.1863
LAMTOR5-AS1,7480,0.1863
LINC01623,1026,0.1862
ENSG00000273362,72,0.1861
ENSG00000255525,411,0.1861
CADM3,1730,0.1861
ENSG00000251574,7607,0.186
CALHM6-AS1,68,0.186
NCKIPSD,7453,0.186
N4BP2,7510,0.186
CRAMP1,7612,0.186
RIN3,7487,0.1859
RPSAP74,346,0.1859
ATF4,7629,0.1859
UNGP1,112,0.1859
WWTR1,7636,0.1858
LINC02243,931,0.1857
STRN4,7505,0.1857
ISG15,7576,0.1857
NIBAN1,7583,0.1857
AASS,7473,0.1857
ENSG00000228176,175,0.1857
ENSG00000290651,74,0.1856
HPS3,7516,0.1856
VASP,7542,0.1856
ENSG00000248480,1952,0.1856
SERTAD4BP,398,0.1855
RPS7P2,196,0.1855
PLXND1,7431,0.1855
SLC1A1,7480,0.1854
RIOK3,7635,0.1853
ENSG00000264215,144,0.1853
ITGB4,7552,0.1853
NIFK,7452,0.1853
LINC00502,292,0.1852
PXDNL,7386,0.1852
SFXN5,7541,0.1852
LINC00642,1209,0.1852
ENSG00000261800,87,0.1852
ENSG00000287571,80,0.1852
MTND4P12,6870,0.1852
ENSG00000255977,143,0.1852
ENSG00000266905,35,0.1851
ENSG00000287266,143,0.1851
ABI1,7640,0.1851
ENSG00000258954,64,0.1851
ENSG00000220734,129,0.1851
ENSG00000279587,187,0.1851
SETD1B,7461,0.185
HEXB,7497,0.185
NENFP3,70,0.185
ENTPD6,7450,0.1849
ENSG00000255486,24,0.1849
NUDT4B,4540,0.1848
ENSG00000280405,23,0.1847
USH2A-AS1,75,0.1847
LDHAP5,790,0.1847
KMT2D,7576,0.1847
SRI,7533,0.1847
UBXN4,7618,0.1846
NHEG1,1214,0.1846
RPL10P9,367,0.1846
SLC25A37,7640,0.1846
ENSG00000255649,4937,0.1845
DHRS7,7539,0.1845
NBEAL2,7424,0.1845
ENSG00000276923,208,0.1845
VANGL2,4688,0.1845
SLC7A1,7609,0.1844
UBE2C,7381,0.1844
SIGLEC22P,594,0.1844
ASH2LP3,632,0.1844
DNAJB2,7423,0.1844
DSP,7641,0.1844
DBH-AS1,1481,0.1843
MS4A3,229,0.1843
MTCO1P25,49,0.1843
CCNT1,7516,0.1843
KANK2,7446,0.1842
EPHA4,7514,0.1842
MIR122HG,740,0.1842
SOST,658,0.1842
HOXB3,7446,0.1842
ENSG00000285764,118,0.1841
PLA2G4C,7412,0.1841
BBC3,7347,0.1841
ROBO2,7625,0.184
ATOH1,144,0.184
ENSG00000279357,390,0.184
ENSG00000225106,903,0.184
XPO7,7544,0.1839
NFU1P2,657,0.1839
ENSG00000260542,826,0.1839
UGT1A9,4654,0.1839
ENSG00000289177,7183,0.1838
RPS4XP7,194,0.1838
KCNN4,7327,0.1838
WDR54,7356,0.1838
LUZP4P1,87,0.1838
ENSG00000233502,136,0.1837
TRIB2,7411,0.1837
CDV3P1,56,0.1837
EVX1-AS,322,0.1836
WEE1,7533,0.1834
KRT8P5,289,0.1834
FBLN7,7198,0.1834
ADH1C,391,0.1833
ANO9,6902,0.1832
NDC80,7372,0.1832
ENSG00000256440,125,0.1832
NUDC,7580,0.1832
ARNT,7588,0.1832
CAMK2G,7523,0.1832
RAB27B,7567,0.1832
ENSG00000243953,163,0.1832
ANKRD28,7640,0.1831
MTAPP1,454,0.1831
ENSG00000232059,68,0.1831
SERPINA7,224,0.183
ZDHHC20P4,351,0.183
OR3A1,378,0.183
MRPS31P1,153,0.183
ENSG00000251416,98,0.1829
IBTK,7637,0.1829
KALRN,7496,0.1829
GCNT2,7471,0.1829
ENSG00000284052,7326,0.1829
TSC2,7517,0.1829
KCNK1,7584,0.1828
MYH15,7129,0.1828
MLEC,7636,0.1828
ENSG00000287650,256,0.1828
RBAK-RBAKDN,7575,0.1828
SFXN3,7486,0.1828
KCNQ5,7585,0.1827
CLIC1,7541,0.1827
MCM7,7463,0.1827
SRP14,7560,0.1826
ENSG00000251211,204,0.1826
ENSG00000227512,119,0.1826
ENSG00000225751,6857,0.1826
RNU6-340P,157,0.1826
SNAPC4,7424,0.1826
EIF2A,7584,0.1826
ENSG00000260617,80,0.1825
RN7SKP112,64,0.1825
ADAR,7640,0.1824
RPL26,7641,0.1824
LINC02376,978,0.1824
ENSG00000290548,7426,0.1824
CAPN1,7497,0.1824
ENSG00000286961,569,0.1823
S100A16,7440,0.1823
FAS,7396,0.1823
LRRC42,7460,0.1823
ENSG00000243797,7267,0.1823
ATP6V1C1,7542,0.1822
ENSG00000275103,1829,0.1822
SMARCAL1,7503,0.1822
ATP1B1,7641,0.1822
RECQL,7580,0.1821
HEMK1,7373,0.1821
PATL2,7262,0.1821
SMC4,7602,0.1821
NDUFB3P5,60,0.182
ANKRD36,7589,0.182
AGO4,7529,0.182
TMEM59,7573,0.182
ENSG00000251314,7494,0.1819
AUH,7626,0.1819
SDHAP1,7425,0.1819
SSBP4,7365,0.1819
CSAG4,338,0.1818
NFYB,7448,0.1818
SRP9,7559,0.1818
KCNMA1,7635,0.1818
PYGL,7638,0.1818
RPLP2,7641,0.1818
SPACA6,7374,0.1818
RAB11FIP1,7603,0.1817
BBS9,7627,0.1817
KIAA0087,443,0.1817
ENSG00000230516,401,0.1817
PNPLA8,7627,0.1817
CAPS2,7475,0.1817
NEK6,7510,0.1817
ENSG00000291278,659,0.1816
ENSG00000203335,24,0.1816
NLRP6,882,0.1816
ENSG00000270131,25,0.1815
LINC00165,848,0.1815
ENSG00000236261,212,0.1815
LINC02442,78,0.1814
ENSG00000279266,4520,0.1814
SYTL5,6303,0.1813
LINC02013,404,0.1813
FBXO39,6849,0.1813
FTH1,7622,0.1813
HSPE1,7506,0.1813
NCOA7,7635,0.1812
PRPF38B,7603,0.1812
RPS27L,7562,0.1812
LMNB2,7462,0.1812
AGAP1,7641,0.1812
SMAD3,7641,0.1811
LINC02426,2367,0.1811
NAP1L1,7641,0.1811
OAZ1,7567,0.1811
TBC1D3P5,296,0.1811
ENSG00000290791,7353,0.1811
KCNQ1,7474,0.181
NADSYN1,7505,0.181
NCCRP1,2513,0.181
OPN5,2340,0.181
CTSLP2,137,0.181
TMEM106B,7595,0.181
IGHA1,257,0.181
TTLL10,4386,0.1809
ENOX1,7515,0.1809
ENSG00000287867,276,0.1809
ENO2,7613,0.1809
MAP1B,7637,0.1808
TLE5,7466,0.1808
NEK2P2,122,0.1808
PDK1,7640,0.1807
NCOA5LP,399,0.1807
CKS2,7455,0.1807
ENSG00000289450,3170,0.1807
FAM193B,7558,0.1807
STIP1,7622,0.1806
SLC25A51,7573,0.1806
TLN2,7489,0.1806
HSPD1,7640,0.1806
RPSAP53,22,0.1806
CELSR3,7230,0.1805
ENSG00000286750,470,0.1805
MIR194-2HG,5447,0.1804
ENSG00000267246,1891,0.1804
HHATL,1102,0.1804
ENSG00000268614,71,0.1804
NUS1,7533,0.1803
ENSG00000279648,441,0.1803
ENSG00000263588,310,0.1803
YWHAE,7634,0.1802
IL34,7249,0.1802
ENSG00000289036,196,0.1802
CUL4B,7592,0.1801
SOD2,7635,0.18
ENSG00000236453,7321,0.18
MELTF,7439,0.18
NCAPD2,7570,0.18
PSMA7,7579,0.18
SLC12A4,7427,0.18
H3C12,7270,0.1799
LINC02051,146,0.1799
RPS14,7635,0.1799
CEROX1,1103,0.1798
ENSG00000226433,31,0.1798
EPS8,7641,0.1798
ENSG00000223725,7546,0.1798
HEBP2,7510,0.1798
ENSG00000290083,519,0.1797
MAP3K4,7610,0.1797
PCNX3,7400,0.1797
ZNF24,7570,0.1797
DPY19L3,7482,0.1797
NQO1,7559,0.1797
ENSG00000287652,202,0.1796
ST3GAL4,7533,0.1796
TMEM158,7456,0.1796
NDUFS5,7451,0.1796
ENSG00000279724,26,0.1796
ENSG00000257350,179,0.1796
MAGI1,7641,0.1796
VKORC1,7495,0.1795
GSTO1,7513,0.1795
ENSG00000233342,220,0.1795
CSF3,4787,0.1795
ENSG00000289078,357,0.1795
H4C16,6526,0.1794
ENSG00000285580,335,0.1793
NPIPB4,7329,0.1793
ENSG00000276929,123,0.1793
ENSG00000284797,4918,0.1793
PPP2R2C,7487,0.1792
AADACP1,7493,0.1792
PRPF8,7625,0.1792
SLCO3A1,7567,0.1791
SLC26A2,7414,0.1791
TRIM16,7561,0.1791
ENSG00000258446,186,0.1791
OAS1,7540,0.1791
IFT81,7451,0.1791
P3H4,7381,0.1791
OR7E128P,87,0.179
SNX33,7459,0.179
SLC9A4,838,0.179
NPM1P13,588,0.179
ENSG00000281420,49,0.1789
STMN1,7493,0.1789
CP,7481,0.1789
PLXNA1,7418,0.1789
RPL21P30,21,0.1788
SLC22A23,7554,0.1788
OR5H8,153,0.1788
TBK1,7601,0.1788
INPP4B,7599,0.1788
KDELR3,7375,0.1788
RGS17,7456,0.1788
RN7SL850P,35,0.1787
ENSG00000237699,264,0.1787
SIGMAR1,7334,0.1786
H2AC11,6308,0.1786
WWOX,7635,0.1786
KIAA0040,7461,0.1786
AMOTL2,7479,0.1786
RSL1D1,7635,0.1786
KRTAP2-3,2859,0.1785
NSUN6,7612,0.1785
RN7SL300P,46,0.1785
CGN,7311,0.1785
ENSG00000248479,823,0.1785
ENSG00000272703,1455,0.1785
ENSG00000260838,392,0.1785
CYTOR,7631,0.1785
ANKS1B,7462,0.1784
MT-ND3,7552,0.1784
PLCH1,7390,0.1784
ENSG00000255422,7324,0.1784
LINC01180,131,0.1784
FOXI1,27,0.1784
LINC01868,994,0.1784
UBE2E2,7641,0.1784
PIK3R1,7566,0.1784
ENSG00000263489,2034,0.1783
ENSG00000264932,110,0.1783
ENSG00000289916,414,0.1783
HIPK2,7641,0.1783
OAS2,7426,0.1783
NOCT,7518,0.1783
SP4,7591,0.1783
HERC3,7545,0.1782
ENSG00000278965,61,0.1782
KLF3,7632,0.1782
KIRREL1,7595,0.1782
ENSG00000253376,774,0.1781
ENSG00000285539,235,0.1781
PALM2AKAP2,7641,0.1781
OXR1,7639,0.1781
PHB1,7367,0.1781
CCDC6,7621,0.178
C20orf85,381,0.178
DYNLT3,7473,0.178
ENSG00000254686,281,0.178
PARP1,7561,0.1779
PYCR1,7328,0.1779
RPS13,7636,0.1778
RPLP0P2,6697,0.1778
CCL15-CCL14,1282,0.1778
CCR1,3159,0.1778
ENSG00000269873,4627,0.1778
ENSG00000233017,1302,0.1777
ENSG00000263427,20,0.1777
GPAA1P2,525,0.1777
MME,7615,0.1777
ZNF101P2,6644,0.1777
CITED2,7529,0.1777
ENSG00000234597,979,0.1776
LINC02640,1710,0.1776
GRAMD1B,7610,0.1776
SSX7,157,0.1776
TMX4,7592,0.1775
TNFAIP1,7481,0.1775
LEKR1,7305,0.1775
SHANK2-AS2,266,0.1775
PGBD4P2,43,0.1775
BTBD9,7641,0.1775
TBC1D8B,7427,0.1775
CCDC126,7477,0.1774
CD300H,443,0.1774
SERINC3,7628,0.1774
C16orf74,7516,0.1774
ENSG00000229679,260,0.1774
ENSG00000284874,2384,0.1774
ENSG00000250697,7499,0.1774
SUGCT,7498,0.1774
DPY30,7424,0.1773
ENSG00000227958,361,0.1773
LINC01120,181,0.1772
EEF1D,7604,0.1772
LINC01582,135,0.1772
ENSG00000289503,933,0.1772
ZNF731P,7520,0.1772
EPC1,7612,0.1772
ITPR3,7611,0.1772
SERTAD2,7628,0.1771
HGS,7567,0.1771
CEP135,7521,0.1771
PRELID3B,7481,0.1771
RNU6-993P,125,0.1771
GLRX,7616,0.1771
TMLHE,7417,0.1771
SPO11,76,0.1771
ENSG00000267338,698,0.177
ENSG00000273269,7182,0.177
ENSG00000226047,42,0.177
MIR7515HG,359,0.177
LRRC8C,7594,0.1769
ENSG00000279441,1175,0.1768
ATL3,7579,0.1768
ENSG00000255299,3818,0.1768
DDX60L,7612,0.1768
MECOM,7535,0.1768
DBNL,7480,0.1767
GPSM2,7497,0.1767
CDC14A,7556,0.1767
HNRNPDLP3,43,0.1766
KRBOX5P1,133,0.1766
ENSG00000231539,272,0.1766
TXN,7554,0.1766
DANT2,7616,0.1766
ENSG00000288019,194,0.1766
ATP5MC2,7582,0.1766
LINC01897,35,0.1765
MAP2K5,7629,0.1765
RPL36AP21,179,0.1765
RN7SKP144,99,0.1765
APC,7627,0.1765
ABCA6,5601,0.1765
GNB2,7532,0.1764
OR10AC1,899,0.1764
ENSG00000273471,1319,0.1764
ENSG00000233454,63,0.1764
ENSG00000277640,107,0.1764
Y_RNA-14,57,0.1763
SH2D1A,125,0.1763
PHF6,7472,0.1763
NDUFB8,7438,0.1763
CTNNAL1,7611,0.1763
BET1L,7394,0.1763
BHLHE40,7627,0.1763
LINC03023,480,0.1762
CPD,7582,0.1761
CEP152,7592,0.1761
ENSG00000227157,41,0.1761
F3,7597,0.1761
RNF145,7640,0.1761
NDUFA4,7553,0.1761
ENSG00000290709,7221,0.176
CRTAP,7499,0.176
RALGAPA1,7641,0.176
TMEM63A,7535,0.176
ENSG00000287106,64,0.176
LYSMD3,7611,0.176
CTSA,7535,0.1759
SGMS2,7597,0.1759
ENSG00000270739,2602,0.1759
ENSG00000258526,7539,0.1759
TRGV5P,92,0.1759
CKAP2L,7392,0.1759
ENSG00000274560,47,0.1759
RHOT1P1,3212,0.1758
LINC01844,6876,0.1758
DYNLL1,7488,0.1758
CLCN3,7629,0.1758
ENSG00000248749,254,0.1758
TARDBPP2,396,0.1758
RPL3P8,36,0.1757
LINC00661,128,0.1757
ZBTB38,7638,0.1757
SNX7,7377,0.1757
TIMP2,7632,0.1756
KRT38,281,0.1756
DKC1,7560,0.1756
PSMD2,7585,0.1756
ENSG00000286185,7347,0.1756
H2BC17,7072,0.1756
ENSG00000233978,316,0.1755
ENSG00000290430,37,0.1755
ADRA2A,1260,0.1755
FKBP4,7481,0.1754
ZNF652,7611,0.1754
ENSG00000262921,1329,0.1753
FRMD1,2300,0.1753
ENSG00000250034,284,0.1753
LINC01733,1137,0.1753
ENSG00000264334,1343,0.1752
PDZD2,7478,0.1751
TPGS2,7547,0.1751
DIO3,2608,0.175
ENSG00000268560,170,0.175
LINC01840,953,0.175
ENSG00000229532,102,0.175
CCDC26,7158,0.175
DEFB123,220,0.175
CRACD,7541,0.175
ENSG00000239994,29,0.1749
GOLGB1,7641,0.1749
OR51L1,154,0.1749
TRIB3,7406,0.1749
UQCRB,7574,0.1749
C1QTNF3-AMACR,7587,0.1748
KHNYN,7480,0.1747
LMBRD1,7580,0.1747
SOD1,7508,0.1747
CFHR2,77,0.1747
ENSG00000214955,7239,0.1747
LINC02523,1083,0.1747
DMRTC1B,82,0.1747
ENSG00000279973,679,0.1747
CRKL,7534,0.1746
PTPRB,7446,0.1746
RHOXF2,41,0.1745
IQCJ,7328,0.1745
TRIM59,7382,0.1744
LINC02862,216,0.1744
KRT74,351,0.1744
OR2L8,133,0.1743
ANKS6,7437,0.1743
TPM1,7624,0.1743
POMT2,7298,0.1743
IQCN,7224,0.1742
KRT16P2,608,0.1742
LINC00523,568,0.1742
GET4,7184,0.1742
BAZ1A,7630,0.1742
ENSG00000263167,961,0.1742
HNRNPDL,7607,0.1741
ARHGEF4,7451,0.1741
SETD2,7641,0.174
ENSG00000267373,55,0.174
LINC02798,7366,0.174
USF3,7506,0.174
TBC1D19,7493,0.174
ENSG00000258759,69,0.174
ENSG00000280017,48,0.174
LINC02815,190,0.1739
KNTC1,7459,0.1739
CEP55,7400,0.1739
ENSG00000289105,362,0.1738
ENSG00000261204,780,0.1738
CCN5,4526,0.1738
MTCO2P30,76,0.1738
ENSG00000231980,139,0.1738
RAB7B,4580,0.1738
PPP1R12A-AS2,7282,0.1738
ACTL6A,7411,0.1738
CHD1L,7604,0.1738
ADH5,7427,0.1738
IER3IP1,7544,0.1738
RN7SKP227,729,0.1737
NIPA1,7559,0.1737
CEACAM1,7405,0.1737
ABCF1,7610,0.1736
PQBP1,7354,0.1736
PTPRE,7537,0.1736
MGAT5,7641,0.1736
GNG12-AS1,7414,0.1736
REXO2,7508,0.1736
NRBP2,7266,0.1736
DIP2A,7624,0.1736
IFIT2,7571,0.1736
MANCR,7439,0.1735
ENSG00000280009,193,0.1735
ENSG00000286243,69,0.1735
DHTKD1,7458,0.1735
EIF4EBP2,7558,0.1735
MYMX,22,0.1735
PRPF39,7592,0.1735
KIFC3,7538,0.1734
EPAS1,7616,0.1734
ENSG00000213226,1232,0.1734
NPIPA1,7156,0.1734
ELP2,7632,0.1734
GLS,7641,0.1734
PEA15,7510,0.1734
ENSG00000240219,1029,0.1734
DHCR7,7249,0.1734
FTH1P26,204,0.1733
ENSG00000267157,1052,0.1733
BBX,7641,0.1733
RNU6-1266P,5868,0.1733
LINC02330,969,0.1732
MRGPRF-AS1,649,0.1732
WBP11P3,75,0.1731
COTL1,7591,0.1731
ENSG00000253673,975,0.1731
ZNF384,7424,0.1731
PRKAG2,7501,0.173
PPTC7,7591,0.173
MIR31HG,7636,0.173
PML,7504,0.173
MSN,7641,0.173
LINC01044,27,0.173
RNF187,7446,0.1729
PHB1P20,66,0.1729
ENSG00000213557,34,0.1729
COQ10B,7606,0.1729
LMAN1,7640,0.1728
MOXD2P,37,0.1728
CENATAC,7454,0.1728
ENSG00000235083,114,0.1728
GOLGA8J,250,0.1728
ENSG00000289720,7076,0.1728
PPP1R14BP2,84,0.1728
ENSG00000257176,7276,0.1727
CDS2,7547,0.1727
JPT1,7554,0.1727
RUSC2,7549,0.1727
HLA-V,2235,0.1727
ZNF317,7412,0.1727
SOX9,7546,0.1726
ENSG00000272411,203,0.1726
ENSG00000283511,6839,0.1726
FER1L4,7451,0.1726
ENSG00000286049,115,0.1725
ENSG00000223504,221,0.1725
WDR7,7505,0.1724
BPIFB6,175,0.1724
FAM120AOS,7470,0.1724
TNK2,7508,0.1724
DAPK2,7344,0.1723
LOX,7573,0.1723
CHPF2,7349,0.1723
AVPR1A,557,0.1723
LINC01854,1955,0.1723
IRF3,7461,0.1723
RPS16,7638,0.1723
EPB41L1,7541,0.1722
BLACAT1,6028,0.1722
XRCC2,7366,0.1721
ENSG00000267782,46,0.1721
ENSG00000212939,572,0.1721
AGFG1,7636,0.1721
PPP4R4,7423,0.1721
ENSG00000290579,122,0.1721
ENSG00000259345,7489,0.172
ENSG00000286678,647,0.172
ENSG00000237530,293,0.172
PIR,7446,0.172
C1QTNF7-AS1,7584,0.1719
LINC00641,7383,0.1719
PARVB,7558,0.1718
IL33,6003,0.1718
OR2T10,27,0.1718
PBX2,7450,0.1718
ENSG00000279717,157,0.1717
MAML3,7641,0.1716
RARA,7476,0.1716
TLE4,7629,0.1716
ENSG00000253348,1596,0.1716
MBD6,7415,0.1716
ENSG00000285742,874,0.1716
PPP1R9B,7394,0.1716
LARP1BP1,212,0.1716
ENSG00000271204,7428,0.1715
TGIF1,7454,0.1715
ENSG00000266086,7526,0.1715
ENSG00000248648,160,0.1715
FLVCR2-AS1,383,0.1714
PLS3,7629,0.1714
CAPN15,7475,0.1714
SELENOK,7572,0.1714
MIRLET7BHG,7558,0.1714
Metazoa_SRP-52,333,0.1714
ENSG00000273712,46,0.1713
ETV7,6497,0.1713
ENSG00000255945,524,0.1713
GML,4469,0.1713
HMGB1P17,858,0.1713
LINC00709,98,0.1713
SPRY2,7410,0.1712
NEDD9,7589,0.1712
PPFIBP1,7641,0.1712
RPS5P2,37,0.1711
RALGPS2,7595,0.1711
FCF1P8,127,0.1711
LINC02534,84,0.1711
SLIT2,7608,0.1711
ENSG00000236495,284,0.1711
RAD51AP1,7362,0.171
UPRT,7436,0.171
TTTY11-1,98,0.171
FAM83E,7220,0.171
PHEX,7323,0.171
ENSG00000286769,2010,0.171
CALCOCO2,7576,0.171
P2RX6P,77,0.171
TMSB4X,7632,0.1709
TAPBP,7604,0.1709
FURIN,7438,0.1709
ITPR2,7633,0.1709
C1S,7543,0.1709
SDF4,7486,0.1709
RPRD1B,7565,0.1709
C1orf167-AS1,367,0.1708
CA12,7562,0.1708
POT1,7546,0.1708
SMIM14,7582,0.1708
ENSG00000229212,102,0.1707
ENSG00000290657,149,0.1707
ENSG00000260996,3521,0.1707
DNTTIP2,7611,0.1706
CASP14,1660,0.1706
LINC02516,6660,0.1706
SREBF2,7636,0.1705
PGM2L1,7540,0.1705
JARID2,7640,0.1705
UBAC2,7632,0.1705
MACC1,7592,0.1704
ENSG00000284128,545,0.1704
FNTB,7576,0.1703
GBE1,7641,0.1703
PRAG1,7620,0.1703
ARHGEF10L,7530,0.1702
RPL23AP47,20,0.1702
CNIH1,7482,0.1702
ZNF267,7528,0.1702
ECI2,7428,0.1701
ENSG00000268416,168,0.17
OTUD6B-AS1,7441,0.17
CHSY1,7620,0.17
LMAN2,7561,0.17
ENSG00000228509,7257,0.17
ENSG00000264000,497,0.1699
ENSG00000285538,336,0.1699
ENSG00000245025,7234,0.1699
LONRF3,7389,0.1699
ENSG00000284823,1120,0.1699
PALD1,7343,0.1699
ENSG00000287430,408,0.1699
PHF21A,7641,0.1699
EHD4,7546,0.1698
SKP1,7629,0.1698
TMEM214,7477,0.1698
ENSG00000254112,24,0.1698
MICALL2,7472,0.1698
MIR583HG,7479,0.1698
MGST3,7493,0.1698
KREMEN1,7475,0.1698
RPL21P12,3454,0.1697
TSR1,7538,0.1697
PTPRN2-AS1,247,0.1697
RPS19,7641,0.1697
MFSD1,7475,0.1696
IL4R,7484,0.1696
LEPR,7631,0.1696
GSK3B-DT,7319,0.1696
LINC02404,1241,0.1696
SLC25A32,7488,0.1696
METTL9,7599,0.1696
BICC1,7534,0.1696
MAP4,7641,0.1695
PRDX1,7609,0.1695
ENSG00000285492,632,0.1695
ARMH3,7617,0.1695
POLR1HASP,7422,0.1695
ENSG00000287522,26,0.1694
SBF1,7428,0.1693
NEDD4L,7641,0.1693
ENSG00000287771,1894,0.1693
SMTN,7497,0.1693
IRF2BPL,7442,0.1693
ENSG00000237747,327,0.1693
RCAN1,7475,0.1693
PLCG1,7465,0.1692
PI4K2B,7460,0.1692
GOLIM4,7611,0.1691
CHD2,7641,0.1691
FHOD3,7530,0.1691
ENSG00000234147,7638,0.1691
TNFRSF19,7498,0.1691
TPT1P3,45,0.1691
HK1,7612,0.1691
CFAP418-AS1,7345,0.1691
ENSG00000183239,214,0.169
PARP4,7627,0.169
SH3TC2,7087,0.169
NOC2L,7453,0.169
SOX2-OT,7450,0.169
PIM1,7463,0.169
RNU6-623P,318,0.1689
EPX,263,0.1689
TSEN2,7373,0.1689
P4HA2,7626,0.1689
FBXL7,7589,0.1689
XIRP2-AS1,972,0.1688
HNRNPM,7634,0.1688
FANCD2,7386,0.1688
POLD2,7423,0.1688
PLXNA2,7394,0.1688
ENSG00000240669,29,0.1688
ENSG00000249642,3838,0.1688
SNORD3B-2,4782,0.1688
TFGP1,61,0.1687
HMGN2P40,1239,0.1687
XNDC1N,7384,0.1687
SNX10,7404,0.1686
RPL27A,7637,0.1686
PRSS59P,28,0.1686
WASF2,7640,0.1686
RUNX2,7563,0.1685
ENSG00000261799,7167,0.1685
FAM83D,7377,0.1685
CARNMT1,7491,0.1685
UBA5,7517,0.1685
PELI2,7584,0.1685
RPS6KC1,7640,0.1685
RBBP4,7564,0.1684
LAMC2,7629,0.1684
ENSG00000270926,36,0.1683
ENSG00000279204,956,0.1682
ENSG00000230718,21,0.1682
TRIM72,6764,0.1682
TRABD,7313,0.1682
FNDC3A,7641,0.1682
ENSG00000261835,177,0.1682
RPS3A,7574,0.1681
IRS2,7635,0.1681
BTF3P7,561,0.1681
LMNTD1,7057,0.1681
ENSG00000267462,847,0.1681
ENSG00000233845,3290,0.168
FSCN2,6814,0.168
RPL9,7612,0.168
DAXX,7487,0.168
NORAD,7629,0.168
TRIM74,4464,0.1679
ZNF394,7537,0.1679
SF3B4,7391,0.1679
SULT1D1P,134,0.1679
BTF3P10,229,0.1678
RHEBP2,134,0.1678
OAS3,7587,0.1678
ENSG00000228429,169,0.1678
PUS1,7401,0.1678
RPL27P5,112,0.1678
MKRN7P,1666,0.1677
ZSWIM6,7641,0.1677
NHLRC3,7392,0.1677
RPL35P1,111,0.1677
WDR26,7641,0.1677
ALDH3A2,7546,0.1677
RPL35AP23,146,0.1677
CD2,115,0.1677
ZNF444,7344,0.1677
LRMDA,7618,0.1676
ENSG00000235881,362,0.1676
LINC02653,6174,0.1676
DVL1,7380,0.1676
NAE1,7487,0.1676
PARD6G-AS1,7400,0.1675
CWC25,7563,0.1675
CMTR2,7349,0.1675
ENSG00000287575,1624,0.1675
HMG20B,7402,0.1675
ENSG00000290686,240,0.1675
PRR16,7519,0.1674
GSDMB,7420,0.1674
SUPT16H,7624,0.1674
IGFBP4,7454,0.1674
CLK4,7476,0.1674
VTA1P2,503,0.1674
NDUFC1,7434,0.1674
GTSE1,7427,0.1673
ENSG00000255944,5542,0.1673
MGAT1,7495,0.1673
ZZEF1,7623,0.1673
ENSG00000254810,257,0.1673
ENSG00000285280,7609,0.1673
ENSG00000225982,133,0.1672
SF3B1,7640,0.1672
ENSG00000290001,208,0.1672
ZMAT2,7500,0.1672
ENSG00000243016,46,0.1672
ALDH1L1-AS1,177,0.1672
ENSG00000287001,7430,0.1672
CHD4,7596,0.1672
KIF25-AS1,1132,0.1671
FANCI,7528,0.1671
STAT2,7593,0.1671
ENSG00000227040,83,0.167
TRIM14,7483,0.167
LINC02946,870,0.167
SLFN5,7583,0.1669
LINC02324,2681,0.1669
SPICE1,7541,0.1669
MMS22L,7492,0.1669
KNL1,7494,0.1668
MAP2K7,7500,0.1668
ALDH1A3,7373,0.1668
ENSG00000260795,242,0.1668
RPS15A,7563,0.1668
CYP4F29P,140,0.1668
UBB,7601,0.1668
PSLNR,2648,0.1667
ENSG00000260392,7311,0.1667
STX18-AS1,7466,0.1667
ENSG00000283025,163,0.1667
GRID2,7194,0.1667
LINC02649,7607,0.1667
TRMT112,7507,0.1667
CHORDC1P5,181,0.1667
ENSG00000261411,1017,0.1667
ENSG00000229398,41,0.1667
HOXD12,214,0.1666
DAB2IP,7462,0.1666
INTS3,7508,0.1666
ESCO2,7338,0.1666
OR1D2,77,0.1665
ITGBL1,7460,0.1665
MTCL1,7572,0.1665
ANO6,7641,0.1664
ATG14,7604,0.1664
DHX36,7638,0.1664
INPPL1,7381,0.1664
MIER2,7365,0.1664
LINC00659,6229,0.1664
SRGAP3,7502,0.1664
ENSG00000287334,182,0.1664
ENSG00000291295,273,0.1663
DDR2,7569,0.1663
TRIOBP,7569,0.1663
OPN4,639,0.1663
CCNY,7641,0.1663
HLA-DPA3,558,0.1662
RPS4XP15,206,0.1662
NXN,7553,0.1662
CRPPA,7333,0.1662
ENSG00000270782,175,0.1662
ENSG00000258417,150,0.1662
CROCC,7369,0.1662
HNRNPA1P44,242,0.1662
ENSG00000259370,5385,0.1662
USP18,7334,0.1662
SSX9P,272,0.1662
ENSG00000259753,7405,0.1661
ENSG00000287292,7075,0.1661
ADAMTS17,7281,0.1661
H2AC13,4776,0.1661
CAPN2,7638,0.1661
MARF1,7600,0.1661
MTHFD1,7408,0.166
PPP1R18,7516,0.166
HERC6,7465,0.166
TBX3,7553,0.166
NLRC5,7527,0.166
MRPL48,7531,0.166
ENSG00000268518,461,0.166
ENSG00000249100,157,0.1659
ENSG00000267789,39,0.1659
CALM1,7630,0.1659
ENSG00000214788,1296,0.1659
SYNE2,7641,0.1659
H2BC6,7305,0.1658
SYVN1,7388,0.1658
FADS6,1893,0.1658
ENSG00000220694,81,0.1658
ENSG00000287130,113,0.1658
TPST1,7627,0.1658
COL7A1,7497,0.1658
BST2,7189,0.1658
LINC02882,7488,0.1657
CT75,138,0.1657
CCAR2,7404,0.1657
CADM1,7631,0.1657
TBC1D15,7617,0.1657
DDAH1,7541,0.1656
JADE2,7408,0.1656
LINC00511,7641,0.1656
ALDH18A1,7474,0.1656
ENSG00000279359,56,0.1656
MAP2K3,7552,0.1656
COLGALT1,7437,0.1656
TIMM23B,7448,0.1656
RPS10,7627,0.1656
SLC25A5,7525,0.1656
ENSG00000260478,100,0.1655
ENSG00000290616,1225,0.1655
LYST,7622,0.1655
RPL5P5,352,0.1655
APOL2,7545,0.1655
MALAT1,7641,0.1654
MUS81,7346,0.1654
RN7SL624P,45,0.1654
KDM3A,7641,0.1654
RPL13AP17,335,0.1654
ENSG00000285413,166,0.1654
ARID5B,7601,0.1654
FCGR3B,228,0.1654
ENSG00000289398,780,0.1654
ARAP1,7524,0.1653
HSF4,7286,0.1653
ZFPM2,7432,0.1653
AGRN,7597,0.1653
EFCAB2,7498,0.1653
ENSG00000287719,348,0.1653
COL6A2,7606,0.1652
SOGA1,7507,0.1652
SPAG1,7478,0.1652
ENSG00000286449,381,0.1652
NBPF4,693,0.1652
VRK1,7537,0.1652
ENSG00000276289,308,0.1651
C21orf91-OT1,6878,0.1651
ENSG00000290781,190,0.1651
PHIP,7632,0.1651
NDUFS4,7611,0.1651
OR7E7P,2233,0.1651
PRKAR1A,7636,0.165
CRIP1P3,124,0.165
RPL22P7,323,0.165
FSCN1,7599,0.165
RPS25,7638,0.165
ENSG00000249236,7337,0.1649
PLEKHH1,7385,0.1649
ATXN3,7603,0.1649
HDAC2-AS2,7310,0.1648
ENSG00000287442,119,0.1648
ENSG00000284686,7550,0.1648
KAT5,7464,0.1648
ENSG00000255325,1527,0.1648
Y_RNA-335,1581,0.1647
MED29,7474,0.1647
ENSG00000228031,937,0.1647
RALGAPA2,7641,0.1647
MTAP,7627,0.1647
NFKB1,7634,0.1647
NECTIN1,7458,0.1647
TPI1,7617,0.1646
F2R,7301,0.1646
ENSG00000261276,21,0.1646
PCNX4-DT,7259,0.1646
CDK19,7640,0.1645
ENSG00000258525,7208,0.1645
CD163,1098,0.1645
TMEM229A,281,0.1645
MCM6,7399,0.1645
MTATP6P22,248,0.1645
ENSG00000286289,83,0.1645
ZNF608,7490,0.1644
NDP-AS1,252,0.1644
ENSG00000287625,7420,0.1644
LLGL2,7534,0.1644
EMC10,7536,0.1644
CCNYL7,194,0.1643
ENSG00000197813,6700,0.1643
ENSG00000242814,314,0.1642
CALD1,7640,0.1642
CENPE,7528,0.1642
ADAMTSL4-AS1,6604,0.1642
NR2F1,7485,0.1641
FGGY,7559,0.1641
ELF3,7571,0.1641
GMDS,7641,0.1641
ENSG00000255475,43,0.164
RER1,7474,0.164
APPL2,7602,0.164
RAB6B,7209,0.164
SRRT,7494,0.164
ENSG00000266840,1089,0.1639
TRPC4AP,7630,0.1639
DNAJB4,7461,0.1639
LINC02100,7389,0.1638
MAP3K12,7362,0.1638
ENSG00000280002,1223,0.1638
TP53I11,7348,0.1637
FOXO1,7634,0.1637
P4HB,7641,0.1637
LINC02089,1975,0.1637
ENSG00000226694,84,0.1636
TBC1D20,7593,0.1636
H2AX,7306,0.1636
RPL39,7533,0.1636
CD63,7622,0.1636
SARAF,7565,0.1636
FANCB,7407,0.1635
MCM3,7411,0.1635
LRCH1,7610,0.1635
CDK5RAP3,7429,0.1634
TET1,7518,0.1634
KIAA0319,7459,0.1634
ANXA6,7418,0.1634
ABI3BP,7506,0.1634
BCL3,7473,0.1634
TMEM202,309,0.1634
ENSG00000231754,127,0.1634
CEP112,7570,0.1633
ELF2P1,924,0.1633
ZHX3,7508,0.1633
PARP10,7234,0.1633
CXCL12,1858,0.1633
CEACAM6,7407,0.1633
ENSG00000244791,526,0.1633
SDCBP,7598,0.1632
USP54,7526,0.1632
ENSG00000291060,5570,0.1632
GLUD1,7629,0.1632
GYS1,7618,0.1632
LINC00963,7481,0.1632
SEPTIN7,7641,0.1632
TMEM140,7173,0.1631
ENSG00000288038,1076,0.1631
ANKRD13B,7177,0.1631
CALB2,7013,0.163
NR2C1,7607,0.163
ENSG00000290041,4008,0.163
ENSG00000287797,260,0.1629
LINC02873,5295,0.1629
TCP11L1,7451,0.1629
RPL23AP61,38,0.1628
MRFAP1,7492,0.1628
MFAP1,7566,0.1628
ENSG00000231815,69,0.1628
ATN1,7598,0.1628
RPL18,7629,0.1627
TMEM50A,7546,0.1626
CCL22,2637,0.1626
C8orf34-AS1,725,0.1626
ENSG00000230030,1115,0.1626
DNAJB1,7531,0.1626
SLC25A25,7509,0.1626
LRPAP1,7487,0.1625
G6PC1,514,0.1625
RN7SL252P,88,0.1624
SWAP70,7625,0.1624
GLIPR1,7520,0.1624
ENSG00000286876,196,0.1624
ENSG00000229858,105,0.1624
TOMM7,7507,0.1624
TSPO2,426,0.1624
RIPOR1,7384,0.1624
POLR2L,7460,0.1623
ENSG00000283044,190,0.1623
BTN3A2,7333,0.1623
ENSG00000279249,3856,0.1623
FAM238B,645,0.1623
FYCO1,7460,0.1623
ENSG00000258422,1594,0.1623
OLMALINC,7475,0.1623
OBSCN,7523,0.1623
MFSD2A,7244,0.1623
NFIA,7637,0.1623
CEP83,7550,0.1622
ZNF292,7641,0.1622
ENSG00000287022,7244,0.1622
ENSG00000227133,100,0.1622
MATR3,7641,0.1622
LINC02735,950,0.1622
ING3,7474,0.1621
MGLL,7585,0.1621
PARD3,7641,0.1621
RPL35,7592,0.1621
OSBPL2,7565,0.1621
TRIM2,7605,0.162
MAP3K5,7624,0.162
SCLT1,7630,0.162
ECM1,7285,0.162
FBN1,7586,0.162
VCX3A,218,0.162
BLTP3A,7449,0.162
ENSG00000233824,44,0.1619
SIPA1L3,7639,0.1619
ENSG00000288047,574,0.1618
LRRC37A6P,2979,0.1618
ENSG00000287107,321,0.1618
C5orf64,5269,0.1618
ACAT2,7405,0.1618
ENSG00000266953,7179,0.1618
ZBTB11,7547,0.1617
CYP4Z2P-1,78,0.1617
ENSG00000290769,1391,0.1617
APLF,7411,0.1617
WWC1,7628,0.1617
ENSG00000225790,1247,0.1616
MRPS22P1,523,0.1616
BNIP3,7621,0.1616
RPL23AP86,267,0.1616
NBEA,7632,0.1616
SLC12A8,7393,0.1616
ETFDH,7490,0.1615
SURF4,7614,0.1615
RBMS3,7640,0.1615
RPL27,7624,0.1615
COL21A1,7007,0.1614
HEG1,7535,0.1614
TMEM62,7538,0.1614
LINC01381,263,0.1614
CHST4,2619,0.1613
ENSG00000288845,552,0.1613
ENSG00000228355,176,0.1613
RECQL4,7197,0.1612
SCD5,7384,0.1612
ENSG00000258461,6483,0.1612
SLC29A4P1,422,0.1612
LINC02869,5996,0.1612
GAB2,7607,0.1612
FEV,176,0.1612
TGIF2,7402,0.1612
SCG5,7369,0.1611
AHDC1,7546,0.1611
MYL12A,7613,0.1611
ENSG00000287325,76,0.1611
GUSBP1-1,7505,0.1611
ENSG00000279075,38,0.1611
LINC03009-1,7641,0.161
RAP2A,7519,0.161
ENSG00000289195,1865,0.161
SLC9A1,7544,0.161
ENSG00000286547,116,0.161
SHB,7627,0.1609
SRRM1,7639,0.1609
SPNS2-AS1,931,0.1609
NDUFB4P11,3915,0.1609
SLC7A5P2,5589,0.1608
PRSS33,819,0.1608
ASB15-AS1,5819,0.1608
DLD,7489,0.1608
CT45A5,85,0.1608
DDX19B,7409,0.1608
ENSG00000283423,55,0.1607
AMN1,7521,0.1607
ENSG00000248560,77,0.1607
ENSG00000258561,7175,0.1607
ABHD5,7520,0.1607
RBMS2,7586,0.1607
EXD2,7432,0.1606
NME2,7548,0.1606
ENSG00000262503,4954,0.1606
STN1,7486,0.1605
ENSG00000287826,273,0.1605
ST3GAL5-AS1,991,0.1605
EXPH5,7485,0.1605
NUF2,7439,0.1605
RAD54L,7346,0.1605
MMP3,3937,0.1605
RAX2,313,0.1604
PRKAR1B,7509,0.1604
ALDH7A1,7519,0.1604
RNF20,7556,0.1604
ENSG00000228707,172,0.1604
ENSG00000290991,31,0.1604
ENSG00000233906,226,0.1604
RPS29P29,300,0.1603
CSF1,7328,0.1603
DUS2,7351,0.1603
PELI1,7619,0.1603
LHPP,7367,0.1603
TMEM94,7453,0.1603
ENSG00000257959,93,0.1603
LINC02574,5991,0.1603
CDC14B,7603,0.1603
PDP1,7557,0.1602
ACTN1,7640,0.1602
ENSG00000286464,59,0.1602
HEMGN,749,0.1602
BASP1,7631,0.1602
ENSG00000224883,56,0.1601
ZNF277,7545,0.1601
ENSG00000249752,552,0.1601
ENSG00000268926,184,0.1601
ENSG00000239920,7372,0.1601
ZBTB43,7593,0.16
RMDN1,7496,0.16
H4C6,1093,0.16
GORAB,7364,0.16
ENSG00000288036,3504,0.16
DHRSX,7631,0.16
SLC44A3-AS1,7479,0.16
SLC35F3,7547,0.16
SUPT6H,7625,0.16
ENSG00000279145,6932,0.16
MOBP,3599,0.16
HMGB1P49,6141,0.16
ENSG00000231612,573,0.1599
BCCIP,7528,0.1599
ALOX12P1,6922,0.1599
LINC00887,7296,0.1599
ANLN,7587,0.1599
OLFM2,7289,0.1599
ENSG00000280266,378,0.1599
CYCSP39,33,0.1599
IMPDH1,7407,0.1598
SLC3A2,7531,0.1598
KRT6B,2200,0.1598
ZYG11B,7525,0.1598
SLMAP,7641,0.1598
NEDD8,7488,0.1598
LINC02872,609,0.1598
LAPTM4A,7564,0.1597
LAMB1,7621,0.1597
SNX18P23,52,0.1597
ZNF385D,7269,0.1597
HSPA1B,7467,0.1597
CAMKMT,7638,0.1597
ENSG00000286759,118,0.1597
ENSG00000227098,455,0.1597
Y_RNA-137,97,0.1596
C2orf78,799,0.1596
DPY19L1,7620,0.1596
MTNR1A,6413,0.1596
ENSG00000286966,3572,0.1596
AFAP1L1,7429,0.1595
UBAP1,7636,0.1595
SOX5,7617,0.1595
ENSG00000251288,202,0.1595
ENSG00000227463,3318,0.1595
ENSG00000231829,417,0.1595
GALNT2,7629,0.1595
RSBN1L,7611,0.1595
MRPS33P4,31,0.1595
TTC21B,7539,0.1594
TMED2,7613,0.1594
FGF13-AS1,436,0.1594
ENSG00000279741,90,0.1594
ZNF217,7605,0.1593
ENSG00000269957,681,0.1593
ENSG00000291174,7489,0.1593
ENSG00000270082,50,0.1593
PCIF1,7324,0.1593
ENSG00000254771,170,0.1593
ENSG00000251687,1080,0.1593
POM121B,5356,0.1593
BAAT,6924,0.1593
ENSG00000286690,129,0.1593
RPL7P19,3216,0.1593
PHLDB2,7633,0.1592
ENSG00000232578,103,0.1592
IKZF2,7367,0.1592
ENSG00000279490,271,0.1592
ILRUN,7617,0.1592
RESF1,7580,0.1591
TCAF1,7502,0.1591
ENSG00000225588,1347,0.159
PCLAF,7412,0.159
KCTD5,7472,0.159
FRAS1,7580,0.159
TENM2,7520,0.159
ANKRD26,7594,0.1589
RNF170,7435,0.1589
SRFBP1,7576,0.1589
H2BC11,7260,0.1589
PDE1C,7425,0.1589
COL1A1,7570,0.1589
BZW2,7606,0.1589
CMTM7,7476,0.1588
GABPB1-AS1,7527,0.1588
BICDL1,7429,0.1588
ENSG00000241357,5812,0.1588
CTNNA3,7403,0.1588
ENSG00000178107,1564,0.1588
NRIR,6580,0.1587
RELA,7495,0.1587
C1RL-AS1,7323,0.1587
LINC00472,7510,0.1587
DBF4B,7377,0.1587
ST3GAL1,7564,0.1586
ENSG00000235005,24,0.1586
UBE2S,7382,0.1586
LAMP3,7087,0.1586
MYO1E,7641,0.1586
ENSG00000288930,248,0.1585
NEK10,7407,0.1585
ENSG00000289179,396,0.1585
RREB1,7637,0.1585
ENSG00000289933,76,0.1585
DOK2,123,0.1585
CASP9,7436,0.1585
ENSG00000273838,290,0.1585
SLC41A1,7476,0.1585
ACSL1,7498,0.1585
RN7SKP281,695,0.1584
ENSG00000285130,7258,0.1584
CD82,7490,0.1584
ALOX12-AS1,7435,0.1584
KNOP1P5,582,0.1584
ENSG00000267665,5490,0.1584
SPATA31A1,194,0.1584
CCDC150,7401,0.1584
ACOT7,7434,0.1584
E2F7,7463,0.1584
YWHAQP4,24,0.1584
RTEL1,7390,0.1583
ENSG00000287955,491,0.1583
ENSG00000223646,7327,0.1582
AKT1S1,7356,0.1582
ENSG00000281593,7493,0.158
HMGB3P23,33,0.158
IL17F,482,0.158
POLG2,7527,0.158
HOOK2,7557,0.158
Y_RNA-121,757,0.158
ARSG,7395,0.158
KCTD21,7340,0.158
ENSG00000255413,34,0.158
CCT5,7560,0.1579
RSU1,7584,0.1579
ENSG00000284630,134,0.1579
TOM1L1,7609,0.1579
MTCO3P42,170,0.1579
ENSG00000285016,7629,0.1579
NUCB2,7576,0.1579
ENSG00000249169,1073,0.1579
ITGB8,7541,0.1578
ZCCHC8,7584,0.1578
ENSG00000254038,464,0.1578
C2,7350,0.1578
ENSG00000249806,6352,0.1578
DLGAP5,7391,0.1577
UST,7573,0.1577
TRIM23,7564,0.1577
CUL7,7446,0.1577
RRM1,7445,0.1577
ENSG00000276690,142,0.1577
ENSG00000289601,186,0.1577
DENND4A,7639,0.1577
ENSG00000273049,1737,0.1577
ENSG00000254526,7352,0.1576
EOLA1-DT,158,0.1576
ZRANB1,7580,0.1576
H3C15,651,0.1576
L1CAM,7381,0.1575
ATAD5,7517,0.1575
USP13,7412,0.1575
OR51J1,102,0.1575
INTS2,7503,0.1575
TCEA1P3,491,0.1575
ROR1,7474,0.1575
CACNA1D,7401,0.1574
ENSG00000288755,7027,0.1574
YKT6,7478,0.1574
TPSG1,1581,0.1574
ZRANB3,7499,0.1573
NFKBIB,7440,0.1573
HFM1,7146,0.1573
ENSG00000248288,428,0.1573
ENSG00000285534,7612,0.1573
SNU13,7532,0.1573
ENSG00000236529,1045,0.1572
IL32,7405,0.1572
SHTN1,7587,0.1572
GTF3C2-AS2,7275,0.1572
ENSG00000261582,6136,0.1572
GAK,7557,0.1572
PGBD4P3,95,0.1571
UBA7,6969,0.1571
CEACAM8,728,0.1571
ENSG00000250385,376,0.1571
SPCS3,7538,0.1571
ZNF618,7427,0.157
SIAH2-AS1,6939,0.157
ENSG00000261613,1151,0.157
SLC44A5,7367,0.157
ENSG00000289940,298,0.157
PBK,7374,0.157
ENSG00000279954,4503,0.157
TRIM51CP,157,0.157
SNRPD1,7458,0.157
LINC03000,7623,0.157
BAIAP2,7513,0.157
HIF1A,7618,0.1569
ENSG00000235321,85,0.1569
ENSG00000288929,857,0.1569
BCAR3,7629,0.1569
CCNL2,7527,0.1568
HCCS-DT,7432,0.1568
LINC02245,7374,0.1567
ENSG00000266818,121,0.1567
MADD,7496,0.1567
USP33,7624,0.1567
H2AC12,6603,0.1567
ANO10,7624,0.1567
TMSB4XP6,2515,0.1567
SNHG6,7556,0.1567
MARS1,7586,0.1567
DGKG,7431,0.1567
CBX1P4,49,0.1566
UNC93B1,7350,0.1566
TCIRG1,7290,0.1566
POM121C,7629,0.1566
DPF3,7176,0.1565
MMP25,6647,0.1565
LINC01553,153,0.1565
COX8A,7442,0.1565
SEC22B,7474,0.1565
RETREG2,7390,0.1565
MIR1-1HG,2268,0.1565
ENSG00000261650,917,0.1565
CD151,7466,0.1565
ORC6,7371,0.1565
ENSG00000229660,362,0.1564
ENSG00000290922,288,0.1564
GMEB2,7478,0.1564
ENSG00000255910,7344,0.1564
WDR59,7580,0.1564
LINC00370,5491,0.1564
ENSG00000278740,4936,0.1564
ENSG00000248927,2372,0.1564
NT5C1B-RDH14,74,0.1564
ENSG00000261826,759,0.1564
AKT1,7360,0.1563
ADGRL1,7433,0.1563
TUSC3,7624,0.1563
GTF3C3,7493,0.1563
ENSG00000266993,6281,0.1563
MAPK7,7305,0.1563
SULT1B1,2633,0.1563
ZBED5,7496,0.1562
ENSG00000244021,53,0.1562
EPRS1,7624,0.1562
PURPL,7508,0.1562
RPS9,7498,0.1562
ENSG00000248203,486,0.1562
CDK2AP1,7396,0.1561
ENSG00000283638,316,0.1561
SHMT2,7394,0.1561
PRKAA1,7554,0.1561
EIF4A3,7541,0.1561
LINC02615,7430,0.1561
ZSCAN25,7446,0.1561
TMEM164,7578,0.1561
ENSG00000260487,311,0.1561
TTK,7424,0.156
ALCAM,7639,0.156
LDLRAD3,7589,0.156
HDAC5,7543,0.156
IL1R1,7341,0.156
ZNF395,7615,0.1559
MYO5C,7508,0.1559
ENSG00000237813,7583,0.1559
NUP210P1,25,0.1559
BCL9,7494,0.1558
ENSG00000241505,615,0.1558
CENPM,7099,0.1558
CTR9,7596,0.1558
HDGFL1,197,0.1558
STX18,7616,0.1558
CENPU,7392,0.1558
GXYLT1,7530,0.1558
ENSG00000235091,3800,0.1558
MBIP,7499,0.1557
ENSG00000273118,7303,0.1557
MYD88,7113,0.1557
TNRC6C,7616,0.1557
RANBP1,7403,0.1557
C11orf24,7395,0.1557
ENSG00000287852,166,0.1556
CSTPP1,7625,0.1556
MED14P1,272,0.1556
ENSG00000224282,106,0.1556
ZNF124,7414,0.1556
ENSG00000279993,435,0.1556
LINC01876,7597,0.1556
SLC41A2,7584,0.1556
ENSG00000223438,187,0.1556
ABL2,7641,0.1555
ENSG00000262115,594,0.1555
EIF4E2,7517,0.1555
NIFKP1,31,0.1555
GOLGA2P4,345,0.1554
LINC02910,2354,0.1554
PDCD4,7576,0.1554
LCN15,1518,0.1554
DISP1,7564,0.1554
MRPL17,7339,0.1554
CCDC15,7363,0.1553
INTS1,7554,0.1553
PRPF18,7589,0.1553
SPRR1B,1092,0.1553
ENSG00000276467,131,0.1553
LINC02985,7039,0.1553
UQCRQ,7460,0.1553
ENSG00000228154,63,0.1553
ENSG00000291233,310,0.1553
SPAG16,7468,0.1552
ENSG00000249848,61,0.1552
ENSG00000289029,3584,0.1552
TSPY7P,23,0.1552
SLC1A5,7583,0.1552
HEXA,7572,0.1551
ENSG00000288104,152,0.1551
CXCL11,5286,0.1551
RNU6-951P,454,0.1551
ENSG00000289403,184,0.1551
FAM172A,7640,0.1551
TAS2R62P,127,0.1551
ENSG00000238176,128,0.1551
ENSG00000248148,1151,0.155
POLA1,7632,0.155
ENSG00000290000,3347,0.155
BTBD3,7526,0.155
ENSG00000256732,1746,0.155
NENF,7406,0.155
MYBL2,7350,0.155
MAP3K14,7492,0.1549
LRRC10,20,0.1549
ENSG00000259395,127,0.1549
LINC02751,2402,0.1549
FAM131C2P,642,0.1549
LINC00536,7021,0.1549
SNX2,7574,0.1549
TPCN2,7434,0.1548
LINC00375,153,0.1548
KLK13,742,0.1548
NELFB,7424,0.1548
VSIG4,113,0.1548
MAP3K8,7531,0.1548
SRGAP1,7627,0.1548
LINC01928,242,0.1547
UBA52,7558,0.1547
HNRNPL,7599,0.1547
RPL13,7601,0.1547
TRIM36,7399,0.1546
PDCD7,7477,0.1546
PSMC1P8,49,0.1546
ZFAND6,7612,0.1546
FADS1,7429,0.1546
RPL7A,7627,0.1545
JAK1,7641,0.1545
ENSG00000290792,7321,0.1544
SNHG1,7432,0.1544
WNT8A,500,0.1544
PCSK6,7444,0.1544
POGK,7494,0.1544
PRELID1,7416,0.1544
BCKDHB,7636,0.1544
PPP1R26,7349,0.1544
PLBD2,7461,0.1544
BLOC1S5-TXNDC5,7464,0.1543
LEO1,7516,0.1543
KIF23,7470,0.1543
SEMA3A,7639,0.1542
PLA2G4A,7369,0.1542
CSN1S2AP,68,0.1542
ENSG00000268643,6738,0.1542
CCDC102B,7387,0.1542
ENSG00000228997,158,0.1542
ENSG00000275216,6737,0.1542
YTHDF1P1,1155,0.1542
ENSG00000251177,128,0.1542
ENSG00000279942,113,0.1541
PPIAP4,21,0.1541
UBN1,7538,0.1541
ATAD2,7573,0.1541
ENSG00000277801,338,0.1541
SECTM1,6622,0.154
ARHGEF1,7515,0.154
ITPR2-AS1,6833,0.154
RNF6,7457,0.154
ALPI,183,0.154
ARHGAP42,7601,0.154
FKBP6,757,0.154
PLK3,7384,0.154
GOT1,7562,0.154
NEGR1,7419,0.154
ACTN4,7641,0.154
FKBP8,7452,0.154
SESN2,7535,0.1539
ST7,7632,0.1539
DLGAP1,7454,0.1539
OCIAD1,7575,0.1539
CCDC191,7422,0.1539
LINC01340,6792,0.1539
ENSG00000287940,1291,0.1538
HPRT1,7566,0.1538
LDC1P,1685,0.1538
CCDC171,7399,0.1538
PTPRG,7640,0.1538
SPECC1L,7603,0.1538
ATXN1L,7456,0.1537
ENSG00000238031,350,0.1537
ENSG00000285671,388,0.1537
RNU4-4P,36,0.1537
PER2,7556,0.1537
UNC5C,7169,0.1537
RPS18,7518,0.1537
ENSG00000257894,7362,0.1537
BCL10-AS1,7394,0.1537
UTP3,7416,0.1536
TRIP4,7555,0.1536
GPAT2,1045,0.1536
ENSG00000286052,923,0.1536
KRT18P38,248,0.1536
SAR1B,7580,0.1536
RPL14,7596,0.1536
GJA1,7365,0.1535
PHC2,7598,0.1535
ACSL3,7626,0.1535
ENSG00000254380,3066,0.1535
STK24,7641,0.1535
ENSG00000287075,186,0.1535
RPS3AP18,297,0.1534
EML6,7452,0.1534
MTMR4,7494,0.1534
ENSG00000241324,676,0.1534
ENSG00000277550,49,0.1534
ENSG00000287972,1200,0.1534
EDIL3,7574,0.1534
ENSG00000238034,550,0.1534
CALCOCO1,7521,0.1534
C11orf86,1844,0.1534
NUP85,7449,0.1534
RNF13,7631,0.1533
MIR222HG,7595,0.1533
RN7SKP166,136,0.1533
TUBGCP3,7566,0.1533
ENTREP3,7342,0.1533
TAS2R3,5489,0.1533
ENSG00000237220,814,0.1533
ENSG00000286232,74,0.1532
KIF2C,7426,0.1532
ENSG00000276122,900,0.1532
DDT,7413,0.1532
DDR1,7448,0.1531
LINC00595,7307,0.153
MAP3K6,7145,0.153
RPL17P33,235,0.153
ENSG00000285542,7214,0.153
CYTH3,7577,0.153
ARHGAP12,7640,0.153
RPL7AP31,61,0.1529
EZH1,7540,0.1529
ZNF160,7580,0.1529
TMEM156,7446,0.1529
SLC27A5,7123,0.1529
GOT2,7369,0.1529
ENSG00000236874,111,0.1528
DUSP4,7573,0.1528
CDC25C,7383,0.1528
MED8,7394,0.1528
DELEC1,7334,0.1528
ENSG00000250917,7439,0.1528
ENSG00000205695,103,0.1527
ENSG00000286829,450,0.1527
GRAMD2B,7610,0.1527
ENSG00000257199,133,0.1527
ENSG00000257265,1341,0.1527
CLEC12A-AS1,192,0.1527
OR4F13P-1,3406,0.1527
ENSG00000286610,613,0.1527
S100A2,7374,0.1526
PTPRD,7605,0.1526
UBA6,7640,0.1526
CTSD,7606,0.1526
CTSC,7516,0.1526
CPNE6,135,0.1526
FRGCA,55,0.1526
PPP2R2D,7620,0.1526
SAMD9L,7478,0.1526
EDN3,889,0.1525
ENSG00000231740,2801,0.1525
ARFGAP3,7625,0.1525
PID1,7485,0.1525
FMNL2,7641,0.1525
LINC00898,3952,0.1524
TBC1D3L,1381,0.1524
PSMA2,7512,0.1524
MND1,7392,0.1524
PITX1-AS1,7467,0.1524
CAVIN2-AS1,7097,0.1524
BRD7,7557,0.1524
CPNE2,7344,0.1524
GCH1,7504,0.1524
SNW1,7592,0.1524
GLI2,7421,0.1523
JRK,7398,0.1523
MYO15B,7384,0.1523
CDKN1A,7555,0.1523
ENSG00000287621,7462,0.1522
ENSG00000289337,960,0.1522
NFATC2,7483,0.1522
ENSG00000274766,839,0.1522
ENSG00000288875,48,0.1522
ENSG00000229021,7221,0.1522
ATF1,7585,0.1522
EEF1A1P18,165,0.1522
MET,7641,0.1521
ENSG00000287721,7069,0.1521
IKBIP,7574,0.1521
ALG9,7476,0.1521
ENSG00000288013,969,0.152
ENSG00000280366,87,0.152
ENSG00000280229,178,0.152
TUBG2,7400,0.152
DMD,7410,0.152
TBPL1,7429,0.152
ENSG00000285042,369,0.152
ENSG00000286820,63,0.152
CCDC194,6830,0.152
APAF1,7593,0.1519
TRAF7,7383,0.1519
COX16,7608,0.1519
TOMM34,7421,0.1519
EHMT2,7392,0.1519
MINK1,7560,0.1518
FHIP2B,7426,0.1518
RNU6-1029P,113,0.1518
MSRB3,7546,0.1518
ITGB3,7450,0.1518
CHD1-DT,7415,0.1517
CDK7,7539,0.1517
RSRP1,7636,0.1517
CPSF1,7446,0.1517
ENSG00000244545,24,0.1517
PIK3CB,7620,0.1517
PAIP1,7576,0.1516
FBXL19,7395,0.1516
TMEM182,7518,0.1516
SMG1P7,7335,0.1515
TRIB1,7554,0.1515
LMO4,7559,0.1515
EFEMP2,7337,0.1515
FRMD8,7460,0.1515
BANF1,7365,0.1515
TSPO,7404,0.1515
NANOG,212,0.1515
NOTCH1,7395,0.1514
ZNF514,7347,0.1514
PDCL3P4,7354,0.1514
ANKLE2,7630,0.1513
LINC00163,743,0.1513
KIR3DX1,412,0.1513
TM4SF18,5746,0.1513
ENSG00000285043,7184,0.1513
NUDCD1,7496,0.1513
S100A10,7631,0.1513
LSMEM1,7384,0.1513
PABPN1,7609,0.1513
KDM4A,7451,0.1512
EXOC6B,7635,0.1512
OGFR,7496,0.1512
ITGAM,6163,0.1512
TRIM41,7395,0.1512
ENSG00000286141,149,0.1512
ENSG00000238149,57,0.1512
FNIP2,7593,0.1512
SBNO2,7547,0.1512
NETO2,7513,0.1511
RNASE4,7220,0.1511
SNRNP70,7591,0.1511
ENSG00000212391,745,0.1511
FKBP3,7440,0.151
BAZ2B,7639,0.151
TNFSF10,7109,0.151
PCED1B,7588,0.151
DAPK1,7444,0.151
FEZ2,7615,0.1509
FBXO41,7336,0.1509
STRN,7600,0.1509
TRMT2B,7506,0.1509
PEDS1,7509,0.1509
KIF5C,7374,0.1509
ENSG00000289122,207,0.1509
AKAP13,7641,0.1509
ENSG00000259807,1462,0.1508
ENSG00000286426,261,0.1508
RHOT1P3,1005,0.1508
CCSER1,7624,0.1508
P3H1,7436,0.1507
NRCAM,7616,0.1507
TFAP4,7269,0.1507
RPL37,7638,0.1507
NEU1,7427,0.1507
PRRG3,189,0.1507
LIG1,7450,0.1507
ADGRE2,7046,0.1507
GABARAPL2,7474,0.1507
TXK,7231,0.1506
PHGDH,7427,0.1506
ITGB3BP,7596,0.1506
MTUS1,7612,0.1506
ENSG00000229491,3682,0.1506
LINC01871,43,0.1506
H2AZ1-DT,7114,0.1506
OLIG3,24,0.1505
ENSG00000287382,4010,0.1505
MPC1,7400,0.1505
ENO3,7270,0.1505
LAMP5-AS1,152,0.1505
ENSG00000287145,537,0.1505
PTMS,7552,0.1505
ENSG00000256011,4742,0.1505
ENSG00000287042,7430,0.1504
TBC1D3B,1667,0.1504
GPS2P1,271,0.1504
GMPPA,7441,0.1504
SLC5A3,7634,0.1504
NEB,7236,0.1504
ENSG00000266997,5260,0.1503
PAIP2,7607,0.1503
DBI,7378,0.1503
TRAPPC1,7367,0.1503
RNA5SP319,89,0.1502
INGX,2219,0.1502
BUD23,7512,0.1502
LMNA,7637,0.1502
MBNL2,7641,0.1502
CASC3,7605,0.1502
NGLY1,7638,0.1502
USF1,7337,0.1501
CFAP161,7334,0.1501
MBNL3,7188,0.1501
SECISBP2L,7626,0.1501
ENSG00000278866,172,0.1501
ENSG00000255605,77,0.1501
ENSG00000257635,83,0.1501
ERRFI1-DT,7423,0.1501
CYP2S1,6887,0.1501
MLX,7407,0.15
BCL7C,7408,0.15
IP6K2,7601,0.15
IL6ST,7636,0.15
TRIM51HP,113,0.15
C1orf21,7604,0.15
ENSG00000263571,80,0.15
RBM18,7427,0.1499
G3BP2,7609,0.1499
HAND1,1565,0.1499
RPS21,7634,0.1499
PCMTD2,7515,0.1498
EIF4BP8,91,0.1498
WASF5P,86,0.1498
ENSG00000250068,397,0.1498
KRT126P,84,0.1498
DNMT3A,7503,0.1497
NOD1,7410,0.1497
ENSG00000283321,7403,0.1497
CLYBL,7566,0.1497
ENSG00000266844,6817,0.1497
ENSG00000284665,201,0.1497
MOCS2-DT,6899,0.1497
ENSG00000254186,7357,0.1496
LINC02623,113,0.1496
CD59,7625,0.1496
ATF7IP2,7463,0.1496
ENSG00000228353,1552,0.1496
MTCO1P24,105,0.1496
ENSG00000267722,178,0.1496
ENSG00000242097,571,0.1495
TRANK1,7476,0.1495
ENSG00000225522,307,0.1495
GRIK4,7259,0.1495
WDR6,7378,0.1495
KLF7,7634,0.1495
APOBEC3C,7315,0.1495
DNAJC5,7614,0.1495
ENSG00000264662,30,0.1495
TBC1D3P1,787,0.1494
VCP,7558,0.1494
PCBP3,7632,0.1494
Y_RNA-240,3764,0.1494
ZFPM1,7400,0.1494
SELE,2111,0.1494
CDKN2AIP,7425,0.1493
ENSG00000271533,7322,0.1493
TCL6,1984,0.1493
GPR39,7538,0.1493
PRDM16,7328,0.1493
ENSG00000289232,362,0.1493
HLA-B,7640,0.1493
PCSK5,7588,0.1493
TUBE1,7417,0.1493
NPAS3,7533,0.1493
BIRC5,7372,0.1493
TGFBR3,7400,0.1492
TRAF5,7483,0.1492
BTG2,7321,0.1492
MALSU1,7442,0.1492
SLC8A1,7533,0.1492
H2AZ2,7534,0.1492
TAS2R30,7257,0.1492
PSMC5,7402,0.1491
CACYBP,7511,0.1491
ACAD10,7522,0.1491
KRT37,326,0.1491
COX6A1,7512,0.1491
OIT3,6814,0.1491
CYP1A2,385,0.1491
ENSG00000261037,236,0.1491
H2AC4,4652,0.1491
DENND2B,7488,0.149
HMGN1,7566,0.149
MTHFD2P7,356,0.149
LINC02518,380,0.149
ENSG00000237810,710,0.149
SLC2A1,7638,0.149
ENSG00000289909,386,0.149
EPHB2,7524,0.149
TRIM38,7578,0.149
ENSG00000250274,254,0.1489
ITGA5,7575,0.1489
NEIL3,7340,0.1489
LINC01231,309,0.1489
TSNARE1,7483,0.1489
CPOX,7448,0.1489
OR52P1,46,0.1489
LONP1,7501,0.1489
ISG20,7590,0.1488
SRSF2,7538,0.1488
CYP4A22-AS1,7227,0.1488
SYNPO,7300,0.1488
ENSG00000289455,177,0.1488
CEP57,7622,0.1488
VPS50,7556,0.1488
ENSG00000272321,27,0.1488
KRT15,6870,0.1488
MTSS1,7613,0.1487
AQP1,5956,0.1487
SCHLAP1,7049,0.1487
IGF2,7619,0.1487
A3GALT2,6959,0.1487
LRP11,7487,0.1487
FAM50A,7424,0.1487
ENSG00000270114,41,0.1486
STAG3L5P-1,7524,0.1486
KIAA1958,7635,0.1486
SIGLECL1,1289,0.1486
LINC00609,5065,0.1486
C4orf54,1547,0.1486
EMC1-AS1,7452,0.1486
ENSG00000287023,6964,0.1486
CAPN12,7301,0.1486
SCAF8,7641,0.1486
RAI14,7634,0.1486
GULP1,7630,0.1486
IDI2-AS1,7348,0.1485
PEX3,7454,0.1485
COX5BP2,84,0.1485
PLK2,7561,0.1485
MED12,7474,0.1485
NPM1P14,1262,0.1485
UAP1,7562,0.1484
METTL1P1,464,0.1484
ENSG00000258649,2387,0.1484
H2BC4,7354,0.1484
RNF115,7615,0.1484
PDCL,7456,0.1484
IPMK,7626,0.1484
ENSG00000251680,6563,0.1484
STARD4,7571,0.1483
TERF1P4,123,0.1483
TSPYL1,7427,0.1483
RBM15B,7393,0.1483
HMGA1P4,7263,0.1483
LINC01448,1547,0.1482
ENSG00000290484,954,0.1482
CDRT15P3-1,120,0.1482
FCGR2C,1191,0.1482
UBA6-DT,7603,0.1482
CD46,7639,0.1482
LDLRAD4,7385,0.1482
NCLN,7395,0.1482
UNC45A,7440,0.1482
ENSG00000277151,6500,0.1481
CARMIL1,7611,0.1481
RPL28,7638,0.1481
SMC1A,7620,0.1481
HNRNPAB,7506,0.1481
ATP8B3,7107,0.1481
PSMB5,7451,0.1481
RBFOX1,7420,0.1481
FSTL1,7555,0.1481
ARFRP1,7378,0.1481
BCORP1,833,0.1481
CFAP20DC,7522,0.1481
SKA2,7531,0.148
TTC29,6060,0.148
HSPD1P9,1004,0.148
ENSG00000232359,1524,0.148
WTAP,7596,0.148
PCDHA13,1484,0.148
CDC73,7630,0.148
ENSG00000268649,395,0.148
MPHOSPH10P1,419,0.1479
ARHGAP31,7467,0.1479
ENSG00000286965,2710,0.1479
WDR76,7397,0.1479
LRRC37A12P,166,0.1479
CKAP4,7538,0.1479
ENSG00000253699,833,0.1479
ZNF460,7535,0.1479
ENSG00000280173,4180,0.1479
KCNJ18,199,0.1479
OTOG,1907,0.1478
IRAK1,7444,0.1478
ENSG00000259354,7604,0.1478
RNF216P1,7386,0.1478
NME8,3139,0.1478
ENSG00000285142,301,0.1478
GNB3,5643,0.1478
PUF60,7361,0.1478
ENSG00000223675,568,0.1478
ENSG00000285868,7003,0.1477
TMEM243,7402,0.1477
LINC01621,480,0.1476
ENSG00000242317,2450,0.1476
ENSG00000257681,7164,0.1476
RHAG,2137,0.1476
PEX5,7348,0.1476
ENSG00000229273,69,0.1475
SNORA70G,32,0.1475
ENSG00000289907,1737,0.1475
KRT86,7125,0.1475
DGLUCY,7558,0.1475
ADAMTS16,7414,0.1475
ZPLD1,6572,0.1475
ENSG00000263567,2994,0.1475
PCDH7,7593,0.1474
ENSG00000263745,7305,0.1474
AKAP1,7389,0.1474
TPD52,7633,0.1474
PTPRN2,7618,0.1474
ENSG00000249017,106,0.1474
PABPN1L,495,0.1474
LINC01608,3898,0.1474
THEM5,637,0.1473
RNU6-299P,32,0.1473
SCCPDH,7474,0.1473
BOLA1,7137,0.1473
ZNF782,7430,0.1473
CLEC4OP,836,0.1473
SORBS3,7365,0.1473
TROAP,7298,0.1472
ENSG00000223786,7265,0.1472
ADAMTS16-DT,505,0.1472
ENSG00000290498,404,0.1472
DIO2,7293,0.1472
KRT6A,5112,0.1472
LINC02194,111,0.1472
TENT4A,7589,0.1471
YWHAZP3,4179,0.1471
STAM2,7597,0.1471
CLIP4,7565,0.1471
LINC03016,7232,0.1471
GATAD1,7543,0.1471
ATF5,7397,0.1471
SYCP2L,7407,0.1471
MTHFD2,7527,0.1471
ENSG00000258976,3976,0.147
WDR74,7364,0.147
HDAC1,7519,0.147
RRP1B,7469,0.147
COL16A1,6930,0.147
ENSG00000254350,706,0.147
SULT1C2P2,117,0.147
ADAMTS8,1699,0.147
ENSG00000258017,7379,0.1469
PPIF,7407,0.1469
PLSCR2,7324,0.1469
ENSG00000176183,125,0.1469
TBC1D12,7598,0.1469
DCAKD,7479,0.1469
CD164,7634,0.1468
TGFB2,7485,0.1468
ABCC12,2000,0.1468
MBD5,7641,0.1468
ZMIZ2,7544,0.1468
KHDRBS3,7554,0.1468
KRTAP5-1,68,0.1467
RLIMP2,611,0.1467
SUMO2P18,243,0.1467
ZP3,7136,0.1467
GPR160,7320,0.1467
PER3,7471,0.1467
SEC23A,7608,0.1467
ZBTB7C,7322,0.1467
RN7SKP126,176,0.1466
GUCY2EP,4136,0.1466
ENSG00000285108,5040,0.1466
ENSG00000286780,5602,0.1466
WDR90,7250,0.1466
PRKG1-AS1,6837,0.1465
MXD4,7483,0.1465
CIP2A,7472,0.1465
ENSG00000269794,87,0.1465
RPS20,7633,0.1465
MSTO1,7421,0.1464
AADACL4,763,0.1464
GPAT3,7521,0.1464
GRN,7531,0.1464
TMEM198B,7235,0.1464
KYAT1,7466,0.1464
RPL10P13,264,0.1464
MID1,7585,0.1464
LINC02417,1831,0.1464
LRRTM1,1024,0.1464
TNIP2,7486,0.1464
SDHAP2,7468,0.1463
EXTL2,7371,0.1463
ELFN2,6671,0.1463
DNAJC3-DT,7289,0.1463
SLC35F2,7448,0.1463
KLRA1P,7193,0.1463
ARL6IP6,7430,0.1463
AMPD3,7563,0.1463
ACADVL,7599,0.1463
DKK1,7228,0.1462
LSM7,7410,0.1462
ESYT1,7501,0.1462
CEP170B,7368,0.1462
ENSG00000289026,50,0.1462
GAS8,7465,0.1462
LINC00882,7392,0.1462
LGI3,1078,0.1462
NKAP,7444,0.1462
NR2F1-AS1,7512,0.1462
RAB3IP,7555,0.1462
ENSG00000270713,265,0.1462
ENSG00000234318,390,0.1462
LPGAT1,7638,0.1461
KCND2,7061,0.1461
ENSG00000249184,750,0.1461
ADGRE5,7412,0.1461
CDIN1,7563,0.1461
BTF3P5,825,0.1461
DNHD1,7543,0.1461
SLC9A7,7571,0.1461
CD58,7585,0.146
PRNP,7602,0.146
AMPD2,7380,0.146
INO80D,7590,0.146
IWS1,7638,0.1459
SMURF2,7640,0.1459
ENSG00000260743,5361,0.1459
ENSG00000267295,49,0.1459
KBTBD2,7601,0.1459
INO80C,7350,0.1459
C17orf67,7336,0.1459
AGBL5,7368,0.1459
SNHG12,7422,0.1459
GPR155,7487,0.1458
YIPF4,7516,0.1458
HPYR1,3878,0.1458
GRIK2,7598,0.1458
ENSG00000230197,923,0.1458
HMHB1,309,0.1458
ENSG00000215692,29,0.1458
MTND2P19,318,0.1458
HLA-E,7626,0.1458
TAF1D,7640,0.1458
ENSG00000257855,387,0.1458
NDC1,7499,0.1458
PLPP1,7508,0.1457
PPP1R12A,7641,0.1457
C3,7587,0.1457
ENSG00000285517,7383,0.1457
ENSG00000259231,99,0.1457
WDR35,7439,0.1457
CHCHD2,7621,0.1456
ENSG00000228968,117,0.1456
GRIP1,7602,0.1456
KRT1,38,0.1455
ERGIC1,7606,0.1455
GSTCD,7464,0.1455
MYO5B,7606,0.1455
GNG4,7359,0.1455
ENSG00000278819,7193,0.1455
MLKL,7501,0.1454
ENSG00000290421,5960,0.1454
PRELID1P5,295,0.1454
ENSG00000269547,6091,0.1454
PLXNA3,7472,0.1454
ENSG00000286534,91,0.1454
FAM3C,7610,0.1453
CYCSP28,165,0.1453
ZNF589,7359,0.1453
ENSG00000283415,7217,0.1453
GRPEL2,7490,0.1453
ENSG00000286793,220,0.1452
NEBL,7621,0.1452
PRKD1,7570,0.1452
PIPSL,4876,0.1452
LINC01004,7629,0.1452
TCF21,989,0.1452
CALML3,61,0.1451
WAKMAR2,6896,0.1451
MTND5P15,5055,0.1451
ADA,7350,0.1451
ENSG00000287802,73,0.1451
SHC1P2,311,0.1451
ENSG00000267404,3662,0.145
CD22,5891,0.145
TBRG1,7518,0.145
WRNIP1,7487,0.145
PSMB3,7420,0.145
ENSG00000289688,4803,0.145
ENSG00000230392,3680,0.1449
LINC02392,3874,0.1449
ENSG00000286159,82,0.1449
SCARNA17,4606,0.1448
DNAJC1,7628,0.1448
PNP,7387,0.1448
ENSG00000279655,651,0.1448
C13orf46,7040,0.1448
ENSG00000290711,128,0.1448
TMBIM4,7479,0.1448
CTLA4,784,0.1448
LINC00994,1843,0.1447
TMTC4,7407,0.1447
CRMA,2144,0.1447
MRPL35P4,140,0.1447
ENSG00000281039,7449,0.1447
KRT18P18,535,0.1447
KLHL29,7590,0.1447
ABCC4,7481,0.1447
ACYP2,7525,0.1447
MED25,7439,0.1446
KLF15,4052,0.1446
AQP7P2,196,0.1446
PSPC1P1,5316,0.1446
EIF1B,7409,0.1446
CASC8,6672,0.1446
NUP210L,7264,0.1445
NID1,7373,0.1445
SLCO4A1,7553,0.1445
MVD,7387,0.1445
RPL7AP58,33,0.1445
UBL5,7510,0.1445
KCTD7,7491,0.1445
TUBB6,7556,0.1444
LINC02500,74,0.1444
SIN3B,7568,0.1444
PFKFB4,7623,0.1444
FGD6,7552,0.1444
ETF1P3,1196,0.1444
ENSG00000287545,854,0.1444
LINC02943,428,0.1444
ENSG00000260679,128,0.1443
RN7SL471P,257,0.1443
CENPC,7605,0.1443
RPL7AP28,157,0.1443
KIF12,4140,0.1443
SNX21,7306,0.1443
ST6GAL1,7487,0.1443
CEP70,7525,0.1443
BRWD3,7641,0.1442
ENSG00000236938,1565,0.1442
PYROXD2,7299,0.1442
FAM162A,7589,0.1442
PIK3C2B,7458,0.1442
EFCAB13,7551,0.1442
IFNB1,1215,0.1442
TBC1D5,7641,0.1441
LINC01139,4963,0.1441
LGALS12,358,0.1441
RASA2,7641,0.1441
OST4,7380,0.1441
ENSG00000285831,2482,0.1441
MAPK12,7271,0.1441
CHEK1,7429,0.1441
NCKAP1,7640,0.1441
ENSG00000249639,544,0.1441
AGPAT1,7369,0.144
PIM3,7493,0.144
ACSS2,7518,0.144
C8orf90,224,0.144
IFIT5,7341,0.144
MIPOL1,7570,0.144
FRMPD4,7468,0.144
MSANTD5,249,0.144
OSTF1,7441,0.144
UBE2D1,7604,0.144
RAVER1,7394,0.1439
FOXM1,7411,0.1439
RNU6-994P,271,0.1439
LINC01829,7185,0.1439
ZNF213-AS1,7303,0.1438
OSBPL9,7623,0.1438
ZSWIM4,7499,0.1438
ENSG00000285798,2153,0.1438
KCNAB1,7221,0.1438
ENSG00000289961,1741,0.1438
RNF220,7531,0.1437
NBR2,7531,0.1437
MAP3K9,7575,0.1437
CMTM1,7400,0.1437
FOXK1,7578,0.1437
VPS13C,7638,0.1437
ENSG00000285929,96,0.1437
RPL34,7640,0.1437
ENSG00000255572,2194,0.1437
MAN1A2,7627,0.1437
GPS2,7488,0.1437
ENSG00000280046,7187,0.1436
GCNT1,7439,0.1436
SESTD1,7631,0.1436
SPCS2,7563,0.1436
GARNL3,7471,0.1436
EVA1A-AS,6605,0.1436
CAPN3,7200,0.1436
LDLR,7612,0.1436
ADM,7606,0.1435
SERPINB9,7359,0.1435
NDRG3,7476,0.1435
ZNF839,7338,0.1435
YTHDF1,7484,0.1435
CLPB,7469,0.1435
EIF2AK4,7504,0.1435
RNF44,7410,0.1435
ENSG00000232736,47,0.1435
ENSG00000275285,117,0.1434
ENSG00000286533,7530,0.1434
JMJD1C,7641,0.1434
AHSA2P,7498,0.1434
ENSG00000271743,856,0.1434
SYPL1,7525,0.1434
MANF,7498,0.1434
MAPK1IP1L,7574,0.1434
SLC20A1,7615,0.1434
NOP58,7640,0.1434
ENSG00000287579,730,0.1433
ENSG00000258856,164,0.1433
C12orf75,7450,0.1433
LINC02646,7179,0.1433
ENSG00000287229,2194,0.1432
CADPS2,7630,0.1432
KRT8P37,197,0.1432
ADAMTS9,7295,0.1432
MAF1,7401,0.1431
PPID,7473,0.1431
TTC1,7599,0.1431
NUP210,7364,0.1431
ENSG00000230680,127,0.1431
IRAK2,7550,0.1431
KAT2A,7322,0.1431
ENSG00000234210,5194,0.1431
HLA-U,1337,0.1431
G3BP1,7622,0.1431
ENSG00000232732,6981,0.1431
RPS6KA5,7632,0.1431
IARS2,7606,0.1431
LIN54,7524,0.1431
ENSG00000286740,59,0.1431
SOWAHCP5,22,0.1431
ENSG00000232337,166,0.143
SERPINB1,7587,0.143
LINC01879,233,0.143
DENND6A,7558,0.143
FAR2,7316,0.143
ENSG00000224239,298,0.143
PPIAP68,41,0.143
RN7SL128P,155,0.143
KMT2C,7641,0.1429
EGFL6,2413,0.1429
BICRA,7512,0.1428
NCAPH,7361,0.1428
LINC01812,4993,0.1428
MYO10,7641,0.1428
VEGFC,7583,0.1428
MCM3AP,7516,0.1428
HCG17,7418,0.1428
MARCKSL1,7450,0.1428
LINC02641,7296,0.1428
TNKS2,7634,0.1428
LINC02595,7151,0.1427
LINC00161,258,0.1427
MGAM,7284,0.1427
SOWAHC,7454,0.1427
APP-DT,3178,0.1427
PPP1R12B,7632,0.1427
LINC00701,248,0.1427
ENSG00000237461,7399,0.1427
ENSG00000286435,166,0.1426
SRSF3P2,301,0.1426
TMUB1,7364,0.1426
ENSG00000271732,134,0.1426
ENSG00000287975,6906,0.1425
ENSG00000288056,2828,0.1425
ANKRD13D,7396,0.1425
PRRC2C,7641,0.1425
INVS,7624,0.1425
SCRIB,7369,0.1425
DNMT1,7543,0.1425
ENSG00000268618,1801,0.1425
ZNF248,7529,0.1425
KIF11,7493,0.1425
CASC19,7487,0.1424
MTND4P9,1854,0.1424
NFKBID,7359,0.1424
H4C15,4875,0.1423
PHYKPL,7549,0.1423
CASC9,7543,0.1423
COL12A1,7373,0.1423
ULK4P3-1,860,0.1423
IMMT,7538,0.1423
LINC01679,1332,0.1423
PTPRR,7495,0.1422
PCDH9,7482,0.1422
ENSG00000233268,470,0.1422
ZNF22,7143,0.1422
ANKRD1,7404,0.1422
BTN1A1P1,274,0.1422
ENSG00000277695,2620,0.1422
LNX2,7549,0.1422
LINC01498,6729,0.1421
SLC15A4,7429,0.1421
MIR193BHG,7474,0.1421
CCDC148,7350,0.1421
CALHM3,1025,0.1421
MPI,7325,0.1421
TCP10L,7434,0.1421
FBXL13,7501,0.1421
MAD1L1,7572,0.142
NIPSNAP1,7468,0.142
ZBTB1,7586,0.142
DSC2,7473,0.142
LINC01467,2216,0.142
ENSG00000270614,101,0.1419
THUMPD1,7493,0.1419
ADCY10P1,7399,0.1419
FJX1,6411,0.1419
ENSG00000254303,6929,0.1419
ENSG00000284664,1172,0.1419
PDE4C,7194,0.1419
GTF2I,7562,0.1419
ENSG00000286253,552,0.1419
BECN1,7463,0.1418
ENSG00000290075,503,0.1418
EEF2K,7473,0.1418
BUB1,7487,0.1418
SLC16A6,7269,0.1418
DUSP7,7263,0.1418
AKAIN1,954,0.1418
ENSG00000258378,7249,0.1417
ADAM2,3422,0.1417
ENSG00000266248,341,0.1417
AGO3,7639,0.1417
LRP12,7519,0.1417
CCL26,5349,0.1417
AP1AR,7565,0.1417
ZNF335,7526,0.1417
ENSG00000233081,458,0.1417
MUC1,7143,0.1417
ENSG00000288963,506,0.1417
GPR6,29,0.1417
NKX2-2,1442,0.1416
ENSG00000290089,4796,0.1416
DHX40,7515,0.1416
ATF7,7566,0.1416
INSYN2B,7010,0.1416
C11orf40,210,0.1416
ENSG00000285781,304,0.1415
FETUB,540,0.1415
H4C2,6278,0.1415
ARL4C,7548,0.1415
CYTIP,4996,0.1415
UBXN6,7465,0.1415
KMT2CP3,162,0.1414
LINC02891,863,0.1414
DYNLT5,1646,0.1414
SIAH2,7459,0.1414
LINC01833,4427,0.1414
ENSG00000232939,179,0.1414
ENSG00000283809,1121,0.1414
PRCP,7407,0.1413
KLRF1,1554,0.1413
SMCO2,7048,0.1413
ENSG00000223740,28,0.1413
ENSG00000285184,7315,0.1413
ASTN2,7615,0.1413
MFGE8,7502,0.1413
MAPK3,7362,0.1413
SOCS2,7174,0.1413
LINC00941,7082,0.1413
ENSG00000285984,2176,0.1413
PRPF40B,7475,0.1412
LRRC40,7526,0.1412
ROBO1,7640,0.1412
MCM4,7444,0.1412
TFRC,7620,0.1412
MARK2P13,56,0.1412
OSTN,2838,0.1411
SYAP1,7625,0.1411
GDE1,7407,0.1411
CAPN7,7590,0.1411
SEPTIN6,7412,0.1411
CCT6A,7607,0.1411
VMP1,7640,0.1411
METTL3,7374,0.1411
ENSG00000288891,7432,0.141
USF2,7490,0.141
ENSG00000274341,6707,0.141
OBP2B,361,0.141
WDHD1,7453,0.141
ENSG00000290180,7332,0.141
ENSG00000260496,814,0.1409
PKD1P4,4917,0.1409
AKNA,7392,0.1409
LPA,3335,0.1409
HSPG2,7587,0.1409
UTRN,7638,0.1409
TENM3,7620,0.1409
FHIP2A,7564,0.1409
OR5H1,77,0.1409
LINC02724,1015,0.1409
PPIB,7583,0.1409
LINC00880,6823,0.1409
TNFRSF21,7583,0.1408
ENSG00000289697,2422,0.1408
ENSG00000259336,7232,0.1408
ENSG00000278971,742,0.1408
FAM124B,5127,0.1408
TNFRSF11A,7421,0.1408
ENSG00000249892,166,0.1408
GABPA,7490,0.1407
HCLS1,7168,0.1407
DIXDC1,7530,0.1407
KPNA2,7475,0.1407
CCNC,7607,0.1407
LINC00486-1,818,0.1407
ZBTB20,7641,0.1407
CLCN6,7553,0.1406
EEF1AKMT2,7555,0.1406
PSIP1,7524,0.1406
CRTAM,5190,0.1406
OR51E1,340,0.1406
PAPSS2,7570,0.1406
MUC16,6784,0.1405
RGL1,7488,0.1405
SLC6A13,7199,0.1405
H2AC16,4734,0.1405
EARS2,7378,0.1405
FOXF1,5121,0.1405
C19orf84,250,0.1405
IL13RA1,7583,0.1405
LAP3,7569,0.1405
RPL8,7596,0.1404
FAM131B-AS1,189,0.1404
FAM13A-AS1,7312,0.1404
ENSG00000282988,6996,0.1404
LINC01934,7295,0.1404
MIR210HG,7128,0.1404
ENSG00000248676,1251,0.1404
ENSG00000275367,1946,0.1404
LINC02634,712,0.1403
CRTC1P1,489,0.1403
MSC-AS1,7594,0.1403
DMRTA1,6149,0.1403
CBX6,7411,0.1403
DNAJA1,7624,0.1403
ENSG00000289724,1659,0.1403
ENSG00000277684,54,0.1402
FSTL4,7065,0.1402
PSMC1P10,97,0.1402
ANKRD42,7462,0.1402
CABP5,1740,0.1402
ENSG00000286649,510,0.1402
ENSG00000261038,122,0.1401
ZNRF3,7568,0.1401
METAP1D,7387,0.1401
MAP4K1-AS1,1146,0.1401
CCNB1IP1,7460,0.1401
CPNE4,7187,0.1401
SLC25A1,7376,0.1401
ENSG00000274422,7513,0.1401
ADAM17,7628,0.14
ENSG00000254746,661,0.14
SOCS6P1,693,0.14
GARIN1B,6359,0.14
LINC00940,3274,0.14
SERTAD1,7464,0.14
REXO1,7431,0.14
IFITM2,7334,0.14
SDK1,7610,0.14
C2orf83,1263,0.14
C11orf58,7632,0.1399
SLC44A1,7631,0.1399
COX5A,7597,0.1399
ADRM1,7496,0.1399
UBE4A,7629,0.1399
MAPK8IP1P1,79,0.1399
ARHGAP27P1-BPTFP1-KPNA2P3,7512,0.1399
ENSG00000272941,4815,0.1399
RHOBTB3,7630,0.1399
GARS1,7637,0.1399
RAB6A,7636,0.1399
GALNT10,7541,0.1398
SPAST,7524,0.1398
MAP3K20-AS1,7391,0.1398
ENSG00000188897,7229,0.1398
KLF11,7352,0.1398
NDUFS8,7375,0.1398
SPAM1,1505,0.1398
DUT,7475,0.1398
ENSG00000228113,7042,0.1397
MDM2,7637,0.1397
HMGA1,7635,0.1397
PRMT9,7435,0.1397
SEMA5A,7586,0.1397
VAV2,7576,0.1397
IGHV3-43,73,0.1397
ENSG00000254219,337,0.1397
ENSG00000251490,225,0.1397
AUP1,7406,0.1397
CDH11,7581,0.1397
LYNX1-SLURP2,139,0.1397
PIAS2,7582,0.1396
KIF15,7388,0.1396
ABCF3,7365,0.1396
HBP1,7636,0.1396
ENSG00000285688,7163,0.1396
CSNK2A2,7581,0.1396
DISC1,7605,0.1396
BRMS1L,7441,0.1395
ENSG00000248949,1620,0.1395
CPNE1,7601,0.1395
PCK2,7330,0.1395
PBXIP1,7332,0.1395
H2BC18,7293,0.1395
NFKBIZ,7621,0.1395
ENSG00000240393,839,0.1395
RPL21P36,70,0.1395
ZNRF2P1,7412,0.1395
SUGP2,7502,0.1395
NR3C2,7338,0.1395
SNORA22,3175,0.1395
ENSG00000261449,71,0.1395
BTBD2,7419,0.1395
SAA2,6649,0.1395
PLS1,7472,0.1395
EFNB2,7607,0.1395
NRXN3,7465,0.1394
ENSG00000260331,2182,0.1394
HSPE1P4,224,0.1394
PPP4R3A,7630,0.1394
SLC8A2,6965,0.1394
LINC02203,948,0.1394
SLF1,7587,0.1394
ARHGAP18,7625,0.1393
ERCC6L2-AS1,7371,0.1393
C1orf159,7450,0.1393
GPR180,7433,0.1393
C4orf47,7560,0.1393
SETD1A,7436,0.1393
CEBPD,7370,0.1392
TTBK2,7607,0.1392
ENSG00000260581,326,0.1392
BNIP5,3921,0.1392
ITGAV,7639,0.1392
EDC4,7369,0.1392
SMILR,4063,0.1392
ENSG00000286984,980,0.1392
SNHG27,2428,0.1392
SLC25A26,7591,0.1391
ACTL11P,2646,0.1391
RAET1L,4912,0.1391
ENSG00000280828,6043,0.1391
HACD3,7550,0.1391
EIF3C,7355,0.1391
ZNF44,7403,0.1391
FBXO38-DT,7319,0.1391
RPF2P1,471,0.1391
DHRS2,7132,0.1391
CENPI,7391,0.1391
SLU7,7598,0.139
MMP14,7531,0.139
JKAMP,7447,0.139
SHQ1,7567,0.139
ENSG00000253593,283,0.139
FLOT2,7453,0.139
ENSG00000251409,4219,0.139
ENSG00000226398,557,0.139
ENSG00000251031,7293,0.1389
WNT1,102,0.1389
DHRS3,7594,0.1389
ENSG00000284879,7467,0.1389
ATP8B2,7371,0.1389
BRK1,7508,0.1389
STK4,7597,0.1389
POLGARF,5663,0.1389
CLASRP,7579,0.1388
ENSG00000260899,6841,0.1388
CFAP100-DT,118,0.1388
ENSG00000276422,94,0.1388
ENSG00000279273,207,0.1388
CCDC124,7456,0.1388
ENSG00000272510,1218,0.1388
DCAF12L2,477,0.1388
FOXP4,7427,0.1388
MTERF1,7579,0.1388
CHAF1A,7472,0.1388
ID3,7340,0.1388
NRSN2-AS1,7408,0.1387
AFG1L,7453,0.1387
ENSG00000275163,90,0.1387
ENSG00000248752,7187,0.1387
ENSG00000283427,110,0.1387
LINC01649,605,0.1387
DCUN1D3,7585,0.1386
TMEM43,7464,0.1386
TBC1D23,7640,0.1386
TUBG1,7337,0.1386
CACNA2D1,7575,0.1386
RDH10,7450,0.1386
SFRP2,775,0.1386
EIF3I,7465,0.1386
OSBPL6,7487,0.1386
ENSG00000255094,7216,0.1386
NHSL1,7634,0.1385
NT5DC3,7565,0.1385
ENSG00000228620,234,0.1385
CBX4,7503,0.1385
PARD6B,7554,0.1385
LINC01619,7628,0.1385
DPYSL3,7456,0.1385
DLC1,7625,0.1385
KLHL7,7544,0.1385
CHIC1,7476,0.1385
MMADHC,7550,0.1385
DSG2,7631,0.1385
LINC02813,5311,0.1384
BRD7P5,222,0.1384
RIMOC1,7453,0.1384
ENSG00000248223,42,0.1384
PHF10,7501,0.1384
GRIPAP1,7552,0.1384
ENSG00000291224,7445,0.1384
OR51I1,124,0.1384
ETS1-AS1,191,0.1383
ENSG00000276688,48,0.1383
ENSG00000251371,164,0.1383
TAAR2,100,0.1383
CEACAM18,709,0.1383
TIMELESS,7420,0.1383
SLCO2B1,6718,0.1383
SMARCB1,7485,0.1383
ZGRF1,7379,0.1383
ELP6,7338,0.1383
NALCN,7300,0.1383
MZT1,7456,0.1383
PAFAH1B2,7597,0.1382
OSM,2033,0.1382
TERT,6816,0.1382
SH3TC2-DT,7198,0.1382
RPL13P12,3281,0.1382
JMY,7556,0.1382
SEMA3B,7499,0.1382
SERINC1,7595,0.1382
ARHGAP17,7617,0.1382
ENSG00000100101,7448,0.1382
TUBA1C,7530,0.1382
OR56A3,468,0.1382
CTNND1,7641,0.1382
CPHL1P,5887,0.1381
BLTP2,7609,0.1381
LINC00910,7500,0.1381
ANAPC11,7404,0.1381
ENSG00000237356,7446,0.1381
FAM98A,7558,0.1381
GLT8D1,7358,0.1381
ASB5,3532,0.1381
ENSG00000288579,189,0.1381
IRS1,7463,0.1381
ARHGAP8,7378,0.138
LINC00700,235,0.138
ERGIC2,7596,0.138
SPDYA,7630,0.138
ENSG00000258844,1145,0.138
OASL,7566,0.138
SNHG7,7468,0.138
CACNA2D3,7566,0.138
ENSG00000271793,7640,0.1379
STK40,7586,0.1379
GINS4,7329,0.1379
PRDM4,7539,0.1379
UBE2Q2P1,7444,0.1379
ENSG00000282206,2129,0.1379
FRG1KP,113,0.1379
TMEM192,7456,0.1379
UBXN1,7469,0.1378
PARK7,7507,0.1378
ZC3H12A,7456,0.1378
RGS9,7395,0.1378
PGD,7531,0.1378
ENSG00000241042,116,0.1378
MOB1AP1,155,0.1378
PEMT,7349,0.1378
TOMM5,7395,0.1378
PECR,7485,0.1378
ALDOC,7407,0.1378
PTPN1,7623,0.1378
S100A4,7314,0.1378
ENSG00000218274,1434,0.1378
ENSG00000287419,5626,0.1378
ABCA10,7293,0.1377
RHOT2,7408,0.1377
GDA,7527,0.1377
PEBP1,7552,0.1377
WDR5,7404,0.1377
TRABD2A,7367,0.1377
CEACAM5,7480,0.1377
MESD,7582,0.1377
ENSG00000285920,7543,0.1377
NFE2,3142,0.1377
CDCA8,7390,0.1377
ENSG00000259422,3864,0.1376
ACSM5P1,350,0.1376
EPN1,7517,0.1376
AHNAK,7639,0.1376
PRODH2,3230,0.1376
VPS37B,7609,0.1376
ZNF780B,7501,0.1376
CDIPT,7350,0.1375
KDM2A,7641,0.1374
C11orf97,1560,0.1374
CTNNA1,7641,0.1374
NPY1R,2933,0.1374
COL1A2,7583,0.1373
ENSG00000273597,4853,0.1373
PPP4R1,7571,0.1373
DDIT3,7616,0.1373
CDC14C,116,0.1373
RWDD2B,7255,0.1373
ARID3A,7560,0.1373
ENSG00000280302,844,0.1373
MAPRE2,7506,0.1373
TBC1D25,7388,0.1373
BCL2L11,7527,0.1373
EIF4E,7519,0.1373
ENSG00000279512,86,0.1373
DYNLL2-DT,399,0.1373
UTF1,485,0.1373
MED23,7609,0.1373
LMO7DN,6263,0.1373
WIPF1,7567,0.1372
ENSG00000261659,5784,0.1372
CDC16,7582,0.1372
ADAMTSL1,7234,0.1372
MLLT6,7606,0.1372
REPIN1,7324,0.1372
AVP,30,0.1372
MEA1,7394,0.1372
ATG16L2,7403,0.1371
ENSG00000289712,85,0.1371
ZBTB2,7420,0.1371
FRMD5,7638,0.1371
GUCD1,7378,0.1371
ENSG00000215835,5012,0.1371
MT-ATP6,7641,0.1371
LINC01505,7471,0.1371
LINC01474,2885,0.1371
OR7E91P,59,0.137
DHX58,7375,0.137
THSD7A,7406,0.137
CYP4F30P-1,62,0.137
GPATCH4,7422,0.137
FAM238C-1,5700,0.137
HSD3B7,6794,0.1369
SF3A1,7588,0.1369
KRT73,78,0.1369
SLC49A3,1887,0.1369
ENSG00000285646,6744,0.1369
RNF144A,7550,0.1369
SLC17A1,1174,0.1368
SIPA1,7300,0.1368
SLC31A1,7601,0.1368
THY1-AS1,617,0.1368
TP53BP2,7603,0.1367
PLOD3,7553,0.1367
ENSG00000249334,48,0.1367
IFT80,7476,0.1367
Metazoa_SRP-142,177,0.1367
CELSR1P1,5170,0.1367
H3C4,5097,0.1367
LEMD1,7334,0.1367
ENSG00000287312,21,0.1366
HSPA13,7522,0.1366
MAPK10,7423,0.1366
ENSG00000256884,155,0.1366
MTG1,7522,0.1366
ENSG00000206062,158,0.1366
LINC02635,453,0.1366
LINC02408,6227,0.1366
LINC01475,279,0.1366
RAD17,7524,0.1365
KCNC4,7236,0.1365
OR4E2,140,0.1365
ENSG00000250522,1890,0.1365
DST,7641,0.1365
SNX31,7220,0.1365
TMTC2,7640,0.1365
ENSG00000259776,403,0.1365
STAM,7561,0.1365
TTC28-AS1,7564,0.1365
ENSG00000286657,369,0.1365
NCOA4P2,44,0.1365
ANKRD26P2,385,0.1365
SLC25A6,7591,0.1364
STAU1,7641,0.1364
ENSG00000249392,1453,0.1364
LINC02571,542,0.1364
ABHD17AP1,142,0.1364
WASHC2C,7435,0.1364
SUMO3,7370,0.1364
H3C1,4756,0.1364
MARCHF8,7525,0.1364
BID,7443,0.1364
CNOT7,7508,0.1364
MGC27382,5185,0.1364
ENSG00000289084,7317,0.1363
RASA1,7636,0.1363
CALML4,7340,0.1363
ENSG00000286870,87,0.1363
ZNF295-AS1,6013,0.1363
ENSG00000286954,963,0.1363
ENSG00000258823,614,0.1363
AP2A1,7457,0.1363
ENSG00000260003,182,0.1363
MAST4,7608,0.1362
CAP2,7472,0.1362
CANT1,7541,0.1362
LINC02038,638,0.1362
AP3B2,7254,0.1362
ENSG00000251144,1497,0.1362
ENSG00000284341,35,0.1362
ZFAND5,7575,0.1362
ENSG00000234983,268,0.1362
PPP1R1A,763,0.1362
PTBP1,7595,0.1362
ENSG00000286645,1468,0.1362
C8orf89,2392,0.1362
DENND3,7536,0.1362
NME1,7441,0.1361
BYSL,7167,0.1361
SYF2,7589,0.1361
CPLANE1,7575,0.1361
LINC01735,38,0.1361
PGPEP1,7495,0.1361
LINC02424,397,0.1361
H4C9,1271,0.1361
RAN,7616,0.136
ENSG00000243969,3826,0.136
ENSG00000237359,6407,0.136
CCT8L1P,282,0.136
SNORA62,199,0.136
TTC39B,7416,0.136
ENSG00000233665,937,0.136
PRR5,7280,0.136
TACC2,7561,0.136
GNPNAT1,7549,0.136
SH2B3,7412,0.1359
LINC02503,1113,0.1359
ARTN,5020,0.1359
NAPRT,6936,0.1359
LDAF1,7490,0.1358
SENP7,7593,0.1358
POLR3G,7481,0.1358
PDE6D,7505,0.1358
CASC15,7558,0.1358
PCDHGA8,6556,0.1358
LYPLA1,7609,0.1358
HNRNPD,7641,0.1358
ENSG00000234929,1645,0.1358
HELZ2,7579,0.1357
EEF1AKMT3,7303,0.1357
CDK11B,7471,0.1357
RPS15AP9,30,0.1357
MTSS2,7434,0.1357
ENSG00000231720,520,0.1357
ENSG00000289217,343,0.1357
THRB,7506,0.1357
FOXJ1,2344,0.1357
ENSG00000262445,664,0.1357
NCAPG2,7550,0.1357
ENSG00000286537,816,0.1357
SLC1A4,7379,0.1356
ENSG00000260673,120,0.1356
ENSG00000287527,3043,0.1356
FN3K,7338,0.1356
ZNF451-AS1,7335,0.1356
CCNDBP1,7387,0.1356
PRKX,7508,0.1356
C15orf39,7387,0.1356
ENSG00000285598,163,0.1356
SPATA7,7456,0.1356
ENSG00000270022,4083,0.1355
MYH6,647,0.1355
KIAA0586,7530,0.1355
NSUN5P1,7065,0.1355
GPR52,5079,0.1355
ENSG00000270259,5142,0.1355
CTPS2,7502,0.1355
EDEM1,7499,0.1354
ATG13,7533,0.1354
TCF4,7607,0.1354
RAB1A,7641,0.1354
ZNF863P,48,0.1354
ZEB2,7615,0.1354
OR6B3,412,0.1354
CKAP5,7621,0.1354
TRDMT1,7334,0.1353
FAM111B,7293,0.1353
LINC00051,1100,0.1353
PRKRIP1,7640,0.1353
ENSG00000285725,7295,0.1353
RNF138,7510,0.1353
KDM7A,7619,0.1352
RBM22,7524,0.1352
CENPBD2P,7427,0.1352
ALMS1P1,4188,0.1352
DDHD1,7576,0.1352
PRELID1P4,102,0.1352
TAS2R13,5560,0.1352
POMP,7587,0.1352
EPCAM-DT,7354,0.1352
ENSG00000270691,68,0.1352
DVL3,7540,0.1352
MPG,7388,0.1351
TICRR,7367,0.1351
DHCR24,7348,0.1351
EIF4B,7628,0.1351
PSMB8,7209,0.1351
FNBP1L,7639,0.1351
PTCH1,7512,0.1351
ANKRD52,7395,0.135
NPC1,7637,0.135
OSBPL1A,7607,0.135
SDC3,7352,0.135
ENSG00000253891,5314,0.135
PPP1R9A,7584,0.135
UGT1A10,1870,0.135
DENND11,7473,0.135
SRMS,5966,0.135
ENSG00000230065,5479,0.135
KIN,7469,0.135
ATP6V0A1,7597,0.135
FAM187B2P,101,0.135
SNRPB,7505,0.135
BLM,7406,0.1349
KDM1B,7476,0.1349
ATP6V0B,7374,0.1349
ENSG00000260907,267,0.1349
PNMA1,7354,0.1349
ENSG00000264254,594,0.1349
LINC01117,7352,0.1349
ENSG00000230149,4373,0.1349
ENSG00000250138,105,0.1349
ADAMTSL5,6769,0.1349
SNAP23,7595,0.1349
FATE1,53,0.1349
KLHL6-AS1,183,0.1349
ENSG00000260271,3302,0.1349
DSN1,7452,0.1349
UNC119,7253,0.1348
ENSG00000232220,7309,0.1348
ENSG00000225689,7449,0.1348
PHF3,7641,0.1348
SOX14,659,0.1348
ENSG00000242861,7383,0.1348
EDF1,7473,0.1348
TTLL12,7376,0.1348
ZNF441,7344,0.1348
H2AC1,235,0.1348
LINC01762,6555,0.1348
LINC01170,7121,0.1348
CBFA2T3,6205,0.1348
BNIP3P4,273,0.1348
RNF24,7638,0.1348
CFAP43,7247,0.1348
KIAA1522,7511,0.1348
ENSG00000274322,7579,0.1348
AXIN2,7431,0.1347
OR10J1,345,0.1347
ENSG00000231416,5485,0.1347
NOP14-AS1,7399,0.1347
TMEM215,580,0.1347
SEC14L2,7389,0.1347
CYP21A2,543,0.1347
CLEC16A,7605,0.1347
PHYHD1,7147,0.1347
LINC01142,399,0.1347
ALDH3B1,7147,0.1347
HMGB3P32,265,0.1347
MID1IP1,7437,0.1346
ENSG00000265737,1447,0.1346
PCDH8,142,0.1346
ENSG00000290845,366,0.1346
ENSG00000273119,658,0.1346
EXO1,7356,0.1346
HSPA7,283,0.1346
ENSG00000224635,7132,0.1346
ENSG00000260973,120,0.1346
ENSG00000225399,1046,0.1345
ENSG00000289981,1556,0.1345
ENSG00000223838,6021,0.1345
ANHX,260,0.1345
ZNF713,7456,0.1345
MMP9,4149,0.1345
ENSG00000250706,2014,0.1345
OSBPL5,7468,0.1345
RBIS,7408,0.1345
ENSG00000276960,657,0.1344
ENSG00000287365,140,0.1344
ZNF805,7395,0.1344
DOCK11,7393,0.1344
HS2ST1,7629,0.1344
DNASE2,7384,0.1344
SPRYD3,7347,0.1344
ADD3,7624,0.1344
TANGO6,7504,0.1344
XKR6,7523,0.1344
MRC2,7514,0.1343
ENSG00000261069,3927,0.1343
CEBPG,7475,0.1343
SLC35D2,7458,0.1343
LINC02135,1153,0.1343
ENSG00000254180,7298,0.1343
LINC02091,3265,0.1343
CUL9,7425,0.1343
LDB1,7378,0.1343
NGRN,7502,0.1342
TNFRSF10B,7635,0.1342
CYLC2,68,0.1342
CALR3,176,0.1342
SPTBN5,6842,0.1342
WDR11,7568,0.1342
PSME3,7551,0.1341
ENSG00000271676,182,0.1341
LINC01087,2739,0.1341
RAB21,7614,0.1341
B4GALT6,7369,0.1341
ENSG00000272800,7377,0.1341
FBRS,7461,0.1341
RIOK1,7460,0.1341
PAM,7641,0.1341
SEC14L1,7613,0.1341
TES,7634,0.134
ENSG00000233191,1107,0.134
SMARCA4,7620,0.134
ENSG00000259385,351,0.134
RCC1,7575,0.134
ENSG00000286477,104,0.134
LGALS17A,693,0.134
DCLK1,7332,0.134
ENSG00000239462,7413,0.1339
SLC35B3,7506,0.1339
ENSG00000284619,136,0.1339
SEC24B,7634,0.1339
TPT1-AS1,7616,0.1339
RN7SL51P,144,0.1339
MFSD6L,400,0.1339
REC8,7239,0.1339
TMEM117,7602,0.1338
LINC02225,328,0.1338
ITGA9,7269,0.1338
SAMD3,7466,0.1338
NPEPPSP1-2,4018,0.1338
TASOR2,7636,0.1338
TRIP13,7426,0.1338
SUCLG1,7554,0.1338
LINC01587,1188,0.1337
NOTO,615,0.1337
CRYM,7309,0.1337
LINC01088,7249,0.1337
PKN1,7443,0.1337
ENSG00000262898,5687,0.1337
ATAD3A,7328,0.1337
TRAF3IP1,7498,0.1337
BORA,7375,0.1336
ZNF318,7460,0.1336
CD320,7339,0.1336
FUCA2,7419,0.1336
GRAMD1C,7473,0.1336
LINC02530,264,0.1336
PRKCH,7522,0.1336
ENSG00000287262,6175,0.1336
CTDSP2,7526,0.1336
IFT122,7444,0.1336
MCHR1,886,0.1336
TBXAS1,7216,0.1336
RNF8,7440,0.1335
PELATON,4548,0.1335
ZNF546,7354,0.1335
BTF3,7618,0.1335
AP1B1,7440,0.1335
ZBTB7A,7572,0.1335
ENSG00000256948,475,0.1334
SEC13,7593,0.1334
TIGAR,7436,0.1334
ENSG00000255438,5481,0.1334
ENSG00000238150,57,0.1334
CCT5P1,1462,0.1333
AZIN1,7595,0.1333
OR4D10,43,0.1333
ENSG00000248317,41,0.1333
IGFBP5,7552,0.1332
GALNT12,7262,0.1332
GALNT11,7606,0.1332
SPATA6,7447,0.1332
ARPC5L,7436,0.1332
PABIR2,7459,0.1332
CTDSPL,7621,0.1332
CCND3,7502,0.1331
ENSG00000224272,641,0.1331
C1GALT1P1,4873,0.1331
ENSG00000290921,7363,0.1331
HSP90AB2P,7230,0.1331
ANXA5,7619,0.1331
ZBTB16,4228,0.1331
HDGF,7587,0.133
COL25A1,6982,0.133
TOR4A,6952,0.133
ANKRD17-DT,7404,0.133
H2BC14,5342,0.133
ENSG00000288000,7490,0.133
IFFO2,7402,0.133
RPL35AP5,61,0.133
TVP23C,7602,0.133
CYREN,7441,0.133
ENSG00000253373,602,0.133
ZBTB44,7628,0.1329
ENSG00000279991,74,0.1329
ENSG00000231449,421,0.1329
ENSG00000272369,7529,0.1329
ENSG00000261294,265,0.1329
NDUFB2,7491,0.1329
ENSG00000227355,6466,0.1329
MAMLD1,7460,0.1329
LINC02532,4529,0.1329
RPS6KA4,7311,0.1329
TLCD2,7331,0.1329
MCM8,7548,0.1328
ENSG00000170846,7269,0.1328
OSTC,7557,0.1328
RAP1GAP2,7512,0.1328
FAM168A,7639,0.1328
FAM53C,7526,0.1328
COX4I1,7553,0.1328
PLEKHS1,6520,0.1328
PLPP2,6968,0.1328
PSAT1,7463,0.1328
EPPIN,188,0.1328
SCAF1,7457,0.1328
LAMB3,7639,0.1327
ACSL4,7631,0.1327
Metazoa_SRP-72,199,0.1327
LHFPL1,919,0.1327
SLC29A1,7325,0.1327
MSH6,7510,0.1327
LONRF1,7392,0.1327
ENSG00000290204,1393,0.1327
TMTC1,7509,0.1327
ENSG00000261341,7338,0.1327
IMPDH2,7501,0.1327
TBATA,168,0.1327
ENSG00000205300,3696,0.1326
ENSG00000287564,6393,0.1326
POU2F2,7454,0.1326
LRRC41,7498,0.1326
ENY2,7536,0.1326
NDUFA5,7448,0.1326
RAP2C,7449,0.1326
LPXN,7376,0.1326
FBLIM1,7378,0.1326
SGO1,7396,0.1326
ENSG00000285448,122,0.1326
SACS,7513,0.1325
ENSG00000276093,49,0.1325
ENSG00000254980,1478,0.1325
ENSG00000231359,93,0.1325
CCDC187,4449,0.1325
ENSG00000290700,851,0.1325
ZBED1,7463,0.1325
ENSG00000278791,37,0.1324
SUCO,7638,0.1324
TMEM45A,7468,0.1324
CNTNAP2,7467,0.1324
PKMYT1,7128,0.1324
SLC43A2,7370,0.1324
CFDP1,7640,0.1324
GOPC,7528,0.1324
IFT172,7467,0.1324
PTP4A1,7599,0.1324
ENSG00000262884,734,0.1324
ST3GAL6,7579,0.1323
LINC02987,7379,0.1323
LINC02689,3935,0.1323
ENSG00000233933,109,0.1323
ENSG00000224413,228,0.1323
ENSG00000260422,655,0.1322
DNAJC24,7500,0.1322
ZNF587B,7338,0.1322
ENSG00000248577,702,0.1322
HLA-A,7635,0.1322
RAP1AP,22,0.1322
SINHCAFP1,5024,0.1321
FAM81A,7501,0.1321
CASP3,7474,0.1321
BRD8,7572,0.1321
CDC40,7485,0.1321
EGLN1,7637,0.1321
ASB6,7255,0.1321
PPDPF,7607,0.1321
CCDC77,7383,0.1321
MRPS5,7610,0.1321
LIMA1,7592,0.1321
TC2N,7510,0.132
LINC01592,7069,0.132
HMGN1P16,874,0.132
MUC20,7352,0.132
ENSG00000231183,298,0.132
SARS2,7203,0.132
ENSG00000217275,30,0.132
MIR17HG,7250,0.1319
ENSG00000234584,7263,0.1319
ENSG00000287747,464,0.1319
GTF3C5,7510,0.1319
PROSER2,7332,0.1319
LINC02052,1231,0.1319
MYO18A,7570,0.1319
TNRC6B,7641,0.1319
LINC00929,466,0.1319
MORC4,7512,0.1319
SBK2,1472,0.1319
SIGLEC14,427,0.1319
RUNX1,7641,0.1319
PCNX4,7641,0.1318
ENSG00000285553,224,0.1318
GMPPB,7291,0.1318
LINC02742,7609,0.1318
CAMKK2,7461,0.1318
CDK1,7416,0.1318
BTG3-AS1,6777,0.1318
LPAR1,7459,0.1318
ENSG00000248664,7337,0.1317
GJB1,5006,0.1317
ENSG00000255108,6485,0.1317
PLAG1,7603,0.1317
CHASERR,7535,0.1317
NTPCR,7460,0.1317
ENSG00000268858,6683,0.1317
PPP1R10,7578,0.1317
SRRM2,7641,0.1317
DCXR,7345,0.1317
PPARA,7611,0.1317
RFC2,7446,0.1317
LINC00624,7300,0.1317
TCP1,7575,0.1317
ENSG00000288679,172,0.1317
POLH,7521,0.1317
HLTF,7504,0.1316
C21orf58,7311,0.1316
MASTL,7489,0.1316
PYGB,7604,0.1316
GBP3,7397,0.1316
ENSG00000286481,7563,0.1316
ENSG00000267646,134,0.1316
CNKSR3,7565,0.1316
MBOAT7,7542,0.1316
ENSG00000286324,1460,0.1315
ENSG00000254919,243,0.1315
SANBR,7440,0.1315
ENSG00000277491,374,0.1315
CD177,1135,0.1315
IL1B,7217,0.1315
SMNDC1,7599,0.1315
ENSG00000287481,693,0.1315
ENSG00000237422,6227,0.1315
ENSG00000257848,138,0.1314
AQP3,6159,0.1314
RNU6-242P,483,0.1314
RNU2-15P,193,0.1314
ENSG00000223872,1974,0.1314
KCNT2,7179,0.1314
TAP1,7449,0.1314
MSANTD3,7612,0.1314
AKAP6,7350,0.1314
BRI3BP,7495,0.1314
LINC01151,6789,0.1313
MATN2,7229,0.1313
NBN,7514,0.1313
ENSG00000238015,3551,0.1313
ENSG00000279255,734,0.1313
CYP2AC1P,239,0.1313
RNVU1-2A,92,0.1313
ENSG00000285958,134,0.1313
ELOB,7401,0.1313
ENSG00000286446,574,0.1313
ARF3,7553,0.1313
TM9SF1,7383,0.1313
ATP8B4,6887,0.1313
NVL,7558,0.1313
SYT7,7293,0.1313
FAM204A,7548,0.1312
AHI1-DT,7340,0.1312
MAP2,7514,0.1312
ENSG00000256514,6625,0.1312
OAF,7362,0.1312
HNRNPA1P43,255,0.1312
TMEM244,2517,0.1312
ERCC8,7533,0.1312
PSME1,7527,0.1312
ENSG00000280357,30,0.1312
OTUD6B,7394,0.1312
AP1S1,7416,0.1311
LINC00868,3446,0.1311
ZNF804A,7480,0.1311
LETM1,7375,0.1311
NFYA,7521,0.1311
PBX3,7623,0.1311
LMF2,7239,0.1311
HAS3,6776,0.1311
SSH3,7173,0.1311
UGT1A7,2034,0.1311
TGFBR2,7571,0.1311
LINC01301,7443,0.1311
BLCAP,7541,0.1311
NDUFB4,7495,0.131
RBM12,7426,0.131
LINC01724,445,0.131
SYT8,3362,0.131
ENSG00000272515,991,0.131
ENSG00000270955,907,0.131
MED28,7423,0.131
AK9,7362,0.131
ENSG00000287165,28,0.1309
BCAR1P2,388,0.1309
CBX3,7632,0.1309
ENSG00000250348,1473,0.1309
ENSG00000264705,835,0.1309
CYP4F29P-1,557,0.1309
WNT11,5013,0.1309
FNDC7,6762,0.1309
CBX2,7084,0.1309
JADE1,7432,0.1309
QARS1,7467,0.1308
HEPACAM2,2001,0.1308
ZP2,496,0.1308
SEC11C,7400,0.1308
PTP4A2,7619,0.1308
TIPRL,7506,0.1308
UPK3A,1164,0.1308
LIMK1,7376,0.1308
ENSG00000253992,280,0.1308
LINC02629,147,0.1308
ENSG00000279792,6274,0.1308
ANXA2,7641,0.1308
SHISA5,7482,0.1307
CFAP20,7419,0.1307
ZNF138,7529,0.1307
ENPP7P11,67,0.1307
HMGN3,7489,0.1307
RPAP3,7538,0.1307
PLEKHA5,7641,0.1307
NDUFS6,7426,0.1307
ENSG00000259341,2903,0.1306
KRT6C,605,0.1306
PDE7B,7379,0.1306
EFL1,7541,0.1306
CPEB1,6809,0.1306
RPS6KA3,7640,0.1306
ENSG00000256894,4193,0.1306
ENSG00000259992,7347,0.1306
ATP5MC1,7358,0.1306
ENSG00000232227,38,0.1306
ENSG00000277011,699,0.1305
LINC01522,789,0.1305
PCDHGA2,7503,0.1305
ENSG00000283674,7437,0.1305
ENSG00000261502,5545,0.1305
ENSG00000289156,7148,0.1305
ST13,7625,0.1305
RBPMS,7568,0.1305
ENSG00000244701,7271,0.1305
ATP5MK,7524,0.1304
ENSG00000234726,169,0.1304
DARS1-AS1,7453,0.1304
CCDC7,7490,0.1304
ENSG00000233967,7309,0.1304
CAV1,7595,0.1304
NOM1,7509,0.1304
KMT2E,7641,0.1304
CYMP,456,0.1304
ENSG00000286383,1588,0.1304
H2BC12,7066,0.1304
ENSG00000275965,38,0.1303
NOL4L,7485,0.1303
BTBD1,7601,0.1303
TK1,7364,0.1303
BTBD7,7638,0.1303
SUZ12,7579,0.1303
ENSG00000272297,7142,0.1303
HNRNPUL2,7579,0.1303
ARC,5776,0.1303
PPP1R3B,7517,0.1302
SBF2,7641,0.1302
OR5B2,624,0.1302
ZNF496,7467,0.1302
GNAI3,7630,0.1302
ENSG00000228522,2694,0.1302
ENSG00000261324,6958,0.1302
ARHGEF28,7588,0.1302
TNFAIP6,6232,0.1302
DCHS2,6051,0.1302
LINC00862,7535,0.1301
RSPH6A,6745,0.1301
CDC37L1,7486,0.1301
PHPT1,7430,0.1301
LAMTOR3,7451,0.1301
C2CD3,7543,0.1301
AKAP7,7374,0.13
DDX42,7592,0.13
SART1,7497,0.13
APOL3,6786,0.13
NRXN2,6348,0.13
ENSG00000288591,6098,0.13
CDC45,7339,0.13
ENSG00000285710,7214,0.13
ENSG00000289624,530,0.13
SYTL4,7189,0.13
ARAF,7364,0.13
DUSP3,7431,0.1299
ODF3B,6266,0.1299
POM121L4P,254,0.1299
ZNF480,7375,0.1299
NOS3,5576,0.1299
MICALL1,7444,0.1299
ENSG00000226527,142,0.1299
GDPGP1,7087,0.1299
ENSG00000227598,7372,0.1299
RACGAP1,7457,0.1299
C3orf20,7345,0.1299
HIBCH,7629,0.1299
VN2R1P,2773,0.1299
FLJ36000,836,0.1299
CLSTN3,7366,0.1298
AADACL2-AS1,7340,0.1298
CLEC2D,7538,0.1298
HLA-P,117,0.1298
MIR29B2CHG,7542,0.1298
LINC01811,6821,0.1298
DPY19L4,7562,0.1298
CYTH1,7619,0.1298
ENSG00000287324,48,0.1297
KHDRBS1,7640,0.1297
OXTR,7221,0.1297
ARF6,7521,0.1297
TP63,7273,0.1297
GBA3,4435,0.1297
LINC02895,5164,0.1297
MAP2K1,7638,0.1297
PPP1CC,7593,0.1297
LIPA,7524,0.1297
LINC01361,1533,0.1297
CAMK2N1,7504,0.1296
ENSG00000273077,420,0.1296
CSRNP2,7440,0.1296
MAP3K13,7621,0.1296
SLC28A1,6221,0.1296
CYP1B1,7533,0.1296
IQSEC3-AS1,3194,0.1296
LGR6,6600,0.1296
ENSG00000265728,5202,0.1296
AKR1C5P,1505,0.1296
ENSG00000259862,1359,0.1296
IDH1,7460,0.1296
CCL11,130,0.1296
CCDC88C,7404,0.1296
SRC,7424,0.1296
ENSG00000229664,912,0.1296
IL7R,7017,0.1296
ENSG00000251511,344,0.1295
SLC17A9,6783,0.1295
GLUL,7388,0.1295
ENSG00000269069,6916,0.1295
BMP8B-AS1,21,0.1295
FOSL2,7590,0.1295
PERP,7607,0.1295
LINC00279,537,0.1295
PDE4DIP,7436,0.1295
E2F4,7418,0.1295
RPS23P5,94,0.1295
LINC00486,7135,0.1294
GOLGA2P10,6669,0.1294
CRTC2,7466,0.1294
ATP6V1H,7587,0.1294
BEND7-DT,380,0.1294
GALNT4,7374,0.1294
POFUT1,7467,0.1294
CCDC82,7572,0.1294
LINC01237,7315,0.1294
RNF157,7175,0.1294
RIMS2,7559,0.1294
STIL,7463,0.1294
NXF1,7502,0.1293
GK,7559,0.1293
MRPS28,7603,0.1293
EPCAM,7616,0.1293
GABRB3,7213,0.1293
AXL,7562,0.1293
CEP164,7495,0.1293
EYS,7394,0.1293
MGMT,7426,0.1293
TANK,7633,0.1293
CLDN12,7585,0.1293
ENSG00000268750,7495,0.1293
ENSG00000287468,1586,0.1293
DBF4,7474,0.1293
USP50,7238,0.1293
ENSG00000231563,7341,0.1293
ATF6B,7405,0.1293
SNRNP200,7634,0.1292
CYP4F32P,382,0.1292
METTL21EP-1,6786,0.1292
CNIH4,7428,0.1292
ENSG00000285684,3474,0.1292
RCN1,7490,0.1292
TOMM40,7382,0.1292
RGS7,7522,0.1292
EVPLL,1151,0.1292
IFNE,4052,0.1292
LARGE1,7569,0.1292
RN7SKP119,209,0.1292
NDUFA12,7435,0.1292
EFCAB3P1,7352,0.1292
USP5,7395,0.1292
ENSG00000217825,947,0.1291
SMARCA5,7623,0.1291
GCLC,7635,0.1291
PTPN3,7514,0.1291
LAT2,7315,0.1291
METTL25,7445,0.1291
MTNR1B,129,0.1291
DPH6-DT,7373,0.1291
ENSG00000176593,6544,0.1291
PABPC4,7576,0.1291
CPEB2,7635,0.1291
ARL6IP5,7541,0.1291
ENSG00000254987,5146,0.1291
SH2D4A,7347,0.1291
ATG16L1,7532,0.1291
ENSG00000241770,5263,0.129
ENSG00000253671,6045,0.129
SRPK1,7619,0.129
SLC25A44,7400,0.129
AFTPH,7637,0.129
ERMARD,7369,0.129
RPL31P44,139,0.129
POU5F1B,6829,0.129
PRPF31,7393,0.129
TMPRSS9,7184,0.129
ENSG00000279611,354,0.129
DNASE2B,994,0.129
RFWD3,7542,0.1289
ZNF646,7349,0.1289
DIPK1A,7494,0.1289
PCGF5,7612,0.1289
ENSG00000286379,7005,0.1289
ENSG00000286734,976,0.1289
DHDDS,7564,0.1288
MXRA7,7450,0.1288
GPX8,7363,0.1288
NIPSNAP2,7565,0.1288
IL1RAPL2,6957,0.1288
SPEG,6899,0.1288
PLAU,7501,0.1288
ANO1,7421,0.1287
LINC02303,1341,0.1287
AKAP8L,7562,0.1287
ENSG00000289902,226,0.1287
TTLL7,7466,0.1287
RBBP8NL,2573,0.1287
CRYGB,89,0.1287
EIF2AK3,7611,0.1287
WFDC3,7252,0.1287
SLC6A9,7111,0.1286
DNAH11,7435,0.1286
PLEKHH3,7345,0.1286
SKIC2,7349,0.1286
FAM222A,7307,0.1286
ENSG00000213650,468,0.1286
C3orf84,1287,0.1286
DRAM1,7478,0.1286
ENSG00000253480,183,0.1286
LINC02011,479,0.1286
ENSG00000240095,107,0.1286
HSD3BP1,37,0.1286
CSK,7362,0.1286
RAB8B,7609,0.1286
RIPK3,2506,0.1286
PLCH1-AS2,24,0.1286
EIF4EP1,193,0.1285
ENSG00000283579,5143,0.1285
CD2BP2,7365,0.1285
F11R,7548,0.1285
NTN4,7513,0.1285
ANXA4,7610,0.1285
FAM41C,423,0.1284
PAQR9,1782,0.1284
GUCY1B2,6726,0.1284
ENSG00000272657,7370,0.1284
ENSG00000256748,169,0.1284
DAP,7604,0.1284
ZNF605,7355,0.1284
VEGFD,7059,0.1284
CRISPLD2,7320,0.1284
JPH4,2335,0.1284
PDE8A,7639,0.1283
DTWD1,7508,0.1283
CELSR2,7126,0.1283
RPL36AL,7596,0.1283
AAMDC,7548,0.1283
LINC01786,5714,0.1283
ENSG00000286050,2065,0.1283
SETP10,202,0.1283
RASSF8,7639,0.1283
TBC1D32,7591,0.1282
ENSG00000230941,29,0.1282
SYN3,7420,0.1282
PDLIM7,7539,0.1282
ENSG00000286798,288,0.1282
RIPK2-DT,7601,0.1282
OFCC1,7134,0.1282
ANTXR1,7545,0.1282
MAPT,7475,0.1282
IGFN1,7083,0.1282
OR51B6,112,0.1281
RALB,7519,0.1281
SCGB1D2,255,0.1281
C2CD6,7107,0.1281
ENSG00000246596,7412,0.1281
SLC7A11-AS1,7371,0.1281
EHD1,7502,0.1281
LINC01497,1394,0.1281
ENSG00000227815,1591,0.1281
AFAP1,7623,0.1281
PDCD5,7523,0.1281
PPBP,648,0.128
ZSCAN12P1,2168,0.128
ENSG00000288990,225,0.128
PDE10A,7641,0.128
C15orf48,7480,0.128
LMBR1L,7507,0.128
TWF1,7512,0.128
IGF2BP2,7641,0.128
RNU6-336P,1343,0.128
POLDIP2,7393,0.128
ENSG00000278875,2161,0.128
LINC00334,6633,0.128
RAB40B,7340,0.128
RALGAPB,7628,0.128
CCDC112,7491,0.128
AAR2,7454,0.128
AMDHD2,7280,0.1279
S100PBP,7455,0.1279
NOTCH2,7598,0.1279
RAB13,7524,0.1279
ENSG00000226308,1728,0.1279
FAM234B,7355,0.1279
PACERR,3281,0.1279
IL15,7489,0.1278
TMEM92-AS1,6678,0.1278
PMCHL2-1,342,0.1278
PHF2,7433,0.1278
ENSG00000257948,548,0.1278
MCM3AP-AS1,7329,0.1278
C3orf52,7580,0.1278
RPL11,7640,0.1278
ACO1,7489,0.1277
ENSG00000289970,2617,0.1277
IL21-AS1,2910,0.1277
NOTCH3,7442,0.1277
NHS,7602,0.1277
ENSG00000287479,72,0.1277
ADGRF2,4011,0.1277
GPR152,69,0.1277
ENSG00000253503,6595,0.1277
ENSG00000249942,4272,0.1277
SOCS5P5,75,0.1277
NACA,7629,0.1277
HSPE1P21,109,0.1277
KATNBL1P5,99,0.1277
ENSG00000286207,6751,0.1277
MEPCE,7408,0.1277
FA2H,7547,0.1277
CHMP4B,7599,0.1276
ENSG00000228793,7133,0.1276
ENSG00000260368,7050,0.1276
CATSPERB,7499,0.1276
ADAM30,1314,0.1276
ENSG00000237390,228,0.1276
KRT73-AS1,402,0.1276
CYP26C1,4176,0.1275
TCEAL4P1,981,0.1275
IRS4-AS1,102,0.1275
HDGFL2,7381,0.1275
ENSG00000287671,636,0.1275
ASMTL-AS1,7325,0.1275
RNF25,7328,0.1275
ENSG00000257500,315,0.1275
ALG2,7431,0.1275
KIF22,7410,0.1275
SLC12A9-AS1,6349,0.1275
DNAJC8,7524,0.1275
ENSG00000279979,85,0.1275
SLC39A7,7519,0.1275
TRAP1,7589,0.1275
TXNDC12,7520,0.1275
LINC03015,6880,0.1274
LINC00589,6842,0.1274
RBM15,7512,0.1274
PPL,7500,0.1274
FAM117A,7433,0.1274
ENSG00000231178,441,0.1274
DUXAP10,7458,0.1274
PDXDC2P,7515,0.1274
BMS1P3,1136,0.1273
CCM2,7554,0.1273
RPL7AP50,493,0.1273
SFT2D1,7552,0.1273
DDIT4L-AS1,865,0.1273
KRT84,68,0.1273
NPSR1,7423,0.1273
COL28A1,6867,0.1273
ENSG00000260568,41,0.1273
RAC1P4,59,0.1272
BBOX1-AS1,7321,0.1272
ILF2,7472,0.1272
KLRC1,2083,0.1272
OGT,7638,0.1272
SPTLC1P4,307,0.1272
LRIG2,7503,0.1272
KIFC1,7377,0.1272
ENSG00000285851,7361,0.1272
H1-3,7080,0.1272
ERP29,7462,0.1272
SUN1,7625,0.1272
MAST3,7376,0.1272
CYB5R3,7548,0.1272
GHITM,7612,0.1272
ENSG00000270435,137,0.1271
N4BP3,7272,0.1271
DCAF7,7631,0.1271
DDX39B,7593,0.1271
UTP20,7511,0.1271
ENSG00000239268,7396,0.1271
NSMF,7369,0.1271
MMP1,7495,0.1271
ENSG00000290948,7334,0.1271
RSPRY1,7567,0.127
FANCG,7154,0.127
MZT2B,7471,0.127
TCF7,7381,0.127
KCNS3,7026,0.127
NEURL1B,7267,0.127
ENSG00000222017,7416,0.127
TESK2,7522,0.127
NMRAL2P,7445,0.127
ENSG00000285416,226,0.127
UBE2J1,7528,0.1269
APOL4,4436,0.1269
ZNF280D,7501,0.1269
RFTN2,6953,0.1269
ENSG00000255142,1433,0.1269
PSMB1,7530,0.1269
COPB2-DT,7597,0.1269
DNAH2,6912,0.1269
ENSG00000260777,1119,0.1269
BCL2L2-PABPN1,7474,0.1269
CENPQ,7365,0.1268
WDR1,7620,0.1268
ENSG00000273493,656,0.1268
GREB1L,7499,0.1268
FGF2,7417,0.1268
SH3D21,7505,0.1268
STT3A,7493,0.1268
TMEM132A,7359,0.1268
LINC00632,7142,0.1268
ENSG00000259546,7389,0.1268
NUMBL,7389,0.1268
CACNA1A,7429,0.1267
PLEKHG1,7497,0.1267
LGALS3BP,7605,0.1267
OR10R2,196,0.1267
SLC45A4,7556,0.1267
KIR3DL2,352,0.1267
CALN1,7340,0.1267
TEAD2,7102,0.1267
GHRLOS,7262,0.1267
NOPCHAP1,7398,0.1267
ACSM5,1577,0.1267
RNU2-39P,22,0.1267
PTPRH,7475,0.1267
CHERP,7453,0.1267
ENSG00000234405,6914,0.1266
Metazoa_SRP-97,117,0.1266
AKIRIN2,7543,0.1266
ENSG00000291177,7443,0.1266
NDFIP2-AS1,228,0.1266
LINC01002,6892,0.1266
TTN,7229,0.1266
ZC3H6,7600,0.1266
LINC01209,1755,0.1266
SH3BP5,7481,0.1265
ENSG00000240241,609,0.1265
MRPS30-DT,7384,0.1265
ENSG00000255158,6988,0.1265
LINC02795,6034,0.1265
ENSG00000251127,5282,0.1264
ENSG00000231412,2235,0.1264
ENSG00000243155,7375,0.1264
DRICH1,6399,0.1264
LINC02966,7226,0.1264
LINC00428,403,0.1264
ENSG00000282914,1746,0.1264
ENSG00000260060,7194,0.1264
ENSG00000279002,116,0.1263
ENSG00000289243,1480,0.1263
ADSS1,7166,0.1263
SAP30L-AS1,7372,0.1263
SIPA1L2,7520,0.1263
KAT6B,7636,0.1263
KATNBL1P4,59,0.1263
ZBTB21,7474,0.1262
ENSG00000233351,2781,0.1262
HNRNPU,7641,0.1262
ENSG00000248533,1871,0.1262
KLHL17,7089,0.1262
SWINGN,4378,0.1262
ENSG00000229337,7249,0.1262
SUMO2,7534,0.1262
SYT17,7439,0.1262
ENSG00000261026,6678,0.1261
AJM1,7053,0.1261
NPHP3-ACAD11,7337,0.1261
CYP26B1,6279,0.1261
LINC01479,2827,0.1261
HEATR6,7462,0.1261
ENSG00000230715,2879,0.1261
HARS2,7418,0.1261
GSTP1,7528,0.126
RIMKLA,7284,0.126
ENSG00000284716,6979,0.126
ADAM12,7469,0.126
SAFB,7595,0.126
SMIM10L1,7417,0.126
TMEM9,7353,0.126
GPSM3,6494,0.126
NOS1AP,7557,0.126
CATSPERD,6922,0.126
SOHLH1,131,0.126
RFX2,7533,0.1259
EPS15,7621,0.1259
IFT74-AS1,66,0.1259
PELI3,6753,0.1259
DKFZP434A062,647,0.1259
SRGAP3-AS2,73,0.1259
OR7E2P,115,0.1259
ENSG00000229848,6959,0.1259
PLEKHG5,7380,0.1259
ENSG00000291036,674,0.1259
ENSG00000249526,7295,0.1258
CACNA1C,7446,0.1258
ENSG00000274024,646,0.1258
ENSG00000288925,1389,0.1258
ENSG00000284837,442,0.1258
APMAP,7436,0.1258
ENSG00000253619,6412,0.1258
DNAJC2,7630,0.1258
ATP1B2,3422,0.1258
ENSG00000286710,813,0.1258
SMAD5,7601,0.1258
NSFL1C,7505,0.1257
TAB1,7368,0.1257
COPG1,7592,0.1257
MYH16,6882,0.1257
ENSG00000260773,6998,0.1257
RPRML,1565,0.1257
ENSG00000222032,4372,0.1257
CCNT2-AS1,7256,0.1257
WIPI2,7553,0.1257
FGF4,40,0.1257
ZNF699,7457,0.1256
RANBP3,7474,0.1256
PELO,7499,0.1256
RPS7P13,269,0.1256
TNNT1,7455,0.1256
PLSCR5,359,0.1256
METAP2,7604,0.1255
IDH2,7406,0.1255
LINC02328,7299,0.1255
YIPF2,7382,0.1255
CPNE7,7302,0.1255
NOL7,7591,0.1255
CLDN4,7487,0.1254
ENSG00000289344,3104,0.1254
CNTNAP1,7365,0.1254
ADH1B,1389,0.1254
HSBP1,7422,0.1254
MDH2,7454,0.1254
RNF139-DT,7248,0.1254
PPP1R35-AS1,6521,0.1254
IFITM3,7519,0.1254
ZNF778,7322,0.1253
ENSG00000291246,301,0.1253
ENSG00000228005,280,0.1253
ENSG00000273765,217,0.1253
GADD45GIP1,7386,0.1253
ENSG00000286288,4920,0.1253
DHX29,7534,0.1253
ENSG00000284634,7353,0.1253
HIGD1A,7437,0.1253
SYT1,7616,0.1252
MAP7D2,7447,0.1252
ENSG00000260425,6831,0.1252
PTK6,7075,0.1252
SERBP1,7639,0.1252
HMCN1,7358,0.1251
THSD7B,6925,0.1251
UBE2E2-DT,722,0.1251
ERCC6L2,7635,0.1251
ENSG00000289039,3285,0.1251
ENSG00000283491,7133,0.1251
PKD1P5,2531,0.1251
DOK3,7352,0.1251
ENSG00000225243,1757,0.1251
ENSG00000268153,20,0.1251
MTIF2,7465,0.1251
ENSG00000269353,282,0.1251
AGPAT4,7560,0.1251
ENSG00000272834,407,0.1251
TAT,748,0.125
ENSG00000287980,283,0.125
SMIM42,78,0.125
ENSG00000234105,234,0.125
CRYBG2,6769,0.125
DUX4L26,50,0.125
QRSL1P3,450,0.125
PILRA,7380,0.125
FABP12,6698,0.125
CCDC90B-AS1,7312,0.125
CHAMP1,7374,0.125
HTATSF1P2,4521,0.125
YPEL2,7506,0.125
ENSG00000285888,4040,0.125
ENSG00000275119,7297,0.1249
TMTC3,7502,0.1249
LINC02025,97,0.1249
ENSG00000257543,83,0.1249
PLPP3,7561,0.1249
HSD17B1-AS1,6926,0.1249
SLC2A9,7232,0.1249
RBFA,7355,0.1249
ZNF296,5543,0.1249
LINC01283,1427,0.1249
ENSG00000226723,935,0.1249
TMEM14C,7459,0.1249
STEAP1,6843,0.1249
RHPN2,7611,0.1249
TONSL,7159,0.1249
ENSG00000254187,607,0.1249
TPM2,7529,0.1248
OTUB1,7388,0.1248
TFE3,7462,0.1248
HNF4G,7363,0.1248
ENSG00000230090,40,0.1248
UTS2R,201,0.1248
ABCC2,7434,0.1247
KANSL3,7572,0.1247
RPL12P24,2293,0.1247
HMBOX1,7635,0.1247
ENSG00000241489,7381,0.1247
ENSG00000278966,203,0.1247
TBC1D2B,7443,0.1247
ENSG00000218793,26,0.1247
ODF1,849,0.1247
PNRC2,7458,0.1247
KRT10,7423,0.1247
ENSG00000265980,4894,0.1247
CARS1,7594,0.1247
TNNI3K,7387,0.1247
MTND6P22,57,0.1247
P2RY11,7411,0.1246
OTULIN,7526,0.1246
KCNIP1-AS1,841,0.1246
BTG3,7496,0.1246
LINC02955,7299,0.1246
CCT3,7581,0.1246
LINC02290,260,0.1246
FAP,7432,0.1246
CCDC107,7379,0.1246
ENSG00000284309,362,0.1246
SDC1,7438,0.1246
CERK,7451,0.1246
CACNA1G,5689,0.1245
LINC02889,7094,0.1245
ENSG00000248747,2017,0.1245
ENSG00000290092,253,0.1245
ENSG00000290683,7210,0.1245
LURAP1L,7439,0.1245
EFCAB6,7280,0.1245
NPTX2,4420,0.1245
PANTR1,4730,0.1245
IQCF1,3080,0.1245
RAD21,7641,0.1245
SNX3,7568,0.1245
CLSTN1,7593,0.1245
CNOT6L,7613,0.1244
ENSG00000255872,7569,0.1244
MAP3K1,7578,0.1244
GBA1,7323,0.1244
ENSG00000289089,2871,0.1244
JDP2,7342,0.1244
KAT7,7516,0.1244
ENSG00000229732,451,0.1244
LTBR,7378,0.1244
MMP23B,389,0.1244
ENSG00000280180,170,0.1244
PTP4A3,6987,0.1244
ZRANB2-DT,7390,0.1243
FBXL2,7631,0.1243
ENSG00000255537,79,0.1243
ATG3,7520,0.1243
ZP4,707,0.1243
ENSG00000251438,2611,0.1243
ENSG00000253200,6717,0.1243
UACA,7639,0.1243
KAT2B,7484,0.1243
RAB8A,7544,0.1243
KLK1,3218,0.1243
BLOC1S5,7403,0.1243
ENSG00000269533,763,0.1243
TDRD3,7623,0.1242
ENSG00000278896,6851,0.1242
BICD2,7486,0.1242
TALDO1,7454,0.1242
LINC01859,33,0.1242
ENSG00000233424,36,0.1242
RNY4P24,61,0.1242
ENSG00000251168,3062,0.1242
PPP1R12A-AS1,6939,0.1242
VSTM2A-OT1,53,0.1242
ENDOD1,7358,0.1241
MICU2,7567,0.1241
CLEC4D,310,0.1241
MED13,7641,0.1241
EEF1B2,7616,0.1241
LMO7,7641,0.1241
MIOS,7413,0.1241
CXCL13,7111,0.1241
ENSG00000223716,49,0.1241
KAZN,7573,0.1241
R3HDM4,7484,0.1241
ENSG00000287925,6599,0.1241
CDK16,7507,0.124
KRT18P52,242,0.124
ENSG00000289130,7305,0.124
AKAP4,26,0.124
LINC01583,5025,0.124
CFAP299,7211,0.124
ARMC9,7575,0.124
TTC14,7598,0.124
ENSG00000286514,162,0.124
TRPS1,7612,0.124
ALDH1A2,7410,0.124
MBP,7628,0.1239
ENSG00000276997,4214,0.1239
ENSG00000223804,278,0.1239
ENSG00000263688,40,0.1239
ENSG00000285991,6642,0.1239
PDE2A,7316,0.1239
BCRP6,63,0.1239
ENSG00000289117,1054,0.1238
TESC,6950,0.1238
ENSG00000224479,6881,0.1238
TPX2,7495,0.1238
ITGB1-DT,7449,0.1238
SLC2A6,7103,0.1238
AP1S2,7463,0.1238
AKAP11,7579,0.1238
ZC3H15,7600,0.1238
ENSG00000213279,1196,0.1238
GFM2,7540,0.1238
AKR1A1,7467,0.1238
PCDHGA3,2132,0.1238
ENSG00000289941,76,0.1238
ITPK1,7565,0.1238
ENSG00000287765,6632,0.1237
SBSN,4825,0.1237
ME1,7568,0.1237
NCEH1,7613,0.1237
PLEKHH2,7448,0.1237
KRT18P40,1605,0.1237
PSMA4,7529,0.1237
IDH3G,7377,0.1237
IFNGR1,7547,0.1237
HLA-L,4698,0.1237
ENSG00000262633,7277,0.1237
ENSG00000287778,6847,0.1236
SUCLA2P1,107,0.1236
C5orf46,4573,0.1236
CENPT,7330,0.1236
NEK2,7380,0.1236
CCL25,406,0.1236
SENP1,7581,0.1236
FIGNL1,7382,0.1236
LIPK,3593,0.1236
GOLT1A,6642,0.1236
TAF4B,7538,0.1236
SLC38A9,7524,0.1235
RP1,6831,0.1235
MIR100HG,7621,0.1235
KLC2,7330,0.1235
LMNTD2-AS1,4377,0.1235
ENSG00000265445,575,0.1235
KLHL9,7366,0.1235
ICAM4,4963,0.1234
EFNA3,7335,0.1234
SUDS3,7546,0.1234
IGF2BP3,7641,0.1234
DUSP14,7454,0.1234
GLYR1,7570,0.1234
LINC01819,5690,0.1234
ITGB1BP1,7507,0.1234
ITGA1,7568,0.1234
PEX19,7394,0.1234
GIPC2,7516,0.1234
AOAH,7004,0.1234
AGXT,1060,0.1234
RPL27P6,61,0.1234
ENSG00000250971,4889,0.1234
INTS13,7546,0.1234
ANKRD24,7271,0.1233
LINC02263,4381,0.1233
EIF4E2P2,449,0.1233
HEXD,7383,0.1233
GALNT7-DT,7178,0.1233
AFG3L1P,7489,0.1233
HEXIM2-AS1,7360,0.1233
BIRC7,2874,0.1233
ENSG00000260234,231,0.1233
IQSEC1,7577,0.1233
RNPEP,7517,0.1233
LINC02458,7300,0.1233
ALPK1,7557,0.1233
HADHA,7611,0.1233
PGM5P4-AS1,767,0.1233
CBR1-AS1,6550,0.1233
SUMO2P21,64,0.1233
ENSG00000261770,6632,0.1233
RGS4,6776,0.1232
RN7SL277P,92,0.1232
RN7SL477P,460,0.1232
ENSG00000262313,747,0.1232
DCAF5,7610,0.1232
VDAC2,7531,0.1232
ABCB7,7549,0.1232
RCN2,7494,0.1231
ENSG00000254951,5227,0.1231
COL26A1,6963,0.1231
LINC02236,7236,0.1231
CD226,7222,0.1231
ABHD10,7448,0.1231
PSMA6P1,435,0.1231
ENSG00000289498,387,0.1231
VPS41,7635,0.1231
SOHLH2,6050,0.1231
ENSG00000255628,145,0.1231
PRDX3,7381,0.1231
MPP3,7544,0.123
OR2L5,1771,0.123
CENPO,7399,0.123
ENSG00000276687,23,0.123
FERMT3,7130,0.123
ENSG00000198211,7451,0.123
PAK6,7288,0.123
RHOT1,7547,0.123
TNC,7579,0.123
SOX6,7476,0.1229
ALG14,7372,0.1229
ELMO1,7277,0.1229
ITPRID2,7633,0.1229
KNOP1,7457,0.1229
FGFR1,7567,0.1229
ENSG00000278948,6813,0.1229
NPEPL1,7375,0.1229
ENSG00000285685,2057,0.1229
ENSG00000289915,6984,0.1229
OR8G5,407,0.1228
GBP6,1073,0.1228
ENSG00000291144,6770,0.1228
ENSG00000290016,909,0.1228
TPRG1L,7306,0.1228
NDST3,5870,0.1228
REEP3,7613,0.1228
AURKA,7379,0.1228
EPB41L4A,7413,0.1228
ADAM7-AS1,7419,0.1228
TENM4,7331,0.1228
ZHX2,7589,0.1227
ENSG00000235653,72,0.1227
FSCN1P1,384,0.1227
AZIN2,7378,0.1227
ANP32A,7602,0.1227
C19orf12,7456,0.1227
ENSG00000268375,4429,0.1227
MZT2A,7434,0.1226
C8orf44-SGK3,7466,0.1226
SMOX,7547,0.1226
FAM171B,7501,0.1226
KCTD10,7408,0.1226
NEMP2,7284,0.1226
HPS5,7512,0.1226
APTR,7436,0.1226
USO1,7638,0.1226
DCUN1D2,7440,0.1226
ENSG00000261478,423,0.1226
ADIPOQ-AS1,26,0.1226
A2MP1,7258,0.1226
TMPO,7496,0.1226
ENSG00000267199,6495,0.1226
TFDP3,159,0.1226
HELLPAR,7336,0.1226
ZNF627,7414,0.1225
ENSG00000257062,7013,0.1225
KPNA6,7615,0.1225
STK11,7357,0.1225
HDAC7,7501,0.1225
PUM1,7641,0.1225
ENSG00000225807,2100,0.1225
RPGRIP1L,7437,0.1225
SLC25A34,6213,0.1225
ENSG00000270533,6527,0.1225
CHMP2B,7541,0.1225
ENSG00000287100,7112,0.1224
ZNF10,7500,0.1224
OVCH1,5449,0.1224
ENSG00000290529,968,0.1224
DELE1,7434,0.1224
ZNF25,7356,0.1224
ENSG00000258210,7212,0.1224
ENSG00000253768,526,0.1224
ENSG00000257761,4081,0.1223
CPEB2-DT,6970,0.1223
CLRN1-AS1,5609,0.1223
CACTIN,7293,0.1223
FEM1C,7605,0.1223
ZBP1,5682,0.1223
HEATR5B,7629,0.1223
ENSG00000176320,213,0.1223
TIMM44,7502,0.1223
RNASEK,7438,0.1223
SLC25A24,7599,0.1223
TVP23B,7468,0.1223
GOLGA8A,7449,0.1222
CMTR1,7424,0.1222
ENSG00000236654,112,0.1222
NPSR1-AS1,7404,0.1222
LINC01595,366,0.1222
GDF15,7457,0.1222
RNF7,7424,0.1222
SLC38A10,7500,0.1221
LTB,4766,0.1221
PDE5A,7453,0.1221
STC2,7547,0.1221
CNOT3,7472,0.1221
TSPAN5,7633,0.1221
NHSL2,6958,0.1221
LNCRNA-IUR,7197,0.1221
ENSG00000286455,20,0.122
ENSG00000250195,7277,0.122
CCR3,5977,0.122
CLCF1,7292,0.122
CDK11A,7478,0.122
ENSG00000277966,908,0.122
SLC4A8,7289,0.122
APCDD1L-DT,7449,0.122
CUBN,7370,0.122
ATP9A,7606,0.122
HOXC13-AS,1978,0.122
ENSG00000236376,69,0.122
ACLY,7556,0.1219
ENSG00000258962,1493,0.1219
NYNRIN,4285,0.1219
DNM1P47,1172,0.1219
SCAI,7499,0.1219
CASS4,7269,0.1219
ENSG00000224950,6151,0.1219
SLC22A1,7295,0.1219
CSDE1,7640,0.1219
PA2G4,7624,0.1218
FGF14,7414,0.1218
SH3GLB2,7366,0.1218
RUFY2,7627,0.1218
ENSG00000279588,305,0.1218
BNC2,7563,0.1218
ENSG00000223774,5839,0.1218
ENSG00000267746,23,0.1218
RN7SL178P,298,0.1218
CLEC2A,1570,0.1218
ENSG00000286343,3845,0.1218
LINC02679,4902,0.1218
ATP6V0D1,7468,0.1218
SUPT5H,7617,0.1217
ENSG00000287273,28,0.1217
FBXO34-AS1,3307,0.1217
CBX1,7507,0.1217
ENSG00000250949,283,0.1217
ENSG00000271141,5068,0.1217
SUPT3H,7640,0.1217
PARN,7596,0.1217
RAB1B,7488,0.1216
ENSG00000278035,2882,0.1216
PTCD2P2,188,0.1216
RTP4,5355,0.1216
SLC9A3-AS1,7306,0.1216
IL18,7324,0.1216
CSPG4P13,474,0.1216
OR5H6,25,0.1216
RPTN,533,0.1215
ZCCHC2,7583,0.1215
TAS2R4,7253,0.1215
CRIM1,7636,0.1215
ENSG00000277690,201,0.1215
DTL,7447,0.1215
DDX60,7618,0.1215
ITM2B,7543,0.1215
ANAPC5,7609,0.1215
SULF2,7505,0.1215
AGO1,7479,0.1215
FBN2,7274,0.1214
CTTN,7612,0.1214
RPL7P30,254,0.1214
ENSG00000279478,479,0.1214
FASTKD1,7553,0.1214
TMC7,7499,0.1214
ENSG00000255057,1158,0.1214
ACTN2,7167,0.1214
ENSG00000259868,7102,0.1214
ENSG00000269966,5277,0.1214
RNF216,7629,0.1214
LRRC8B,7498,0.1213
FAM83H,7098,0.1213
LGR4,7576,0.1213
ENSG00000289913,262,0.1213
ENSG00000234471,4974,0.1213
ENSG00000286687,1105,0.1213
MAN1B1,7501,0.1212
Y_RNA-383,57,0.1212
GUCY2C,5457,0.1212
TMEM242,7425,0.1212
PTPRK,7641,0.1212
ENSG00000259712,7265,0.1212
ARMCX3,7428,0.1212
ENSG00000272604,6487,0.1212
POMK,7411,0.1212
ENSG00000229012,41,0.1212
MYT1,6273,0.1212
ENSG00000249413,7441,0.1212
MT-TL2,344,0.1212
RPS28,7460,0.1212
GTPBP10,7484,0.1211
AKR7A2P1,59,0.1211
DEFB118,51,0.1211
ENSG00000291203,7608,0.1211
PPM1H,7460,0.1211
SMOC1,7604,0.1211
ENSG00000238645,2189,0.1211
LINC01939,60,0.1211
SMAD4,7586,0.1211
PRSS3,7512,0.1211
TFB2M,7493,0.1211
LSM4,7409,0.1211
ENSG00000288637,5695,0.121
SPATA9,6263,0.121
Y_RNA-449,56,0.121
PSAP,7639,0.121
ENSG00000285402,4407,0.121
TEX28,45,0.121
FOXP4-AS1,7181,0.121
MAZ,7395,0.121
ENSG00000290846,7469,0.121
H2BC26,6461,0.121
ENSG00000283064,6607,0.121
H2BC7,6468,0.1209
ENSG00000259873,109,0.1209
ENAH,7638,0.1209
LINC00690,308,0.1209
AKR1C1,7504,0.1209
DUS3L,7243,0.1209
ENSG00000237870,4390,0.1209
SLC44A2,7462,0.1209
S100A11,7559,0.1209
ENSG00000285269,7062,0.1209
ADAM28,7244,0.1208
ENSG00000281100,3681,0.1208
CMPK1,7595,0.1208
ENSG00000285188,2622,0.1208
ATRAID,7359,0.1208
UGT1A6,7102,0.1208
EREG,7561,0.1208
CFAP36,7520,0.1208
PRELP,1978,0.1208
WNT9A,7412,0.1208
SMS,7609,0.1208
ENSG00000225450,7313,0.1208
PARP14,7629,0.1208
ZFYVE26,7510,0.1208
CTSLP4,507,0.1208
TPP2,7628,0.1208
IKZF5,7522,0.1207
ENSG00000287788,696,0.1207
ENSG00000291073,7519,0.1207
GPR107,7605,0.1207
RPL3L,5152,0.1207
AKIRIN1,7585,0.1207
GPX2,6951,0.1207
ALDH8A1,7277,0.1207
NCAPD3,7499,0.1207
DMGDH,7400,0.1207
ESRP1,7522,0.1207
AGL,7504,0.1207
FAM43A,7000,0.1207
RBM27,7637,0.1206
ENSG00000256249,5697,0.1206
P2RY1,5999,0.1206
THUMPD1P1,486,0.1206
PSD4,7084,0.1206
ENDOU,5172,0.1206
OVOL1,4697,0.1206
PTGR1,7590,0.1206
LINC02260,27,0.1206
CFAP69,7420,0.1206
DGKI,7410,0.1205
ENSG00000287558,2216,0.1205
ENSG00000291235,490,0.1205
ODAD2P1,2829,0.1205
OR9A4,1259,0.1205
RPL17P10,2548,0.1205
FRMD4B,7428,0.1205
RN7SKP240,59,0.1205
ENSG00000260657,5905,0.1205
SLC25A39,7443,0.1205
ADPGK,7498,0.1204
PCM1,7641,0.1204
COPZ1,7603,0.1204
MRPL21,7384,0.1204
EN2,5003,0.1204
CEP57L1,7427,0.1204
ENSG00000271553,6560,0.1204
ENSG00000267645,7136,0.1204
TTC8,7448,0.1204
SSBP2,7633,0.1204
BTAF1,7641,0.1204
SNX24,7512,0.1203
TMCO4,7442,0.1203
SNRPB2,7513,0.1203
GARS1-DT,7522,0.1203
CDK18,7313,0.1203
CLEC2B,7450,0.1203
ENSG00000251427,84,0.1203
ILF3,7636,0.1203
GGT2P,182,0.1203
IGSF9B,7304,0.1203
ABCA15P,7331,0.1203
ENSG00000265443,223,0.1203
LCT,6245,0.1203
USP22,7586,0.1203
CPA2,2377,0.1202
LINC02694,6900,0.1202
CDCA7,7312,0.1202
DGKB,7110,0.1202
MTR,7630,0.1202
AIG1,7536,0.1202
ENSG00000278917,6100,0.1202
ENSG00000283240,6622,0.1202
ENSG00000275719,3467,0.1202
LNC-LBCS,7368,0.1202
CORO2B,7153,0.1202
MRPL53P1,45,0.1202
TRMT1,7316,0.1202
CBARP,6750,0.1202
ENSG00000238117,3129,0.1202
LINC02024,1010,0.1202
LINC01471,5486,0.1202
ENSG00000151303,5675,0.1202
HSD17B11,7449,0.1202
ENSG00000273217,7273,0.1201
LINC00173,5887,0.1201
ENSG00000279322,416,0.1201
ENSG00000255074,379,0.1201
DYNLT1,7484,0.1201
ENSG00000289541,2335,0.1201
EMC1,7470,0.1201
ENSG00000270492,1779,0.1201
VAMP5,6688,0.1201
GGT6,1584,0.1201
ICA1,7507,0.1201
DNAJC17,7505,0.1201
ENSG00000285238,6881,0.1201
FAM25A,2558,0.1201
KIF3B,7605,0.12
LINC02268,6706,0.12
SMPX,2804,0.12
CABIN1,7619,0.12
TTC26,7439,0.12
STX16-NPEPL1,7338,0.12
PPEF1,7022,0.1199
TIAM1,7540,0.1199
HNRNPA1P3,1783,0.1199
HYCC2,7574,0.1199
YWHAG,7639,0.1199
GOLGA8S,576,0.1199
RNY3P11,430,0.1199
PLEKHG7,5643,0.1199
TPTE2P6,7360,0.1199
ENSG00000248346,1582,0.1199
TREX2,7319,0.1199
SLPI,6337,0.1199
ENSG00000290413,180,0.1198
SEMG2,279,0.1198
SAA2-SAA4,6502,0.1198
HNRNPH2,7438,0.1198
MT-TL1,7187,0.1198
ENSG00000279568,5097,0.1198
PYDC1,162,0.1198
UBXN7,7618,0.1198
DNAJA2,7494,0.1198
CBX3P6,186,0.1198
ENSG00000288958,612,0.1197
APBB3,7291,0.1197
DHX37,7366,0.1197
PSMB10,7169,0.1197
ENSG00000256448,7188,0.1197
LGALS9,7092,0.1197
SLC25A14P1,401,0.1197
ENSG00000289700,3114,0.1197
ILVBL,7303,0.1197
CLDN14-AS1,7273,0.1197
ENSG00000273771,3715,0.1197
KDM6A,7638,0.1197
SH3RF2,7350,0.1196
ENSG00000225407,4124,0.1196
PBLD,7279,0.1196
ERI3,7534,0.1196
AOX3P-AOX2P,331,0.1196
RP2,7459,0.1196
PLCZ1,2917,0.1196
SLC16A7,7326,0.1196
ENSG00000285740,159,0.1196
ENSG00000279429,1184,0.1196
SMIM33,428,0.1196
ATXN2L,7587,0.1196
ELF3-AS1,6811,0.1196
MYOCOS,7255,0.1195
LINC00189,1178,0.1195
COL8A1,7609,0.1195
ENSG00000287188,6861,0.1195
EML1,7308,0.1195
SCMH1,7630,0.1195
Metazoa_SRP-141,117,0.1195
CABP1-DT,3018,0.1195
GSAP,7536,0.1194
ENSG00000283602,797,0.1194
ATP13A1,7320,0.1194
ASPSCR1,7441,0.1194
ENSG00000287689,470,0.1194
NR2E3,6807,0.1194
PPP1R3C,7453,0.1194
SLC22A3,7267,0.1194
C1GALT1,7621,0.1194
ENSG00000290950,301,0.1193
ENSG00000286778,1606,0.1193
EPPIN-WFDC6,90,0.1193
ENSG00000269210,237,0.1193
ENSG00000233760,1500,0.1193
FANCL,7608,0.1193
MAST1,7262,0.1193
THOC3-AS1,81,0.1193
PRR7-AS1,7219,0.1192
RAD9A,7571,0.1192
LRRTM3,5840,0.1192
BMT2,7584,0.1192
VDAC1P5,128,0.1192
KCNQ1OT1,7641,0.1192
PLCE1,7421,0.1192
SNX18P9,1023,0.1192
BMPER,7428,0.1192
ENSG00000254334,192,0.1192
CSF2,5942,0.1192
ENSG00000267005,142,0.1192
THCAT155,223,0.1192
LINC01953,115,0.1191
SSUH2,7227,0.1191
PEBP4,7094,0.1191
ENSG00000232053,7547,0.1191
ZNF652P1,53,0.1191
TYW1B,7522,0.1191
SNAPC1,7572,0.1191
TAB3,7591,0.1191
ADAM15,7406,0.1191
JMJD6,7550,0.1191
TOLLIP,7400,0.1191
TFDP1P3,96,0.1191
ADAT2,7346,0.1191
ENSG00000266578,6467,0.1191
LINC01909,7316,0.119
MALL,6598,0.119
GRIA4,6702,0.119
ENSG00000286922,3683,0.119
HAX1,7436,0.119
ENSG00000228488,1419,0.119
KDM5C,7589,0.119
WNK2,7303,0.119
UBQLNL,2930,0.119
RFX8,7418,0.119
ENSG00000287740,1048,0.119
IGFL2-AS1,7278,0.1189
IL18BP,7268,0.1189
YIPF5,7544,0.1189
ABLIM1,7627,0.1189
ZC2HC1A,7501,0.1189
KCNQ1-AS1,2005,0.1189
CIR1,7615,0.1189
EIF6,7423,0.1189
NAV1,7633,0.1189
ANTXRLP1,231,0.1189
TTC36,7018,0.1189
HAS2,7238,0.1189
TBC1D4,7558,0.1189
ARRB1,7410,0.1189
ENSG00000287278,185,0.1189
ZC4H2,7330,0.1188
FLII,7527,0.1188
GGT1,7120,0.1188
SPON1,7059,0.1188
ENSG00000267056,3706,0.1188
TRPM4,7479,0.1188
FAM83G,7261,0.1188
KPNB1-DT,7482,0.1188
TBCE-1,7316,0.1188
TMED7,7550,0.1188
BOD1,7415,0.1187
TSPOAP1,5624,0.1187
CCNG2P1,426,0.1187
ADAMTS19-AS1,1532,0.1187
TADA1,7435,0.1187
ENSG00000254739,725,0.1187
ENSG00000256694,387,0.1187
METAP1,7530,0.1187
CLCN5,7457,0.1187
CD48,952,0.1187
ARHGAP35,7630,0.1187
ENSG00000224302,244,0.1187
ST6GALNAC6-1,7003,0.1186
QSOX1,7627,0.1186
IGHGP,31,0.1186
FNTA,7524,0.1186
BMAL2,7628,0.1186
PEX5L,7124,0.1186
ENSG00000285777,2000,0.1186
ENSG00000253690,6968,0.1186
RTN1,7353,0.1186
ENSG00000286264,6206,0.1186
CD109,7628,0.1186
ANKHD1-DT,7341,0.1186
PIEZO1,7513,0.1186
B3GNT5,7544,0.1186
GRAMD1A,7514,0.1186
ENSG00000259241,50,0.1186
SFTPD-AS1,760,0.1186
PON2,7545,0.1186
ENSG00000261512,501,0.1186
ENSG00000286782,6809,0.1185
MLLT3,7630,0.1185
CSGALNACT1,7619,0.1185
ENSG00000284709,101,0.1185
H2AC14,5276,0.1185
CCPG1,7591,0.1185
AGMO,7208,0.1185
MTND2P26,66,0.1185
TATDN1,7460,0.1185
FMNL1-AS1,5966,0.1185
MFHAS1,7550,0.1184
ENSG00000237896,479,0.1184
OR2A5,139,0.1184
PABPC1L,7465,0.1184
ENSG00000250180,1440,0.1184
ENSG00000287168,5697,0.1184
CDH13-AS1,2645,0.1184
SLFNL1-AS1,7243,0.1184
KRT16P1,137,0.1184
ENSG00000289883,4270,0.1184
EFHD2,7531,0.1184
BCL6B,1371,0.1184
ENSG00000254574,4128,0.1184
C1GALT1P3,32,0.1184
ARPC3,7563,0.1183
PHGR1,3554,0.1183
Y_RNA-254,5552,0.1183
LGALS3,7585,0.1183
UHRF1,7308,0.1183
ABCA9,5389,0.1183
DOCK10,7539,0.1183
MUC3A,6057,0.1183
ZNF431,7532,0.1183
PNMA2,7240,0.1183
LINC01338,5283,0.1183
ENSG00000273093,471,0.1183
KCNJ2-AS1,1572,0.1183
COMETT,6167,0.1182
ENSG00000259420,2115,0.1182
TOMM20,7603,0.1182
CXCL10,5229,0.1182
LINC01929,661,0.1182
KIR2DL3,125,0.1182
MT1G,5893,0.1182
RTCA,7502,0.1182
MAVS,7505,0.1182
HCCAT5,582,0.1182
ENSG00000261760,1242,0.1182
ENSG00000289733,605,0.1182
ENSG00000255093,983,0.1182
ZNF23,7425,0.1182
SMIM30,7386,0.1182
ENSG00000254288,3310,0.1182
MCU,7639,0.1182
FOXC1,7453,0.1182
ENSG00000251093,2659,0.1181
KCNH3,6578,0.1181
ZNF33B,7564,0.1181
MTMR14,7519,0.1181
GPR173,7258,0.1181
VTA1,7626,0.1181
GBP4,7148,0.1181
LINC01799,1594,0.1181
DOP1A,7526,0.1181
GPC1,7429,0.1181
AGGF1P8,567,0.1181
STK39,7631,0.1181
GAPDH-DT,1949,0.1181
ENSG00000281920,1109,0.1181
PRKAB2,7518,0.1181
ENSG00000283269,2702,0.1181
XACT,7357,0.1181
ENSG00000285314,258,0.118
ZNF462,7607,0.118
ADORA1,6947,0.118
ENSG00000260416,313,0.118
IFI35,7319,0.118
ATP5PD,7425,0.118
MLLT10,7637,0.118
ENSG00000250992,684,0.118
TNFRSF17,293,0.118
PRR36,6180,0.118
CYP2T3P,283,0.118
ARPC1A,7621,0.118
RBL1,7489,0.118
ENSG00000287544,7167,0.118
PES1,7399,0.118
PC,7384,0.118
ENSG00000230615,7230,0.118
KRT32,1417,0.118
AADAC,6687,0.118
Y_RNA-43,524,0.1179
TMPRSS12,5576,0.1179
AP3B1,7641,0.1179
HSP90AB7P,276,0.1179
ZBTB7B,7414,0.1179
TNFAIP8L1,7313,0.1179
GOLGA3,7628,0.1179
ITPR1,7619,0.1178
NPRL3,7445,0.1178
PLD3,7555,0.1178
KMT2E-AS1,7255,0.1178
FXYD5,7491,0.1178
ENSG00000272733,1521,0.1178
TIA1,7439,0.1178
PDCD6P1,7296,0.1177
LTF,2285,0.1177
NQO2,7538,0.1177
B3GNT7,5168,0.1177
ENSG00000233290,6508,0.1177
ACNATP,226,0.1177
MMS19,7508,0.1177
ENSG00000280443,24,0.1177
MEG9,3498,0.1177
ENSG00000256678,55,0.1177
H3-7,2748,0.1176
CHID1,7368,0.1176
SH2D3A,7274,0.1176
CD96,7124,0.1176
RPS6KA2,7552,0.1176
NPTN,7641,0.1176
ENSG00000285664,7466,0.1176
LYN,7536,0.1176
AP1G2,7419,0.1176
ENSG00000273824,414,0.1176
ENSG00000280291,5670,0.1176
LINC00601,2655,0.1176
ENSG00000285696,7190,0.1176
ENSG00000271709,282,0.1176
ENSG00000286356,758,0.1176
ENSG00000287725,7281,0.1176
MEAF6,7495,0.1175
LINC01141,2431,0.1175
IFI27,7508,0.1175
EME2,7161,0.1175
HHAT,7446,0.1175
SLC15A3,6626,0.1175
MT3,2306,0.1175
PTCD3,7589,0.1175
ENSG00000259280,6700,0.1175
ENSG00000256803,1234,0.1175
TTLL11,7378,0.1175
IPO8,7545,0.1175
LINC00313,2152,0.1175
MCTP2,7554,0.1175
SAMD9,7579,0.1174
LINC02406,2291,0.1174
CBLN1,1788,0.1174
MYH10,7608,0.1174
PPP1R3A,4620,0.1174
A4GNT,349,0.1174
ENSG00000285245,5050,0.1174
ENSG00000261167,6518,0.1174
ENSG00000256504,5754,0.1174
ENSG00000286150,2165,0.1174
CASC2,7361,0.1174
ENSG00000289877,1295,0.1174
ENSG00000279675,301,0.1174
TRMO,7312,0.1174
ENSG00000230627,39,0.1174
ENSG00000285901,7208,0.1174
CMKLR1,1960,0.1173
OVCH2,1130,0.1173
HMGN2P5,6940,0.1173
TMEM263,7639,0.1173
EOGT,7389,0.1173
ENSG00000235011,109,0.1173
RPS10P28,90,0.1173
TNFRSF9,6974,0.1173
TXNDC15,7452,0.1173
SLC25A39P1,188,0.1173
ENSG00000270574,5708,0.1172
PADI2,5828,0.1172
HCFC1R1,7356,0.1172
GPAA1,7294,0.1172
ENSG00000231918,7088,0.1172
LINC00513,7508,0.1172
SUCLA2-AS1,302,0.1172
ACACB,7379,0.1172
CFAP107,618,0.1172
FER1L6,6778,0.1172
ENSG00000284636,89,0.1172
WDR5B-DT,7427,0.1172
LGMNP1,194,0.1172
IL1RN,5643,0.1171
FAF2,7631,0.1171
AHI1,7635,0.1171
ATG2B,7450,0.1171
ADGRV1,7476,0.1171
FAM135A,7609,0.1171
HMGA2-AS1,7342,0.1171
ENSG00000230944,22,0.1171
ENSG00000289158,3046,0.117
ENSG00000258829,27,0.117
TRIM52,7409,0.117
CERNA2,2069,0.117
MEOX1,2918,0.117
TUB,5938,0.117
PMIS2,24,0.117
ENSG00000286239,7243,0.117
FILIP1L,7462,0.117
LASTR,6666,0.117
BLID,4765,0.117
UBE2F-SCLY,7305,0.1169
ENSG00000226025,127,0.1169
NUDCD3,7574,0.1169
HSPH1,7621,0.1169
HINT1,7480,0.1169
MYRF-AS1,4179,0.1169
LINC01291,7096,0.1169
GCN1,7539,0.1169
C2CD2,7537,0.1169
H1-6,1786,0.1169
IL15RA,7210,0.1169
KRT16,4649,0.1169
ENSG00000272646,4508,0.1168
PPAN,7372,0.1168
AOX3P,5318,0.1168
ENSG00000254260,57,0.1168
ENSG00000253455,843,0.1168
ENSG00000262624,326,0.1168
ZNF678,7460,0.1168
C12orf60,7331,0.1167
MIR7-3HG,3616,0.1167
ENSG00000279464,5920,0.1167
ENSG00000250041,2863,0.1167
PROKR1,1750,0.1167
ENSG00000274248,1072,0.1167
UBD,3366,0.1167
CHAC1,6979,0.1167
BTRC,7633,0.1167
ENSG00000251152,3944,0.1167
LINC02599,1032,0.1167
TUBA1A,7376,0.1167
NOSTRIN,7285,0.1167
TP53,7580,0.1167
C2orf42,7592,0.1166
ENSG00000288946,554,0.1166
ENSG00000225884,2750,0.1166
NECTIN3,7586,0.1166
ENSG00000227912,582,0.1166
SLC35G1,7305,0.1166
PDE3B,7515,0.1166
IMMP1L,7534,0.1166
ACTR10,7503,0.1166
SLC45A2,6295,0.1165
PIGO,7301,0.1165
BCAP29,7565,0.1165
NCBP2,7507,0.1165
CCNA2,7380,0.1165
MTRF1L,7369,0.1165
EYA1,7425,0.1165
ENSG00000283529,4390,0.1165
DIPK1B,5539,0.1165
PSMF1,7625,0.1165
ZFAS1,7641,0.1164
IRGQ,7374,0.1164
PPP1CA,7425,0.1164
REEP4,7221,0.1164
C8orf58,7327,0.1164
SIGLEC18P,108,0.1164
MED12L,7371,0.1164
ENSG00000287093,7091,0.1164
AMD1,7581,0.1164
MTHFD1L,7640,0.1163
SLITRK3,629,0.1163
MYO16,7101,0.1163
TMEM241,7475,0.1163
ENSG00000288919,5264,0.1163
ENSG00000179342,633,0.1163
VPS26A,7609,0.1163
ZNF224,7457,0.1163
TRAF1,7307,0.1163
NARF,7537,0.1163
ARGLU1,7615,0.1162
WARS1,7577,0.1162
NEUROD1,165,0.1162
NOC2LP2,142,0.1162
GPRC5B,7124,0.1162
UXS1,7527,0.1162
SOCS3,7425,0.1162
ACOT11,7415,0.1162
ENSG00000242880,7374,0.1162
NUCB1,7492,0.1162
KLHDC4,7492,0.1161
CCNB1,7405,0.1161
LINC02757,915,0.1161
IL20RB,7504,0.1161
ENSG00000225637,169,0.1161
TCF19,7159,0.1161
CUTC,7504,0.1161
RNU6-450P,6248,0.1161
SMG1P7-1,5720,0.1161
SLC25A34-AS1,2645,0.1161
ENSG00000258114,6165,0.1161
ENSG00000289004,4054,0.116
BOLA3P1,107,0.116
APOLD1,7611,0.116
SLC19A2,7434,0.116
MYLK,7410,0.116
YBX1P10,5841,0.116
ORMDL3,7399,0.116
VDR,7336,0.116
ENSG00000267364,172,0.116
CLCN7,7486,0.116
SAP30BP,7527,0.116
ENSG00000247193,1576,0.116
ENSG00000287653,361,0.1159
DIRC3-AS1,7355,0.1159
NLRP1,7486,0.1159
ENSG00000255202,7345,0.1159
DPH5-DT,7310,0.1159
NOL8,7519,0.1159
SRP72P1,3332,0.1159
UBALD1,7332,0.1159
DCDC2C,5965,0.1159
ENSG00000267244,554,0.1158
RNU4-17P,69,0.1158
SHANK3,7274,0.1158
MED14,7622,0.1158
ZNF300P1,4066,0.1158
NGF,6560,0.1158
PRX,7098,0.1158
MAGEC3,4395,0.1158
ENSG00000287272,192,0.1158
GOLGA8B,7495,0.1158
NBPF25P,5637,0.1158
RNF32-AS1,7189,0.1158
ENSG00000287265,4762,0.1158
RPS24,7640,0.1158
SF3B6,7484,0.1158
ENSG00000291250,3603,0.1158
SRPRA,7528,0.1158
PRDM5,7210,0.1157
MYBBP1A,7430,0.1157
LINC02291,1142,0.1157
PSMD8,7516,0.1157
ENSG00000285914,302,0.1157
MICU1,7637,0.1157
ENSG00000251379,7445,0.1157
OPTN,7596,0.1157
ENSG00000266765,139,0.1157
ENSG00000280373,785,0.1157
PFN1,7593,0.1157
ENSG00000259081,5502,0.1157
MAN2B2,7377,0.1157
MAGI2,7633,0.1157
ZNF37BP,7479,0.1157
SRSF9,7578,0.1156
LINC00841,1269,0.1156
ENSG00000258131,5514,0.1156
ABCA7,7448,0.1156
ANKH,7595,0.1156
PTPA,7439,0.1156
LINC01376,7547,0.1156
ENSG00000291194,6103,0.1156
TIMMDC1,7513,0.1156
ENSG00000228141,287,0.1156
GGCT,7401,0.1156
ENSG00000289300,25,0.1156
PGS1,7424,0.1156
C2orf72,6901,0.1156
EIF2B3,7461,0.1155
AIDA,7487,0.1155
ESRRG,7173,0.1155
PRLHR,900,0.1155
ENSG00000287519,3685,0.1155
TRAPPC3,7411,0.1155
IFT57,7383,0.1155
SLC22A18AS,6207,0.1155
C6orf141,6880,0.1155
PNMA3,384,0.1155
LINC01870,633,0.1154
LINC01398,320,0.1154
LINC02177,908,0.1154
ENSG00000251281,1581,0.1154
SPEM1,1475,0.1154
GRAP,3226,0.1154
ENSG00000261448,991,0.1154
CLPTM1L,7521,0.1154
ENSG00000289630,130,0.1154
LINC02580,7143,0.1154
ENSG00000249483,116,0.1154
ARHGEF40,7377,0.1153
CETN3,7432,0.1153
CCDC144NL-AS1,7546,0.1153
DEPDC4,7221,0.1153
ATP5ME,7480,0.1153
PDE4B,7576,0.1153
FTX,7641,0.1153
SPHK1,7226,0.1153
PAWR,7639,0.1153
ENSG00000237922,382,0.1153
ELOCP28,344,0.1153
LINC01135,7269,0.1153
PGM2,7446,0.1153
ENSG00000279413,56,0.1153
RHBDF1,7323,0.1152
ANXA2R-OT1,7362,0.1152
RNU1-42P,107,0.1152
LINC00639,6676,0.1152
C13orf42,4490,0.1152
ENSG00000272750,6702,0.1152
TRPM3,7233,0.1152
FAM86LP,211,0.1152
FMNL1-DT,7187,0.1152
GNE,7467,0.1152
RTKN,7415,0.1152
PXN,7597,0.1152
LINC01885,7335,0.1151
E2F1,7287,0.1151
OTUD5,7566,0.1151
OR2W6P,719,0.1151
EEF1GP7,43,0.1151
ENSG00000288139,955,0.1151
IBA57-DT,3382,0.1151
MAPK6,7631,0.1151
KIAA1671,7596,0.115
CDC42EP2,6900,0.115
DPH7,7361,0.115
UQCRFS1P3,163,0.115
TDO2,6523,0.115
DTX2P1,7237,0.115
SLC45A3,6957,0.115
PLXNB1,7255,0.115
ENSG00000270190,2956,0.115
LINC02410,2716,0.1149
FCHSD1,7363,0.1149
MTIF2P1,286,0.1149
POLR1C,7452,0.1149
IL17B,4399,0.1149
ATG10,7590,0.1149
DIRC3,7380,0.1149
SEPTIN9,7641,0.1149
ATP6V1E1P1,415,0.1149
SORBS2,7597,0.1149
TRIM66,7437,0.1149
TRMT10C,7396,0.1148
EFCAB8,7260,0.1148
CDH4,7268,0.1148
NCOA4,7501,0.1148
CLN3,7336,0.1148
BRD9,7578,0.1148
SCOC,7459,0.1148
GUSBP1,7405,0.1148
ABHD4,7429,0.1148
NDFIP1,7612,0.1148
ASB13,7166,0.1148
DLEU1,7639,0.1148
LINC02507,2973,0.1148
CGGBP1,7607,0.1148
ENSG00000225044,569,0.1148
PROS1,7475,0.1148
RAB33B-AS1,7494,0.1147
ENSG00000255099,24,0.1147
PALLD,7619,0.1147
DZIP1L,7361,0.1147
IFT74,7437,0.1147
RETREG1,7309,0.1147
DUSP11,7497,0.1147
CATSPER2,7389,0.1147
PLAGL2,7396,0.1147
TFAP2A,7469,0.1147
H2AC8,5716,0.1147
ENSG00000286036,187,0.1147
ZNF507,7423,0.1147
HSD17B6,5693,0.1146
ELAPOR2,7549,0.1146
PLAT,7488,0.1146
PIGX,7418,0.1146
LINC01122,6917,0.1146
KRT79,2977,0.1146
ANKRD34C,356,0.1146
RAP2B,7516,0.1146
ENSG00000230647,7166,0.1146
RNF4,7537,0.1146
SAMD12-AS1,7052,0.1146
ENSG00000277144,5828,0.1146
MTA3,7529,0.1145
SOCS2-AS1,7064,0.1145
RNU6-485P,3856,0.1145
ENSG00000259038,2099,0.1145
SAMD8,7616,0.1145
ADCY6,7381,0.1145
H2BC13,5556,0.1145
NHLRC2,7548,0.1145
DNAJC9,7517,0.1145
BZW1,7623,0.1145
DGCR8,7448,0.1145
ENSG00000291276,4419,0.1145
CARHSP1,7545,0.1145
XAGE2,477,0.1145
ELF4,7441,0.1145
TMOD1,7311,0.1145
CSF2RB,497,0.1145
PLA2G7,2407,0.1145
ENSG00000274884,129,0.1144
ONECUT3,7188,0.1144
EPSTI1,7556,0.1144
BPTFP1,5575,0.1144
LPCAT2,7523,0.1144
LINC02204,5581,0.1144
PRR11,7427,0.1144
ENSG00000290544,193,0.1144
SBF2-AS1,7419,0.1144
ENSG00000228053,160,0.1144
ENSG00000286905,6992,0.1144
COL17A1,7324,0.1144
ENSG00000239455,2203,0.1144
LITAF,7549,0.1143
CASP8AP2,7510,0.1143
ENSG00000249209,7377,0.1143
FAM20B,7532,0.1143
ENSG00000259543,7136,0.1143
RFFL,7622,0.1143
PALS1,7616,0.1143
ENSG00000260091,779,0.1143
ZFP36L2,7509,0.1143
CFAP70,7344,0.1143
PITRM1-AS1,7278,0.1143
MGME1,7408,0.1143
SOX9-AS1,4563,0.1143
ENSG00000287547,20,0.1143
ZNHIT6,7557,0.1143
EIF3FP1,122,0.1142
LCAT,6876,0.1142
GJC2,6486,0.1142
EEF1B2P6,270,0.1142
ENSG00000264729,377,0.1142
ENSG00000264634,281,0.1142
LINC02092,337,0.1142
ENSG00000224371,932,0.1142
ENSG00000284987,6181,0.1142
MELK,7430,0.1142
CASP2,7539,0.1142
GPR137C,7334,0.1142
SASH1,7615,0.1142
CYP4F10P,825,0.1142
GM2A,7445,0.1141
CCP110,7410,0.1141
ENSG00000286677,6555,0.1141
TAF11L11,516,0.1141
ZNF878,4913,0.1141
HDAC2,7585,0.1141
CRYBA4,809,0.1141
LINC00323,1982,0.1141
ADGRA1,911,0.1141
STON1,7428,0.1141
PITPNM3,7295,0.1141
ENSG00000267521,220,0.114
KCNE2,2209,0.114
ENSG00000111788,7218,0.114
OTOP3,1693,0.114
OR5B3,196,0.114
DET1,7437,0.114
UNGP3,298,0.114
RBM42,7383,0.114
GTPBP4,7626,0.114
TXNDC11,7604,0.114
COA7,7305,0.1139
EHD2,7487,0.1139
C19orf54,7278,0.1139
PDE9A,7446,0.1139
PRDM8,7068,0.1139
FLJ46284,7324,0.1139
LINC02793,242,0.1139
ENSG00000267215,101,0.1139
H2AC17,3273,0.1139
ENSG00000228401,4750,0.1139
ENSG00000254610,244,0.1139
ENSG00000260242,1489,0.1139
RPL23AP75,25,0.1138
ABCA13,7004,0.1138
ENSG00000287421,4070,0.1138
ZNRF1,7600,0.1138
ENSG00000286790,227,0.1138
VGLL2,519,0.1138
VGF,7503,0.1138
PAK4,7513,0.1138
LINC-ROR,583,0.1138
HERPUD2,7549,0.1138
VAT1L,6468,0.1138
RAB3B,7518,0.1138
TG,6747,0.1138
ANPEP,6993,0.1138
ENSG00000256321,801,0.1138
CCDC50,7620,0.1138
RABL2A,7252,0.1138
NEPNP,3906,0.1138
RN7SL592P,71,0.1138
IGSF8,7312,0.1137
PARM1-AS1,1305,0.1137
ARL14EP,7450,0.1137
FSIP1,7359,0.1137
LINC01624,278,0.1137
MTND4P32,4513,0.1137
LINC01790,607,0.1137
ENSG00000227486,7406,0.1137
FAM210A,7612,0.1137
ENSG00000290099,613,0.1137
CTPS1,7473,0.1137
LINC01851,308,0.1137
MLH1,7433,0.1136
AANAT,5754,0.1136
LONP2,7615,0.1136
GLG1,7641,0.1136
ENSG00000233491,6828,0.1136
KCNJ12,5171,0.1136
MACROD1,7436,0.1136
PSPH,7365,0.1136
COL27A1,7523,0.1136
RTN4,7641,0.1136
ITGB7,6403,0.1136
PPP1R14B,7397,0.1136
ARMH2,182,0.1136
LINC00677,242,0.1136
EGFEM1P,7062,0.1136
ZBTB47-AS1,7424,0.1135
TSNAX-DISC1,7461,0.1135
ENSG00000237843,821,0.1135
COMT,7455,0.1135
ENSG00000289524,5309,0.1135
FCHSD2,7639,0.1135
RAPGEFL1,7330,0.1135
FSBP,7314,0.1135
ABCB6,7326,0.1135
PIGHP1,156,0.1135
PLEKHN1,7160,0.1135
ENSG00000261058,7007,0.1134
FAM163B,1006,0.1134
ENSG00000286587,1310,0.1134
ENSG00000271590,6855,0.1134
NACC2,7457,0.1134
SNAI3-AS1,7279,0.1134
ENSG00000274949,7129,0.1134
TRHDE,7071,0.1134
UAP1L1,7267,0.1134
MRPS18B,7484,0.1134
CACNB1,7297,0.1134
ENSG00000289010,87,0.1134
HMGN1P32,56,0.1134
ENSG00000288076,767,0.1134
SRD5A3,7380,0.1133
TUBGCP5,7401,0.1133
LINC02816,3472,0.1133
SCRN2,7139,0.1133
ENSG00000261759,5935,0.1133
ASPM,7505,0.1133
ENSG00000261578,7028,0.1133
ENSG00000236230,6891,0.1133
VWCE,7282,0.1133
UBL3,7564,0.1133
ENSG00000286548,6147,0.1133
ENSG00000263176,112,0.1133
SIX6,31,0.1133
SMIM8,7373,0.1133
PPP1R11,7451,0.1132
ENSG00000259138,7305,0.1132
ENSG00000286395,935,0.1132
ENSG00000286824,124,0.1132
SHC3,7355,0.1132
ACOXL,6933,0.1132
MYBL1,7381,0.1132
KRT18P65,84,0.1132
TSPEAR-AS1,4051,0.1132
ENSG00000289479,675,0.1132
LINC02786,35,0.1132
H2BC9,5226,0.1132
SH3YL1,7510,0.1132
DONSON,7435,0.1132
CXXC5-AS1,142,0.1132
SMIM4,7406,0.1132
MCOLN2,7155,0.1132
LINC00427,317,0.1132
ENSG00000269350,188,0.1132
ATG9A,7420,0.1132
CX3CL1,6043,0.1131
ATP2B4,7597,0.1131
ENSG00000237760,3726,0.1131
GRK2,7398,0.1131
MBD3,7351,0.1131
ZNF512B,7245,0.1131
ENSG00000249737,238,0.1131
PKP2,7496,0.1131
LINC01322,7427,0.1131
DNAH17,7259,0.1131
RPL32P35,224,0.1131
SERF2,7618,0.1131
ZNF638,7641,0.1131
FBXL8,7325,0.1131
FIG4,7552,0.1131
CYP2C18,5944,0.1131
ENSG00000273156,7096,0.113
TREM1,5478,0.113
GORASP2,7582,0.113
LINC00861,6810,0.113
CBX5,7583,0.113
NHEJ1,7493,0.113
COPS6,7443,0.113
ENSG00000259363,7362,0.113
PMS1,7519,0.113
ENSG00000286939,31,0.113
CST3,7553,0.113
ENSG00000216775,6425,0.113
RDUR,6769,0.113
NQO1-DT,7332,0.113
BHLHE40-AS1,7346,0.113
E2F2,6669,0.113
ATP13A4-AS1,59,0.113
ENSG00000277047,1590,0.113
VSIG10L,6901,0.1129
NR2F6,7338,0.1129
ENSG00000289127,5202,0.1129
TATDN2,7415,0.1129
ENSG00000250390,668,0.1129
SLC17A8,5644,0.1129
ENSG00000259033,7040,0.1129
HNRNPA1P57,125,0.1129
MEIS3,7317,0.1129
NDUFV2,7591,0.1129
NHP2,7462,0.1129
ENSG00000259031,1394,0.1129
VILL,6335,0.1129
ENSG00000288828,6322,0.1129
TMEM67,7425,0.1129
PNPO,7258,0.1129
HINT3,7385,0.1128
MIR181A1HG,7607,0.1128
TAS2R7,539,0.1128
ENSG00000232299,34,0.1128
ENSG00000248529,710,0.1128
UBXN2A,7515,0.1128
ENSG00000286861,7176,0.1128
PIP4P2,7460,0.1128
LRRC14B,1125,0.1127
TINF2,7289,0.1127
NRROS,1398,0.1127
Metazoa_SRP-35,39,0.1127
ENSG00000235431,2012,0.1127
KCNH8,7567,0.1127
ZFP91-CNTF,6892,0.1127
ENSG00000286856,6786,0.1127
LINC02681,319,0.1127
ENSG00000273151,6512,0.1127
CHP1,7587,0.1127
TRIM26,7523,0.1127
ENSG00000290066,86,0.1126
LMNTD2,6679,0.1126
ENSG00000260235,73,0.1126
SAP18,7491,0.1126
TGIF2-RAB5IF,7065,0.1126
CA2,7168,0.1126
ZC3H13,7639,0.1126
DNAJC5G,2866,0.1126
PTS,7518,0.1126
ENSG00000235610,694,0.1126
DOT1L,7525,0.1126
CD99L2,7447,0.1126
EHF,7538,0.1126
CFAP46,6147,0.1126
NCR2,146,0.1126
RFPL4B,1371,0.1125
DSTN,7639,0.1125
ENSG00000286841,244,0.1125
SEMA4C,7349,0.1125
PTGS2,7552,0.1125
MINDY1,7156,0.1125
ENSG00000254467,3228,0.1125
ZNF664,7068,0.1125
SBDSP1-1,7128,0.1125
ENSG00000229407,314,0.1125
ENSG00000266893,5574,0.1125
NPY5R,452,0.1125
C2orf69P2,46,0.1124
CFAP20DC-AS1,6975,0.1124
JUP,7606,0.1124
TCAIM,7491,0.1124
PPP2CB,7626,0.1124
ATP6V1G1,7488,0.1124
SCLY,7459,0.1124
ENSG00000203971,65,0.1124
ENSG00000256349,5855,0.1124
ENSG00000287619,5133,0.1124
ENSG00000289964,368,0.1124
ADCY9,7571,0.1124
ENSG00000259628,7554,0.1124
DPYS,6210,0.1124
TPO,5413,0.1124
NOP2,7430,0.1124
ABHD16B,78,0.1124
ANKRD31,6972,0.1124
SBDS,7527,0.1124
RSU1P2,1379,0.1123
IL4I1,7359,0.1123
SRSF7,7540,0.1123
ARMC2,7390,0.1123
SEMA5B,5319,0.1123
ENSG00000230276,189,0.1123
RABGAP1L,7639,0.1123
NAGK,7391,0.1123
VAMP3,7494,0.1123
ENSG00000248710,7373,0.1123
SLC35C1,7198,0.1123
DGCR5,7261,0.1122
LINC01482,7071,0.1122
F10-AS1,56,0.1122
BICD1,7638,0.1122
KIF14,7516,0.1122
LINC01907,2260,0.1122
ACVR2B,7484,0.1122
MCF2,7059,0.1122
KIF20B,7574,0.1122
ENSG00000287358,340,0.1121
ANGPT1,7150,0.1121
SH3BGRL3,7466,0.1121
ENSG00000226143,1742,0.1121
ANKZF1,7490,0.1121
MRPL40P1,1303,0.1121
PLB1,6804,0.1121
REXO4,7380,0.1121
ENSG00000214803,6925,0.1121
SGSM3-AS1,7026,0.1121
SIGLEC15,5842,0.1121
ENSG00000268205,7546,0.1121
MCM2,7340,0.1121
LINC02949,1866,0.112
NCOA5,7512,0.112
PMF1,7428,0.112
ENSG00000258172,6239,0.112
DIO3OS,5730,0.112
MSH5-SAPCD1,1549,0.1119
TEC,7422,0.1119
ENSG00000259200,6754,0.1119
ENSG00000287407,943,0.1119
ENSG00000234789,551,0.1119
SRD5A1,7506,0.1119
OSCAR,6848,0.1119
RPL21P127,68,0.1119
SLC50A1,7423,0.1119
LY6E-DT,7077,0.1119
NADK2,7513,0.1119
ZC3HAV1L,7315,0.1119
ZP3P2,625,0.1119
TRMT10B,7379,0.1118
CEP44,7503,0.1118
TUFM,7544,0.1118
ENSG00000279696,6687,0.1118
KSR2,7231,0.1118
LINC01792,2788,0.1118
ENSG00000284726,6195,0.1118
ARHGAP19,7437,0.1118
ENSG00000275445,351,0.1118
IGSF11,7170,0.1118
ENSG00000285679,7488,0.1117
ENSG00000255366,547,0.1117
ENSG00000243004,7274,0.1117
ORC2,7596,0.1117
NDNF,6409,0.1117
ENSG00000286162,7535,0.1117
PXDC1,7290,0.1117
FRMD3,7496,0.1117
ENSG00000272896,6838,0.1117
TADA2A,7475,0.1117
SH3BP5L,7305,0.1117
SDCBP2,7391,0.1117
ANKRD42-DT,7363,0.1117
CAVIN4,7338,0.1117
FAM219B,7391,0.1116
ENSG00000288985,2688,0.1116
RRP8,7350,0.1116
TECRP2,128,0.1116
L3MBTL4,7450,0.1116
CREB3L3,3376,0.1116
LINC02470,487,0.1116
LGALS9B,732,0.1116
CDKN3,7412,0.1115
BSG,7616,0.1115
ENSG00000287127,7177,0.1115
HCAR1,2667,0.1115
SLC25A10,7197,0.1115
ENSG00000286136,7203,0.1115
DCAF8,7596,0.1115
TBKBP1,7147,0.1115
ENSG00000284882,6204,0.1115
ENSG00000280079,1795,0.1115
ENSG00000279806,5586,0.1115
HSF5,6605,0.1115
RALGPS1,7516,0.1115
GXYLT2,7398,0.1115
ZNF385A,7341,0.1114
COL20A1,6931,0.1114
ZCWPW2,7393,0.1114
NEK3,7411,0.1114
LINC02762,7327,0.1114
RIMKLB,7537,0.1114
DLG5,7512,0.1114
FOXG1-AS1,4026,0.1114
ARHGAP24,7544,0.1114
PTCHD4,7467,0.1114
LRRFIP2,7610,0.1114
ALDOAP1,160,0.1114
LBH,7357,0.1114
TUBB,7546,0.1114
PIK3AP1,7110,0.1114
ENSG00000203392,6022,0.1114
ENSG00000278944,431,0.1114
ENSG00000287562,7243,0.1113
SCN11A,6894,0.1113
ENSG00000289727,7383,0.1113
LINC01393,6231,0.1113
E2F6,7459,0.1113
ENSG00000286596,1513,0.1113
LIPC-AS1,231,0.1113
ENSG00000250644,6415,0.1113
ENSG00000279251,37,0.1113
ADAMTS14,7072,0.1113
WIZ,7334,0.1113
PPIEL,7305,0.1112
CA9,7219,0.1112
DDX6,7626,0.1112
CD200R1L-AS1,3136,0.1112
NCKAP1L,3789,0.1112
IGBP1-AS2,351,0.1112
CKB,7275,0.1112
NUB1,7605,0.1112
AP1M1,7415,0.1112
RUSF1,7408,0.1112
UQCRH,7546,0.1112
RUVBL2,7474,0.1112
ZNF132-DT,3852,0.1112
NME4,7367,0.1112
ENSG00000224658,7207,0.1112
HERC5,7444,0.1112
CCT7P2,372,0.1111
ENSG00000277332,1081,0.1111
ENSG00000285669,7129,0.1111
FBXO36,7344,0.1111
PLBD1-AS1,6210,0.1111
RMI1,7448,0.1111
ENSG00000270008,6646,0.1111
PDC-AS1,7369,0.1111
PEG10,7555,0.1111
VPS25P1,69,0.1111
ENSG00000286989,1171,0.111
ENSG00000234998,3414,0.111
UQCR11,7361,0.111
HHIPL2,6296,0.111
ENSG00000248783,1569,0.111
KDSR,7539,0.111
ENSG00000283573,6963,0.111
ENSG00000283078,6267,0.111
ANG,7221,0.111
LINC02240,7175,0.111
P2RY2,5737,0.111
ENSG00000283228,2849,0.111
ENSG00000255160,522,0.111
CTTN-DT,7317,0.111
UBE2T,7334,0.1109
MFSD14A,7578,0.1109
GALNT14,7322,0.1109
AVPI1,7482,0.1109
FRMPD3,6388,0.1109
SGSH,7249,0.1109
TM2D3,7437,0.1109
ENSG00000285980,848,0.1109
SSR1,7622,0.1108
TARID,7271,0.1108
SCAT1,6802,0.1108
RASA4CP,4154,0.1108
TTC22,4675,0.1108
C1QTNF9B,1429,0.1108
CNP,7508,0.1108
PANK1,7291,0.1108
ENSG00000282936,6472,0.1108
CA8,7473,0.1108
MVB12A,7419,0.1108
CSRP1,7477,0.1108
ENSG00000267461,6652,0.1108
GRB10,7640,0.1108
SMAP2,7482,0.1108
Y_RNA-671,33,0.1108
B3GNTL1,7468,0.1108
C1orf109,7348,0.1108
ENSG00000250282,200,0.1107
RAD9B,7021,0.1107
NTM,7387,0.1107
RESP18,62,0.1107
CCDC30,7367,0.1107
CDKN1B,7505,0.1107
SRSF6,7578,0.1107
FUT1,5078,0.1107
FHDC1,7332,0.1107
LRRC8E,6774,0.1107
NUP98,7640,0.1106
ENSG00000255750,6962,0.1106
IRGM,6409,0.1106
LIMK2,7516,0.1106
ENSG00000287637,6105,0.1106
SPTSSA,7566,0.1106
GAREM1,7586,0.1106
RPS29,7624,0.1106
LINC02701,2121,0.1106
ENSG00000286776,383,0.1106
CARM1,7448,0.1106
UBA1,7546,0.1106
ATP5F1D,7355,0.1106
CDYLP1,156,0.1105
ENSG00000271947,524,0.1105
GPR161,7413,0.1105
ENSG00000282804,1170,0.1105
RHPN1,6944,0.1105
ENSG00000280164,303,0.1105
FRG2EP,319,0.1105
ENSG00000283462,2189,0.1105
SPESP1,7269,0.1105
NDUFA3,7346,0.1105
ENSG00000260784,339,0.1105
CAND1,7630,0.1105
C19orf48,7373,0.1105
NOTCH2NLC,6711,0.1105
ENSG00000285526,3531,0.1105
DTX3L,7486,0.1104
PRXL2B,7153,0.1104
LSR,7472,0.1104
DYNLT2B,7398,0.1104
ENSG00000230064,311,0.1104
RN7SL795P,465,0.1104
LGALSL,7119,0.1104
SHPK,7463,0.1104
UTP18,7476,0.1104
ENSG00000260141,1910,0.1104
BRD1,7513,0.1104
POLR2K,7392,0.1104
ENSG00000271976,6820,0.1104
ENSG00000242790,167,0.1104
POLR2E,7465,0.1103
PI3,5693,0.1103
SEMA6A-AS1,7195,0.1103
DNAAF11,7199,0.1103
NUDT16,7343,0.1103
SLC25A18,5837,0.1103
AMIGO2,7227,0.1103
ENSG00000259900,6833,0.1103
LINC01348,6071,0.1103
DCP1B,7425,0.1103
MSH4,7263,0.1103
PKD1L1,7298,0.1103
IFI16,7621,0.1103
FKBP2,7476,0.1103
ENSG00000263316,7251,0.1103
PABIR3,7458,0.1103
SMG1P6,7125,0.1102
CD27-AS1,7298,0.1102
FREM1,6196,0.1102
ENSG00000286280,235,0.1102
SLC22A14,7330,0.1102
RAPGEF2,7638,0.1102
ENSG00000272345,6585,0.1102
VSNL1,7100,0.1102
ENSG00000121388,125,0.1102
HECW2,7391,0.1102
ENSG00000229591,7000,0.1102
NDST1,7459,0.1102
H3C7,3445,0.1101
ENSG00000274002,38,0.1101
RBM25,7641,0.1101
POLQ,7446,0.1101
CCDC18,7550,0.1101
ENSG00000291015,6192,0.1101
PPP1R1C,7225,0.1101
KIRREL3,7319,0.1101
MSRB3-AS1,7388,0.11
XRCC6,7616,0.11
NIF3L1,7378,0.11
LZTS1-AS1,1763,0.11
CYP27C1,7146,0.11
LINC02621,3415,0.11
ALOX12P2-1,7392,0.11
SIRPB1,4558,0.11
PHLDB1,7429,0.11
PRMT5,7398,0.11
ENSG00000288980,222,0.11
ENSG00000286402,2356,0.11
GLCCI1,7595,0.11
ADHFE1,7044,0.11
CENPJ,7450,0.1099
NFATC1,7342,0.1099
UGT1A8,6243,0.1099
RNF149,7639,0.1099
ENSG00000278931,4957,0.1099
CPPED1,7449,0.1099
XAGE3,335,0.1099
ENSG00000233708,1008,0.1099
NEPRO-AS1,7229,0.1099
ATP1A1,7634,0.1099
ENSG00000230773,7351,0.1099
FBXL5,7611,0.1099
SNHG31,7376,0.1099
MAPK8,7632,0.1099
ZNF653,7343,0.1099
ABHD14B,7274,0.1098
CUZD1,6596,0.1098
CCDC18-AS1,7611,0.1098
SMPD4P1,2809,0.1098
TFAM,7481,0.1098
PIEZO2,7120,0.1098
ENSG00000287454,6089,0.1098
LINC01191,7425,0.1098
SMC3,7618,0.1098
EIF4A1,7622,0.1098
TBL3,7288,0.1097
ENSG00000273791,195,0.1097
SRP68,7570,0.1097
TYW5,7476,0.1097
EFCAB14,7584,0.1097
CNTRL,7495,0.1097
CWC22,7534,0.1097
CYFIP2,7383,0.1097
ENSG00000224865,5525,0.1097
POLR1F,7454,0.1097
KLF2,7347,0.1097
ENSG00000254604,7371,0.1097
ABCG1,7479,0.1097
EXOC2,7569,0.1096
RHCG,6567,0.1096
OR4D1,1039,0.1096
SH3BP4,7508,0.1096
OCRL,7436,0.1096
TP53AIP1,5279,0.1096
RASGRF2,7388,0.1096
LINC02150,6922,0.1096
NOLC1,7568,0.1096
CEP128,7587,0.1096
ENSG00000228714,7243,0.1096
ENSG00000255281,1859,0.1096
ENSG00000270935,125,0.1096
VEGFB,7462,0.1095
ENSG00000287538,1979,0.1095
MTND5P26,5936,0.1095
RIN1,7256,0.1095
RPL7AP35,95,0.1095
SASS6,7513,0.1095
TRIM77BP,21,0.1095
MAPK11,6858,0.1095
LGALSL-DT,7176,0.1095
GK5,7485,0.1095
ENSG00000275638,3851,0.1095
PYGO2,7300,0.1094
ENSG00000290849,1369,0.1094
CXCR4,6534,0.1094
BZW1-AS1,5976,0.1094
CNGA3,1167,0.1094
ENSG00000255520,6934,0.1094
MASP1,3717,0.1094
TMEM60,7307,0.1094
MOCS2,7424,0.1094
L3MBTL3,7315,0.1093
ENSG00000229770,70,0.1093
WNT7B,7248,0.1093
USP4,7531,0.1093
PRRC2A,7611,0.1093
LINC00239,3975,0.1093
UVSSA,7467,0.1093
AURKB,7350,0.1093
DHX38,7502,0.1093
FAM53B,7440,0.1093
ENSG00000286667,205,0.1093
GTPBP3,7363,0.1093
ENSG00000275329,1632,0.1093
STBD1,7342,0.1093
PIGF,7440,0.1093
ENSG00000269954,3370,0.1093
ENSG00000285374,61,0.1093
NDUFS1,7567,0.1093
ENSG00000227158,465,0.1093
RSPO1,1401,0.1093
LINC01355,7272,0.1093
ENSG00000276509,289,0.1092
PLEKHG2,7400,0.1092
B3GAT3,7361,0.1092
ENSG00000259580,5457,0.1092
ENSG00000249725,211,0.1092
ENSG00000289474,6724,0.1092
ENSG00000272502,2294,0.1092
CHD1,7641,0.1092
CNPY3,7387,0.1092
ENSG00000267030,1474,0.1092
NPIPB15,4938,0.1092
CDK14,7619,0.1092
KLHL15,7566,0.1092
TUG1,7523,0.1091
B4GALNT4,6764,0.1091
CLUH,7408,0.1091
CTRB1,4989,0.1091
SMARCAD1,7563,0.1091
FBXO17,7428,0.1091
CRLS1,7548,0.1091
ZMYM5,7543,0.1091
NDUFB10,7387,0.1091
SCART1,7381,0.1091
ENSG00000286528,2867,0.1091
CCDC28A,7437,0.1091
ENSG00000244125,505,0.1091
KIAA0319L,7636,0.1091
FUBP1,7633,0.1091
ENSG00000288802,244,0.109
TMEM202-AS1,7226,0.109
MPP4,7238,0.109
ZFYVE9,7605,0.109
FAT1,7640,0.109
ASPRV1,2560,0.109
EEF1A1P47,918,0.109
ZNF316,7505,0.109
CUL3,7637,0.109
GTF2A1,7507,0.109
SNHG29,7604,0.109
DYRK2,7495,0.109
NCF4,677,0.109
ZNF92,7434,0.109
GPHN,7641,0.109
VDAC1,7640,0.109
PTER,7446,0.109
GALNT6,7277,0.109
AOC2,7140,0.1089
NAA40,7379,0.1089
TEX26,951,0.1089
PTPRU,7386,0.1089
ENSG00000283752,23,0.1089
ME3,7347,0.1089
VPS39,7519,0.1089
ZNF622,7455,0.1089
ENSG00000268055,102,0.1089
HTR5A,576,0.1089
CDC20P1,1102,0.1089
KLRD1,7372,0.1089
LYZL2,67,0.1089
ENSG00000276418,6812,0.1088
ENSG00000289090,354,0.1088
ENSG00000255326,4340,0.1088
LRP2BP,7330,0.1088
CBFB,7632,0.1088
ENSG00000226149,7408,0.1088
THBS4-AS1,6404,0.1088
MEF2C-AS1,7405,0.1088
ENSG00000225144,117,0.1088
ENSG00000269745,115,0.1088
ENSG00000251410,2161,0.1088
OR2L13,455,0.1088
RAB3IL1,6205,0.1088
NDRG4,6994,0.1088
ZNF330,7492,0.1088
PHF20L1,7582,0.1088
LINC01337,5897,0.1088
OTX2,319,0.1087
NCSTN,7461,0.1087
ERI2,7512,0.1087
RPS26,7441,0.1087
GRB2,7641,0.1087
GPR153,7131,0.1087
KRT19,7612,0.1087
ENSG00000267510,5995,0.1087
SYT16,7107,0.1087
EDEM3,7515,0.1087
ENSG00000268955,62,0.1087
TLR8-AS1,880,0.1087
HECA,7492,0.1087
LINC00534,7265,0.1086
MKRN9P,1813,0.1086
B3GLCT,7419,0.1086
ARSJ,7498,0.1086
ENSG00000236512,120,0.1086
PNKP,7443,0.1086
ENSG00000237101,3310,0.1086
GET1,7429,0.1086
SLC4A4,7232,0.1086
ZFP62,7420,0.1086
PBX1,7567,0.1086
COX7A2,7554,0.1085
ENSG00000236114,1503,0.1085
AEN,7361,0.1085
CIRBP,7537,0.1085
ZPR1,7410,0.1085
ENSG00000261884,6118,0.1085
PACRG-AS3,371,0.1085
LINC02102,6285,0.1085
OR8A2P,63,0.1085
CCDC85A,6746,0.1085
DENND4B,7438,0.1085
LINC00452,3265,0.1085
LINC00327,3936,0.1085
LINC00355,7557,0.1085
ENSG00000213080,5481,0.1085
ENSG00000230147,334,0.1085
ARID2,7641,0.1085
HM13,7639,0.1084
SCEL,7339,0.1084
AFF4-DT,239,0.1084
TOB1,7513,0.1084
CD24,7164,0.1084
LINC02362,7381,0.1084
CAMSAP2,7635,0.1084
ATP8A1,7354,0.1084
SYDE2,7335,0.1084
LRFN5,7089,0.1084
SIM2,7337,0.1084
SFXN4,7353,0.1084
ITSN2,7635,0.1084
CMAHP,7325,0.1084
STING1,6770,0.1084
FLRT3,6411,0.1084
TTYH2,7148,0.1083
ENSG00000267095,361,0.1083
ENSG00000250137,6855,0.1083
CHMP4A,7451,0.1083
GRAMD4,7452,0.1083
PCNA,7422,0.1083
SOWAHA,1594,0.1083
DIRAS1,5445,0.1083
HLF,6645,0.1083
ENSG00000289125,74,0.1083
CCHCR1,7359,0.1083
LINC01541,594,0.1083
ENSG00000277087,318,0.1083
LINC01802,2244,0.1083
ENSG00000286199,94,0.1083
CAAP1,7578,0.1083
NINL,7573,0.1083
GFPT2,7522,0.1082
C12orf50,6521,0.1082
HLA-DRB6-1,272,0.1082
ENSG00000235495,6516,0.1082
PHKG2,7435,0.1082
RAC1,7600,0.1082
PTPN23,7439,0.1082
AGTRAP,7394,0.1082
NDUFA1,7573,0.1082
AHSA1,7483,0.1082
ZBED4,7506,0.1082
GPR20,1654,0.1082
GAS2,7061,0.1082
TMCC3,7450,0.1082
ENSG00000228877,3479,0.1082
ZNF436,7371,0.1082
PTGES,6898,0.1082
ENSG00000248774,7218,0.1082
CNTNAP3B,6981,0.1081
ENSG00000266106,36,0.1081
SAMD1,7378,0.1081
ENSG00000283977,7445,0.1081
PLAGL1,7467,0.1081
ENSG00000254067,1747,0.1081
ENSG00000288252,690,0.1081
SMIM15,7444,0.1081
NAP1L4,7640,0.1081
ALKBH8,7361,0.1081
MYO1A,6068,0.1081
LINC01588,7557,0.1081
NDUFB5,7429,0.1081
NDE1,7533,0.1081
MPRIP,7630,0.1081
CHTF18,7250,0.1081
NIPBL-DT,7279,0.108
BCRP5,556,0.108
HCFC1-AS1,64,0.108
MACIR,7420,0.108
RPL9P18,99,0.108
SKAP2,7631,0.108
TAF3,7567,0.108
INTS4P1,6946,0.108
SCARB1,7572,0.108
DUSP8,7221,0.108
CHMP7,7442,0.108
LINC00973,5029,0.108
ENSG00000286450,673,0.1079
CFLAR-AS1,7076,0.1079
EIF2AK2,7640,0.1079
PRKCG,7174,0.1079
LSM14B,7447,0.1079
FDCSP,1222,0.1079
SSU72,7476,0.1079
ENSG00000277711,23,0.1079
LINC01323,249,0.1079
BVES,6535,0.1079
ESR2,7381,0.1079
PCDHA3,892,0.1079
DYNLRB2-AS1,6661,0.1079
IGBP1,7615,0.1079
ENSG00000290574,6066,0.1079
ENSG00000248262,601,0.1079
ENSG00000226647,7297,0.1079
ENSG00000231083,2496,0.1079
ZNF551,7448,0.1079
EPHB4,7382,0.1079
RRP1,7429,0.1078
TNFRSF25,6975,0.1078
ENSG00000289005,6410,0.1078
ENSG00000271746,4549,0.1078
ENSG00000250377,386,0.1078
PTMAP11,347,0.1078
EIF3G,7393,0.1078
ENSG00000286509,549,0.1078
ADGRG1,7459,0.1078
LINC02950,1856,0.1078
LTBP1,7559,0.1078
HSF1,7529,0.1078
TRIM42,148,0.1078
HNRNPA1P41,1132,0.1078
DYNC2LI1,7454,0.1077
GOLGA6A,205,0.1077
XYLT1,7515,0.1077
ENSG00000253796,7169,0.1077
SPOCD1,7151,0.1077
EBF3-AS1,241,0.1077
NFIL3,7509,0.1077
DCUN1D5,7481,0.1077
SEPTIN5,6830,0.1077
ADGRA2,6948,0.1077
TMEM104,7386,0.1077
LPIN3,7323,0.1076
FMNL3,7461,0.1076
ENSG00000290951,6980,0.1076
PCDHB5,3747,0.1076
ENSG00000234338,311,0.1076
IFT88,7556,0.1076
ENSG00000254497,47,0.1076
KITLG,7475,0.1076
ENSG00000237947,33,0.1076
ENSG00000286541,2240,0.1076
NSA2,7578,0.1076
ZNF582,4676,0.1076
PSMA5,7535,0.1076
PECAM1,7038,0.1076
ISY1,7501,0.1076
MAPK15,5084,0.1076
CASD1,7509,0.1075
ENSG00000249849,5232,0.1075
ENSG00000230848,2773,0.1075
OR2A7,4777,0.1075
LRRC7,7319,0.1075
USP31,7490,0.1075
DCTN2,7509,0.1075
ENSG00000262343,874,0.1075
ZNF875,7548,0.1075
ZDHHC11,7328,0.1075
SEPTIN7-DT,7261,0.1075
CYP1A1,3556,0.1075
ENSG00000286001,7349,0.1075
ADD1,7623,0.1075
PIGPP2,260,0.1075
SNX19,7445,0.1075
ENSG00000288107,7236,0.1075
LARP1B,7590,0.1075
ENSG00000256966,7062,0.1075
PTPRJ,7640,0.1075
GNAI1,7533,0.1075
ASGR1,7087,0.1074
ABCA8,4200,0.1074
C1orf174,7425,0.1074
COX6B1,7493,0.1074
PPAT,7460,0.1074
DDAH2,7364,0.1074
ARSK,7388,0.1074
RN7SKP189,50,0.1074
ABCE1,7549,0.1074
RN7SKP80,3411,0.1074
ENSG00000260257,7225,0.1074
RYR1,7044,0.1074
MIR4713HG,7575,0.1074
ENSG00000287774,2012,0.1073
ENSG00000273965,189,0.1073
CENPVL3,211,0.1073
GAS1,3227,0.1073
PDE12,7409,0.1073
SCN2A,6334,0.1073
PPIAP3,37,0.1073
PFDN2,7529,0.1073
GNA12,7552,0.1073
ENSG00000250284,2895,0.1073
ENSG00000261427,7048,0.1073
VOPP1-DT,1363,0.1073
ENSG00000286791,2880,0.1073
ZNF703,7213,0.1073
ENSG00000236556,333,0.1073
ENSG00000287249,7063,0.1073
TNPO2,7539,0.1072
UBXN2B,7468,0.1072
MPP7,7352,0.1072
ENSG00000258010,1035,0.1072
RNU4ATAC6P,81,0.1072
DYNC2H1,7532,0.1072
LINC01435,7092,0.1072
CDX1,1438,0.1072
ENSG00000253406,1473,0.1072
ENSG00000253256,5604,0.1072
ENSG00000272563,3570,0.1072
GTF2B,7610,0.1072
LINC02178,3067,0.1072
C2orf88,7284,0.1072
ENSG00000260729,7512,0.1071
ENSG00000291215,5941,0.1071
LINC01182,6358,0.1071
ENSG00000277941,717,0.1071
ZNF623,7398,0.1071
CAPN10,7407,0.1071
PINX1,7330,0.1071
ZC3H7B,7498,0.1071
MIR22HG,7440,0.1071
NUP155,7529,0.1071
RPL35AP28,223,0.107
KPNA2P1,383,0.107
ENSG00000244510,257,0.107
CASTOR3P,7452,0.107
PTCD2,7353,0.107
ACAT1,7444,0.107
LGALS8,7578,0.107
GINS1,7357,0.107
COG3,7563,0.107
ENSG00000258906,1570,0.107
MTND4P35,1688,0.107
ENSG00000258760,6351,0.107
ENSG00000237011,81,0.107
RBBP7,7568,0.107
SC5D,7379,0.1069
BSDC1,7578,0.1069
ENSG00000289267,1369,0.1069
TFIP11,7456,0.1069
ENSG00000279130,187,0.1069
SDHB,7508,0.1069
LINC01339,3653,0.1069
PTGR2,7356,0.1069
LINC01738,497,0.1069
AP2B1,7637,0.1069
EPHB1,7218,0.1069
IMPG2,7347,0.1069
DTX2,7497,0.1069
PPP1R15B,7604,0.1068
PIP5K1P2,73,0.1068
HEATR5A,7613,0.1068
OTUB2,7229,0.1068
SEPTIN2,7640,0.1068
Y_RNA-453,78,0.1068
SLC35F1,6911,0.1068
LINC02652,6217,0.1068
HMGB1,7566,0.1068
DTX3,6343,0.1068
TRAPPC6B,7521,0.1068
ENSG00000249406,3243,0.1068
ENSG00000248993,6531,0.1068
IQCH-AS1,7303,0.1068
ENSG00000285873,6646,0.1068
TSR2,7405,0.1068
SH3PXD2A-AS1,5138,0.1067
PPIL4,7602,0.1067
IQANK1,7270,0.1067
ENSG00000272980,7344,0.1067
ENSG00000259275,7169,0.1067
HOXB1,143,0.1067
ENSG00000229131,1967,0.1067
KCNK7,6309,0.1067
DLGAP1-AS1,7297,0.1067
LIMS4,712,0.1067
SWI5,7384,0.1067
ENTR1,7353,0.1067
SH3TC1,6973,0.1067
ENSG00000284523,7265,0.1067
ARHGEF18,7573,0.1067
SLFNL1,6494,0.1067
ENSG00000291007,1610,0.1066
GAD1,7223,0.1066
ENSG00000258921,542,0.1066
APEH,7303,0.1066
LRRTM4,7398,0.1066
MRM1,6904,0.1066
RAB4B,7461,0.1066
CDC42SE2,7636,0.1066
SNHG16,7487,0.1066
LINC00487,2091,0.1066
KRT8P41,350,0.1066
LINC00865,744,0.1066
ENSG00000277639,5344,0.1066
ENSG00000227938,55,0.1066
ACTBP15,277,0.1066
LINC02086,7236,0.1066
GMCL2,568,0.1066
BTN3A1,7387,0.1066
ENSG00000275830,5137,0.1065
ENSG00000287754,157,0.1065
LRRK1,7499,0.1065
RAPH1,7619,0.1065
CDC20,7357,0.1065
ENSG00000279518,5935,0.1065
ENSG00000253308,74,0.1065
CCDC181,7218,0.1065
ENSG00000265174,275,0.1065
SAXO1,6871,0.1065
TSTD3,7468,0.1065
TMED7-TICAM2,7449,0.1065
RN7SL403P,5482,0.1065
ZC3H4,7485,0.1065
LINC01493,863,0.1065
RNVU1-26,176,0.1065
IFRD2,7254,0.1065
LINC01839,324,0.1065
GNL3,7589,0.1064
ENSG00000287158,6255,0.1064
ENSG00000235403,248,0.1064
ENSG00000280108,151,0.1064
ENSG00000253420,4677,0.1064
TNS2,7307,0.1064
WDSUB1,7472,0.1063
ENSG00000269982,6530,0.1063
CIZ1,7475,0.1063
SEMA4G,6982,0.1063
CYBC1,7390,0.1063
RAD51,7339,0.1063
IMPA1,7496,0.1063
ABR,7614,0.1063
FAM90A27P,80,0.1063
ENSG00000260113,149,0.1063
TCOF1,7519,0.1063
ITGAX,6029,0.1063
IL1R2,5895,0.1063
EGLN2,7352,0.1063
CCDC89,3194,0.1063
C3orf85,1576,0.1063
ENSG00000290790,1682,0.1063
ENSG00000287464,223,0.1063
ENSG00000278989,5212,0.1063
SLC6A3,4897,0.1063
ENSG00000259356,86,0.1062
TASL,572,0.1062
LSM3,7512,0.1062
VEPH1,7281,0.1062
ENSG00000289538,1034,0.1062
ENSG00000234537,943,0.1062
LINC02464,3026,0.1062
UBE2Q2P2,7584,0.1062
MIR34AHG,7538,0.1062
AGBL5-AS1,331,0.1062
LINC01776,6634,0.1062
MORC3,7618,0.1061
TCN1,6135,0.1061
ENSG00000235347,150,0.1061
LINC00845,4473,0.1061
RNPEPL1,7290,0.1061
THAP4,7439,0.1061
SNED1,7436,0.1061
HK3,6796,0.1061
TREML2,1977,0.1061
DNAJC7,7619,0.1061
LETMD1,7462,0.1061
LINC01255,390,0.1061
GPR15LG,784,0.1061
ENSG00000274265,7447,0.1061
ENSG00000258454,6789,0.1061
PUM2,7641,0.1061
GIPC1,7508,0.1061
PKIG,7490,0.1061
GOLGA4,7641,0.1061
DDI2,7532,0.1061
CGB8,164,0.1061
GALNT5,7217,0.1061
KIF19,2778,0.1061
ENSG00000267015,1510,0.1061
ENSG00000256654,2012,0.106
LINC01630,6506,0.106
PGM5P2-1,7024,0.106
MGC32805,5238,0.106
OR6P1,61,0.106
ENSG00000286539,408,0.106
PLXDC2,7318,0.106
TTC7B,7468,0.106
ENSG00000226206,314,0.106
ENSG00000249258,5925,0.106
GUCY1A2,7075,0.106
TBP,7450,0.106
RNLS,7160,0.106
ENSG00000289844,347,0.106
RGS19,7182,0.106
MRPS24,7378,0.106
CCNO-DT,7201,0.106
FAM118A,7415,0.1059
MICE,6606,0.1059
GMDS-DT,7633,0.1059
GUCY2D,2404,0.1059
EGLN3-AS1,2554,0.1059
H3C6,6611,0.1059
ENSG00000289911,7282,0.1059
ARL6IP4,7450,0.1059
SLTM,7632,0.1059
TRIP11,7605,0.1059
ENSG00000236031,3525,0.1059
TNFRSF14,7114,0.1059
BCOR,7622,0.1059
ENSG00000286728,3140,0.1058
SNORA11F,6926,0.1058
EMC2,7513,0.1058
MC2R,299,0.1058
MCF2L2,7400,0.1058
ENSG00000243620,6733,0.1058
LINC00592,6573,0.1058
BIVM,7513,0.1058
ENSG00000243491,1283,0.1058
LINC01239,7265,0.1058
CTNNBL1,7622,0.1058
ENSG00000287594,360,0.1058
ENSG00000286007,753,0.1058
CEND1,1074,0.1058
PSMC1P11,135,0.1057
MORN1,7338,0.1057
LINC02857,2770,0.1057
LINC01305,352,0.1057
GNG7,7380,0.1057
NGFR,7069,0.1057
DDX11-AS1,7259,0.1057
ST6GALNAC6,7330,0.1056
ITM2C,7410,0.1056
CDC7,7323,0.1056
RPL22L1,7367,0.1056
ANXA3,7543,0.1056
STX16,7563,0.1056
OR5B12,440,0.1056
LRFN1,5586,0.1056
AKAP17A,7560,0.1056
KYNU,7614,0.1056
ENSG00000283208,7335,0.1055
HIP1R,7394,0.1055
WDR73,7402,0.1055
ZNF276,7334,0.1055
SRGAP2B,7431,0.1055
SLC2A5,6256,0.1055
RGL2,7420,0.1055
CADM2,7464,0.1055
TBC1D2,7466,0.1055
ENSG00000288001,794,0.1055
ITGA9-AS1,7312,0.1055
BCLAF1,7637,0.1055
TEX10,7607,0.1055
COL4A5,7585,0.1055
OR1E2,110,0.1055
CD44-DT,3418,0.1054
TSPAN17,7356,0.1054
P2RX4,7473,0.1054
BTBD16,7010,0.1054
PDHB,7386,0.1054
FBXO5,7361,0.1054
GJB5,1978,0.1054
TMEM61,3202,0.1054
ZNF827,7594,0.1054
CEACAM22P,1599,0.1054
ANXA2R-AS1,7323,0.1054
ENSG00000279235,5206,0.1054
BMP1,7420,0.1053
CNOT4,7635,0.1053
ENSG00000288587,7073,0.1053
RLF,7641,0.1053
KIF19BP,6684,0.1053
DUTP2,216,0.1053
ENSG00000274979,2238,0.1053
REST,7626,0.1053
RRAGA,7360,0.1053
ENSG00000260177,6585,0.1053
ZSWIM9,7401,0.1053
BTG4,4303,0.1053
ENSG00000240963,7455,0.1053
DLST,7536,0.1053
POP1,7352,0.1053
NOP14,7418,0.1053
FMOD,1274,0.1053
MRAP-AS1,4835,0.1053
EPB41L2,7632,0.1053
ZHX1,7492,0.1053
ENSG00000289432,748,0.1052
SEC22A,7628,0.1052
LDHB,7594,0.1052
OR2Z1,758,0.1052
KCNK13,6781,0.1052
AK6,7459,0.1052
ARHGEF3,7608,0.1052
CDK6-AS1,6443,0.1052
ENSG00000234340,1918,0.1051
ENSG00000255457,291,0.1051
SNRPF,7477,0.1051
MIR3681HG,7467,0.1051
PSORS1C1,7331,0.1051
PANK3,7606,0.1051
ENSG00000286110,98,0.1051
ENSG00000235237,3493,0.1051
ENSG00000214908,54,0.1051
SLAMF7,4093,0.1051
FAIM2,1840,0.105
PDGFB,7394,0.105
SHCBP1,7396,0.105
SORD,7305,0.105
UGGT1,7556,0.105
RABGGTA,7230,0.105
ENSG00000279726,4862,0.105
PGAP1,7569,0.105
RNF26,7303,0.105
ENSG00000270828,563,0.105
ENSG00000287320,1173,0.1049
PPP2R1A,7585,0.1049
IDH2-DT,6696,0.1049
SLC52A2,7152,0.1049
ENSG00000261392,475,0.1049
FZR1,7461,0.1049
ENSG00000287885,577,0.1049
SMPDL3A,7001,0.1049
FARSA,7360,0.1049
LINC01730,6823,0.1049
ENSG00000287198,1227,0.1049
LY6D,1161,0.1049
LINC02451,1154,0.1049
SGTB,7470,0.1049
ENSG00000288772,6429,0.1049
MMP7,7093,0.1048
CABYR,7228,0.1048
C1RL,7427,0.1048
ENSG00000285885,547,0.1048
ENSG00000276128,2364,0.1048
TRIM3,7431,0.1048
ASIC1,7133,0.1048
L3HYPDH,7379,0.1048
SLC29A2,6868,0.1048
USP47,7634,0.1048
P4HA3,7280,0.1048
ANKRD44,7532,0.1048
RAB11FIP5,7473,0.1048
ZNF83,7604,0.1048
AIDAP2,5844,0.1048
XXYLT1-AS2,3228,0.1048
ADARB2-AS1,1890,0.1048
FADD,7286,0.1048
PTMAP5,7241,0.1048
ENSG00000226197,6380,0.1048
LINC01346,1525,0.1048
ENSG00000290766,411,0.1048
CELSR1,7563,0.1048
LINC00993,5147,0.1048
NANOS3,6784,0.1047
KIR3DL1,228,0.1047
CPNE8,7577,0.1047
NIBAN3,6647,0.1047
METTL5,7468,0.1047
NKAPL,2967,0.1047
CNN2P9,602,0.1047
GLIS3-AS1,1827,0.1047
LMCD1,7409,0.1047
CIAO2B,7450,0.1047
ENSG00000290435,617,0.1047
LINC00583,118,0.1047
PLA2G2A,5164,0.1047
HDDC2,7452,0.1047
TMEM87B,7538,0.1047
ENSG00000272465,2697,0.1047
BANK1,7026,0.1047
VSX1,1768,0.1047
ASAH1,7493,0.1047
ENSG00000285634,1028,0.1047
RAMP2-AS1,2599,0.1046
OGFOD1,7439,0.1046
WDR41,7586,0.1046
ENSG00000282904,207,0.1046
WDR97,6853,0.1046
STARD9,7441,0.1046
IFNAR1,7582,0.1046
ENSG00000225032,7074,0.1046
MTMR3,7585,0.1046
LINC01685,898,0.1046
PCSK7,7469,0.1046
MARVELD1,7211,0.1046
MSANTD2-AS1,6849,0.1046
LINC00626,431,0.1045
IQSEC2,7376,0.1045
LINC02666,6590,0.1045
MYO1G,4476,0.1045
DIABLO,7531,0.1045
BNIP2,7564,0.1045
KIAA1210,1242,0.1045
ZCCHC9,7511,0.1045
TAF1A,7381,0.1045
RNF11,7595,0.1045
COLEC10,6820,0.1045
FCHO2-DT,3290,0.1044
C12orf57,7360,0.1044
WDR18,7238,0.1044
BAK1,7280,0.1044
TGFB1I1,6787,0.1044
ABRAXAS2,7444,0.1044
C11orf91,7092,0.1044
ENSG00000287477,371,0.1044
POMGNT1,7393,0.1044
AGAP2,6109,0.1044
RBMX2,7392,0.1044
CHRM3,7550,0.1044
TMIE,4234,0.1044
CHTOP,7495,0.1044
ZNF587,7414,0.1043
ENSG00000251095,7101,0.1043
ZSCAN31,7277,0.1043
TMEM165,7640,0.1043
TSGA10IP,2471,0.1043
LINC00842,5582,0.1043
MTUS2,7101,0.1043
ENSG00000254548,4818,0.1043
WDR55,7439,0.1043
WDR4P2,120,0.1043
MCM10,7327,0.1043
ELFN1-AS1,4065,0.1042
ENSG00000253260,840,0.1042
ENSG00000270871,7323,0.1042
TGFBR1,7576,0.1042
EDNRB-AS1,3789,0.1042
SDAD1P1,7259,0.1042
ENSG00000260362,408,0.1042
NUDT16-DT,7364,0.1042
RBMY3AP,156,0.1042
EBNA1BP2,7458,0.1042
LINC01667,2561,0.1042
ENSG00000260457,111,0.1041
ENSG00000287124,7028,0.1041
RRAGC-DT,7464,0.1041
TRIM21,7208,0.1041
ENSG00000257989,2967,0.1041
ENSG00000256916,3287,0.1041
CCDC9B,7023,0.1041
RPA3,7368,0.1041
RDH11,7474,0.1041
ENSG00000291006,7272,0.1041
ENSG00000253659,3810,0.1041
IFNAR2,7541,0.1041
WNT2B,7568,0.1041
ENSG00000255921,2943,0.1041
ENSG00000290890,7400,0.1041
LINC00971,5784,0.1041
ENSG00000276261,1576,0.1041
STS,7502,0.104
MRPL3,7543,0.104
DNAJC25-GNG10,6992,0.104
TMC6,7341,0.104
CACNA1E,6469,0.104
ENSG00000254459,7364,0.104
ISL1-DT,3187,0.104
TXNRD2,7430,0.104
ENSG00000287712,6761,0.104
ACSM2B,685,0.104
ENSG00000288266,83,0.104
MZF1,7419,0.104
RAPGEF5,7520,0.104
GINS2,7161,0.1039
SENCR,1380,0.1039
LINC01594,4872,0.1039
VAMP1,7321,0.1039
LINC01252,6764,0.1039
FCGBP,6790,0.1039
LINC02252,351,0.1039
DARS1,7632,0.1039
SKI,7619,0.1039
ENSG00000249631,6973,0.1039
LINC01739,993,0.1039
ENSG00000272966,2024,0.1039
TMPRSS5,7098,0.1039
ENSG00000290241,6956,0.1039
GGA1,7463,0.1039
DDX21,7635,0.1039
ENSG00000261101,5381,0.1039
MCMBP,7553,0.1039
ENSG00000268931,1561,0.1039
OR2J3,1636,0.1039
ENSG00000269082,3135,0.1038
ENSG00000282602,1042,0.1038
MTMR12,7545,0.1038
ADAM7-AS2,340,0.1038
DNAJC18,7328,0.1038
ELANE,3338,0.1038
NBEAL1,7640,0.1038
GNG5,7506,0.1038
ENSG00000268107,5827,0.1038
STYXL1,7513,0.1038
ENSG00000250481,1881,0.1038
ENSG00000229271,675,0.1038
SLC25A48,6975,0.1037
RAB40AL,987,0.1037
ENSG00000250519,7367,0.1037
ENSG00000225258,4417,0.1037
PKP3,7166,0.1037
PIK3IP1-DT,7198,0.1037
NTAQ1,7372,0.1037
SLC7A5P1,3888,0.1037
ENSG00000259457,23,0.1037
TMEM178B,7579,0.1037
ENSG00000290034,4500,0.1037
PIP5K1C,7438,0.1037
WEE2P1,102,0.1037
RNU6-1154P,130,0.1037
HABP4,7451,0.1037
HLA-DMA,7203,0.1037
LINC00907,7318,0.1037
GART,7569,0.1037
KCNN1,7180,0.1037
CRIPT,7472,0.1036
ENSG00000267124,619,0.1036
ENSG00000288805,1684,0.1036
PROCR,7308,0.1036
PIGN,7574,0.1036
DPP4-DT,1859,0.1036
GNL1,7490,0.1036
ENSG00000260473,4648,0.1036
CACNB2,7354,0.1036
FTOP1,510,0.1036
DNAH6,7267,0.1036
POLR3E,7382,0.1036
TMEM51-AS1,6983,0.1036
SPCS2P4,2468,0.1036
CCBE1,7347,0.1036
ENSG00000289041,2137,0.1035
TBL1X,7613,0.1035
ITPKC,7512,0.1035
AGGF1,7465,0.1035
ESX1,362,0.1035
FGD4,7614,0.1035
SEH1L,7484,0.1035
Metazoa_SRP-31,105,0.1035
ZDHHC8,7310,0.1035
ASTL,6067,0.1035
GLI3,7497,0.1035
XIAPP3,3159,0.1035
ENSG00000272825,1057,0.1035
PSMC4,7444,0.1035
LINC02627,1799,0.1035
ALK,7226,0.1035
GTF2IRD1P1,5852,0.1035
AP2S1,7419,0.1034
CDK8P2,2137,0.1034
UNC5B,7444,0.1034
ENSG00000261098,7117,0.1034
ENSG00000258440,56,0.1034
BOK,6993,0.1034
U3-11,316,0.1034
ZNF783,7396,0.1034
PKD2,7556,0.1034
ENSG00000271918,5523,0.1034
TEAD4,7485,0.1034
PIP4P1,7338,0.1034
CHN2,7402,0.1034
ENSG00000225605,4892,0.1034
SLC39A6,7506,0.1034
ITPRIP,7475,0.1033
ARHGAP15,6967,0.1033
SMARCD3,7329,0.1033
LINC01090,7269,0.1033
MKNK2,7587,0.1033
FBXO7,7469,0.1033
EBP,7366,0.1033
E2F5,7295,0.1033
HNRNPA1P52,2303,0.1033
TMEM125,4180,0.1033
TRAF2,7436,0.1033
KCNIP4,7330,0.1033
SEC61G,7564,0.1033
WIF1,3045,0.1033
PIP4K2A,7581,0.1033
UBE2Q2P13,5603,0.1033
HSD17B3,7300,0.1032
TRIP6,7290,0.1032
C1R,7280,0.1032
PPARGC1B,7319,0.1032
TDGF1,1564,0.1032
ENSG00000253557,7007,0.1032
EIF2S2,7632,0.1032
PSME2,7479,0.1032
SLC38A11,2551,0.1032
LINC01597,1684,0.1032
BLTP1,7637,0.1032
CTRB2,561,0.1032
PPP2R5B,7414,0.1032
LINC00664,1458,0.1031
ENSG00000286872,5399,0.1031
TUBB2A,7364,0.1031
ENSG00000259407,7011,0.1031
CFD,7327,0.1031
PARP2,7456,0.1031
ENSG00000237158,137,0.103
YBX1,7632,0.103
ENSG00000254830,88,0.103
NUS1P2,1056,0.103
VSIR,6716,0.103
INTS11,7400,0.103
SMIM35,4281,0.103
HHLA3-AS1,468,0.103
TAPT1-AS1,7376,0.103
ENSG00000257985,1086,0.103
ABLIM2,7397,0.103
MAP10,3186,0.1029
KCNMB2,7444,0.1029
ZSCAN1,917,0.1029
ILKAP,7532,0.1029
NPIPB3,6390,0.1029
CTDP1,7511,0.1029
IL9RP1,91,0.1029
ENSG00000229065,3580,0.1029
ENSG00000231922,161,0.1029
SMIM23,1124,0.1029
MFSD6,7506,0.1029
RASGEF1B,7186,0.1029
LINC01558,1765,0.1029
IFRD1,7636,0.1029
ROCK1,7641,0.1029
TBC1D9,7433,0.1029
SULT1E1,663,0.1029
PIK3R2,7343,0.1029
ATP6V1D,7560,0.1029
SNHG8,7509,0.1029
DXO,7196,0.1029
ENSG00000258539,7052,0.1029
ZFP91,7630,0.1029
TMEM132D,7263,0.1029
PKP4-AS1,6922,0.1029
DNAAF5,7409,0.1028
GOLPH3,7636,0.1028
ANAPC1P4,7045,0.1028
ENSG00000291055,6720,0.1028
SLC12A2-DT,7544,0.1028
TRIM29,6424,0.1028
TM4SF19,7464,0.1028
RN7SL397P,1126,0.1028
ENSG00000289951,48,0.1028
POFUT2,7429,0.1028
MVK,7289,0.1028
REEP5,7560,0.1028
LINC02904,6213,0.1028
MINDY4,7327,0.1028
ENSG00000227718,2152,0.1028
UGT1A12P,185,0.1028
SPATA17,7343,0.1028
CCT6P3-1,7486,0.1027
ZER1,7504,0.1027
ZNF579,7205,0.1027
ENSG00000250376,183,0.1027
CASZ1,7470,0.1027
ENSG00000279858,1250,0.1027
RNU2-32P,245,0.1027
NUP188,7536,0.1027
PINK1,7367,0.1027
APOC3,324,0.1027
ZNF69,7279,0.1027
LDHD,4946,0.1027
ADGRL3,7349,0.1027
LINC02067,3240,0.1027
ENSG00000226945,61,0.1026
NABP1,7634,0.1026
LRRC37A11P,1215,0.1026
GALK2,7628,0.1026
LRWD1,7219,0.1026
CLPX,7552,0.1026
ENSG00000228334,3013,0.1026
LNCOG,5616,0.1026
LINC02186,82,0.1026
ENSG00000259827,6609,0.1026
ENSG00000286958,419,0.1026
NRG2,7397,0.1026
RABEPK,7450,0.1025
KTN1-AS1,7361,0.1025
RRS1,7129,0.1025
TMC5,7416,0.1025
NUDT21,7519,0.1025
TMEM219,7382,0.1025
DPYD,7627,0.1025
SLC26A4,6834,0.1025
LRR1,7371,0.1025
REL-DT,6252,0.1025
CCDC92,7542,0.1025
HLA-W,685,0.1025
LINC01145,1148,0.1025
CPQ,7526,0.1025
PTOV1,7474,0.1025
ENSG00000255946,7306,0.1025
LINC02151,97,0.1025
ENSG00000242568,361,0.1024
GEMIN5,7399,0.1024
ENSG00000229209,2302,0.1024
UBE2R2-AS1,7164,0.1024
CKMT1A,4580,0.1024
MAN1A1,7567,0.1024
ENSG00000264545,7353,0.1024
ENSG00000287693,4575,0.1024
LINC02056,4235,0.1024
KCNK6,7431,0.1024
ZSWIM5,7614,0.1024
ENSG00000229970,6412,0.1024
C2CD4C,4472,0.1024
DENR,7615,0.1024
RASD2,5157,0.1024
FCGRT,7020,0.1024
FADS3,7339,0.1024
ENSG00000233574,33,0.1024
RABGEF1,7641,0.1024
TREML3P,2696,0.1023
GPR33,67,0.1023
ST6GALNAC1,4604,0.1023
CARD11,7333,0.1023
MDM4,7607,0.1023
RUFY1-AS1,7096,0.1023
ENSG00000240553,7459,0.1023
ENSG00000255301,1402,0.1023
LINC01208,7251,0.1023
ENSG00000286251,7273,0.1023
DGUOK-AS1,7046,0.1023
ENSG00000232748,5472,0.1022
NKAIN3,7274,0.1022
CFTR,6877,0.1022
ENSG00000226984,33,0.1022
ATG101,7341,0.1022
LURAP1L-AS1,7367,0.1022
WDR49,7358,0.1022
PRC1-AS1,7352,0.1022
AARSD1P1,236,0.1022
CARM1P1,2438,0.1022
CEBPE,222,0.1022
DLG4,7442,0.1022
LINC02672,4147,0.1021
SYPL2,3073,0.1021
ABCB11,4964,0.1021
EIF1B-AS1,7337,0.1021
MS4A4E,1239,0.1021
CCNYL1,7527,0.1021
ENSG00000196893,2135,0.1021
ZNF280A,3600,0.1021
PEAR1,6687,0.1021
ENSG00000261338,6785,0.102
ANO2,6660,0.102
ANXA11,7610,0.102
CA3,7220,0.102
TMEM106C,7354,0.102
UTP11,7406,0.102
HEATR4,6899,0.102
BTF3L4,7517,0.102
ENSG00000248744,1063,0.102
CD164L2,2318,0.102
MDC1,7484,0.102
SHROOM3,7581,0.102
ENSG00000289254,7061,0.102
CARD10,7279,0.102
CCDC162P,7380,0.102
ENSG00000251613,3483,0.1019
IL17RA,7419,0.1019
MCC,7522,0.1019
ENSG00000280375,3257,0.1019
COL4A2,7592,0.1019
MTND5P19,251,0.1019
MCM5,7393,0.1019
ENSG00000229779,777,0.1019
ENSG00000242611,588,0.1019
NPY4R,108,0.1019
POT1-AS1,7288,0.1019
C1orf112,7391,0.1019
MKRN1,7570,0.1019
HADH,7359,0.1019
ARNT2-DT,5427,0.1019
PPM1E,7328,0.1019
ENSG00000241679,2136,0.1019
ENSG00000231703,3261,0.1018
DEPDC1-AS1,5717,0.1018
ENSG00000286912,4516,0.1018
AMN,6649,0.1018
RPUSD4,7403,0.1018
TCEA1,7624,0.1018
DSEL-AS1,6570,0.1018
IL19,6415,0.1018
FAM186B,6700,0.1018
CUEDC1,7543,0.1018
KIF3C,7387,0.1018
MRPL51,7457,0.1018
MIR4280HG,6129,0.1018
ENSG00000273474,827,0.1018
ENSG00000270124,944,0.1018
ENSG00000271021,86,0.1018
SNHG14,7598,0.1018
CHROMR,7298,0.1018
CDH1,7625,0.1018
LINC02302,1163,0.1018
LRRC53,961,0.1018
ENSG00000265349,4860,0.1018
GRK3,7554,0.1018
HTN3,180,0.1018
NCALD,7152,0.1018
GRK6,7378,0.1018
AMER3,291,0.1018
ENSG00000285458,7361,0.1018
DUSP8P5,4366,0.1018
FLNC,7058,0.1017
TMC1,7079,0.1017
ENSG00000285216,7388,0.1017
ENSG00000287403,684,0.1017
NBPF14,7449,0.1017
SIGLEC24P,332,0.1017
MTHFS,7454,0.1017
CHRNA10,6767,0.1017
IQGAP2,7325,0.1017
ADGRG3,5137,0.1017
ENSG00000269792,221,0.1017
IGIP,7361,0.1016
ADCY7,7445,0.1016
CCDC14,7588,0.1016
CHFR,7564,0.1016
DEDD,7384,0.1016
SDHAP4-1,7491,0.1016
RYR3,7101,0.1016
PDGFC,7577,0.1016
GNS,7615,0.1016
ENSG00000286707,6663,0.1016
WDTC1-DT,1191,0.1016
CYRIB,7633,0.1016
NOL6,7303,0.1016
SPSB4,4528,0.1016
ENSG00000254429,203,0.1016
ZNF592,7595,0.1016
ENSG00000237666,758,0.1016
NMRK1,7395,0.1016
MGAT5B,7211,0.1015
ENSG00000249738,7333,0.1015
ENSG00000225280,1196,0.1015
ENSG00000251034,7232,0.1015
RPL22P2,2324,0.1015
FLG-AS1,7226,0.1015
SLC6A12,5918,0.1015
ENSG00000286626,4468,0.1015
PHOSPHO2,7287,0.1015
TARS3,7526,0.1015
GMPR2,7399,0.1015
C2CD5,7521,0.1015
MYCL-AS1,137,0.1015
RIOK2,7496,0.1015
IER5,7514,0.1015
VCPIP1,7515,0.1015
ENSG00000262370,1535,0.1015
DEPDC1B,7418,0.1015
PPARD,7596,0.1015
LINC01977,4758,0.1015
ENSG00000225218,7303,0.1015
RIIAD1,3579,0.1014
GPATCH11P1,58,0.1014
LINC02651,57,0.1014
ELOVL1,7415,0.1014
PI4KAP1-1,7003,0.1014
SH3RF3,7506,0.1014
PCBD1,7294,0.1014
ENSG00000231128,6153,0.1014
NR2F2,7481,0.1014
TATDN2P2,6975,0.1014
NEXN,7350,0.1014
KLHL3,7221,0.1014
CABLES1,7425,0.1014
HERC2P3-1,7437,0.1014
SYNM-AS1,7290,0.1014
CNIH2,6913,0.1014
ENSG00000290522,298,0.1014
ACADSB,7470,0.1013
LINC02363,6932,0.1013
RARG,7256,0.1013
RPL10P19,3692,0.1013
LCN1P1,388,0.1013
ENSG00000261513,113,0.1013
MAP3K3,7446,0.1013
ENSG00000284376,1172,0.1013
C1orf162,6581,0.1013
DKK2,7000,0.1013
ADCY3,7427,0.1013
CERCAM,7336,0.1013
CYB5D1,7299,0.1013
TMEM232,7266,0.1012
LINC01705,7344,0.1012
NDUFV1,7457,0.1012
MOSPD2,7562,0.1012
RNASET2,7508,0.1012
LRRC56,6527,0.1012
ATP6AP2,7518,0.1012
MAGEF1,7327,0.1012
BRAP,7511,0.1012
CCDC146,7583,0.1012
NT5DC2,7268,0.1012
ENSG00000236154,551,0.1012
UPF3B,7562,0.1012
ENSG00000276063,292,0.1011
FIGNL2-DT,1307,0.1011
ENSG00000288543,1674,0.1011
RFK,7452,0.1011
ENSG00000249741,247,0.1011
ENSG00000263015,2170,0.1011
EPHX3,7131,0.1011
GP6-AS1,7589,0.1011
KRTAP5-AS1,7040,0.1011
LAMP1,7526,0.1011
CRAT37,6133,0.1011
IARS1,7639,0.1011
EBF4,7298,0.1011
ZC3H12A-DT,7385,0.1011
SNHG17,7498,0.1011
RBM14,7498,0.1011
FAM3C2P,6465,0.1011
OR7E1P,100,0.1011
GAB1,7623,0.1011
EIF3B,7615,0.1011
DCAF12,7480,0.1011
ZNF277-AS1,6884,0.1011
ENSG00000287144,3758,0.1011
ENSG00000277463,5794,0.1011
LINC03003-1,5641,0.1011
LINC03006-1,7454,0.1011
ENSG00000273919,328,0.101
CDH16,976,0.101
LMF1,7402,0.101
SGCB,7398,0.101
UROD,7305,0.101
KLHDC2,7424,0.101
HLA-DOA,473,0.101
LINC01189,835,0.101
SPRY1,7478,0.101
TMPRSS4,7381,0.101
TRIP10,7521,0.101
JAG2,7199,0.1009
ZNF26,7550,0.1009
PEPD,7467,0.1009
ZNF355P,114,0.1009
LINC01342,2408,0.1009
ENSG00000225610,7055,0.1009
ARHGAP11A-DT,6001,0.1009
ENSG00000251249,181,0.1009
ENSG00000264177,32,0.1009
PUSL1,6937,0.1009
ENSG00000259222,698,0.1009
ZBTB17,7439,0.1009
NT5C3A,7628,0.1009
NOS2,3191,0.1009
GDI1,7557,0.1009
PIGV,7256,0.1009
WASH7P,5913,0.1009
CBR3,7080,0.1009
CEP72,7493,0.1008
ERCC1,7552,0.1008
LINC02696,720,0.1008
C9orf85,7580,0.1008
MFN1,7581,0.1008
AP5Z1,7423,0.1008
ENSG00000284740,5965,0.1008
ARHGAP21,7635,0.1008
ZNF598,7378,0.1008
LINC01960,29,0.1008
ENSG00000287097,4713,0.1008
SGO2,7549,0.1008
ENSG00000280078,5824,0.1008
ENSG00000197332,7314,0.1008
ENSG00000276136,2625,0.1007
DUT-AS1,6216,0.1007
CBX7,7283,0.1007
LSM5,7426,0.1007
SAV1,7564,0.1007
LINC01204,6648,0.1007
VTI1B,7488,0.1007
HSPE1P9,50,0.1007
CKAP2LP1,1555,0.1007
RPL29P11,169,0.1007
RASL12,4536,0.1007
ENSG00000289365,2447,0.1007
KCNIP3,6833,0.1006
KCNJ14,7375,0.1006
CREG2,6912,0.1006
ENSG00000253660,919,0.1006
GKN2,1308,0.1006
SSX6P,1245,0.1006
KCTD11,7319,0.1006
NFXL1,7542,0.1006
ENSG00000254910,299,0.1006
SFSWAP,7636,0.1006
ENSG00000237473,4201,0.1006
CD300A,3487,0.1006
NRP2,7469,0.1005
PIK3R5,4589,0.1005
GJA5,1014,0.1005
LDLRAP1,7325,0.1005
SHC1,7554,0.1005
VTI1BP2,137,0.1005
ENSG00000253842,517,0.1005
LINC02045,3696,0.1005
CSNK1G2-AS1,432,0.1005
MRPS21,7428,0.1005
CACNG5,3942,0.1005
RNF217-AS1,7235,0.1005
IRAG1-AS1,7044,0.1005
DACH1,7227,0.1005
RAP2C-AS1,7347,0.1005
IPO4,7320,0.1005
MYOM1,7313,0.1005
CPT1C,6919,0.1005
ELP3,7543,0.1005
ENSG00000260949,6759,0.1005
KPNA4,7636,0.1004
APOBEC3D,6340,0.1004
ENSG00000198671,161,0.1004
TRPC1,7557,0.1004
PDGFA,7559,0.1004
PIGK,7449,0.1004
AJUBA,7302,0.1004
MLF1,7447,0.1004
ENSG00000249478,338,0.1004
BBS2,7452,0.1004
GPR135,7425,0.1004
RPF2,7504,0.1004
PLA2G4F,2679,0.1004
NCR3LG1,7240,0.1004
AKR7A3,6010,0.1004
SLIT3,7167,0.1004
TMEM45B,7511,0.1004
ZNF337,7574,0.1004
ENSG00000272162,7236,0.1004
LINC02455,140,0.1004
MRPS34,7326,0.1004
PPWD1,7549,0.1003
RPL22,7525,0.1003
B4GALNT1,6961,0.1003
CXADRP3,1012,0.1003
ENSG00000287726,4680,0.1003
OR4M2,31,0.1003
ENSG00000271064,155,0.1003
ENSG00000246465,3330,0.1003
SNAI1,7090,0.1003
HMOX1,7306,0.1003
IL12A-AS1,6838,0.1003
ABHD17A,6939,0.1003
DYNC1LI2,7626,0.1003
UNC50,7414,0.1003
PRSS30P-1,877,0.1003
BTBD10,7573,0.1003
ENSG00000267458,7167,0.1003
ENSG00000286340,5848,0.1002
MUC22,3093,0.1002
OGFOD2,7143,0.1002
PMPCA,7429,0.1002
PHLPP2,7511,0.1002
LINC01221,2479,0.1002
ICAM4-AS1,6791,0.1002
HERC2P2,7273,0.1002
ASB12,594,0.1002
MTCH1,7535,0.1001
NUFIP2,7641,0.1001
ENSG00000289958,3156,0.1001
ADAM32,7520,0.1001
H2AC25,7039,0.1001
ENSG00000241597,134,0.1001
BEND4,3358,0.1001
MED15P7,506,0.1001
LINC02613,6628,0.1001
AMOTL1,7514,0.1001
NCAPD2P1,246,0.1001
ENSG00000287434,515,0.1001
HMGCL,7459,0.1001
SKP2,7418,0.1001
RASGRP3,7102,0.1001
GRIN1,4771,0.1001
LAPTM5,4908,0.1001
ENSG00000248347,6123,0.1001
PVR,7549,0.1001
FNBP1,7634,0.1001
VPS33A,7482,0.1001
AKR1B1,7398,0.1
C4BPA,3027,0.1
N4BP2L1,7331,0.1
VPS37C,7464,0.1
INPP5F,7572,0.1
KLF4,7397,0.1
ENSG00000229321,7362,0.1
PIANP,2408,0.1
ISLR,1070,0.1
ENSG00000287045,7158,0.1
ACCS,7022,0.1
MPHOSPH10,7551,0.1
ICOS,514,0.1
B3GNT9,6937,0.1
AMY2B,7265,0.1
ENSG00000239991,890,0.1
LRBA,7641,0.1
CISD2,7469,0.1
STRIP2,7488,0.1
VPS51,7470,0.1
SELPLG,6762,0.1
TTYH3,7509,0.1
ADAT1,7345,0.1
INO80B,7419,0.0999
LINC02504,88,0.0999
ERC2,7253,0.0999
XDH,7376,0.0999
TRIM5,7540,0.0999
MSLNL,6499,0.0999
LINC01033,7022,0.0999
LINC02803,7241,0.0999
ZNG1A,7371,0.0999
ENSG00000286256,1287,0.0999
SUB1,7619,0.0999
RARS2,7614,0.0999
NDUFB6,7424,0.0999
LBX1-AS1,2215,0.0999
ENSG00000227531,5240,0.0999
CCDC85C,7489,0.0999
ENSG00000287514,1092,0.0998
RRP12,7539,0.0998
AIRE,458,0.0998
NET1,7557,0.0998
RAB31,7574,0.0998
EVA1C,7495,0.0998
ENSG00000284999,5707,0.0998
ENSG00000258426,58,0.0998
ENSG00000255015,1214,0.0998
DNAJB6,7624,0.0998
ENSG00000267320,2702,0.0998
ENSG00000215154,6998,0.0998
ENSG00000267174,7062,0.0998
LINC02849,153,0.0998
CASP1P1,42,0.0998
KLHDC1,7243,0.0998
ENSG00000289205,410,0.0998
CDCA2,7473,0.0998
FAM9CP1,105,0.0998
CFAP54,7159,0.0998
PVALEF,3701,0.0998
ENSG00000259755,7198,0.0998
ENSG00000203635,4992,0.0998
CORO7-PAM16,67,0.0998
MTFR1,7599,0.0998
HCFC2,7502,0.0998
TMPPE,6432,0.0997
LMCD1-AS1,7478,0.0997
PSTPIP2,7338,0.0997
TRIM51G,247,0.0996
RAB5IF,7486,0.0996
NRG3,7355,0.0996
CTDNEP1,7463,0.0996
NCDN,7287,0.0996
INPP5E,7323,0.0996
ENSG00000261402,106,0.0996
ERICH2-DT,7179,0.0996
MFAP2,3637,0.0996
ENSG00000247121,7279,0.0996
TEDC1,6992,0.0996
CNNM4,7557,0.0996
MAGED2,7420,0.0996
TBCEL,7447,0.0996
ENPP6,5756,0.0996
PLGRKT,7353,0.0995
FBXO31,7452,0.0995
LINC01589,6081,0.0995
ENSG00000269931,294,0.0995
ENSG00000251675,7222,0.0995
LRRC49,7500,0.0995
PHF12,7573,0.0995
ACTR3,7639,0.0995
RAMP1,6925,0.0995
ENSG00000279269,305,0.0995
ENSG00000230325,7276,0.0995
DTNB,7583,0.0994
DNAJB12,7463,0.0994
TUBD1,7443,0.0994
TBC1D30,7386,0.0994
ENSG00000243415,7458,0.0994
ODF2,7492,0.0994
KLRK1-AS1,6942,0.0994
GJB4,2859,0.0994
ENSG00000272130,1119,0.0994
RNASEH2C,7339,0.0994
STARD4-AS1,7221,0.0994
LINC02763,6926,0.0994
SLC2A1-DT,7431,0.0994
TEX46,5483,0.0994
RNF43,7571,0.0994
ENSG00000267561,7271,0.0994
ENSG00000271967,647,0.0994
IFI30,7326,0.0994
LINS1,7527,0.0993
ADGRG7,6782,0.0993
CHMP6,7360,0.0993
LINC01446,7527,0.0993
RNU6-919P,1106,0.0993
AGR2,7456,0.0993
ENSG00000254239,277,0.0993
ENSG00000272622,6690,0.0993
SHANK2-AS3,328,0.0993
ENSG00000240291,7344,0.0993
BMPR1B-DT,1356,0.0993
ENSG00000233251,1931,0.0993
WDR75,7535,0.0993
LXN,7149,0.0993
COG5,7641,0.0992
UGDH-AS1,7420,0.0992
AQP7P1,4883,0.0992
ENSG00000276490,3303,0.0992
ENSG00000228470,7094,0.0992
TMEM208,7361,0.0992
ENSG00000265380,514,0.0992
NEFH,3378,0.0992
NKX2-6,421,0.0992
ENSG00000285471,7132,0.0992
SYNPO2,7022,0.0992
ENSG00000235099,354,0.0992
TPSD1,910,0.0992
ENSG00000272599,7010,0.0992
HEY2-AS1,5595,0.0991
ENSG00000289929,5839,0.0991
ZBTB8B,2500,0.0991
ENSG00000286952,6820,0.0991
DSCAML1,7122,0.0991
CNDP2,7444,0.0991
HAUS6,7520,0.0991
LINC00578,6765,0.0991
PRICKLE1,7314,0.0991
GABBR1,7536,0.0991
NDUFA9,7430,0.0991
NFATC2IP,7527,0.0991
ENSG00000262482,6547,0.0991
PCDHGB7,5846,0.0991
GARIN1A,7312,0.099
ENSG00000285939,7232,0.099
LINC02319,1784,0.099
TAP2,7472,0.099
ZNF740,7418,0.099
LINC01285,7074,0.099
CHRNE,7332,0.099
DVL2,7382,0.099
ENSG00000286081,1177,0.099
HGSNAT,7565,0.099
ENSG00000259986,7143,0.099
ENSG00000290121,1608,0.099
ENSG00000265478,4580,0.099
LZTFL1,7440,0.099
LINC03048,6662,0.099
TAF15,7641,0.099
RIPK2,7527,0.0989
ENSG00000235721,1588,0.0989
ENSG00000253607,7035,0.0989
ENSG00000286557,739,0.0989
CST1,1025,0.0989
ENSG00000260342,6985,0.0989
SEMA3D,7529,0.0989
ROMO1,7426,0.0989
HYAL2,7153,0.0989
ENSG00000290315,562,0.0989
EPDR1,7403,0.0989
ZNF484,7396,0.0989
IL36B,4829,0.0989
ENSG00000278518,257,0.0989
SPEF2,7289,0.0989
ASAP2,7627,0.0989
PKD2L1,3831,0.0989
LINC00310,7330,0.0989
UBE2U,6112,0.0988
ENSG00000286055,125,0.0988
METTL15P1,4567,0.0988
ENSG00000273088,6678,0.0988
ENSG00000285666,2339,0.0988
ENSG00000248734,7241,0.0988
CCDC32,7486,0.0988
ENSG00000251600,7290,0.0988
LINC01293,4775,0.0988
TMEM108,7078,0.0988
RPAIN,7450,0.0988
PAQR5,7430,0.0988
PTTG1,7419,0.0988
H1-9P,3839,0.0988
FAM151B,7412,0.0988
ENSG00000233645,95,0.0987
ENSG00000255139,7344,0.0987
TBC1D17,7455,0.0987
ENSG00000285409,1409,0.0987
ENSG00000279277,6964,0.0987
SPON2,7181,0.0987
SLC16A10,7276,0.0987
CLDN10-AS1,6895,0.0987
ENSG00000223829,4487,0.0987
PPIL2,7489,0.0987
SBK3,2521,0.0987
C16orf54,860,0.0986
TMEFF2,6988,0.0986
DNAJC15,7578,0.0986
PBX3-DT,1335,0.0986
IGSF3,7440,0.0986
SLC6A14,6972,0.0986
TRPV3,6559,0.0986
ENSG00000229395,505,0.0986
LINC02598,1370,0.0986
NBPF15,7535,0.0986
TGFB1,7590,0.0986
DRG1P1,4919,0.0986
HMGN2P19,57,0.0986
BCL10,7480,0.0986
ENSG00000250646,2975,0.0986
SH3KBP1,7638,0.0986
ENSG00000262434,4065,0.0986
UBQLN3,503,0.0986
LINC02128,3179,0.0986
LINC03036,7194,0.0986
ENSG00000266049,7358,0.0986
SHC2,7268,0.0986
P3H2,7598,0.0986
B4GALT7,7326,0.0986
UMAD1,7612,0.0986
ENSG00000233492,200,0.0986
LCN10,681,0.0986
ENSG00000290854,6767,0.0985
SPNS2,7363,0.0985
SKA3,7324,0.0985
LINC01374,6190,0.0985
RXRA,7470,0.0985
ETV7-AS1,3583,0.0985
MTDH,7627,0.0985
ENSG00000273258,784,0.0985
ENSG00000254295,6749,0.0985
RGS20,7463,0.0985
ENSG00000228940,51,0.0985
ENSG00000258993,46,0.0985
ARAP3,7096,0.0985
MAGEA9B,915,0.0985
SLC9A3R1,7433,0.0985
MVP-DT,7289,0.0985
ENSG00000243273,6250,0.0984
MAP3K20,7635,0.0984
ENSG00000286695,5100,0.0984
RPN2,7604,0.0984
DEPDC1,7384,0.0984
LRFN3,7227,0.0984
ENSG00000227681,7431,0.0984
SNED1-AS1,7234,0.0984
ENSG00000249713,913,0.0984
ANO4,7071,0.0984
FBXW11P1,726,0.0984
TBRG4,7404,0.0984
MYRIP,7219,0.0984
ENSG00000249743,3974,0.0984
ENTPD2,5469,0.0984
LETM2,7118,0.0984
MEX3A,7257,0.0984
DRC1,7094,0.0984
SLAMF1,1221,0.0983
EME1,7317,0.0983
JCHAIN,3949,0.0983
KIAA1191,7496,0.0983
PYDC2-AS1,7420,0.0983
POLE,7491,0.0983
LINC02399,220,0.0983
PCDH20,339,0.0983
SYTL3,7458,0.0983
LRRC36,6222,0.0983
FUT8,7623,0.0983
ENSG00000253616,4614,0.0983
ENSG00000287062,78,0.0983
SURF6,7446,0.0983
ENSG00000226465,7333,0.0982
CYP27A1,7306,0.0982
NRAS,7455,0.0982
RPL7AP53,24,0.0982
ATP5F1C,7520,0.0982
BMF,7069,0.0982
SLC4A3,6991,0.0982
SDC2,7552,0.0982
ENSG00000279019,4818,0.0982
H2AZP4,124,0.0982
RPL7AP15,47,0.0982
SLC25A4,7406,0.0982
ZNF366,1794,0.0982
ZNF365,6541,0.0982
PRSS41,1812,0.0981
LYPLAL1-DT,7086,0.0981
PROSER1,7430,0.0981
STRBP,7580,0.0981
LYPD6B,7343,0.0981
TRAF3IP2-AS1,7575,0.0981
RPL26P36,1489,0.0981
XRCC3,7283,0.0981
LINC02842,6474,0.0981
ENSG00000284951,276,0.0981
LINC00955,112,0.0981
FRMD6-AS2,7410,0.0981
KLHDC7A,2002,0.0981
C1QBP,7444,0.0981
ST8SIA1,6990,0.0981
SMC2,7573,0.098
HIF1AN,7499,0.098
GNB4,7522,0.098
ENSG00000287069,6984,0.098
ITGB6,7313,0.098
ZBTB22,7009,0.098
ENSG00000290086,785,0.098
FZD6,7456,0.098
ENSG00000286412,148,0.098
ENSG00000249602,5719,0.098
MAN2C1,7415,0.098
ZFHX2,7278,0.098
SLC35A3,7599,0.098
MC5R,230,0.098
LINC01781,4083,0.098
NES,7185,0.098
SEPHS2,7414,0.098
PDCD6IPP1,2135,0.0979
SCAMP2,7508,0.0979
DPY19L1P1,7548,0.0979
ENSG00000279529,7186,0.0979
ENSG00000289884,5903,0.0979
CHIT1,2624,0.0979
OSBPL10,7625,0.0979
TIMM10B,7377,0.0979
LAMTOR5,7482,0.0979
PTCSC3,3963,0.0979
TRMT2A,7201,0.0979
LIPH,7518,0.0979
ENSG00000265702,5330,0.0979
HPAT5,161,0.0979
SUPT7L,7428,0.0979
CSPG4,6803,0.0979
IGHV3-29,53,0.0979
AK2,7608,0.0979
CPT1B,7254,0.0979
CT83,1492,0.0979
CAT,7439,0.0979
MAB21L4,2691,0.0979
ENSG00000270299,7353,0.0978
LIN9,7446,0.0978
AGPS,7586,0.0978
PPP2R2B,7187,0.0978
PLK4,7354,0.0978
CD47,7620,0.0978
LINC01050,2772,0.0978
CFAP298,7486,0.0978
TPST2,7442,0.0978
SSBL2P,1178,0.0978
PKD1P6-NPIPP1,3404,0.0978
PATL1-DT,6582,0.0978
ENSG00000287964,4001,0.0978
SNX17,7364,0.0978
RPL34P21,335,0.0978
LINC02937,7409,0.0978
GNG10,7381,0.0978
ENSG00000253946,143,0.0978
AVPR1B-DT,2223,0.0978
TPM3P8,3927,0.0978
KCNK5,6753,0.0978
LINC00326,5830,0.0978
OXGR1,624,0.0978
KIFAP3,7517,0.0977
PSMB8-AS1,286,0.0977
ZNF274,7491,0.0977
NBPF3,7430,0.0977
TSPAN9,7536,0.0977
RPS4XP9,97,0.0977
KLHL5,7589,0.0977
ACER2,7296,0.0977
CD99P1,7162,0.0977
ENSG00000250075,7462,0.0977
SDCCAG8,7632,0.0977
APLN,6438,0.0977
IGSF9,5941,0.0977
LINC02356,6763,0.0977
RPA1,7533,0.0977
LINC01524,7179,0.0977
LINC02484,7208,0.0976
NEK8,7184,0.0976
CRACDL,6915,0.0976
MOB3B,7336,0.0976
MTCO1P31,1087,0.0976
ENSG00000260120,1174,0.0976
RELT,7400,0.0976
TNXB,7415,0.0976
CRYBG1,7495,0.0976
LINC00920,5176,0.0976
MIR548A1HG,6073,0.0976
ARL4A,7444,0.0976
LINC01695,7040,0.0976
CHCHD7,7408,0.0976
KCNK2,6536,0.0976
SMIM45,2664,0.0976
ENSG00000234513,55,0.0976
GRIN2D,7188,0.0976
ENSG00000269495,2420,0.0976
LINC01940,878,0.0976
CSPG4P5,440,0.0976
SCG2,7413,0.0976
KLHL21,7490,0.0976
ENSG00000291156,7106,0.0976
LINC00226,20,0.0976
ENSG00000230015,734,0.0975
ENSG00000227301,93,0.0975
RPS26P41,501,0.0975
EDEM2,7394,0.0975
KLLN,3659,0.0975
ATF6,7640,0.0975
ENSG00000289517,6938,0.0975
RAB3D,7343,0.0975
ZDHHC18,7406,0.0975
ENSG00000289185,54,0.0975
MYO3B,6827,0.0975
ENSG00000290514,5142,0.0975
MGAT4A,7425,0.0975
SPCS1,7421,0.0975
SPC24,7345,0.0975
GDAP1,7496,0.0975
SMIM9,2322,0.0975
CCND2,7328,0.0975
ANKRD12,7641,0.0975
KANSL1L-AS1,7381,0.0975
PTPN22,7149,0.0974
GDPD2,6012,0.0974
GP5,2017,0.0974
ZNF283,7372,0.0974
PLEKHB1,5931,0.0974
ENSG00000272807,7045,0.0974
ENSG00000260725,1075,0.0974
CRELD2,7422,0.0974
UBE2D3P4,92,0.0974
RNF207,7230,0.0974
ENSG00000261327,2983,0.0974
PTPN18,7370,0.0973
ENSG00000286187,85,0.0973
ENSG00000261543,6188,0.0973
PBX4,7427,0.0973
ENSG00000237773,7288,0.0973
ENSG00000260196,6737,0.0973
KLHL11,7380,0.0973
SNRPA1,7505,0.0973
ENSG00000289318,6975,0.0973
ROPN1,857,0.0973
TRIM9,7481,0.0973
IL23A,6751,0.0973
RGS3,7301,0.0973
RN7SKP188,64,0.0973
NRG3-AS1,79,0.0973
KLK10,7243,0.0973
ENSG00000257470,5141,0.0973
ENSG00000268170,817,0.0972
FAM241A,7335,0.0972
LCN12,4342,0.0972
COBLL1,7556,0.0972
ENSG00000259828,1938,0.0972
ENSG00000289871,1136,0.0972
ENSG00000232413,4608,0.0972
LINC01945,369,0.0972
CMBL,7272,0.0972
B3GAT1,3678,0.0972
SLC5A12,5044,0.0972
LINC01942,1552,0.0972
FGF18,7261,0.0972
ENTPD8,2892,0.0972
ZFAT,7468,0.0972
LINC02768,3719,0.0972
ENSG00000283058,105,0.0972
LINC01848,2837,0.0972
ENSG00000255029,7072,0.0972
RNVU1-15,2458,0.0972
ENSG00000286361,784,0.0972
S100A3,6205,0.0972
DRAM2,7469,0.0972
GPR137B,7490,0.0972
CASP12,412,0.0972
ENSA,7607,0.0972
TMED10,7610,0.0972
RABGEF1P2,255,0.0972
UBE2O,7632,0.0972
NFE2L2,7636,0.0972
DCHS1,5738,0.0972
ENSG00000268465,6916,0.0971
GPRC5D-AS1,7545,0.0971
OGFRP1,6464,0.0971
TMEM25,7246,0.0971
CUBNP3,1457,0.0971
FGF23,1066,0.0971
ENSG00000253347,7323,0.0971
CRYZL1,7515,0.0971
UBE2E1,7639,0.0971
CAPN5,7400,0.0971
MPP2,7221,0.0971
ARPC4,7471,0.0971
TOPBP1,7580,0.0971
TGOLN2,7587,0.0971
MRGPRX2,359,0.0971
ENSG00000287865,5759,0.0971
P2RY6,6540,0.0971
TPP1,7426,0.0971
TTC39A,7173,0.0971
UQCC1,7563,0.0971
PFDN4,7527,0.0971
LINC02251,3246,0.0971
HSD17B2-AS1,7129,0.0971
ACOX1,7514,0.0971
SARNP,7615,0.0971
ENSG00000236283,6962,0.097
ENSG00000279815,90,0.097
ZNF326,7580,0.097
POLRMTP1,2075,0.097
TMEM14A,7364,0.097
ENSG00000273413,3192,0.097
ENSG00000272432,548,0.097
IGBP1P1,76,0.097
ZNF222,7028,0.097
ENSG00000258919,5687,0.097
POPDC2,6714,0.097
ENSG00000267745,3536,0.097
MEG8,7526,0.0969
TOM1,7545,0.0969
DYRK1B,7292,0.0969
ELL,7551,0.0969
ENSG00000273449,5312,0.0969
TRIM46,6067,0.0969
ENSG00000290559,3693,0.0969
STXBP3,7584,0.0969
CARMAL,4123,0.0969
ENSG00000284762,7312,0.0969
ENSG00000236212,6661,0.0969
BACE1-AS,7260,0.0969
UNC13B,7545,0.0968
ENSG00000288029,3528,0.0968
ENSG00000280054,3932,0.0968
UBFD1,7456,0.0968
C16orf87,7414,0.0968
PCOLCE2,7302,0.0968
ISG20L2,7487,0.0968
PLCH2,6019,0.0968
ROCR,4349,0.0968
BRINP3,6719,0.0968
ENSG00000258691,5528,0.0968
NDUFA6,7445,0.0967
ENSG00000285253,7344,0.0967
RITA1,7267,0.0967
GAA,7373,0.0967
LRRC45,6853,0.0967
ACTBP2,2464,0.0967
ENSG00000287368,4909,0.0967
LRRD1,6995,0.0967
TTC41P,7149,0.0967
ENSG00000289829,562,0.0967
SERINC2,7493,0.0966
UPP2,7114,0.0966
ENSG00000249426,5883,0.0966
MICOS10,7422,0.0966
ENSG00000258302,7157,0.0966
NFATC4,6277,0.0966
PLAC8L1,7248,0.0966
PCDHGC3,6258,0.0966
ENSG00000248551,1312,0.0966
ENSG00000233535,447,0.0966
PA2G4P4,5964,0.0966
TMEM39B,7420,0.0966
NOXA1,7062,0.0966
ACTG1,7640,0.0966
IRF2BP1,6985,0.0965
MAP7,7639,0.0965
MRPL18,7399,0.0965
COIL,7481,0.0965
POLM,7318,0.0965
REV1,7564,0.0965
LINC02367,6276,0.0965
ENSG00000284691,6848,0.0965
PKD1,7466,0.0965
DEGS1,7379,0.0965
PRR5L,7413,0.0965
GPR12,49,0.0965
ENSG00000238280,6312,0.0965
CHUK,7498,0.0965
CDC42EP1,7283,0.0965
ENSG00000288632,7372,0.0965
ENSG00000226310,7240,0.0965
IGDCC4,6496,0.0965
FAAH2,7560,0.0965
TDRD15,637,0.0965
ENSG00000255028,5913,0.0964
WBP2,7553,0.0964
SEC24D,7634,0.0964
COMMD7,7400,0.0964
TARM1,1178,0.0964
CCDC13,7013,0.0964
ENSG00000249319,7469,0.0964
SEL1L,7629,0.0964
TMEM200B,4956,0.0964
PGM5,6303,0.0964
CFAP141,6967,0.0964
RPL34-DT,7319,0.0964
FAM157C,4814,0.0964
LINC00570,2901,0.0964
EBI3,6615,0.0964
ZNF397,7498,0.0963
CCL2,6911,0.0963
ENSG00000259723,7395,0.0963
ENSG00000255204,123,0.0963
HLA-DMB,2476,0.0963
SAP30-DT,7358,0.0963
SLC28A3,5824,0.0963
PILRB,7498,0.0963
TMEFF1,7460,0.0963
ENSG00000255647,192,0.0963
UBQLN4,7349,0.0963
ENSG00000277459,1564,0.0963
HPS1-AS1,2427,0.0963
FAM110D,721,0.0962
CNPY2,7409,0.0962
ST3GAL3,7620,0.0962
RN7SL4P,5479,0.0962
KIF20A,7347,0.0962
ENSG00000269729,6102,0.0962
ENSG00000285933,385,0.0962
BAALC-AS1,7387,0.0962
ENSG00000286764,494,0.0962
ST6GALNAC4,7117,0.0962
LINC01250,7177,0.0962
GXYLT1P2,147,0.0962
RANGAP1,7441,0.0962
MLXIP,7598,0.0962
MTND3P6,116,0.0962
SGSM2,7472,0.0962
GCNA,7467,0.0962
ENSG00000235574,524,0.0962
LRRC61,6516,0.0961
AP4M1,7326,0.0961
CCDC85B,7357,0.0961
PCYT1A,7625,0.0961
Metazoa_SRP-94,376,0.0961
ENSG00000258115,931,0.0961
PRRG4,7224,0.096
LINC02017,1076,0.096
SNRNP48,7530,0.096
ENTPD5,7435,0.096
TMEM131L,7538,0.096
ENSG00000230690,90,0.096
ENSG00000286862,1890,0.096
RPS3AP29,997,0.096
TBCB,7425,0.096
FBXO38,7551,0.096
SLC2A4,3774,0.096
FAM210B,7371,0.096
ZNF207,7636,0.096
LRIF1,7552,0.096
VLDLR-AS1,7242,0.096
HERC2,7600,0.096
ENSG00000277611,7286,0.096
FAM95B1-1,26,0.096
GCA,7412,0.096
TXLNG,7562,0.096
ZNF333,7371,0.096
ENSG00000228613,6582,0.096
TPBG,7338,0.096
RNU1-35P,137,0.096
ENSG00000258973,824,0.096
RBM8A,7558,0.096
SHANK2,7595,0.096
ENSG00000256533,599,0.0959
MDK,7489,0.0959
ENSG00000263271,754,0.0959
TMEM251P1,64,0.0959
IL22RA1,6553,0.0959
ENSG00000231714,226,0.0959
BEST1,7338,0.0959
ENSG00000271955,6647,0.0959
ERLEC1,7628,0.0959
ENSG00000251293,4530,0.0959
MPHOSPH8,7579,0.0959
RPS2P5,6408,0.0959
LINC02168,496,0.0959
ENSG00000260163,398,0.0959
LINC01034,304,0.0959
ENPP4,7161,0.0959
HDAC11,7334,0.0959
NBPF20,7332,0.0958
DDX54,7446,0.0958
ENSG00000267383,7089,0.0958
TP53RK-DT,827,0.0958
TPTEP1,1990,0.0958
YBX1P3,63,0.0958
KANTR,7551,0.0958
STXBP1,7585,0.0958
ENSG00000257373,577,0.0958
RARRES1,7002,0.0958
DDX11,7415,0.0958
NLN,7525,0.0958
CHD7,7636,0.0958
GRM8,7181,0.0958
RO60,7628,0.0958
VPS35L,7452,0.0958
AKT3,7636,0.0958
CD2AP,7641,0.0957
BEND2,3081,0.0957
SLC5A6,7268,0.0957
H3C11,4163,0.0957
SMIM38,6567,0.0957
EDC3,7486,0.0957
FYB1,6464,0.0957
LINC03025-1,2693,0.0957
FRG2FP,250,0.0957
ENSG00000269374,4875,0.0957
THUMPD2,7540,0.0957
USP3,7632,0.0957
MYOG,395,0.0957
ING5,7461,0.0957
GAB4,377,0.0956
ENSG00000287976,6526,0.0956
CSMD3,7364,0.0956
CLCC1,7594,0.0956
HSP90AB6P,22,0.0956
EXOSC5,7178,0.0956
CXCL5,6981,0.0956
ENSG00000215014,6318,0.0956
ZBTB18,7508,0.0956
ENSG00000285713,7409,0.0956
PKP4,7628,0.0956
UNC13A,7371,0.0956
EIF5A2,7369,0.0955
INTS4P2,5113,0.0955
TTC32,7331,0.0955
POC1B-AS1,7306,0.0955
ENSG00000204584,6161,0.0955
RN7SL1,7227,0.0955
ST3GAL2,7484,0.0955
ENSG00000198106,6874,0.0955
ENSG00000197991,2634,0.0955
CLYBL-AS1,617,0.0955
ENSG00000249951,7025,0.0955
Y_RNA-478,1120,0.0955
KCNIP2,7319,0.0955
NUAK2,7342,0.0955
SENP5,7637,0.0954
ENSG00000267143,55,0.0954
GCC1,7370,0.0954
SKIC3,7616,0.0954
ST6GALNAC3,7406,0.0954
ENPP1,7321,0.0954
ELP4,7629,0.0954
TMEM154,6899,0.0954
FABP5,6912,0.0954
ENSG00000272103,6824,0.0954
SNRPFP1,582,0.0954
LINC02113,1340,0.0954
SCUBE2,7298,0.0954
ZDHHC20,7605,0.0954
ENSG00000197670,7290,0.0954
CSTL1,3856,0.0954
MRPS30,7541,0.0954
TRIM8,7414,0.0954
LINC02037,992,0.0954
ENSG00000266924,271,0.0954
MTOR,7480,0.0954
ENSG00000256029,6645,0.0954
CLN6,7415,0.0954
LZTR1,7329,0.0954
MED9,7415,0.0953
ZNF341-AS1,6558,0.0953
PRDX6-AS1,7410,0.0953
TBC1D8,7632,0.0953
RAB27A,7540,0.0953
MMP12,1103,0.0953
RPL30,7603,0.0953
LINC01036,7358,0.0953
ZFHX4-AS1,6292,0.0953
ENSG00000286937,982,0.0953
HOXB4,7137,0.0953
ENSG00000287008,2043,0.0953
RNF167,7335,0.0953
TPCN1,7593,0.0953
ENSG00000289034,2841,0.0953
LAMB4,6059,0.0953
LINC02787,1121,0.0953
UNG,7341,0.0953
INIP,7484,0.0952
ADAMTS13,7231,0.0952
ZNF57,7170,0.0952
ENSG00000235055,102,0.0952
ENSG00000265971,797,0.0952
RBM23,7498,0.0952
PTGER3,6356,0.0952
THOC3,7373,0.0952
FKBP9P1-1,6182,0.0952
POLA2,7364,0.0952
SMIM3,7355,0.0952
TSBP1-AS1,7240,0.0952
ENSG00000235736,581,0.0952
ENSG00000233517,184,0.0952
RIMBP3,240,0.0952
ASB7,7536,0.0951
NCBP3,7595,0.0951
ENSG00000263257,7125,0.0951
SLC17A3,1686,0.0951
MT1H,1575,0.0951
ENSG00000261821,1517,0.0951
FARS2,7613,0.0951
LINC00391,1964,0.0951
ZNF423,6840,0.0951
ENSG00000253333,871,0.0951
ZNF234,7374,0.0951
IRAK1BP1,7347,0.0951
ENSG00000254458,668,0.0951
C1QBPP2,176,0.0951
PNPLA3,7330,0.0951
TNFRSF10D,7574,0.0951
KIF3AP1,576,0.0951
HCST,2870,0.0951
GNB5,7486,0.095
ENSG00000267401,373,0.095
ETAA1,7388,0.095
ORC3,7528,0.095
PKNOX2,6713,0.095
GLTP,7563,0.095
OAT,7474,0.095
ENSG00000237527,3348,0.095
CLK2,7482,0.095
ENSG00000287729,4907,0.095
ENSG00000290896,137,0.095
KBTBD8,6664,0.095
ENSG00000256969,2014,0.0949
IL4,581,0.0949
PAEPP1,246,0.0949
GHR,7386,0.0949
SATB1,6796,0.0949
NR3C1,7636,0.0949
BMS1P17,65,0.0949
ENSG00000248176,1883,0.0949
OR2W1-AS1,4057,0.0949
ETFB,7408,0.0949
SPIN1,7623,0.0949
STRA6,7066,0.0949
MRPS9-AS2,5537,0.0949
PARP16,7415,0.0949
EMD,7393,0.0949
RBM41,7570,0.0948
ENSG00000288895,1382,0.0948
ANXA2P2,6168,0.0948
ALG11,7554,0.0948
ENSG00000261542,7062,0.0948
NR1H4,5441,0.0948
FAM228B,7508,0.0948
PPP1R2B,5247,0.0948
ENSG00000283761,7176,0.0948
SUPT4H1,7412,0.0948
ENSG00000227606,2582,0.0948
ENSG00000272656,767,0.0948
TXNL4A,7518,0.0948
BMS1,7577,0.0948
NELFA,7471,0.0948
ENSG00000290767,3912,0.0948
BDKRB2,7270,0.0948
MYT1L-AS1,93,0.0948
ENSG00000287567,166,0.0948
HSD17B14,7313,0.0948
TMEM268,7410,0.0948
DNAH7,7241,0.0948
POC1A,7389,0.0948
PLPP4,6374,0.0948
PFN1P1,651,0.0948
ENSG00000284956,6906,0.0948
NIPAL2,7312,0.0947
SNX32,7372,0.0947
TMEM19,7310,0.0947
ARHGEF10,7601,0.0947
RPUSD3,7266,0.0947
GTDC1,7611,0.0947
BAMBI,7320,0.0947
LINC00351,5756,0.0947
PRR14,7341,0.0947
REG4,4583,0.0947
USP21,7286,0.0947
EMID1,6248,0.0947
LINC02088,1165,0.0947
IVNS1ABP,7579,0.0947
NOS1,6929,0.0946
ENSG00000256686,1675,0.0946
ENSG00000287936,117,0.0946
TRAPPC12,7611,0.0946
STAT5A,6865,0.0946
SGCD,7010,0.0946
ENSG00000256484,158,0.0946
NRADDP,4467,0.0946
KLHDC8B,6074,0.0946
EIF4EP4,168,0.0946
CATSPERE,7345,0.0946
NPAS2-AS1,5360,0.0946
ZNF677,3694,0.0946
ENSG00000267072,2620,0.0946
ENSG00000254963,133,0.0946
UBE2Q2P2-1,7475,0.0946
MS4A8,755,0.0945
ENSG00000290993,7467,0.0945
BPHL,7389,0.0945
IFITM10,7105,0.0945
RFPL1S,6119,0.0945
ENSG00000289376,6863,0.0945
LINC00692,221,0.0945
LINC01711,1541,0.0945
NONO,7594,0.0945
LINC01414,7058,0.0945
C5orf52,2392,0.0945
NOP53,7537,0.0945
LINC01850,809,0.0945
CCNI2,2924,0.0945
MAGEL2,78,0.0945
CHD6,7638,0.0945
FIGN,7478,0.0945
CASTOR3P-1,7382,0.0944
BDKRB1,5226,0.0944
NEK9,7502,0.0944
GPX6,274,0.0944
WDR12,7499,0.0944
GLMN,7526,0.0944
SMCR8,7492,0.0944
PPP3CC,7540,0.0944
UCHL3,7577,0.0944
SGCE,7444,0.0944
NOP16,7316,0.0944
ENSG00000258857,772,0.0944
NTMT1,7353,0.0944
CELA2A,4451,0.0944
ZNF860,6661,0.0944
ZNF263,7467,0.0943
ENSG00000259615,41,0.0943
NAB2,7369,0.0943
TNNI2,1605,0.0943
MAFB,6634,0.0943
SELL,2751,0.0943
SESN3,7380,0.0943
ENSG00000265342,409,0.0943
LINC02835,1992,0.0943
GALNT3,7455,0.0943
MUC13,7471,0.0943
C2orf15,4532,0.0943
TMEM185B,7302,0.0943
EAPP,7450,0.0942
TNFSF9,6965,0.0942
SCAMP5,7286,0.0942
ENSG00000255237,609,0.0942
LINC02648,490,0.0942
ENSG00000286473,199,0.0942
TTC38,7408,0.0942
CTC-338M12.4,7449,0.0942
DYRK1A,7639,0.0942
DPP6,7132,0.0942
HOXA11,5877,0.0942
ENSG00000250271,5825,0.0942
CDCA4,7349,0.0942
TTC28,7622,0.0942
MIGA1,7565,0.0942
C9,6463,0.0942
MCEMP1,184,0.0942
ENSG00000231236,6185,0.0942
ENSG00000260613,3065,0.0942
ENSG00000287406,3553,0.0942
TAF13,7525,0.0942
BMS1P4-1,7355,0.0941
USP43,7422,0.0941
HORMAD1,6304,0.0941
LIX1L,7444,0.0941
FAM234A,7418,0.0941
ENSG00000289052,1410,0.0941
TOR1AIP1,7514,0.0941
ENSG00000285898,2226,0.0941
NEMP1,7460,0.0941
ENSG00000232702,4652,0.0941
ENSG00000285982,7304,0.0941
SUSD2,6461,0.0941
TEX37,534,0.0941
CDCA7L,7417,0.0941
LINC03028,1439,0.0941
PRPS1,7357,0.0941
ENSG00000286888,1439,0.094
PRMT1,7508,0.094
ADAMTS5,4305,0.094
PPIE,7377,0.094
ENSG00000283234,1102,0.094
EGFLAM-AS4,126,0.094
CROCCP2-1,7373,0.094
ZBTB14,7339,0.094
ATG12,7587,0.094
KIR2DL4,474,0.094
ENSG00000258944,7091,0.094
RMI2,7356,0.094
LINC00588,132,0.094
ENSG00000286351,4410,0.094
ENSG00000262231,204,0.094
ENSG00000286388,6751,0.0939
TRIM32,7321,0.0939
ENSG00000247925,7342,0.0939
CSTB,7568,0.0939
WLS,7551,0.0939
STARD13,7605,0.0939
LRRC63,6001,0.0939
KLF16,7320,0.0939
GASK1B,7011,0.0939
ENSG00000235056,2606,0.0939
SLC10A7,7526,0.0939
BRSK2,6833,0.0939
NPR3,7341,0.0939
ENSG00000248964,3084,0.0939
ENSG00000254468,3905,0.0939
ENSG00000285749,1693,0.0938
BBS7,7404,0.0938
ENSG00000254394,7176,0.0938
NLRP14,5838,0.0938
AP3S2,7529,0.0938
ENSG00000285837,6663,0.0938
LARP1,7635,0.0938
ENSG00000263547,279,0.0938
CALM1P1,234,0.0938
KCTD16,7376,0.0938
ENGASE,7317,0.0938
PCDHA9,5410,0.0938
LMLN,7387,0.0938
ENSG00000250264,6803,0.0938
ENSG00000259941,2843,0.0938
ENSG00000288542,7441,0.0938
ENSG00000286277,7197,0.0938
GNB1L,7303,0.0938
ENSG00000257435,135,0.0938
BABAM1,7411,0.0938
IDH3B,7424,0.0937
ENSG00000225012,343,0.0937
LINC01648,454,0.0937
SLC25A22,7270,0.0937
TEAD3,7434,0.0937
PPP1R3G,5231,0.0937
ERICH1,7586,0.0937
ZDHHC8BP,2297,0.0937
ENSG00000285854,6082,0.0937
WDPCP,7622,0.0937
CYLD-AS1,4780,0.0937
BEAN1,7210,0.0937
VOPP1,7636,0.0937
NCS1,7402,0.0937
RAB6D,1961,0.0937
TRAF4,7374,0.0937
MB,3930,0.0936
S100P,7411,0.0936
ACADM,7470,0.0936
STX1B,6248,0.0936
CIITA,6456,0.0936
ZNF8,7409,0.0936
PNISR-AS1,7345,0.0936
PSMD14,7640,0.0936
COBL,7537,0.0936
ENSG00000283202,170,0.0936
LINC02805,391,0.0936
YPEL1,7427,0.0936
VENTX,768,0.0936
CRY2,7445,0.0936
FOXR1,1417,0.0936
FES,6492,0.0936
ENSG00000259026,174,0.0936
FN3KRP,7423,0.0935
ENSG00000257027,6795,0.0935
FASTK,7340,0.0935
SUSD6,7525,0.0935
LINC02456,6778,0.0935
ZG16B,6205,0.0935
PFAS,7332,0.0935
ENSG00000287605,782,0.0935
FBXW10B,7153,0.0935
ENSG00000234622,1223,0.0935
RIPOR3-AS1,3805,0.0935
ENSG00000274478,258,0.0935
ENSG00000250592,6878,0.0935
RNU6-742P,1959,0.0935
PRDM1,7419,0.0935
ENSG00000260647,6360,0.0935
CRB1,6790,0.0934
ARL8A,7457,0.0934
FGF16,1360,0.0934
ZNF181,7177,0.0934
ENSG00000280087,2338,0.0934
RRAS,7320,0.0934
ADAMTSL2,4280,0.0934
ENSG00000278254,2927,0.0934
ENSG00000223393,3851,0.0934
PCDHGA9,4886,0.0934
ENSG00000291186,5935,0.0934
NUFIP1,7454,0.0934
LINC02208,6911,0.0934
UPK3BL1,4637,0.0934
ENSG00000289949,2439,0.0934
LINC02577,7130,0.0934
ATP2A3,6738,0.0934
FERMT2,7625,0.0934
OLIG1,962,0.0934
PHF1,7428,0.0934
ZNF143,7527,0.0934
BRWD1,7641,0.0933
SCIRT,7415,0.0933
ENSG00000267109,1836,0.0933
CWC15,7517,0.0933
PFKP,7625,0.0933
EAF2,7422,0.0933
NEPRO,7502,0.0933
SLC39A8,7555,0.0933
UBALD2,7459,0.0933
LINC02169,1997,0.0933
CNTNAP3P5,195,0.0933
BAZ1B,7627,0.0932
C1QTNF1,7192,0.0932
LNCAROD,7325,0.0932
LINC02596,1236,0.0932
VDAC3,7449,0.0932
LINC02234,6308,0.0932
FRMD3-AS1,5346,0.0932
SLC22A4,7393,0.0932
ANKRD36BP1,6955,0.0932
IDH3A,7453,0.0932
ENSG00000230492,914,0.0932
ZFYVE1,7526,0.0932
RABEP2,7375,0.0932
NTRK2,6785,0.0932
EPHA8,3482,0.0932
UBQLN4P1,1380,0.0932
ENSG00000280186,318,0.0932
CCDC86,7311,0.0932
ENSG00000274835,328,0.0932
VAMP7,7520,0.0931
FBXL18,7436,0.0931
LINC00411,40,0.0931
ARID5A,7370,0.0931
SEC24C,7528,0.0931
ENSG00000235815,367,0.0931
CEACAM22P-1,6888,0.0931
ENSG00000253355,539,0.0931
ENSG00000290183,7365,0.0931
PDHX,7529,0.0931
HPCAL4,4174,0.0931
ENSG00000234021,1330,0.0931
ENSG00000285771,515,0.0931
LST1,4299,0.0931
SPRED3,7407,0.0931
EYA2,7480,0.093
ARL17B,7415,0.093
KCNQ3,7215,0.093
PDCD6-AHRR,6742,0.093
GSPT2,6780,0.093
DOCK3,7530,0.093
LINC01912,579,0.093
ARHGEF5,6768,0.093
ENSG00000288565,1919,0.093
MARCHF4,7439,0.093
CHCHD6,7485,0.093
RPL7P61,76,0.093
ALOXE3,6442,0.093
ENSG00000251213,93,0.0929
FAR1,7577,0.0929
CDV3,7590,0.0929
ZNF629,7328,0.0929
ENSG00000280255,520,0.0929
CLTC,7641,0.0929
KIF13A,7635,0.0929
RSPH3,7527,0.0929
MYOF,7641,0.0929
ENSG00000224886,1292,0.0929
RNF214,7499,0.0929
ADM2,6591,0.0929
RAPSN,7084,0.0929
MIR3936HG,7472,0.0929
ENSG00000280893,3800,0.0929
OCLN,7466,0.0929
ENSG00000289201,5777,0.0929
FGF5,7002,0.0929
G2E3,7576,0.0929
NDUFB3,7352,0.0929
MARK2P12,48,0.0929
FARP1-AS1,2530,0.0929
YPEL5,7589,0.0928
ENSG00000287669,392,0.0928
ENSG00000125695,7514,0.0928
IL26,813,0.0928
CEACAM19,7360,0.0928
ENSG00000258807,4921,0.0928
LINC02533,839,0.0928
ENSG00000260646,6021,0.0928
TLL2,7227,0.0928
TMCO5B,2691,0.0928
SOX13,7483,0.0928
ENSG00000278384,6789,0.0928
IL24,3426,0.0928
ENSG00000286953,4342,0.0927
CCDC88B,6623,0.0927
ENSG00000286675,4384,0.0927
LINC02553,513,0.0927
ENSG00000279501,7148,0.0927
MTMR6,7458,0.0927
LINC00616,6807,0.0927
OLFML3,6177,0.0927
LTBP2,7347,0.0927
POF1B,7482,0.0927
RTCB,7538,0.0927
UCP2,6592,0.0927
CALHM2,5996,0.0927
ENSG00000268566,335,0.0927
SNHG5,5747,0.0926
SKIDA1,6607,0.0926
CDYL2,7422,0.0926
MAMDC2-AS1,7123,0.0926
CLTA,7616,0.0926
ATP10D,7417,0.0926
SLC18A3,342,0.0926
CASR,3157,0.0926
LINC02522,1033,0.0926
HYOU1,7624,0.0926
SUGCT-AS1,3091,0.0926
ENSG00000240774,173,0.0926
NR1H2,7425,0.0926
IFT52,7442,0.0926
LRRC66,7193,0.0926
TIMM23,7498,0.0926
PINK1-AS,7226,0.0926
SLC49A4,7516,0.0926
OOSP1,1731,0.0926
SLC22A18,7401,0.0926
CTSZ,7372,0.0926
ATAD2B,7610,0.0926
MEGF6,7419,0.0926
CHDH,6487,0.0925
ANP32B,7623,0.0925
AGAP10P,5663,0.0925
TMEM132E,1644,0.0925
ADAMTS12,7429,0.0925
SPAG7,7436,0.0925
SH2B2,7354,0.0925
ENSG00000290113,5197,0.0925
SYT2,6635,0.0925
LINC02600,1694,0.0925
ENSG00000226690,6939,0.0925
GRTP1,7257,0.0925
IDUA,7244,0.0925
CARD19,7366,0.0924
PGRMC1,7440,0.0924
LINC01118,7438,0.0924
ENSG00000274441,3577,0.0924
ENSG00000258344,6922,0.0924
TBC1D10B,7359,0.0924
ZNF383,7390,0.0924
ENSG00000219487,873,0.0924
STON1-GTF2A1L,5887,0.0924
ENSG00000272405,6883,0.0924
SIX4,7356,0.0924
SERTM1,1378,0.0924
SDCBPP2,245,0.0924
PRDM10,7486,0.0924
PSCA,5770,0.0924
SMAP1,7609,0.0924
ZMIZ1-AS1,7197,0.0924
MTCYBP18,672,0.0924
MTA1,7507,0.0924
LINC02388,5950,0.0924
ENSG00000226919,1033,0.0924
ENSG00000289167,76,0.0924
ENSG00000270711,69,0.0924
CORO1C,7635,0.0924
IPP,7420,0.0924
CRYBG3,7614,0.0924
DOC2B,6005,0.0923
LINC02074,3495,0.0923
COQ4,7367,0.0923
RIGI,7638,0.0923
KXD1,7521,0.0923
ENSG00000290989,7351,0.0923
DISP3,6505,0.0923
EIF2S2P1,226,0.0923
PNLDC1,5221,0.0923
OFD1P6Y,85,0.0923
CHMP1B,7506,0.0923
AFAP1L2,7218,0.0923
ENSG00000232993,36,0.0923
LINC02471,1198,0.0923
ADAMTSL4,7318,0.0923
POLR2D,7412,0.0923
ENSG00000268906,1860,0.0923
ENSG00000226965,7475,0.0923
UNC119B,7337,0.0923
RPS6P26,172,0.0922
ENSG00000286491,2491,0.0922
SAG,6107,0.0922
PPIEL-1,7218,0.0922
DCAF1,7525,0.0922
NUDCD2,7392,0.0922
COL4A1,7557,0.0922
LAMP2,7606,0.0922
TEX14BP,3958,0.0922
RABL6,7595,0.0922
CSMD1,7190,0.0922
AMMECR1,7509,0.0922
ENSG00000290673,1916,0.0922
ABCD3,7580,0.0922
FAT2,4092,0.0922
ENSG00000265359,4769,0.0922
ENSG00000287555,7305,0.0921
RBM17,7539,0.0921
ACAP3,7439,0.0921
ENSG00000260955,6619,0.0921
RPL22P14,65,0.0921
SCML2,7400,0.0921
CEBPB,7474,0.0921
PIGQ,7284,0.0921
SETBP1,7548,0.0921
ENSG00000266994,7247,0.0921
EI24,7385,0.0921
ADAMTS7P1,510,0.0921
TNIP3,6500,0.0921
PSMD7-DT,7233,0.0921
CRYZ,7358,0.0921
SPPL2B,7343,0.0921
ANKRD18A,7403,0.0921
ENSG00000289855,5528,0.0921
DLX2,6732,0.0921
ZKSCAN1,7633,0.0921
ALG3,7348,0.0921
B3GALT1,7378,0.092
ENSG00000250655,317,0.092
NFIC,7624,0.092
ENSG00000287372,1955,0.092
ENSG00000289620,245,0.092
OCIAD2,7449,0.092
ENSG00000286681,7119,0.092
SLC26A8,6179,0.092
ENSG00000237188,7264,0.092
RPS27AP6,70,0.092
MED28P7,348,0.092
NAXE,7379,0.092
C1GALT1C1,7308,0.092
RHOF,7474,0.092
ZNF705A,4026,0.0919
LGALS1,7535,0.0919
PAPPA2,7122,0.0919
CRYBB2P1-1,7515,0.0919
SPARC,7589,0.0919
ENSG00000247131,5510,0.0919
RPL5,7616,0.0919
ENSG00000287021,2438,0.0919
TADA3,7433,0.0919
INHBA,7629,0.0919
C11orf21,1081,0.0919
CDR2L,7337,0.0919
DNAL1,7441,0.0919
ENSG00000274373,794,0.0918
CNTN5,7268,0.0918
C2orf92,7365,0.0918
OTOP2,1781,0.0918
EPM2A-DT,7329,0.0918
ZNF141,7340,0.0918
LINC02369,611,0.0918
ENSG00000253656,1676,0.0918
PPIL6,7271,0.0918
RUFY4,4856,0.0918
LINC01238,4625,0.0918
ENSG00000287294,97,0.0918
ENSG00000286721,6567,0.0917
SECISBP2,7576,0.0917
STPG3,967,0.0917
GRIN2B,7341,0.0917
CCDC183-AS1,6221,0.0917
UPF1,7508,0.0917
BROX,7579,0.0917
ENSG00000213315,1101,0.0917
ENSG00000270279,43,0.0917
PPP6R2,7624,0.0917
ENSG00000259560,7336,0.0917
PRUNE2,7292,0.0917
SEMA6A,7297,0.0917
ETNPPL,1153,0.0917
SLC12A6,7572,0.0917
ENSG00000284731,134,0.0917
FAM169A-AS1,282,0.0917
ADGRE1,4254,0.0917
ENSG00000232211,1788,0.0916
HDX,7423,0.0916
ENSG00000241634,2389,0.0916
GRPR,4540,0.0916
TYROBP,328,0.0916
ENSG00000291185,6529,0.0916
MBD3L1,3096,0.0916
DDX3X,7617,0.0916
TMEM127,7446,0.0916
SLC4A11,6526,0.0916
ENSG00000266980,2556,0.0916
APIP,7388,0.0916
ENSG00000290014,1192,0.0916
SERPINH1P1,35,0.0916
OSTM1,7454,0.0916
ARAP2,7523,0.0916
NPIPB8,6640,0.0915
TUBB4A,4164,0.0915
ENSG00000286544,373,0.0915
AGPAT2,7400,0.0915
MAP1LC3C,985,0.0915
TPR,7640,0.0915
IQCM,6579,0.0915
CD248,487,0.0915
BTG1,7628,0.0915
ENSG00000278147,270,0.0915
SERPINB10,1653,0.0915
LINC02405,7178,0.0915
ENSG00000229425,6013,0.0915
ENSG00000215409,134,0.0915
ENSG00000259223,2569,0.0915
SAMD11P1,60,0.0915
C21orf91,7335,0.0915
VANGL1,7289,0.0915
HCN1,7195,0.0915
PNISR,7640,0.0915
DLEU7,7221,0.0915
FUT6,4285,0.0915
ENSG00000239482,5815,0.0915
ENSG00000258052,5182,0.0914
TMEM161B-DT,7589,0.0914
CHAT,2205,0.0914
LINC00668,2238,0.0914
CSRP3-AS1,6876,0.0914
LFNG,6328,0.0914
SINHCAFP3,28,0.0914
ABHD3,7558,0.0914
ENSG00000288106,2734,0.0914
ENSG00000272368,7418,0.0914
PSPHP1,5027,0.0914
ENSG00000257398,1952,0.0914
CAPNS1,7503,0.0914
PHACTR1,7386,0.0914
LOXL1-AS1,6170,0.0914
ENSG00000286863,7162,0.0914
POGLUT3,7356,0.0914
LINC02257,7000,0.0914
ENSG00000289357,7321,0.0914
RORB-AS1,1216,0.0914
MAP2K6,7198,0.0914
FEM1B,7527,0.0914
EML2-AS1,5969,0.0914
ENSG00000256811,472,0.0913
FAM86C2P-1,4164,0.0913
ENSG00000272410,7175,0.0913
VTI1BP4,442,0.0913
LRRN3,7051,0.0913
FAHD2P1,141,0.0913
ENSG00000287224,2658,0.0913
TNFRSF1B,7253,0.0913
EIF4E3,7335,0.0913
ENSG00000263531,5431,0.0913
RUNDC3B,6946,0.0913
RGP1,7562,0.0913
FZD8,6774,0.0913
TMEM72-AS1,7271,0.0913
LINC03034,4323,0.0913
LINC00598,7582,0.0913
SNRPA1P1,920,0.0913
SLC4A1AP,7512,0.0913
ACSS1,7189,0.0913
ZFTA,7063,0.0913
ENSG00000275532,6690,0.0913
FIRRE,7367,0.0913
ZXDB,7283,0.0913
ENSG00000289847,6377,0.0912
ENSG00000287908,5201,0.0912
ERH,7464,0.0912
MYH7,525,0.0912
IQUB,7209,0.0912
ENSG00000290105,3300,0.0912
FGD2,3143,0.0912
SHOX2,7308,0.0912
EBAG9,7397,0.0912
ZCCHC10,7434,0.0912
HAP1,6970,0.0912
SP9,1708,0.0912
MSS51,7180,0.0912
AADACL3,191,0.0912
LINC01500,7074,0.0912
ACRP1,545,0.0912
ENSG00000224884,5348,0.0912
ENSG00000260398,3319,0.0912
ENSG00000285658,7000,0.0912
NPIPA9,6638,0.0912
WDR48,7581,0.0912
ENSG00000253917,5625,0.0911
SCN5A,7247,0.0911
SMCO4,7303,0.0911
PCDHB9,5741,0.0911
ENSG00000273068,187,0.0911
ENSG00000273523,208,0.0911
FAM177A1,7613,0.0911
RPS3AP8,234,0.0911
ENSG00000261003,5658,0.0911
ATP5MJ,7510,0.0911
RN7SKP87,50,0.0911
ATP5PB,7486,0.0911
BRD3,7503,0.0911
RPSAP67,133,0.0911
ENSG00000286552,349,0.0911
ENSG00000286636,146,0.0911
B3GALT1-AS1,7050,0.091
TRMT61A,7052,0.091
FAM74A3,34,0.091
SMG1-DT,6684,0.091
RNF32-DT,7370,0.091
ENSG00000288731,334,0.091
TAF1B,7593,0.091
ENSG00000244604,41,0.091
YTHDF2,7608,0.091
RYR3-DT,1703,0.091
OR4F14P,573,0.091
NF1P2,140,0.091
ZNF34,7190,0.091
SRPK2,7641,0.091
ENSG00000289791,5606,0.091
EFCAB7,7339,0.091
PDZK1IP1,5347,0.091
SGCZ,7083,0.091
LINC02945,7547,0.091
KRT13,3614,0.091
LRRC75A,7430,0.091
LANCL1,7567,0.091
SERPING1,5398,0.091
ZSCAN5A-AS1,5911,0.091
CA13,7264,0.091
ENSG00000286215,7352,0.091
ENSG00000289016,624,0.091
ENSG00000232006,5945,0.091
AP4S1,7411,0.091
ENSG00000290108,1059,0.091
CHST11,7622,0.091
UQCR10,7412,0.091
LINC01903,162,0.091
FLCN,7554,0.0909
SPATS2L,7641,0.0909
NCAN,4546,0.0909
ENSG00000289726,7064,0.0909
SYK,7429,0.0909
GAS2L1,7311,0.0909
TGM3,2567,0.0909
ENSG00000226409,2725,0.0909
PIM2,7332,0.0909
LINC00347,94,0.0909
MAP2K2,7398,0.0909
PDCD6IP,7627,0.0909
AMFR,7511,0.0909
UBQLN2,7398,0.0909
RPL17P11,136,0.0909
ZNF721,7632,0.0909
ENSG00000260650,1593,0.0909
BDH1,7393,0.0908
LRRC43,6611,0.0908
NIM1K,7240,0.0908
FBXO15,7031,0.0908
CHKB-CPT1B,4967,0.0908
ENSG00000280067,6496,0.0908
ENSG00000286297,1148,0.0908
OAZ2,7433,0.0908
GCAT,7337,0.0908
ENSG00000275741,6027,0.0908
C8orf82,7087,0.0908
H3C8,2319,0.0908
PTK7,7419,0.0908
ENSG00000286016,7476,0.0908
PARP3,7135,0.0908
ERCC6,7555,0.0908
LINC01708,5322,0.0908
BMS1P14,3620,0.0908
MOB2,7343,0.0908
ENSG00000234500,7285,0.0908
TTF2,7361,0.0908
PRNCR1,6036,0.0908
SLCO5A1-AS1,5368,0.0908
ENSG00000286739,7311,0.0908
CGNL1,7196,0.0908
SMIM12,7455,0.0907
ENSG00000279960,1396,0.0907
DNAI1,7108,0.0907
LINC02308,932,0.0907
PDE2A-AS2,334,0.0907
BCL11B,7362,0.0907
UGP2,7598,0.0907
SNORA26,3637,0.0907
KIAA0930,7371,0.0907
GBA2,7424,0.0907
FTH1P4,1001,0.0907
ENSG00000272915,439,0.0907
DFFB,7243,0.0907
ENSG00000286076,6311,0.0907
GLUD1P3,7298,0.0906
TIRAP,7333,0.0906
COG2,7388,0.0906
GAS6-AS1,6886,0.0906
ENSG00000236469,2765,0.0906
SLAMF8,1905,0.0906
FCF1P6,726,0.0906
ENSG00000203279,6019,0.0906
ENSG00000284116,7245,0.0906
SFI1,7441,0.0906
LY6K,5678,0.0906
ENSG00000286121,6645,0.0906
ENSG00000255031,6922,0.0906
FPGT,7417,0.0906
NPAS1,7275,0.0906
MPPED2-AS1,433,0.0906
KREMEN2,6424,0.0906
PPIA,7556,0.0906
KRT12,875,0.0905
BCKDHA,7394,0.0905
AFG3L2,7561,0.0905
KCNB2,6936,0.0905
ENSG00000258975,146,0.0905
CYP4F12,5891,0.0905
PLEKHG3,7404,0.0905
PCNP,7629,0.0905
ENSG00000290316,3567,0.0905
ENSG00000247011,6617,0.0905
C11orf54,7450,0.0905
ENSG00000284959,7263,0.0905
SYDE1,7275,0.0905
EEF1AKMT4-ECE2,6401,0.0905
TM9SF5P,7348,0.0905
RABGEF1P3,6714,0.0905
MIA3,7623,0.0905
CD3D,682,0.0905
LPGAT1-AS1,4413,0.0905
ADGRL2,7580,0.0905
ENSG00000249335,6414,0.0904
PAXIP1,7465,0.0904
TARBP2,7250,0.0904
ENSG00000272630,5982,0.0904
PCGF3-AS1,7605,0.0904
CHAF1B,7421,0.0904
KCNE4,7333,0.0904
PPP1R13L,7569,0.0904
GOLT1B,7619,0.0904
NME7,7599,0.0904
ENSG00000287682,6126,0.0904
ENSG00000266088,6120,0.0904
ENSG00000234337,6499,0.0904
TTC23L,7214,0.0904
ENSG00000288812,239,0.0904
TMPRSS3,6043,0.0904
B9D1,7382,0.0904
SCGB3A2,1193,0.0903
CALHM5,2532,0.0903
MED10,7568,0.0903
CHMP1B-AS1,7117,0.0903
PCDHA1,1358,0.0903
C17orf58,7316,0.0903
ALDH2,7473,0.0903
SUSD3,2841,0.0903
ENSG00000266302,7011,0.0903
SH3BP1,7278,0.0903
ADGRF3,6957,0.0903
FOXP2,7444,0.0903
SPEN,7637,0.0903
ENSG00000287386,343,0.0903
SLX9,7438,0.0903
MIRLET7A1HG,7553,0.0903
KRT3,639,0.0903
ENSG00000255027,5038,0.0903
ENSG00000272699,3093,0.0903
PCMTD1,7630,0.0903
PXDN,7501,0.0903
ENSG00000234900,409,0.0902
KDELR2,7635,0.0902
CR1L,5616,0.0902
ENSG00000269825,6867,0.0902
ITGA10,7201,0.0902
MMP16,7520,0.0902
AAGAB,7531,0.0902
ENSG00000283648,2294,0.0902
LLGL1,7342,0.0902
ENSG00000272977,6793,0.0902
TBX6,6314,0.0902
EVC,7398,0.0902
ZNF792,6715,0.0902
MRM2,7347,0.0902
ENSG00000286319,7203,0.0902
ANAPC1P5,380,0.0902
CYRIA,6995,0.0902
GOLGA6C,232,0.0902
RMDN2-AS1,6881,0.0902
LYRM4-AS1,6815,0.0902
RSRC1,7639,0.0902
RAI1,7607,0.0902
ENSG00000288054,2499,0.0902
ENSG00000272783,43,0.0902
LINC02902,1245,0.0901
LINC00926,6816,0.0901
EP400P1,7316,0.0901
HMGB1P28,68,0.0901
MBOAT1,7431,0.0901
ENSG00000251214,22,0.0901
FUT7,704,0.0901
ENSG00000261334,2788,0.0901
SPAG17,6945,0.0901
IKBKE,7263,0.0901
NTAN1,7334,0.0901
TENT4B,7518,0.0901
ELMO3,6773,0.0901
EPO,1136,0.0901
ENSG00000251218,2419,0.0901
ENSG00000273110,275,0.0901
ABCA9-AS1,4124,0.0901
ENSG00000285772,2767,0.0901
CCR8,23,0.0901
LZTS3,7242,0.0901
SEC11B,261,0.09
FAM177A1P1,813,0.09
MED6,7555,0.09
CLTCL1,7436,0.09
LINC00686,2062,0.09
LINC00504,7266,0.09
LINC02994,7498,0.09
LRRIQ1,6587,0.09
RMND5A,7535,0.09
ENSG00000287350,653,0.09
ATE1OSP,7237,0.09
GIT1,7378,0.09
OPRL1,5530,0.09
PPM1B,7584,0.09
GUK1,7543,0.09
EPS15-AS1,6948,0.09
TUBGCP6,7315,0.09
E4F1,7347,0.09
SLC35F6,7295,0.09
SNHG10,7236,0.09
ENSG00000289427,435,0.09
ENPP3,6139,0.0899
ENSG00000260847,63,0.0899
ENSG00000217488,297,0.0899
IER3-AS1,6742,0.0899
TBCC,7257,0.0899
GRID1,7120,0.0899
MC1R,7243,0.0899
GAPT,36,0.0899
CCDC13-AS2,2306,0.0899
LINC00571,7357,0.0899
CALCRL-AS1,7491,0.0899
LINC01358,7136,0.0899
ENSG00000289443,6823,0.0899
MIDEAS-AS1,6493,0.0899
RPL12P6,194,0.0899
TNFSF11,1771,0.0899
NR2E1,1487,0.0899
PLEKHM1P1,7500,0.0899
NPHP3,7596,0.0898
PNPLA2,7421,0.0898
ENSG00000241666,86,0.0898
LINC01444,1598,0.0898
CAMKV,3152,0.0898
CLSTN2,7156,0.0898
P3R3URF,577,0.0898
ALYREF,7347,0.0898
ENSG00000289228,7412,0.0898
LINC02997,6882,0.0898
CLDN1,7517,0.0898
SGSM3,7489,0.0898
HID1-AS1,468,0.0898
ENSG00000255389,4628,0.0898
NKIRAS2,7432,0.0898
CXXC1,7355,0.0898
ENSG00000250060,1132,0.0898
MED22,7324,0.0898
PACRG,7154,0.0898
SYBU,7250,0.0898
TUBGCP2,7538,0.0898
SELENOF,7575,0.0898
ANKS3,7475,0.0898
TPMT,7395,0.0898
ENSG00000257279,5981,0.0898
GUSBP15,6198,0.0897
CCDC168,6918,0.0897
CFH,7107,0.0897
DUOXA2,2709,0.0897
RHOV,6948,0.0897
PATE1,77,0.0897
KRT80,7281,0.0897
ZNF548,7302,0.0897
TMEM201,7232,0.0897
DNAJC19,7328,0.0897
MKX-AS1,1391,0.0897
MIR4435-2HG,7638,0.0897
PPT2,7304,0.0897
L3MBTL2-AS1,7023,0.0897
GACAT2,3764,0.0897
PNO1,7398,0.0897
CUPIN1P,2112,0.0897
ENSG00000291065,7100,0.0897
LINC02721,610,0.0897
PCDHGA12,4466,0.0897
MTO1,7394,0.0896
ARL8B,7625,0.0896
ENSG00000223849,1294,0.0896
ENSG00000285733,6879,0.0896
PHLDB3,7447,0.0896
TSPYL4,7320,0.0896
WBP4,7552,0.0896
LINC02785,2939,0.0896
ENSG00000253550,21,0.0896
ENSG00000231683,326,0.0896
ENSG00000259394,435,0.0896
LINC01224,3480,0.0896
BAP1,7369,0.0896
ENSG00000287306,6866,0.0896
ENSG00000255757,122,0.0896
ENSG00000290674,1035,0.0896
ENSG00000286144,2071,0.0896
LIFR,7597,0.0895
PHB2,7423,0.0895
ENSG00000281571,148,0.0895
ENSG00000288770,334,0.0895
CENPN,7407,0.0895
ATF7-NPFF,628,0.0895
ENSG00000290971,849,0.0895
FTCDNL1,7174,0.0895
ENSG00000250945,1250,0.0895
GATA6,7288,0.0895
ATP2B1,7641,0.0895
LINC01740,425,0.0895
LACC1,7151,0.0895
MST1L,419,0.0895
ENSG00000288606,5607,0.0895
VWA7,5125,0.0895
CUBNP1,215,0.0895
ZNF610,6715,0.0894
ENSG00000286850,7340,0.0894
TSPAN2,5802,0.0894
ENSG00000255886,7084,0.0894
RRP9,7215,0.0894
ENSG00000283149,6688,0.0894
ENSG00000267385,2835,0.0894
EPOR,7243,0.0894
TMEM170A,7511,0.0894
SLC35F4,6984,0.0894
WNT5B,7428,0.0894
ENSG00000258510,389,0.0894
RRP7A,7418,0.0893
ENSG00000269888,64,0.0893
NDUFC2,7411,0.0893
OR56B2P,364,0.0893
RHOXF1P1-1,2595,0.0893
NPTX1,7311,0.0893
ENSG00000279207,7078,0.0893
HTR1B,977,0.0893
SIMC1,7497,0.0893
CDKL3,7458,0.0893
EID1,7554,0.0893
ENSG00000291184,1931,0.0893
ENSG00000253194,7265,0.0893
ENSG00000286201,1489,0.0893
ENSG00000226890,223,0.0893
FREM2,6554,0.0893
ENSG00000251055,1451,0.0893
KCNK15-AS1,6912,0.0893
NCKAP5L,7380,0.0893
ENSG00000248115,926,0.0893
RUVBL1-AS1,6058,0.0893
RAC2,7199,0.0892
ENSG00000224228,7178,0.0892
KLHL38,1927,0.0892
SNX8,7523,0.0892
ENSG00000261600,686,0.0892
ENSG00000289131,2177,0.0892
LINC01504,7222,0.0892
MAST2,7591,0.0892
ZNF865,7379,0.0892
CEACAM16,3994,0.0892
ARPIN,7334,0.0892
ENSG00000204876,6963,0.0892
ENSG00000232828,6786,0.0892
RGS6,7229,0.0892
LINC01181,1724,0.0892
NAT9,7375,0.0892
LINC02105,3693,0.0892
ENSG00000281091,6314,0.0892
ENSG00000248576,2372,0.0891
EVA1CP1,546,0.0891
ODAM,486,0.0891
KYAT3,7533,0.0891
LPIN2,7625,0.0891
ENSG00000268798,6612,0.0891
TCEAL9,7561,0.0891
ENSG00000287868,5320,0.0891
DTWD2,7444,0.0891
DCTD,7437,0.0891
ARMCX4,7187,0.0891
GNA13,7616,0.0891
ENSG00000287923,7436,0.0891
PORCN,7339,0.0891
OTOA,6615,0.0891
ENSG00000261000,5326,0.0891
MTND2P28,7386,0.0891
TBX21,2206,0.0891
BPIFB1,2070,0.0891
ENSG00000225315,3923,0.0891
KLC1,7638,0.0891
MIR4527HG,6503,0.089
PACSIN3,7264,0.089
ITPRID2-DT,5445,0.089
ENSG00000229498,2104,0.089
SCUBE3,6877,0.089
ENSG00000272362,245,0.089
PKLR,4987,0.089
ENSG00000288979,5290,0.089
LINC01116,6662,0.089
ZNF718,7429,0.089
CAPN8,7102,0.089
ISCU,7429,0.089
CEACAM20,4442,0.089
LILRA2,614,0.089
DIPK2A,7593,0.089
ENSG00000267787,7439,0.089
ZNF573,7330,0.089
CLDN2,5560,0.0889
ENSG00000266313,6932,0.0889
ENSG00000227705,937,0.0889
CENPB,7339,0.0889
ENSG00000291124,5086,0.0889
EPPK1,6827,0.0889
ENSG00000227722,7332,0.0889
ENSG00000268460,5363,0.0889
MYLK-AS1,7319,0.0889
NOB1,7473,0.0889
ENSG00000260476,469,0.0889
RIT1,7503,0.0889
ENSG00000253746,1848,0.0889
LINC00939,2789,0.0889
ENSG00000282556,6365,0.0889
SPINDOC,7340,0.0889
EMP2,7455,0.0889
ARSB,7356,0.0889
ENSG00000289504,6928,0.0889
ENSG00000259203,108,0.0888
NINJ1,7373,0.0888
NRIP3,7355,0.0888
ASMTL,7438,0.0888
ENSG00000289476,6987,0.0888
MIR4300HG,6913,0.0888
ZNF789,7351,0.0888
NOX5,4408,0.0888
DNM1L,7631,0.0888
THRIL,6723,0.0888
SPP1,7336,0.0888
PADI1,6958,0.0888
CRAT,7314,0.0887
BCL2,7319,0.0887
GRM7-AS3,6241,0.0887
SKOR2,940,0.0887
CCDC175,5880,0.0887
ASB16,6844,0.0887
HOTTIP,4472,0.0887
CNTFR,5568,0.0887
ENSG00000285954,3378,0.0887
ENSG00000250057,6709,0.0887
BAIAP3,7156,0.0887
TAC3,5622,0.0887
ENSG00000267137,29,0.0887
ENSG00000232762,303,0.0887
CNOT8,7608,0.0887
ANKRD65-AS1,163,0.0887
ENSG00000212663,2770,0.0887
C17orf98,3112,0.0887
LINC01030,6937,0.0886
ENSG00000256221,78,0.0886
CNTLN,7568,0.0886
SCML1,7486,0.0886
SOCS5P4,6731,0.0886
RAB4A-AS1,6955,0.0886
XNDC1N-ZNF705EP-ALG1L9P,7140,0.0886
SIGIRR,7183,0.0886
FAM169A,7420,0.0886
ENSG00000273398,7375,0.0886
HSPB2,566,0.0886
GJA9,5454,0.0886
ENSG00000211683,4750,0.0886
DCHS1-AS1,55,0.0886
TMEM88,6193,0.0886
C5orf34,7395,0.0886
FBXO30,7393,0.0886
TLCD4,7358,0.0885
LINC01753,1578,0.0885
ENSG00000271781,4484,0.0885
RPS4XP14,121,0.0885
LINC03033,1404,0.0885
CFAP45,7024,0.0885
ENSG00000226355,1258,0.0885
RLIM,7575,0.0885
SGPL1,7495,0.0885
CD36,7414,0.0885
KARS1,7510,0.0885
ENSG00000275481,6884,0.0885
ENSG00000280191,2241,0.0885
C2orf27A,7450,0.0885
FBP2P1,498,0.0885
ZNF140,7389,0.0884
ENSG00000270619,143,0.0884
RETSAT,7451,0.0884
MCRIP1,7401,0.0884
TRAPPC5,7269,0.0884
ZNF286A,7409,0.0884
EEF1E1,7388,0.0884
MCCC1-AS1,534,0.0884
ENSG00000285190,7014,0.0884
ENSG00000260580,169,0.0884
CHST12,7401,0.0884
ATPSCKMT,7354,0.0884
RELCH,7545,0.0884
COX11,7366,0.0884
BUD31,7514,0.0884
EIF2B2,7329,0.0884
NDUFAF2,7543,0.0884
IRF2,7538,0.0883
CD74,7082,0.0883
USP19,7330,0.0883
PCDHB8,2971,0.0883
THOP1,7352,0.0883
TVP23C-CDRT4,7524,0.0883
ENSG00000253356,6975,0.0883
RAD51AP2,3210,0.0883
ENSG00000257225,5281,0.0883
ENSG00000287280,2323,0.0883
CYB561,7345,0.0883
DMAC2L,7483,0.0883
GPA33,5820,0.0883
ENSG00000228061,7208,0.0883
CCNG2,7571,0.0883
LINC00689,2244,0.0883
HMGN2P47,183,0.0883
ENSG00000235592,479,0.0882
PCDHA2,1731,0.0882
TAC1,604,0.0882
PCGF6,7349,0.0882
LINC01167,892,0.0882
ENSG00000290799,767,0.0882
IRF7,7212,0.0882
TINAG,3931,0.0882
SYT13,6341,0.0882
ENSG00000253130,2680,0.0882
MRPL2,7351,0.0882
RUSC1-AS1,7028,0.0882
TNFRSF6B,6887,0.0882
PTGIS,6250,0.0882
ENSG00000229195,6886,0.0882
MRPL52,7362,0.0882
OR13G1,260,0.0882
RNVU1-22,68,0.0882
TFAP2E-AS1,6140,0.0881
CYBB,2880,0.0881
MTBP,7477,0.0881
ENSG00000290117,4994,0.0881
ENSG00000272221,3588,0.0881
ENSG00000279422,248,0.0881
ENSG00000287316,4570,0.0881
PRDX5,7414,0.0881
ENSG00000285079,227,0.0881
KLHL8,7458,0.0881
CSAG3,3666,0.0881
ENSG00000271860,7230,0.0881
NXPE3,7326,0.0881
ENSG00000271751,1264,0.0881
DAB2,7518,0.0881
FAM180A,3881,0.0881
LINC02709,6646,0.0881
ENSG00000251623,312,0.0881
CACNA1H,6752,0.0881
CYP2E1,7116,0.0881
ENSG00000250132,2513,0.0881
SLC36A4,7517,0.088
Metazoa_SRP-77,35,0.088
ENSG00000288849,5730,0.088
SEPTIN7P8,725,0.088
PHKA2,7471,0.088
OR4F15,4331,0.088
ALG10B,7246,0.088
YY1,7633,0.088
TRIM47,6999,0.088
SREK1,7636,0.088
RPL7L1P9,740,0.088
DAPK3,7496,0.088
PPIP5K2,7593,0.088
ENSG00000287020,1708,0.088
KAZN-AS1,6014,0.088
S100A13,7373,0.088
ENSG00000272909,6576,0.088
SGK1,7423,0.088
KCTD15,7182,0.088
ENSG00000266114,148,0.088
ENSG00000290230,6402,0.088
RAB3GAP2,7631,0.088
FAM246C,473,0.088
SELENOW,7471,0.088
BORCS8,7131,0.088
SCYL1,7431,0.088
RBKS,7352,0.0879
ENSG00000285867,7155,0.0879
ENSG00000287816,3631,0.0879
NYAP1,6237,0.0879
LINC00896,2818,0.0879
ENSG00000289870,2466,0.0879
HNRNPA3P12,4651,0.0879
SMARCC1,7638,0.0879
PRR35,1345,0.0879
BRIX1,7512,0.0879
HES6,6619,0.0879
ENSG00000287366,2068,0.0879
ENSG00000254035,3207,0.0879
STAG2,7640,0.0879
TFEC,5514,0.0879
RNASE7,551,0.0879
TRMT6,7395,0.0879
ENSG00000272076,4378,0.0879
ENSG00000254942,680,0.0879
ANGEL2,7465,0.0879
ENSG00000260510,5689,0.0879
ENSG00000236478,2258,0.0879
MED1,7588,0.0878
ELMOD2,7476,0.0878
RAB24,7338,0.0878
PSMB9,7292,0.0878
ENSG00000290102,3845,0.0878
ENSG00000232886,257,0.0878
EEF1A1P28,303,0.0878
WAPL,7625,0.0878
NDUFV2P1,6066,0.0878
TENT2,7628,0.0878
ARL3,7435,0.0878
RSAD1,7352,0.0878
RTN4RL2,6976,0.0878
ENSG00000224216,3251,0.0878
ACSF2,7332,0.0878
RPL32,7599,0.0878
PDE6G,6104,0.0878
ATP5IF1,7420,0.0878
OSBP2,7574,0.0878
UFSP2,7444,0.0877
RAB43,7475,0.0877
ENSG00000290578,5970,0.0877
CHST13,2475,0.0877
FAM86MP,553,0.0877
CEP126,7397,0.0877
ENSG00000259635,7141,0.0877
SCGB2A2,446,0.0877
LINC02551,6394,0.0877
WDR77,7318,0.0877
GPATCH3,7269,0.0877
ENSG00000254028,1757,0.0877
EPHA1-AS1,7012,0.0877
PRXL2C,7372,0.0877
ABL1,7639,0.0877
LNP1,7267,0.0876
TBC1D10A,7402,0.0876
HR,6636,0.0876
LIX1-AS1,7384,0.0876
TNFRSF11B,6868,0.0876
RNU6-711P,58,0.0876
DPH2,7048,0.0876
CSRP2,7399,0.0876
ZNF595,7242,0.0876
ENSG00000286724,7291,0.0876
DNAH17-AS1,4041,0.0876
ENSG00000141979,7372,0.0876
FBXO42,7622,0.0876
OTX1,6816,0.0876
RDH13,7477,0.0876
C5AR1,7353,0.0876
ENSG00000286195,6735,0.0876
GPR4,1476,0.0876
ENSG00000257767,7109,0.0876
AGA-DT,7317,0.0876
ENSG00000285589,7254,0.0876
DENND6A-AS1,7089,0.0875
SPATA25,2155,0.0875
ANKRD7,7208,0.0875
PTCSC2,6532,0.0875
ZNF599,6553,0.0875
SNORA71B,1146,0.0875
ENSG00000261527,304,0.0875
HMGN4,7387,0.0875
TDG,7521,0.0875
RBFOX3,6811,0.0875
FCGR3A,399,0.0875
SPOPL-DT,7434,0.0875
ENSG00000235582,75,0.0875
CDR1,912,0.0875
ENSG00000254501,692,0.0875
DYNLRB1,7556,0.0875
ZEB1-AS1,7270,0.0874
ENSG00000271758,2520,0.0874
ENSG00000260851,7306,0.0874
SMYD5,7350,0.0874
SLC18B1,7247,0.0874
SNORA75-3,29,0.0874
PIAS3,7439,0.0874
ENSG00000259309,179,0.0874
ENSG00000280029,6755,0.0874
CHRNA9,3263,0.0874
ENSG00000282097,1165,0.0874
SATB2,7631,0.0874
ENSG00000286127,6477,0.0874
ENSG00000233875,2200,0.0874
APBA3,7297,0.0874
TEX9,7423,0.0874
BEX3,7426,0.0874
LMOD1,5301,0.0874
C16orf95,7275,0.0874
LINC02804,7122,0.0873
ENSG00000205037,928,0.0873
EFCAB5,7125,0.0873
ENTPD3-AS1,7330,0.0873
METTL17,7404,0.0873
LGALS9DP,538,0.0873
HDAC3,7588,0.0873
ZDHHC4,7356,0.0873
LRP5,7531,0.0873
LAMA4,7537,0.0873
NTNG2,6730,0.0873
POLR1G,7301,0.0873
RBM44,7339,0.0873
MCUB,7529,0.0873
ENSG00000285703,4093,0.0873
PLCB2,4226,0.0873
GORASP1,7348,0.0873
MTCYBP28,565,0.0873
EEF1A2,7399,0.0873
ARSI,3924,0.0873
PAXBP1-AS1,7137,0.0873
ENSG00000289849,53,0.0873
SYPL1P2,1629,0.0873
RSPH9,7035,0.0872
ENSG00000289956,7427,0.0872
ENSG00000250613,175,0.0872
DEPTOR-AS1,626,0.0872
ANKRD20A17P,1135,0.0872
ENSG00000248475,4169,0.0872
ENSG00000267731,4942,0.0872
ENSG00000291208,7216,0.0872
ATP8B1,7592,0.0872
LRCH4,7407,0.0872
ANKRD23,7366,0.0872
POLD4,7457,0.0872
LRRC15,4435,0.0872
LRRC8A,7468,0.0872
PPARG,7615,0.0872
TMPRSS13,4045,0.0872
ENSG00000287926,1377,0.0871
LINC01214,4973,0.0871
ENSG00000261170,6206,0.0871
FXR2,7437,0.0871
PALS2,7613,0.0871
RN7SKP72,82,0.0871
MAGI3,7640,0.0871
CTBP2P4,332,0.0871
HOTAIR,5634,0.0871
TMCO2,6661,0.0871
ENSG00000286059,224,0.0871
PRSS21,1778,0.0871
ENSG00000285919,4244,0.0871
MFSD11,7553,0.0871
COP1P1,1637,0.0871
MOCOS,7422,0.0871
SH3GL1P3,69,0.0871
SEPTIN10,7635,0.0871
ENSG00000203565,396,0.0871
ASB16-AS1,7348,0.0871
LINC01946,2694,0.0871
SEPTIN7P3,6567,0.0871
ENSG00000224066,6368,0.0871
ENSG00000226987,4201,0.0871
PANK2,7515,0.0871
SUCLG2-DT,7342,0.0871
ENSG00000261244,128,0.087
ENSG00000241048,3811,0.087
ENSG00000286947,198,0.087
MGAT4B,7417,0.087
ENSG00000267436,7154,0.087
LINC02752,4930,0.087
ENSG00000268870,7295,0.087
TMCO3,7617,0.087
GATD3,6666,0.087
NRXN1,7203,0.087
ENSG00000261616,5411,0.087
RN7SKP48,58,0.087
THSD1,7260,0.087
RBM47,7540,0.087
HIVEP3,7621,0.087
ENSG00000253844,4208,0.087
ACTR3-AS1,7354,0.087
MAPK1,7576,0.0869
INPP5A,7613,0.0869
NMI,7368,0.0869
ENSG00000285473,2472,0.0869
FAM86B3P-1,6712,0.0869
ENSG00000111780,7312,0.0869
CYP4F27P,1498,0.0869
PLCL1,7173,0.0869
PATJ,7641,0.0869
DNAJA3,7415,0.0869
BCORL1,7494,0.0869
ENSG00000272223,6692,0.0869
ENSG00000261468,5703,0.0869
MROH8,7341,0.0869
ADAM20,7493,0.0869
ENSG00000250158,6953,0.0869
ENSG00000257550,6651,0.0869
GOLGA6B,1496,0.0869
ENSG00000279583,6009,0.0869
ENSG00000237798,363,0.0868
ENSG00000286918,1750,0.0868
TP53INP1,7324,0.0868
ENSG00000239985,888,0.0868
LINC01798,6416,0.0868
NXF2B,143,0.0868
MUC4,7132,0.0868
RALY-AS1,7077,0.0868
IL21R-AS1,3565,0.0868
ENSG00000273348,1309,0.0868
CCL14,958,0.0868
RASL10B,6113,0.0868
ENSG00000280069,7226,0.0868
ACTR8,7376,0.0867
ENSG00000275993,6084,0.0867
SLC18A1,1740,0.0867
TRAK1,7629,0.0867
C2orf80,840,0.0867
MTCO2P12,5741,0.0867
HSPB8,7391,0.0867
TNNT3,892,0.0867
ENSG00000188850,5718,0.0867
C3orf22,3924,0.0867
MSC,3882,0.0867
ZNF33A,7575,0.0867
MIA2,7605,0.0867
MICOS10-DT,1952,0.0867
ENSG00000279747,1266,0.0867
METTL26,7370,0.0867
ENSG00000287934,7110,0.0867
ATP13A2,7359,0.0867
SPOP,7596,0.0867
ZNF670,7442,0.0867
PLA2G2C,2294,0.0867
ENSG00000230437,1344,0.0867
KHDC4,7623,0.0866
INTS9,7502,0.0866
SPATA22,5612,0.0866
LINC02863,5154,0.0866
PRKD3-DT,937,0.0866
HRH2,4701,0.0866
PTPMT1,7359,0.0866
ENSG00000262700,813,0.0866
NOC4L,7247,0.0866
ENSG00000266368,6186,0.0866
ENSG00000286377,1451,0.0866
NRSN2,7329,0.0866
CSGALNACT2,7537,0.0866
LTB4R,7348,0.0866
ENSG00000286653,274,0.0866
ZNF561,7387,0.0866
ENSG00000267506,2418,0.0866
LINC02341,6834,0.0866
TMEM72,457,0.0865
CD101-AS1,5958,0.0865
CFAP99,4905,0.0865
SCAP,7455,0.0865
ENSG00000289497,6465,0.0865
ENSG00000272109,6281,0.0865
TTC33,7537,0.0865
ENSG00000254488,378,0.0865
ENSG00000279472,3415,0.0865
ENSG00000237961,1265,0.0865
ENSG00000250962,584,0.0865
ABCC1,7594,0.0865
TMEM269,7250,0.0865
FTSJ3,7466,0.0865
KCNQ1DN,136,0.0865
CNTN1,7050,0.0865
ENSG00000287263,6953,0.0865
BRD4,7639,0.0865
ENSG00000289600,5550,0.0865
ENSG00000271862,7013,0.0865
FLT1,7036,0.0865
IKZF4,7365,0.0865
GPR19,6913,0.0865
LIMS1,7640,0.0865
ENSG00000234382,2268,0.0865
LINC02547,4054,0.0864
ENSG00000237346,459,0.0864
ENSG00000267706,1008,0.0864
RORA-AS1,7440,0.0864
ENSG00000255126,672,0.0864
DLGAP2,6841,0.0864
LINC02917,1118,0.0864
ENSG00000264491,278,0.0864
KRCC1,7489,0.0864
SLC24A3,7294,0.0864
ENSG00000272382,410,0.0864
SEC61A1,7617,0.0864
HMGB3,7428,0.0864
ENSG00000286828,7236,0.0864
FAM87B,885,0.0864
ATP6AP1,7403,0.0864
ENSG00000144785,7459,0.0864
APBA1,7233,0.0864
ENSG00000283445,6048,0.0864
A4GALT,6540,0.0864
HADHB,7568,0.0864
ENSG00000246130,5844,0.0863
POU6F2-AS2,2688,0.0863
RAB11B-AS1,7324,0.0863
HACD2,7589,0.0863
TIAL1,7624,0.0863
CDH18,7281,0.0863
SIRPB2,1763,0.0863
SEMA3E,7007,0.0863
Y_RNA-560,31,0.0863
ENSG00000231324,1488,0.0863
SSBP3,7610,0.0863
LINC02276,42,0.0863
ENSG00000270127,5275,0.0863
NEUROG2,834,0.0863
FHIT,7640,0.0863
ENSG00000286503,6774,0.0863
LINC00652,720,0.0863
CERS6,7638,0.0863
ENSG00000285557,5939,0.0863
ENSG00000250101,6997,0.0862
BAG5,7461,0.0862
ENSG00000286980,5201,0.0862
ENSG00000267110,449,0.0862
TMEM160,7263,0.0862
SALRNA3,114,0.0862
MARK1,7129,0.0862
STK17B,7546,0.0862
MIR9-1HG,7165,0.0862
ENSG00000227358,315,0.0862
ENSG00000288067,6657,0.0862
ENSG00000225678,473,0.0862
DBNDD1,7066,0.0862
PARP15,5505,0.0862
RPL21P40,1435,0.0862
IQCK,7433,0.0862
LINC02936,7337,0.0862
LIPE-AS1,7523,0.0862
ENSG00000272799,193,0.0861
SLC46A3,6762,0.0861
FSIP2-AS2,5306,0.0861
ENSG00000223947,6443,0.0861
ENSG00000289301,3644,0.0861
RPLP0P9,44,0.0861
TMEM63C,7333,0.0861
ENSG00000178715,424,0.0861
VPS26C,7584,0.0861
ENSG00000253968,3362,0.0861
ZFYVE19,7342,0.0861
AOPEP,7641,0.0861
OR2AT4,1241,0.0861
ORMDL1,7466,0.0861
CD81,7476,0.0861
CASC18,4101,0.0861
TPD52L2,7541,0.0861
ENSG00000286913,3777,0.0861
FAM238A,883,0.0861
FOCAD,7624,0.086
ENSG00000277855,6593,0.086
ENSG00000285943,6649,0.086
ENSG00000236393,6339,0.086
ENSG00000255179,583,0.086
SLC27A4,7361,0.086
ENSG00000230990,2864,0.086
LINC03046,6560,0.086
ENSG00000285593,441,0.086
AADACP1-1,3076,0.086
UBTD1,7374,0.086
ENSG00000267503,242,0.086
LINC01747,519,0.086
SERPINA6,2154,0.086
VPS72,7377,0.086
CCDC47,7620,0.086
RNF141,7469,0.086
CRYBB2,6946,0.086
SRPRB,7390,0.086
CD300LD,150,0.0859
TBCAP1,5352,0.0859
RBPMS2,6355,0.0859
ENSG00000271984,1970,0.0859
SLC43A1,7077,0.0859
PTP4A2P2,381,0.0859
ENSG00000287863,646,0.0859
SMC6,7566,0.0859
NAPG,7567,0.0859
ENSG00000255182,6224,0.0859
ZSCAN9,7333,0.0859
PRPF19,7381,0.0859
SMARCD1,7426,0.0859
ABCB10,7400,0.0859
ENSG00000285897,6731,0.0858
WARS2-AS1,7526,0.0858
ENSG00000246225,6755,0.0858
ENSG00000263326,159,0.0858
SLC9A6,7379,0.0858
ENSG00000287622,5559,0.0858
ENSG00000227803,6273,0.0858
OGFOD3,7414,0.0858
MICAL1,7378,0.0858
HSD3B1,175,0.0858
GRK5,7533,0.0858
SNX19P2,639,0.0858
FITM1,3721,0.0858
KIR2DL1,221,0.0858
FKBP11,7433,0.0858
ENSG00000255644,1874,0.0858
ENSG00000267755,806,0.0858
SRSF1,7583,0.0858
CLIC3,4381,0.0858
FAM106A,6578,0.0858
CISD1,7368,0.0857
MIXL1,1298,0.0857
LOXL2,7632,0.0857
ENSG00000285810,5089,0.0857
TTLL5,7624,0.0857
SPECC1L-ADORA2A,157,0.0857
WNT2,1673,0.0857
FCHO2,7610,0.0857
MTND1P32,4463,0.0857
SLC2A12,7166,0.0857
EDNRB,5202,0.0857
SLC2A11,7334,0.0857
ENSG00000264486,415,0.0857
BMPR1A,7632,0.0857
TRIM27,7532,0.0857
ENSG00000259805,7330,0.0857
PTGR3,7382,0.0857
ENSG00000253115,528,0.0857
KRT16P3,127,0.0857
ENSG00000287174,99,0.0857
ENSG00000291180,1696,0.0856
SEPTIN3,6901,0.0856
ENSG00000287707,6179,0.0856
LINC02885,6764,0.0856
PRDX6,7577,0.0856
DAAM2-AS1,4976,0.0856
SLC39A10,7529,0.0856
ENSG00000287556,581,0.0856
ASCC3,7640,0.0856
PLEKHG4B,7357,0.0856
SMIM5,4536,0.0856
SPDL1,7386,0.0856
ENSG00000261786,4380,0.0856
RANP1,1688,0.0855
LINGO2,7583,0.0855
CASC17,4949,0.0855
ZC3HAV1,7639,0.0855
WDR7-OT1,5852,0.0855
FAM166B,2645,0.0855
ENSG00000249476,7407,0.0855
LRRC27,7392,0.0855
HELB,7533,0.0855
GRK4,7269,0.0855
LINC01805,539,0.0855
LINC00240,7022,0.0855
TTBK1,3111,0.0855
MECP2,7614,0.0855
SIRT5,7346,0.0855
BAG6,7505,0.0855
SLC52A3,5411,0.0855
IGSF21-AS1,22,0.0855
FNDC3B,7641,0.0855
SCIN,6343,0.0854
FBXO9,7473,0.0854
SAA1,6616,0.0854
CDKN2B,7207,0.0854
SLC25A12,7463,0.0854
CDCA5,7356,0.0854
ZNF776,7414,0.0854
SLC41A3,7345,0.0854
JPX,7606,0.0854
ENSG00000228033,7043,0.0854
SLC9C2,5998,0.0854
DCAF13,7524,0.0854
AKR1C8,3469,0.0854
ENSG00000289509,3139,0.0854
ENSG00000253168,1330,0.0854
ZNF596,7181,0.0854
ENSG00000286268,6631,0.0853
NNMT,7293,0.0853
TBC1D3,306,0.0853
HAS2-AS1,7262,0.0853
IL27RA,7268,0.0853
CANX,7641,0.0853
MUC20P1,4564,0.0853
PPOX,7313,0.0853
MANEA,7365,0.0853
DROSHA,7580,0.0853
TRIL,707,0.0853
DDX47,5481,0.0853
IRX4-AS1,497,0.0853
LINC00243,6618,0.0853
TXLNB,3408,0.0853
IQCJ-SCHIP1,7565,0.0853
CLDN11,7219,0.0853
ENSG00000287143,1360,0.0853
TNFRSF8,5591,0.0853
ERAP2,7438,0.0853
ENSG00000257849,678,0.0853
C2CD4D-AS1,5184,0.0853
OR51B5,7393,0.0853
CLDN7,7480,0.0853
GIPR,7214,0.0853
CHMP2A,7469,0.0852
TRIM56,7605,0.0852
PPP4R1L,7407,0.0852
ENSG00000240354,348,0.0852
ENSG00000274748,49,0.0852
BHLHE41,7390,0.0852
ENSG00000253766,7051,0.0852
WDR87BP-1,1285,0.0852
ENSG00000251598,6984,0.0852
ENSG00000252904,98,0.0852
ENSG00000238221,7428,0.0852
SNCG,5583,0.0852
ENSG00000253965,3906,0.0852
DIAPH2,7641,0.0852
ENSG00000290531,6945,0.0852
ENSG00000259178,5153,0.0852
ENSG00000279810,73,0.0852
MIR137HG,6904,0.0852
TAF7,7569,0.0852
SLC25A28,7321,0.0851
LINC02196,6667,0.0851
LINC02082,1744,0.0851
IPCEF1,7144,0.0851
KRT2,481,0.0851
ENSG00000242539,6875,0.0851
ENSG00000290404,4719,0.0851
GBP1P1-1,1355,0.0851
ENSG00000248431,5856,0.0851
LINC00596,3696,0.0851
RNF180,6621,0.085
KHSRP,7592,0.085
OR9P1P,143,0.085
RANBP9,7626,0.085
RPL10,7508,0.085
C1orf198,7316,0.085
TIMM17B,7308,0.085
GPBP1L1,7639,0.085
SNCA,7453,0.085
ENSG00000251679,697,0.085
ENSG00000286717,4594,0.085
KIAA0408,7180,0.085
PICALM,7641,0.085
ENSG00000262413,6685,0.085
ENSG00000286378,2341,0.085
ENSG00000236266,5853,0.085
MST1R,6955,0.085
SUV39H2,7352,0.085
S100A14,7305,0.0849
PKN3,7220,0.0849
MMD,7311,0.0849
TMEM74B,6754,0.0849
TRDN,4901,0.0849
ENSG00000249388,2379,0.0849
EGOT,4911,0.0849
ENSG00000271228,286,0.0849
ING2-DT,7314,0.0849
DSE,7512,0.0849
SNX12,7359,0.0849
CCDC59,7506,0.0849
GTF2IP14,7216,0.0849
PEX26,7492,0.0849
HTATIP2,7140,0.0849
ENSG00000256988,1009,0.0849
ENSG00000232611,7443,0.0849
LUZP2,6905,0.0849
ENSG00000249171,4850,0.0849
CTXN1,6552,0.0849
OR51A7,129,0.0848
RAPGEF3,6991,0.0848
PIAS4,7494,0.0848
ENSG00000261654,6549,0.0848
LINC02521,2320,0.0848
DPP7,7295,0.0848
UVRAG,7635,0.0848
ENSG00000289514,159,0.0848
ASCL2,3827,0.0848
FHL3,7214,0.0848
CDC123,7484,0.0848
ENSG00000280239,6857,0.0848
ADAMTS10,6545,0.0848
ENSG00000278231,2269,0.0848
NT5C2,7639,0.0848
PCCA,7634,0.0848
ENSG00000279035,4702,0.0848
ENSG00000259780,1629,0.0848
APPL1,7563,0.0848
ENSG00000276216,5926,0.0848
APRG1,7513,0.0848
FUBP3,7631,0.0848
DLGAP3,5809,0.0848
PIGW,7203,0.0848
CLINT1,7634,0.0847
FAM227B,7337,0.0847
NUDT16L2P,4042,0.0847
NALCN-AS1,6426,0.0847
ZFP92,2338,0.0847
MFAP3L,6954,0.0847
ATXN1,7641,0.0847
SRA1,7495,0.0847
OPLAH,6297,0.0847
NUP43,7430,0.0847
PTPN12,7641,0.0847
TRADD,7390,0.0847
ELAPOR1,7039,0.0847
ZNRF2P2,7510,0.0847
ENSG00000259015,2542,0.0847
ENSG00000253927,174,0.0847
LRP2BP-AS1,7382,0.0846
GTF3C1,7584,0.0846
PCNX2,7615,0.0846
ENSG00000258473,3475,0.0846
ENSG00000270457,77,0.0846
C4orf45,6898,0.0846
ENSG00000275232,1987,0.0846
BNIP3P16,69,0.0846
MMP17,6791,0.0846
HLA-DQA2,249,0.0846
REELD1,4792,0.0846
ESM1,6883,0.0846
ENSG00000284906,7594,0.0846
LINC00393,6811,0.0846
NAIPP4,5785,0.0846
ARMC10,7526,0.0846
TOR1A,7315,0.0846
ENSG00000288566,470,0.0846
ZNF281,7529,0.0846
SAA4,5788,0.0846
ENSG00000267059,6680,0.0846
ENSG00000259909,22,0.0846
ENSG00000224669,521,0.0846
PRODH,915,0.0846
BMS1P4-AGAP5,6690,0.0845
PSMC2,7570,0.0845
FBXL9P,7289,0.0845
KIF21B,7014,0.0845
KIF1B,7633,0.0845
UBAP2L,7596,0.0845
LINC02096,4357,0.0845
RPS15,7586,0.0845
ADCY10P1-1,6449,0.0845
GALR2,1039,0.0845
GNPAT,7471,0.0845
RHBDL3,7041,0.0845
ENSG00000236911,658,0.0845
C2orf74-DT,5946,0.0845
CTNND2,7364,0.0845
TCAF2,7218,0.0845
MDFI,6311,0.0845
SKIL,7603,0.0844
EHHADH,7290,0.0844
ATP2C1,7637,0.0844
SGK2,7252,0.0844
ENSG00000287010,577,0.0844
TMEM267,7527,0.0844
ZNF492,2495,0.0844
LEF1,7408,0.0844
ENSG00000250602,7209,0.0844
ALLC,5255,0.0844
MITF,7470,0.0844
ECHDC2,7465,0.0844
SLCO1B3-SLCO1B7,7441,0.0844
DLG3,7461,0.0844
ZNF603P,637,0.0844
HOMER2,7431,0.0844
HOOK3,7639,0.0844
RPS27AP2,28,0.0844
ABHD18,7551,0.0844
ZNF341,7405,0.0844
PTPN4,7612,0.0844
ENSG00000260251,898,0.0844
ENSG00000248738,138,0.0844
TEX264,7318,0.0844
LCT-AS1,309,0.0843
ADGRL4,6980,0.0843
ENSG00000253886,105,0.0843
ZNF663P,3365,0.0843
TRIM43CP,21,0.0843
POLDIP3,7525,0.0843
ENSG00000260107,830,0.0843
ENSG00000259925,5347,0.0843
FUT5,2714,0.0843
LINC00205,7337,0.0843
ENSG00000233539,6186,0.0843
ENSG00000176868,7015,0.0843
HYI-AS1,6192,0.0843
TXNL1,7598,0.0843
ENSG00000249125,5325,0.0843
ENSG00000227907,689,0.0843
ZNF440,7393,0.0843
GYG2,5863,0.0843
GOLGA8M,5167,0.0843
ENSG00000285761,4008,0.0842
ENSG00000225705,26,0.0842
ZNF485,6939,0.0842
AKR1C2,7250,0.0842
MAL,1677,0.0842
ADGRB2,6932,0.0842
P2RX3,1341,0.0842
ENSG00000285925,755,0.0842
CCDC34,7411,0.0842
ENSG00000285999,7439,0.0842
NIT1,7371,0.0842
UFL1-AS1,7352,0.0842
SLC26A6,7403,0.0842
LINC02473,2547,0.0842
SHISA3,2230,0.0842
LINC02190,70,0.0842
ENSG00000261732,7163,0.0842
ENSG00000253859,3985,0.0842
AGAP5,7172,0.0842
EFNA2,6833,0.0842
MCF2L,7466,0.0841
CPVL-AS2,3990,0.0841
ENSG00000223660,74,0.0841
ENSG00000264785,441,0.0841
ENSG00000285667,7223,0.0841
TMEM167A,7602,0.0841
ATP12A,1891,0.0841
HNF4A,7453,0.0841
MAP3K10,7384,0.0841
ENSG00000267261,6405,0.0841
ENSG00000287453,2476,0.0841
PDGFA-DT,6083,0.0841
ST18,6955,0.0841
KRT18P1,563,0.0841
GPR85,2113,0.0841
ENSG00000265943,7359,0.0841
ENSG00000287906,1892,0.0841
ENPP5,5227,0.0841
LINC02016,2691,0.0841
PRR19,6240,0.0841
SIX5,7241,0.0841
LINC01828,6880,0.0841
HS6ST1,7485,0.0841
YWHAZP2,4173,0.084
XRRA1,7588,0.084
TOP1MT,7355,0.084
FAM86B2,4581,0.084
CTNS-AS1,6554,0.084
ENSG00000289914,2133,0.084
EED,7525,0.084
ENSG00000259044,2652,0.084
GNGT1,7583,0.084
REP15,6941,0.084
C8orf34,6913,0.084
DLAT,7419,0.084
KRT23,6850,0.084
ENSG00000258117,2339,0.084
ENSG00000266490,5926,0.084
ENSG00000255429,3722,0.084
LINC00705,6723,0.084
CENPH,7343,0.084
ENSG00000142539,3575,0.084
ASH2L,7485,0.0839
KIAA0825,7482,0.0839
ITGB8-AS1,4876,0.0839
ZDHHC13,7495,0.0839
PLPPR5,5963,0.0839
DPCD,7357,0.0839
PLEK,1310,0.0839
IL9RP3,6878,0.0839
ENSG00000251143,7052,0.0839
RBX1,7547,0.0839
XRN1,7641,0.0839
ENSG00000287472,515,0.0839
CD70,7265,0.0839
TOGARAM2,6467,0.0839
TRABD2B,7133,0.0839
PROM1,6826,0.0839
RPL7L1,7560,0.0839
RGS5,7473,0.0839
SULT1C2P1,1835,0.0839
ADAP1,7428,0.0839
FGFBP1,5020,0.0839
IQCF2,90,0.0839
SCNN1D,6101,0.0839
ENSG00000287135,189,0.0839
TIMM17A,7487,0.0839
CDH5,3361,0.0839
ENSG00000288991,1598,0.0839
RGS2,7479,0.0838
RBM46,3430,0.0838
ZNF487,7393,0.0838
CRYL1,7469,0.0838
TAF9,7400,0.0838
ENSG00000279138,5202,0.0838
ENSG00000228689,523,0.0838
RN7SKP198,101,0.0838
ENSG00000288729,2334,0.0838
GNAT1,2303,0.0838
EXOC3L4,4800,0.0838
MAT2B,7467,0.0838
THOC1-DT,5769,0.0838
POU6F1,7320,0.0838
PARVA,7581,0.0838
ENSG00000250493,1084,0.0838
LDHBP1,3842,0.0837
RTF1,7579,0.0837
TMCC2,6945,0.0837
ING2,7435,0.0837
ZNF486,6768,0.0837
LINC01085,2798,0.0837
MRPL4,7318,0.0837
GRINA,7400,0.0837
ALG1,7308,0.0837
ENSG00000267666,3358,0.0837
Y_RNA-410,32,0.0837
ENSG00000237899,6126,0.0837
IFTAP,7215,0.0837
ACE,5709,0.0837
SMPD4,7425,0.0837
ENSG00000253932,216,0.0837
ENSG00000254343,5508,0.0837
SNRPD2,7503,0.0837
ANKRD45,6048,0.0837
NDP,1717,0.0836
CEP104,7498,0.0836
WDR37,7609,0.0836
MIR3171HG,7552,0.0836
WDR45B,7635,0.0836
ENSG00000290928,7586,0.0836
NXNL1,1178,0.0836
TICAM1,7477,0.0836
SRSF3P1,97,0.0836
KLRC4-KLRK1,6517,0.0836
CEBPZOS,7474,0.0836
SPATA32,6883,0.0836
ONECUT2,7370,0.0835
ARHGAP45,7278,0.0835
OMG,7188,0.0835
CTU2,7068,0.0835
WFDC21P,4231,0.0835
ELF5,3431,0.0835
CCNG1,7560,0.0835
RASGRF1,6356,0.0835
TNFSF13,5802,0.0835
CEP20,7420,0.0835
ZMAT3,7528,0.0835
LINC01304,309,0.0835
GABRA1,2948,0.0835
FZD10,2522,0.0835
ENSG00000287326,3850,0.0835
CEBPZ,7601,0.0835
ENSG00000254802,301,0.0835
LINC01863,50,0.0835
LINC02228,6687,0.0835
SRSF3,7587,0.0835
MLST8,7272,0.0835
PTGFRN,7337,0.0835
TLL1,5927,0.0834
ATXN7L3-AS1,6898,0.0834
COX10-DT,7472,0.0834
BLVRA,7458,0.0834
PAICS,7581,0.0834
NSD2,7633,0.0834
FAM227A,7280,0.0834
STK32C,7416,0.0834
HMCN2,6195,0.0834
ENSG00000287631,3004,0.0834
ATP5MC3,7459,0.0834
SLC35C2,7506,0.0834
ENSG00000289873,7260,0.0834
IGSF5,4277,0.0834
EML2,7482,0.0834
ZNF185,7430,0.0834
RPSAP14,49,0.0834
LINC02284,6715,0.0834
CXADR,7529,0.0833
MAPRE3,7418,0.0833
DMBX1,6307,0.0833
PIGT,7488,0.0833
INTS12,7468,0.0833
NXNP1,58,0.0833
ENSG00000285932,7470,0.0833
TESK1,7233,0.0833
Metazoa_SRP-132,146,0.0833
ARHGAP44,7319,0.0833
CRTC3,7605,0.0833
NMU,6931,0.0833
SEC61G-DT,6506,0.0833
CSTF1,7391,0.0833
ENSG00000287299,7268,0.0833
ATP7B,7394,0.0833
OASL2P,584,0.0833
ULK1,7543,0.0833
MYLK2,6867,0.0832
ENSG00000275674,7419,0.0832
CDT1,7312,0.0832
LAMC1,7637,0.0832
ZNF746,7367,0.0832
PROSER3,7400,0.0832
RNU6-367P,1382,0.0832
MTND1P23,4708,0.0832
PLAAT3,7396,0.0832
RPL21P11,3143,0.0832
ENSG00000290823,6885,0.0832
CENPA,7390,0.0832
DYRK4,7360,0.0832
OLA1,7638,0.0832
COPA,7641,0.0832
NINJ2,6568,0.0832
ENSG00000271853,6714,0.0832
KLHL4,7379,0.0832
LINC01933,7028,0.0832
ENSG00000286946,867,0.0832
ENSG00000275401,3005,0.0832
STUB1,7376,0.0832
PITX1,7057,0.0831
ENSG00000287360,4479,0.0831
ENSG00000269707,3277,0.0831
ENSG00000215304,4466,0.0831
NCLP1,5183,0.0831
RN7SL313P,92,0.0831
ENSG00000289098,148,0.0831
ZNF169,7348,0.0831
LINC00662,7566,0.0831
PDE11A,7226,0.0831
LINC02166,6265,0.0831
ENSG00000225649,7085,0.0831
ZSWIM8,7503,0.0831
ENSG00000289424,619,0.0831
POLE2,7357,0.0831
ZNF846,7338,0.0831
FZD2,6137,0.0831
CTSK,7447,0.0831
QDPR,7379,0.0831
ENSG00000253949,1629,0.083
TPPP,7180,0.083
ENSG00000282278,7408,0.083
TSPAN13,7505,0.083
ENSG00000266261,2215,0.083
AP3M1,7449,0.083
ENSG00000258717,1263,0.083
ENSG00000287601,3963,0.083
SCNN1A,7354,0.083
TWNK,7253,0.083
ENSG00000259669,632,0.083
SUGT1P4-STRA6LP-CCDC180,6472,0.083
ENSG00000268083,6838,0.083
PFDN1,7589,0.083
ENSG00000286133,6452,0.083
NPIPA7,2324,0.083
FGFR1OP2,7586,0.083
ENSG00000286501,2385,0.083
ENSG00000234427,149,0.083
HEYL,4727,0.0829
ANKRD16,7380,0.0829
CYP4F11,6678,0.0829
XIRP2,6474,0.0829
CBLL2,106,0.0829
ENSG00000261362,151,0.0829
C6orf132,7522,0.0829
ENSG00000239763,7170,0.0829
ENSG00000277837,27,0.0829
LINC01013,7352,0.0829
MRRFP1,369,0.0829
ENSG00000288738,405,0.0829
ENSG00000250948,2286,0.0829
LINC00524,458,0.0829
RNF19A,7631,0.0829
EVI5L,7327,0.0829
ENSG00000266002,6239,0.0829
ATOH8,5937,0.0829
ZFYVE27,7513,0.0829
P4HA1,7641,0.0829
KRT7,7526,0.0829
ENSG00000286751,4016,0.0829
ENSG00000260017,7290,0.0829
TMEM53,7153,0.0829
ZFP90,7431,0.0828
SFT2D2,7561,0.0828
ENSG00000260664,7167,0.0828
HOXB6,7399,0.0828
SLC51B,1578,0.0828
C20orf27,7269,0.0828
PPT1,7362,0.0828
ASPDH,1001,0.0828
RNMT,7626,0.0828
SLC35E1,7558,0.0828
ADAM11,6854,0.0828
TOX2,7456,0.0828
APBA2,7446,0.0828
N4BP1,7563,0.0828
COPS8-DT,7390,0.0828
ENSG00000245261,6346,0.0828
ENSG00000253983,4625,0.0828
FBN3,5612,0.0828
ALDH1L2,7235,0.0828
COQ2,7352,0.0827
HS3ST5,7209,0.0827
ENSG00000269072,1500,0.0827
ENSG00000288085,2162,0.0827
ENSG00000258354,587,0.0827
CEACAM16-AS1,7265,0.0827
DPYSL4,6317,0.0827
ENSG00000261459,6537,0.0827
DCUN1D4,7592,0.0827
MIB2,7341,0.0827
ENSG00000280007,6834,0.0827
HSPB11,7504,0.0827
ENSG00000289874,265,0.0827
TRPM7,7606,0.0827
KMT2B,7501,0.0827
UBLCP1,7452,0.0827
PCBP1,7535,0.0827
ENSG00000259255,5100,0.0827
MLF2,7508,0.0827
PTGES3,7637,0.0827
CDS1,7368,0.0827
HSDL2,7579,0.0827
MNT,7576,0.0827
TEX21P,7396,0.0827
ZNF780A,7359,0.0827
LINC02728,7050,0.0827
SMG5,7597,0.0826
IFNG-AS1,5395,0.0826
ENSG00000233242,4554,0.0826
TSPAN31,7390,0.0826
ZBTB4,7484,0.0826
VWF,5838,0.0826
ENSG00000280241,6840,0.0826
STYK1,7312,0.0826
ENSG00000287535,1225,0.0826
KLK11,4060,0.0826
KRT16P3-1,89,0.0826
BARX2,7113,0.0826
TAB2-AS1,462,0.0826
SOAT2,4797,0.0826
CNNM3,7286,0.0826
AIF1L,6949,0.0826
LINC00602,902,0.0826
SNAP25-AS1,7291,0.0825
TANGO2,7429,0.0825
ENSG00000288703,1593,0.0825
ENSG00000278905,602,0.0825
ENSG00000288044,7173,0.0825
ENSG00000287632,722,0.0825
CTNNA2,7404,0.0825
LINC02631,7181,0.0825
RN7SL3,4302,0.0825
ENSG00000232197,194,0.0825
YJU2,7382,0.0825
ENSG00000233891,6288,0.0825
ENSG00000234699,5079,0.0825
NUPR1,7251,0.0825
RABIF,7318,0.0825
LINC01106,5936,0.0825
OR8A1,1861,0.0825
SNHG25,7428,0.0824
SHOC1,7296,0.0824
RNASE11-AS1,514,0.0824
MAEA,7464,0.0824
LPAL2-1,3308,0.0824
ZNF215,7352,0.0824
NGEF,7244,0.0824
KIAA1755,5327,0.0824
LGMN,7507,0.0824
FTSJ1,7479,0.0824
ENSG00000259180,133,0.0824
ENSG00000285650,7128,0.0824
CNR1,3050,0.0824
ENSG00000235978,7308,0.0824
MFAP4,1800,0.0824
ACTN1-DT,6332,0.0824
ESD,7420,0.0824
ESRRB,7129,0.0824
BCR,7516,0.0824
ZMYM2,7640,0.0824
FRA10AC1,7516,0.0823
SUZ12P1,7601,0.0823
NRIP1,7624,0.0823
PSMD9,7488,0.0823
ENSG00000283757,3101,0.0823
MIER1,7625,0.0823
TULP3,7528,0.0823
MAP3K7CL,7255,0.0823
AP5S1,7219,0.0823
NRARP,6892,0.0823
ERCC3,7509,0.0823
RN7SL202P,1348,0.0823
ENSG00000253106,7029,0.0823
SEPTIN7P2,7469,0.0823
LINC03025,510,0.0823
CTDSPL2P1,26,0.0823
CEP120,7553,0.0823
ENSG00000254990,6458,0.0823
ENSG00000283525,4325,0.0823
LINC00857,6120,0.0823
RELL2,6879,0.0822
PAQR4,7147,0.0822
MALRD1,7197,0.0822
CPXM1,900,0.0822
CHKB,7434,0.0822
VKORC1L1,7589,0.0822
PATE2,1348,0.0822
GPR158,7262,0.0822
PRKCB,6426,0.0822
SLC30A4,7374,0.0822
ENSG00000287416,261,0.0822
RN7SKP11,1853,0.0822
ADCY5,5763,0.0822
PAGR1,7368,0.0822
SERPINB3,3581,0.0822
ENSG00000223808,78,0.0822
UBR3,7635,0.0822
GSN,7530,0.0822
DUS4L,7365,0.0822
ALDH16A1,7157,0.0822
ADAT3,6984,0.0822
SLC11A2,7509,0.0822
ARNT2,7297,0.0822
AASDHPPT,7407,0.0822
ENSG00000244716,6688,0.0821
RPS3AP23,1697,0.0821
L2HGDH,7480,0.0821
ENSG00000272180,5321,0.0821
KCTD1,7427,0.0821
GUCY2C-AS1,7002,0.0821
CD247,7154,0.0821
ENSG00000291168,1112,0.0821
ENSG00000287692,1504,0.0821
SSTR1,1670,0.0821
SESN1,7548,0.0821
G6PD,7474,0.0821
ENSG00000282950,925,0.0821
GNPTAB,7559,0.0821
CLK3,7536,0.0821
SAMD10,6376,0.0821
ENSG00000256433,5880,0.0821
TPI1P2,3769,0.0821
EWSAT1,3905,0.0821
ENSG00000272328,695,0.0821
ENSG00000224513,70,0.0821
ENSG00000212458,1456,0.0821
PPCDC,7533,0.0821
GJC1,7487,0.082
TESMIN,7191,0.082
RWDD3,7442,0.082
ENSG00000291189,6109,0.082
SLCO2A1,6745,0.082
ENSG00000265840,1169,0.082
ENSG00000248229,43,0.082
SMC5-DT,7437,0.082
VPS4A,7447,0.082
SNHG26,7229,0.082
ENSG00000266744,5548,0.082
RERG,6633,0.082
MYLKP1,259,0.082
ISCA1,7466,0.082
BCRP3,3915,0.082
NBPF19,7349,0.082
SYT14,7179,0.082
SLC4A7,7631,0.082
ENSG00000287055,5889,0.082
CDC42-AS1,6578,0.082
SRPX,7381,0.082
LSMEM2,7049,0.082
ENSG00000272457,636,0.082
C11orf98,3393,0.082
ENSG00000286262,2510,0.082
ENSG00000288042,1481,0.082
ENSG00000290680,3909,0.082
ODC1-DT,5458,0.082
HNRNPA1P30,3194,0.0819
ASXL3-DT,201,0.0819
SGPP2,7415,0.0819
MOCS1,6236,0.0819
ENSG00000285100,330,0.0819
KLK12,1051,0.0819
ENSG00000258181,5623,0.0819
ENSG00000250431,74,0.0819
LINC01999,2825,0.0819
PRRT2,7042,0.0819
ENSG00000259124,6906,0.0819
ENSG00000235563,290,0.0819
H2BC20P,6167,0.0819
ENSG00000260975,283,0.0819
RGMB,7415,0.0819
RPL7AP70,438,0.0819
ENSG00000282828,293,0.0819
FAM157D,1590,0.0819
ENSG00000259672,5005,0.0819
SNX29,7580,0.0818
SRSF11,7639,0.0818
CHMP5,7559,0.0818
HEATR3-AS1,4598,0.0818
SPAG5,7437,0.0818
ENSG00000291211,593,0.0818
LINC02454,6771,0.0818
ZAR1L,2752,0.0818
TDRKH,7355,0.0818
KLK9,1490,0.0818
MAU2,7501,0.0818
TRIT1,7521,0.0818
KPNA3,7574,0.0818
AIFM2,7378,0.0818
ENSG00000254511,1958,0.0818
PRR29-AS1,1824,0.0818
IL11,7121,0.0818
MFSD8,7498,0.0818
ENSG00000237588,419,0.0818
ESRRA,7381,0.0817
ENSG00000279951,6478,0.0817
ENSG00000258167,781,0.0817
PPP1R16A,7335,0.0817
ACAD11,7484,0.0817
ENSG00000250657,1013,0.0817
YWHAQP7,662,0.0817
KCNC3,7231,0.0817
UCK2,7507,0.0817
ENSG00000287446,846,0.0817
ENSG00000260500,48,0.0817
CD2BP2-DT,6755,0.0817
ENSG00000257496,7337,0.0817
SLC25A40,7490,0.0817
TCF3,7544,0.0816
ENSG00000287402,5124,0.0816
CFAP210,7218,0.0816
EIF3K,7513,0.0816
MPHOSPH9,7501,0.0816
NLGN2,7467,0.0816
SH2D3C,6550,0.0816
FOXL3,866,0.0816
ZNF121,7560,0.0816
ZNF385B,7008,0.0816
KCNMB4,7454,0.0816
CIDEA,816,0.0816
C1orf54,7037,0.0816
ENSG00000291171,7460,0.0816
ENSG00000228463,6942,0.0816
C12orf40,7233,0.0816
ENSG00000289728,7313,0.0816
NXPH1,6684,0.0816
PSMD13,7522,0.0816
SMIM17,5153,0.0816
GBAP1,6078,0.0816
CHPT1,7473,0.0815
SRARP,1848,0.0815
ST20-MTHFS,7447,0.0815
CYGB,6972,0.0815
ENSG00000250770,5559,0.0815
CD99P1-1,7429,0.0815
RIC8B,7557,0.0815
INTS6L,7441,0.0815
LINC03004,6533,0.0815
VSIG10,7466,0.0815
MSTO2P,6865,0.0815
B3GALT5-AS1,2651,0.0815
ENSG00000254673,5553,0.0815
RFX1,7446,0.0815
CRNDE,7407,0.0815
ENSG00000272982,396,0.0815
ENSG00000278419,7164,0.0815
PRICKLE3,7191,0.0815
GCLM,7502,0.0815
SPINT2,7533,0.0815
UGT1A1,4272,0.0814
TMEM184A,7202,0.0814
H2BC8,6092,0.0814
RRP36,7403,0.0814
CPSF2,7532,0.0814
ST8SIA5,7041,0.0814
BCL2L1-AS1,7353,0.0814
SPATA13,7625,0.0814
PPM1N,7004,0.0814
ENSG00000227579,6728,0.0814
TPSP2,1614,0.0814
GC,1058,0.0814
PODN,3475,0.0814
MEGF9,7506,0.0814
NCAPH2,7340,0.0814
SHPRH,7583,0.0814
CFAP20DC-DT,6984,0.0814
TENM1,7409,0.0814
BRAF,7641,0.0814
TRPM5,3678,0.0814
PSMG2,7484,0.0814
ENSG00000258594,23,0.0814
MMUT,7504,0.0814
LINC01615,5040,0.0813
ENSG00000242753,1731,0.0813
KATNB1,7297,0.0813
FARS2-AS1,3662,0.0813
TRAPPC12-AS1,1396,0.0813
LINC01249,1916,0.0813
NEMP2-DT,6921,0.0813
PANK4,7337,0.0813
PRKAR2B,7243,0.0813
FRMD7,1244,0.0813
DEF6,7160,0.0813
ST13P2,212,0.0813
ENSG00000288069,321,0.0813
ENSG00000248969,5631,0.0813
QTRT2,7426,0.0813
UBE2G1,7584,0.0813
LAIR1,892,0.0813
ENSG00000255496,5104,0.0813
CYP2T1P,2223,0.0813
LRRC24,5926,0.0813
BACE1,7424,0.0813
NBPF8,7395,0.0813
VSIG1,4874,0.0813
GLRX3,7551,0.0813
ENSG00000257095,4943,0.0813
ERAP1,7555,0.0813
ENSG00000259098,56,0.0813
LHFPL2,7620,0.0813
ACY1,7166,0.0812
NFE2L3,7413,0.0812
MAP3K2,7633,0.0812
ZMAT4,7129,0.0812
ENSG00000251455,5905,0.0812
GOT1-DT,6999,0.0812
KNSTRN,7329,0.0812
ENSG00000287032,7080,0.0812
TSPY11P,90,0.0812
SRSF5,7604,0.0812
SMIM41,7071,0.0812
AIM2,6882,0.0812
POLR1B,7458,0.0812
KCP,6843,0.0812
OR10D3,464,0.0812
SIGLEC12,103,0.0812
TMEM38A,7388,0.0812
MRPS15,7392,0.0812
MRPS18A,7340,0.0812
SUCLG2,7617,0.0812
GTF2F1,7465,0.0812
PAFAH1B3,7245,0.0812
LINC01388,100,0.0812
SIL1,7611,0.0812
SHC4,7314,0.0811
RNPC3-DT,7132,0.0811
ENSG00000226276,3892,0.0811
KLF2-DT,6837,0.0811
ZNF574,7261,0.0811
PIGFP2,54,0.0811
MYBPHL,4362,0.0811
PDZRN3,7306,0.0811
GFRA3,6562,0.0811
RND1,7146,0.0811
LINC03012,327,0.0811
TSSC2,1107,0.0811
ENSG00000259915,7122,0.081
TUBAL3,4147,0.081
PDE4A,7341,0.081
HES4,7268,0.081
CIBAR1-DT,7235,0.081
GOLGA7B,7175,0.081
JPH1,7054,0.081
ENSG00000275857,3013,0.081
HMGB3P17,817,0.081
LDB3,5872,0.081
TDP2,7538,0.081
NUTF2,7453,0.081
ERICH3-AS1,1098,0.081
MRPL33,7489,0.081
RAB44,5858,0.081
RHCE,7085,0.081
MAK,7351,0.081
ENSG00000290732,1451,0.081
KLHL23,7504,0.081
CPEB3,7557,0.0809
RELL1,7541,0.0809
PMP2,771,0.0809
KDM2B,7582,0.0809
FBF1,7348,0.0809
STOML2,7362,0.0809
EML3,7344,0.0809
ENSG00000285802,2896,0.0809
ENSG00000286315,3403,0.0809
CCDC198,4705,0.0809
IL17REL,3413,0.0809
CSNK1G2,7463,0.0809
PACRG-AS1,451,0.0809
ENSG00000270002,358,0.0809
F9,280,0.0809
ZNF467,5882,0.0809
ENSG00000274561,7030,0.0809
KIRREL3-AS1,5591,0.0809
TLX3,264,0.0809
SLX4IP,7505,0.0809
ENSG00000244468,6761,0.0809
ENSG00000260157,1110,0.0809
ENSG00000264666,6733,0.0809
ENSG00000229964,2610,0.0809
TLR1,7136,0.0809
FABP1,3090,0.0809
ERBB4,7463,0.0809
ENSG00000227766,4811,0.0808
UBE2G2,7532,0.0808
GREP1,4256,0.0808
ZFHX3-AS1,7473,0.0808
RPRD1A,7609,0.0808
ENSG00000253608,6191,0.0808
ENSG00000272558,7074,0.0808
ENSG00000289326,4897,0.0808
ENSG00000256566,7292,0.0808
ENSG00000224363,5968,0.0808
CRYBB3,6151,0.0808
GPR137,7361,0.0808
PSG4,4439,0.0808
HSDL2-AS1,7339,0.0808
EPC2,7623,0.0808
FGF9,6599,0.0808
COL22A1,7047,0.0808
ELFN2-1,2977,0.0808
DICER1,7597,0.0808
EIF3J,7608,0.0808
ENSG00000266918,223,0.0808
ENSG00000287866,1252,0.0808
USP34-DT,7354,0.0808
LINC02989,4962,0.0808
KIF23-AS1,7122,0.0808
TRIM37,7554,0.0808
KCNG1,6746,0.0808
ANKRD11P1,511,0.0808
ENSG00000251188,482,0.0808
ENSG00000290729,6755,0.0807
AMTN,882,0.0807
AMPD1,4966,0.0807
CLPTM1,7545,0.0807
SLC26A9,4849,0.0807
ENSG00000285953,7420,0.0807
LINC01978,2196,0.0807
SLC7A6,7473,0.0807
TRAPPC14,6853,0.0807
ENSG00000289465,2111,0.0807
POLI,7459,0.0807
FAM114A2,7443,0.0807
FAM166C,4042,0.0807
ENSG00000290573,157,0.0807
ANKDD1B,7386,0.0807
ZNF704,7476,0.0807
ZDHHC9,7508,0.0806
JPH2,7347,0.0806
KATNA1,7477,0.0806
ENSG00000249084,5571,0.0806
TUBB8B,3059,0.0806
ENSG00000234292,6410,0.0806
THAP5,7392,0.0806
ESR1,6984,0.0806
HECTD2,7460,0.0806
ABRACL,7354,0.0806
ZNF830,7396,0.0806
ENSG00000286911,1405,0.0806
BOK-AS1,6514,0.0806
EGFR,7641,0.0806
ENSG00000257065,5658,0.0806
YARS1,7598,0.0806
IL17RE,6922,0.0806
ENSG00000259972,7491,0.0806
ENSG00000232325,2587,0.0806
ADAMTS3,6525,0.0806
ACTA2,7001,0.0806
MINAR1,7146,0.0806
RRP7BP-1,7369,0.0806
ADAM5,6191,0.0806
CCDC169,6626,0.0806
ENSG00000267047,7400,0.0806
ENSG00000253642,7128,0.0806
ENSG00000237844,6394,0.0806
OPHN1,7581,0.0806
STK32A-AS1,3559,0.0806
SNORD22-1,455,0.0806
FAM136A,7429,0.0805
SYTL1,6883,0.0805
ENSG00000242553,7111,0.0805
ZSCAN4,541,0.0805
CLDN19,717,0.0805
BCL2L14,7357,0.0805
TTC30A,6808,0.0805
ADAMTS19,6725,0.0805
BTBD19,7237,0.0805
ENSG00000260400,5648,0.0805
ZNF700,7401,0.0805
ZNF736P9Y,6241,0.0805
RNF41,7417,0.0805
PRKY,7487,0.0805
RBM10,7551,0.0805
ENSG00000286594,627,0.0805
DDX12P,7182,0.0805
REV3L,7640,0.0805
GFRA1,5585,0.0805
DDHD2,7552,0.0804
ZAP70,3216,0.0804
KMT5AP2,1070,0.0804
ENSG00000287180,7071,0.0804
ZNF791,7513,0.0804
RINL,6989,0.0804
GPN3,7377,0.0804
PRTFDC1,7233,0.0804
HOXB9,7177,0.0804
C3orf70,5229,0.0804
ENSG00000229543,1884,0.0804
ENSG00000289211,608,0.0804
APEX1,7469,0.0804
NAIF1,7168,0.0804
RANP4,3304,0.0804
ENSG00000274276,1516,0.0803
MRS2,7437,0.0803
TMEM132D-AS1,2713,0.0803
ENSG00000273724,5253,0.0803
ENSG00000231863,3139,0.0803
CAPN1-AS1,6951,0.0803
ENSG00000227297,1842,0.0803
PAPPA-AS1,6177,0.0803
SLC35B2,7343,0.0803
KANK4,5292,0.0803
CCDC33,6642,0.0803
HSPB6,4215,0.0803
SNRPA,7445,0.0803
ANKRD46,7356,0.0803
ENSG00000249141,7005,0.0803
ENSG00000225075,6315,0.0803
LINC02055,7343,0.0803
COL18A1,7466,0.0803
ENSG00000223727,7308,0.0803
ZNF460-AS1,7291,0.0803
ENSG00000288583,7187,0.0802
ENSG00000262730,1150,0.0802
POLB,7465,0.0802
ENSG00000260121,5179,0.0802
DMPK,7484,0.0802
PKHD1,6926,0.0802
CHL1-AS2,2613,0.0802
LINC00261,4124,0.0802
PLEKHM1,7565,0.0802
LDHC,7132,0.0802
ENSG00000237210,1393,0.0802
GABRB1,6328,0.0802
H2BC10,3906,0.0802
B3GNT3,6722,0.0802
SDHA,7577,0.0802
RPS20P2,896,0.0802
LINC02390,2303,0.0802
B3GALT5,7179,0.0802
GS1-279B7.1,3107,0.0802
ENSG00000278936,4784,0.0802
BOP1,7249,0.0801
XXYLT1,7478,0.0801
SFN,7278,0.0801
DCAF15,7279,0.0801
RDX,7634,0.0801
SH3GL2,6795,0.0801
TMOD2,7266,0.0801
PXK,7502,0.0801
ENSG00000259278,34,0.0801
ZNF254,7518,0.0801
ALG1L9P,7099,0.0801
PRIM2,7569,0.0801
DPY19L2P2,7232,0.0801
C1orf127,1829,0.0801
CBLN3,4368,0.0801
CORIN,7368,0.0801
ENSG00000286812,2734,0.0801
LINC03032,52,0.0801
ENSG00000271344,5673,0.08
ENSG00000249624,6782,0.08
CABCOCO1,4613,0.08
ZNF225-AS1,5505,0.08
RN7SKP217,663,0.08
MAL2-AS1,7224,0.08
FABP3,5917,0.08
ANKRD20A5P,7336,0.08
ENSG00000286305,5147,0.08
LINC02331,6555,0.08
ENSG00000223343,3552,0.08
ENSG00000286977,5494,0.08
SULF1,7268,0.08
BTBD8,7428,0.08
ACVR1B,7457,0.08
EFR3B,7388,0.08
GALM,7258,0.08
RWDD1,7410,0.08
ENSG00000247416,730,0.08
MESTIT1,3352,0.08
GFOD1,7390,0.08
MTND5P11,6741,0.08
PAK1IP1,7396,0.08
TERB1,7038,0.08
LHX4,6722,0.08
LRCH3,7641,0.08
ACOT12,6912,0.08
ENSG00000250764,7495,0.0799
IGLON5,3415,0.0799
LINC02732,4639,0.0799
RTEL1-TNFRSF6B,1002,0.0799
ENSG00000280011,2574,0.0799
ENSG00000232353,565,0.0799
SEL1L2,5487,0.0799
ENSG00000285257,6739,0.0799
TSHZ3,7482,0.0799
ENSG00000287488,1728,0.0799
MTF1,7554,0.0799
RPLP0P12,196,0.0799
ENSG00000270207,6442,0.0799
SNRNP35,7357,0.0798
EEF1A1P16,146,0.0798
ENSG00000273680,5253,0.0798
ENSG00000286115,5770,0.0798
ENSG00000230432,5926,0.0798
LINC01487,1093,0.0798
C1QTNF3,7162,0.0798
C2orf49-DT,7163,0.0798
ENSG00000240499,6997,0.0798
C11orf96,5308,0.0798
RASGRF2-AS1,1970,0.0798
ZFC3H1,7638,0.0798
BCS1L,7206,0.0797
PLSCR4,7173,0.0797
RPL23AP65,465,0.0797
KIF26A,6373,0.0797
ENSG00000230309,654,0.0797
TENM3-AS1,6911,0.0797
LINC02528,563,0.0797
GNLY,4370,0.0797
ENSG00000290058,3066,0.0797
DDX50,7616,0.0797
SMIM44,826,0.0797
ODF2L,7584,0.0797
TRIM28,7423,0.0797
ENSG00000287773,378,0.0797
ENSG00000287346,3194,0.0797
LINC01920,2704,0.0797
HOXA2,5432,0.0797
ENSG00000272668,6190,0.0797
ENSG00000266076,7178,0.0797
ENSG00000249984,1658,0.0797
ENSG00000261065,1723,0.0797
ANGPT2,7098,0.0797
ENSG00000249635,6779,0.0797
ENSG00000257869,7047,0.0797
ACVR2A,7547,0.0797
ENSG00000232952,1240,0.0797
ENSG00000261888,4619,0.0797
ENSG00000266680,4495,0.0796
ENSG00000228629,5809,0.0796
ENSG00000289210,6335,0.0796
TRIM40,1567,0.0796
HSPA12A,7487,0.0796
SRCAP,7568,0.0796
ATP5PO,7445,0.0796
LINC02078,227,0.0796
SOX21,3018,0.0796
GRM2,4183,0.0796
LINC02288,5405,0.0796
CEP89,7491,0.0796
GREM1-AS1,365,0.0796
PLEKHG4,6271,0.0796
GDF6,3599,0.0796
ENSG00000261273,7025,0.0796
STK36,7310,0.0796
ENSG00000286235,7344,0.0796
MIS12,7397,0.0795
TRAM1,7637,0.0795
ENSG00000249269,1970,0.0795
ANKIB1,7638,0.0795
PRDM16-DT,2095,0.0795
ENSG00000286868,194,0.0795
UTP25,7481,0.0795
PYCR3,6929,0.0795
TRAF3,7614,0.0795
ENSG00000250920,6383,0.0795
MEDAG,2719,0.0795
FAM183A,4758,0.0795
ENSG00000285835,6931,0.0795
ENSG00000283354,42,0.0795
FAXDC2,7263,0.0795
BDH2,7208,0.0795
FAXC,7038,0.0795
FBXW9,7145,0.0795
SLC13A3,7395,0.0795
GPC4,7148,0.0795
GPR162,3075,0.0795
GPRASP3,7276,0.0795
ENSG00000286413,322,0.0795
ENSG00000248601,5856,0.0795
NOD2,6293,0.0795
SIK1,5383,0.0795
TMCO6,7082,0.0795
FBXO28,7627,0.0794
RANBP6,7373,0.0794
ENSG00000286637,3185,0.0794
TCFL5,7428,0.0794
IFT140,7434,0.0794
ENSG00000287342,1204,0.0794
TTC31,7350,0.0794
UPK3BL3P,1236,0.0794
DPEP1,5380,0.0794
HOMEZ,7341,0.0794
ENSG00000224374,94,0.0794
SLC16A3,7597,0.0794
GPR62,270,0.0794
ENSG00000282843,2040,0.0794
PSMC1,7528,0.0794
RHBDD2,7367,0.0794
ALG12,7337,0.0794
ENSG00000236069,3482,0.0794
PDE3A-AS1,1371,0.0794
ENSG00000291175,7423,0.0794
PLSCR3,7292,0.0794
KCNA7,1698,0.0794
HAUS6P1,4036,0.0794
ZNF888,7300,0.0794
ENSG00000234162,6321,0.0794
NKAIN2,7330,0.0794
TP53I13,7164,0.0793
ENSG00000286145,7397,0.0793
TMBIM7P,4462,0.0793
PPP1CB-DT,7255,0.0793
TMEM131,7641,0.0793
TBX4,4505,0.0793
LDLRAD1,2690,0.0793
ECD,7536,0.0793
LINC02499,688,0.0793
ENSG00000272512,6047,0.0793
RIMS1,6896,0.0793
LINC01490,147,0.0793
ENSG00000229960,3453,0.0793
LINC00658,3458,0.0793
PDS5B,7630,0.0793
DMBT1L1,1456,0.0793
MEN1,7315,0.0793
SNAP25,7563,0.0793
TICAM2-AS1,7267,0.0793
LHX5-AS1,476,0.0792
RPL3P7,461,0.0792
HSP90AA4P,2876,0.0792
ENSG00000267801,3116,0.0792
GYPC,5761,0.0792
ZFP41,7268,0.0792
NISCH,7512,0.0792
ENSG00000260249,4053,0.0792
ENSG00000289384,6841,0.0792
RPS14P4,1208,0.0792
SCRN1,7512,0.0792
LRRC59,7549,0.0792
CLEC4F,2389,0.0792
ENSG00000289862,6464,0.0792
DDX11L2,1119,0.0792
PCBP1-AS1,7552,0.0792
KCNH7,6809,0.0792
ENSG00000286438,1766,0.0792
ETV3,7600,0.0792
TMEM134,7362,0.0792
ENSG00000290032,7033,0.0792
ENSG00000287051,4084,0.0792
RSF1,7641,0.0792
HNRNPD-DT,7106,0.0792
MRFAP1L1,7406,0.0791
HOXC4,6960,0.0791
CRTC1,7506,0.0791
ENSG00000287121,1200,0.0791
TBCCD1,7326,0.0791
PTPRZ1,6869,0.0791
ATP6V0C,7517,0.0791
C22orf39,7353,0.0791
LINC00923,7122,0.0791
ENSG00000272916,7153,0.0791
MIIP,7223,0.0791
MARK3,7641,0.0791
RN7SL76P,7075,0.0791
SSX3,172,0.0791
SEC14L6,3260,0.0791
RCC2P7,292,0.0791
PPP1R15B-AS1,7360,0.0791
SIRPG,1606,0.0791
NKIRAS1,7464,0.0791
EVI5,7636,0.0791
KMT5B,7624,0.0791
GPR141,5865,0.079
FPR3,3474,0.079
HSD17B7,7364,0.079
ENSG00000286915,3121,0.079
ENSG00000287117,6829,0.079
STAT4-AS1,3466,0.079
ANXA2R,6403,0.079
ENSG00000254503,2767,0.079
CSTF3,7550,0.079
LINC01836,5615,0.079
ENSG00000291061,6355,0.079
ZNF714,7426,0.079
ENSG00000287941,1051,0.079
ELMOD3,7461,0.079
SPDYC,803,0.079
ENSG00000286808,7134,0.079
FAM27E3,1569,0.079
CCT7,7493,0.079
ENSG00000225096,7044,0.079
AMD1P3,4880,0.079
PELO-AS1,7195,0.079
SALL2,4351,0.079
MROH6,7059,0.079
ENSG00000250790,1831,0.079
ENSG00000272374,6062,0.079
LINC02054,6007,0.079
LRRC32,3591,0.079
PHKA1,7519,0.079
LYPD1,6453,0.079
ENSG00000289580,449,0.0789
MROH2A,3712,0.0789
PPP1CB,7630,0.0789
ENSG00000227075,1849,0.0789
EYA4,7401,0.0789
ZNF513,6980,0.0789
ARL14EPL,6396,0.0789
WTAPP1,6822,0.0789
ENSG00000261696,190,0.0789
ZNF639,7377,0.0789
ENSG00000237214,882,0.0789
ENSG00000279161,3219,0.0789
ALKBH7,7267,0.0789
GRSF1,7554,0.0789
TCIM,7385,0.0789
LSP1P5-1,7284,0.0789
CCDC106,6849,0.0789
ENSG00000268434,4950,0.0789
NACA4P,7380,0.0789
HULC,7097,0.0789
ENSG00000289390,1815,0.0788
LINC01150,1280,0.0788
CLEC7A,1399,0.0788
ENSG00000253880,5301,0.0788
ENSG00000278737,529,0.0788
PSMD10,7395,0.0788
LCP1,7316,0.0788
ENSG00000290046,7310,0.0788
ENSG00000281732,131,0.0788
ENSG00000277935,82,0.0788
RPL10L,151,0.0788
ENSG00000249901,359,0.0788
RBMX,7606,0.0788
ENSG00000255328,2165,0.0788
INTS6P1,1760,0.0788
PCDHGB5,3519,0.0788
FBXL12,7439,0.0788
ARHGEF38,7346,0.0788
ENSG00000253645,6991,0.0788
ENSG00000217648,2906,0.0788
SNUPN,7363,0.0787
ENSG00000240404,656,0.0787
MRPL47,7423,0.0787
ENSG00000285877,7099,0.0787
SYCP3,6836,0.0787
UBE2N,7563,0.0787
CRACR2B,6896,0.0787
JAZF1-AS1,4782,0.0787
TM4SF19-DYNLT2B,6219,0.0787
XCL1,1268,0.0787
LINC01243,360,0.0787
NRF1,7622,0.0787
PGPEP1L,4916,0.0787
NECAP1,7460,0.0787
ZBTB46,7477,0.0787
ERLNC1,3401,0.0787
ENSG00000287792,1143,0.0787
KCTD18,7356,0.0787
KCNJ1,3987,0.0787
PRIM1,7346,0.0787
ST6GAL2,6633,0.0787
OR12D2,265,0.0787
CCDC73,6913,0.0787
SMPD5,830,0.0786
SHISAL1,6271,0.0786
MMP15,7071,0.0786
IER5L,7337,0.0786
EFNA1,7474,0.0786
TMEM18,7405,0.0786
ENSG00000229717,6265,0.0786
LINC02877,4147,0.0786
POLR2B,7570,0.0786
ENSG00000239498,7141,0.0786
HLA-DQB2,238,0.0786
CORO1B,7334,0.0786
LINC00491,6559,0.0786
JAM3,7391,0.0786
NXF3,1779,0.0786
ENSG00000234805,51,0.0786
H2BC3,3424,0.0785
ENSG00000235782,429,0.0785
MAP1A,7159,0.0785
ENSG00000288947,2126,0.0785
LINC01192,6533,0.0785
ENSG00000253872,3803,0.0785
NFYC-AS1,6648,0.0785
NME6,7373,0.0785
GLP1R,1037,0.0785
NOMO1,7436,0.0785
MTCO1P12,7283,0.0785
FAM111A,7389,0.0785
ENSG00000255447,6443,0.0785
ENSG00000289072,1189,0.0785
ENSG00000287529,3834,0.0785
ATP6V0D2,6823,0.0785
ENSG00000280355,4278,0.0785
TRBC1,294,0.0785
HEY2,5267,0.0785
SULT1A2,4266,0.0785
GATA3-AS1,641,0.0785
UNKL,7448,0.0785
ENSG00000224984,178,0.0785
ENSG00000259410,6532,0.0785
WDR11-DT,6878,0.0785
ENSG00000285689,28,0.0785
DDX39A,7409,0.0785
MIEF1,7467,0.0785
ANAPC2,7323,0.0785
LHX2,6008,0.0784
OR8R1P,1095,0.0784
LINC00276,7206,0.0784
CASTOR2,7460,0.0784
HNF1A-AS1,6920,0.0784
IYD,2469,0.0784
ZNF697,7424,0.0784
ENSG00000279317,6570,0.0784
SLC25A53,7434,0.0784
HS3ST1,7056,0.0784
ENSG00000284952,7141,0.0784
SLITRK4,5072,0.0784
ENSG00000212989,24,0.0784
LINC01134,7008,0.0784
Y_RNA-66,3836,0.0784
CENATAC-DT,5619,0.0784
CDH24,7162,0.0784
MYB,6668,0.0784
ENSG00000226010,5514,0.0784
ENSG00000256814,3012,0.0784
ENSG00000288681,5959,0.0783
RNU4-41P,179,0.0783
PRRT4,2597,0.0783
GGT7,7513,0.0783
ZNF106,7585,0.0783
SLC25A21,7313,0.0783
MTMR9LP,6781,0.0783
ARF4,7617,0.0783
SAMD4B,7630,0.0783
ENSG00000230739,5844,0.0783
ENSG00000237174,2885,0.0783
SLC22A12,168,0.0783
ENSG00000263154,4537,0.0783
FAM161A,7306,0.0783
DHX32,7627,0.0783
ZNF165,7166,0.0783
PAX8-AS1,7526,0.0783
ZNF275,7351,0.0783
ENSG00000291068,7304,0.0783
ENSG00000288581,391,0.0782
RFC3,7571,0.0782
ENSG00000289609,6875,0.0782
GTF2A1-AS1,6413,0.0782
ENSG00000261267,6982,0.0782
ZNF358,7242,0.0782
C9orf24,7352,0.0782
BTN2A1,7499,0.0782
KBTBD13,65,0.0782
EFHC1,7500,0.0782
ENSG00000286208,2664,0.0782
DCLK2,7512,0.0782
ARL6,7395,0.0782
MAFG,7552,0.0782
KMO,6166,0.0782
VXN,3679,0.0782
BAZ1A-AS1,6979,0.0782
THY1,5696,0.0782
CCNQ,7022,0.0782
EIF2B5,7398,0.0782
SLC5A2,5575,0.0782
CELF2,7534,0.0782
ENSG00000243225,2551,0.0782
GAMTP2,85,0.0782
ZFP36L1,7634,0.0782
CDCA3,7261,0.0781
C16orf46,7410,0.0781
NUDT9P1,813,0.0781
ENSG00000248172,2955,0.0781
APEX2,7264,0.0781
ENSG00000266977,1975,0.0781
ENSG00000260788,3824,0.0781
WDR24,6997,0.0781
WDR25,7495,0.0781
GLB1L2,6649,0.0781
LRGUK,7342,0.0781
TRPC6,6340,0.0781
PDCL3,7350,0.0781
PCDHB12,4056,0.0781
ENSG00000285922,261,0.0781
ENSG00000279608,7294,0.0781
ENSG00000243596,204,0.0781
ENSG00000271880,4155,0.0781
SLC1A7,2409,0.0781
SEPTIN8,7398,0.0781
ZNF22-AS1,3701,0.0781
CALCRL,6720,0.0781
ENSG00000231188,3524,0.0781
ENSG00000287068,204,0.0781
FOXA1,6496,0.0781
FHIP1B,7413,0.0781
ENSG00000288902,6314,0.0781
TSN,7468,0.078
AQP5-AS1,2233,0.078
PLA2G4B,7010,0.078
ENSG00000229052,3206,0.078
NUDT19P5,758,0.078
RORB,6427,0.078
SSPN,7226,0.078
CEL,6933,0.078
PPP1R7,7425,0.078
DNAJC6,7476,0.078
ENSG00000233785,6148,0.078
RMND1,7437,0.078
ZNF581,7412,0.078
ENSG00000289485,1161,0.078
GKAP1,7357,0.078
ADGRA1-AS1,27,0.078
TMEM8B,7311,0.078
ENSG00000259539,7164,0.078
ENSG00000240143,254,0.078
ACAD9,7463,0.078
VPS29,7498,0.078
CDH12,7348,0.078
FPR1,5145,0.078
ENSG00000203546,7273,0.078
TANK-AS1,5484,0.078
RPUSD1,6934,0.0779
BCL2L12,7329,0.0779
GALNT7,7614,0.0779
SLC31A1P1,79,0.0779
ENSG00000283952,2916,0.0779
ERN2,4556,0.0779
KHDC1-AS1,7239,0.0779
MRPL9,7360,0.0779
PLPPR4,3821,0.0779
MYNN,7554,0.0779
ENSG00000277152,4551,0.0779
ENSG00000290872,6625,0.0779
CCNJL,7416,0.0779
ENSG00000266908,7067,0.0779
PRMT7,7459,0.0779
UBAP1L,7343,0.0779
STXBP5-AS1,7359,0.0779
ENSG00000278642,163,0.0779
ENSG00000251537,6893,0.0778
C1QL4,3865,0.0778
PCDH15,7313,0.0778
ENSG00000269300,368,0.0778
ARHGAP32,7641,0.0778
ENSG00000253235,4439,0.0778
ELOVL5,7614,0.0778
ENSG00000287798,787,0.0778
VGLL3,7370,0.0778
C1orf105,5849,0.0778
CXCL6,3269,0.0778
ENSG00000291089,1727,0.0778
FBXO33,7527,0.0778
ENSG00000287271,4878,0.0778
ENSG00000281883,6531,0.0778
ENSG00000267058,3892,0.0778
ENSG00000253778,2423,0.0778
TAGLN,7264,0.0778
ENSG00000229618,7589,0.0778
CACNG6,5893,0.0778
MATK,5354,0.0778
ZNF655,7531,0.0777
CD244,894,0.0777
LINC01512,6086,0.0777
MATN1-AS1,6954,0.0777
PDK4,7101,0.0777
ENSG00000233005,5920,0.0777
IKZF3,6806,0.0777
RNU6-141P,89,0.0777
NUP205,7575,0.0777
ENSG00000287543,1190,0.0777
LINC01949,4627,0.0777
PROKR2,785,0.0777
FAAP100,7254,0.0777
ENSG00000279198,5477,0.0777
USP20,7403,0.0777
LINC02145,5477,0.0777
LINC02122,932,0.0777
MSI2,7641,0.0777
C2orf68,7370,0.0777
ENSG00000288808,4245,0.0777
EFNB1,7326,0.0777
ENSG00000271820,175,0.0776
FRG1BP,7186,0.0776
DTD1,7515,0.0776
ARHGAP11B-DT,6121,0.0776
NMRAL2P-1,5949,0.0776
ENSG00000289448,1429,0.0776
GPR78,3558,0.0776
ZNF562,7518,0.0776
ENSG00000261036,4681,0.0776
CADM4,7184,0.0776
TKT,7625,0.0776
TMEM248,7568,0.0776
C22orf31,829,0.0776
SLC22A15,7325,0.0776
C9orf153,7429,0.0776
GBX2,3282,0.0775
RETREG3,7550,0.0775
PCDH11X,7021,0.0775
CHST15,7577,0.0775
TSC22D4,7482,0.0775
ENSG00000258987,480,0.0775
KIAA0513,7361,0.0775
ZDHHC2,7425,0.0775
HNRNPA1P62,50,0.0775
RABGGTB,7446,0.0775
RNF10,7565,0.0775
ENSG00000285987,6176,0.0775
DHX16,7410,0.0775
SNX4,7562,0.0775
PLA2G3,505,0.0774
KRT81,6698,0.0774
LINC01133,6695,0.0774
FASTKD2,7467,0.0774
COL4A6,7524,0.0774
ROS1,6086,0.0774
PCDHGA7,5183,0.0774
PTPRT,6995,0.0774
PGP,7259,0.0774
DENND5B-AS1,6668,0.0774
MPST,7324,0.0774
AQP7B,5145,0.0774
FTO,7611,0.0774
DDX49,7333,0.0774
ERG,6476,0.0774
ANKRD20A18P,460,0.0774
SCN7A,4671,0.0774
ADPRHL1,7361,0.0774
ENSG00000231713,1031,0.0774
FAM102B,7468,0.0774
CPSF3,7482,0.0774
ENSG00000285755,6771,0.0774
AASDH,7401,0.0774
TAOK2,7398,0.0773
GLI4,7111,0.0773
SARM1,7393,0.0773
ENSG00000225647,6352,0.0773
CNTROB,7413,0.0773
SLC39A1,7445,0.0773
GPC3,7325,0.0773
CCER1,397,0.0773
ZCCHC24,7455,0.0773
PALM,6949,0.0773
Y_RNA-736,4437,0.0773
ENSG00000289182,6203,0.0773
LPAR6,7220,0.0773
PLAC1,7190,0.0773
TCEAL3,7386,0.0773
TMEM236,7265,0.0773
SPX,6551,0.0772
ENSG00000283235,5642,0.0772
RHOA,7629,0.0772
PAPLN-AS1,4443,0.0772
PAF1,7408,0.0772
GPR35,6630,0.0772
TPM4,7637,0.0772
ENSG00000249072,1337,0.0772
PRR12,7541,0.0772
TKTL1,2098,0.0772
MRPS31P4,7366,0.0772
SYNRG,7612,0.0772
TPT1P4,3913,0.0772
SOX1,337,0.0772
PKNOX1,7570,0.0772
GRID2IP,6305,0.0772
ENSG00000217576,7365,0.0772
ENSG00000253125,6492,0.0772
PLEKHO2,7390,0.0771
IL17RC,7334,0.0771
ENSG00000287377,5526,0.0771
CMTM6,7491,0.0771
ZNF252P,7296,0.0771
ENSG00000278959,6067,0.0771
CETN2,7411,0.0771
MTND5P10,172,0.0771
GTF2A1L,5816,0.0771
MIR124-1HG,147,0.0771
FLAD1,7268,0.0771
DHRS9,7251,0.0771
ENSG00000278389,622,0.0771
ENSG00000267228,5962,0.0771
KIF18A,7403,0.0771
ADCY4,4981,0.0771
ENSG00000273320,5548,0.0771
RPL31P3,171,0.0771
CHRNA7,7229,0.0771
ATAD3C,6132,0.0771
LINC02068,6623,0.0771
ABTB1,7163,0.0771
SPAG4,7178,0.0771
KIAA2012-AS1,4577,0.0771
ENSG00000286279,2784,0.0771
ENSG00000262521,535,0.0771
ENSG00000279107,202,0.0771
ENSG00000284060,5867,0.077
ALOX15P2,162,0.077
ALG1L6P,3640,0.077
RASL11A,5821,0.077
ENSG00000287818,278,0.077
ENSG00000261266,843,0.077
ENSG00000231964,5199,0.077
ZDHHC11B,7210,0.077
TECR,7349,0.077
ENSG00000285218,6962,0.077
FBL,7565,0.077
ATM,7639,0.077
CASP10,7196,0.077
LINC00934,474,0.0769
SPN,2441,0.0769
ENSG00000272343,1047,0.0769
DNASE1,7507,0.0769
SDCBP2-AS1,7430,0.0769
PTK2B,7497,0.0769
ENSG00000288011,2154,0.0769
LINC01808,1277,0.0769
ITPRIPL2,7469,0.0769
ENSG00000269749,7374,0.0769
CTHRC1,6975,0.0769
TMEM217,7209,0.0769
PLAC8,7357,0.0769
HACD4,5553,0.0769
BRF1,7490,0.0769
PCDHB13,5756,0.0769
ENSG00000289245,625,0.0769
LINC00482,6219,0.0769
TAGLN2,7585,0.0769
OR9A3P,574,0.0768
ENSG00000227723,334,0.0768
ENSG00000286904,6765,0.0768
ENSG00000234352,7177,0.0768
CITED1,3576,0.0768
SORCS2,7354,0.0768
ENSG00000267188,3234,0.0768
CRNKL1,7487,0.0768
ENSG00000244063,1002,0.0768
RAB40A,6711,0.0768
GOLGA4-AS1,4120,0.0768
ENSG00000283098,7041,0.0768
TH,1420,0.0768
ENSG00000289578,4513,0.0768
GAPDHP44,2578,0.0768
GNA14,6881,0.0768
GLB1L3,4082,0.0768
LINC01947,4440,0.0768
ENSG00000232615,1101,0.0768
RXFP1,6580,0.0768
TMC8,5395,0.0768
SIAE,7377,0.0768
MYLK4,7080,0.0768
LINC01449,4509,0.0768
ENSG00000279883,469,0.0768
LINC01484,3529,0.0768
KLHL25,7330,0.0767
METTL4,7382,0.0767
TNFRSF14-AS1,5290,0.0767
HECTD3,7339,0.0767
MAP3K15,7269,0.0767
MAB21L3,5463,0.0767
ENSG00000240710,6539,0.0767
PDHA1,7451,0.0767
ENSG00000261161,4581,0.0767
ENSG00000226043,5898,0.0767
KDM1A,7584,0.0767
RPS7P12,444,0.0767
RPAP1,7453,0.0767
ENSG00000286570,4078,0.0767
ZNF836,7300,0.0767
GK3P,158,0.0767
MAGOHB,7385,0.0767
ENSG00000263923,7098,0.0767
B4GALNT2,4789,0.0767
TBC1D3F,433,0.0766
D2HGDH,7403,0.0766
GAL3ST1,6929,0.0766
ZNF322,7349,0.0766
PPIAP13,196,0.0766
REPS1,7598,0.0766
GYG1,7355,0.0766
RHOXF1P3,6432,0.0766
LINC01366,1458,0.0766
DNAJB11,7506,0.0766
ENSG00000287549,3653,0.0766
ECM2,6731,0.0766
CARMN,6606,0.0766
MED24,7483,0.0766
INSC,4712,0.0766
FOXP1,7641,0.0766
EXTL3,7547,0.0766
ATL2,7629,0.0766
EMBP1,5078,0.0765
TUBB3,7326,0.0765
SAP130,7541,0.0765
LINC00184,970,0.0765
SMIM15-AS1,7328,0.0765
ACOX3,7515,0.0765
ATP10A,7268,0.0765
ENSG00000257322,7272,0.0765
HDAC4,7632,0.0765
ADGRA3P1,458,0.0765
COX18,7340,0.0765
SAGE4P,86,0.0765
RNF31,7423,0.0765
OTUD3,7444,0.0765
DAGLA,7118,0.0765
ENSG00000287992,46,0.0765
CALML6,1703,0.0765
LINC00448,2754,0.0765
MRPS35,7558,0.0765
ENSG00000249852,971,0.0765
PAPSS1,7514,0.0764
CENPP,7525,0.0764
ENSG00000258603,6845,0.0764
EPS8L3,6634,0.0764
ENSG00000255641,3840,0.0764
NETO1-DT,782,0.0764
ENSG00000287588,685,0.0764
SDF2L1,7287,0.0764
ELOA,7496,0.0764
CHD5,7196,0.0764
ENSG00000254208,182,0.0764
CDKL4,7400,0.0764
TBX1,6239,0.0764
ST3GAL6-AS1,4764,0.0764
RERGL,6323,0.0764
ABCD4,7439,0.0764
KIF7,7362,0.0764
ZBTB47,7062,0.0764
BBS4,7502,0.0764
MAPKAPK2,7593,0.0764
LMBRD2,7493,0.0763
LINC00358,298,0.0763
ZNF518A,7595,0.0763
ACE2,5394,0.0763
C6orf15,1507,0.0763
RPA4,5621,0.0763
BEND3,7248,0.0763
SPART,7525,0.0763
ENSG00000287647,359,0.0763
FAM225A,2063,0.0763
ADAM9,7637,0.0763
DEXI,7337,0.0763
ENSG00000289850,6476,0.0763
C19orf38,7185,0.0763
ENSG00000279458,20,0.0763
ENSG00000233060,5954,0.0763
ENSG00000286100,6465,0.0763
NEK4,7391,0.0763
MYH9-DT,6365,0.0763
LYRM2,7391,0.0763
EXOC1,7593,0.0762
SPHK2,7379,0.0762
ARL9,7180,0.0762
PPP4C,7461,0.0762
SVIL-AS1-1,7582,0.0762
DCK,7397,0.0762
HIVEP2-DT,7061,0.0762
ENSG00000291225,3722,0.0762
ENSG00000289332,4202,0.0762
AHRR,7578,0.0762
LINC02365,6103,0.0762
INTS5,7156,0.0762
ZWILCH,7389,0.0762
ENSG00000290905,153,0.0762
MYPN,7263,0.0762
DHDH,6995,0.0762
ENSG00000227479,4488,0.0762
KRT4,1551,0.0762
DCBLD1,7476,0.0762
TM2D1,7564,0.0761
HERC4,7641,0.0761
HDAC8,7641,0.0761
HSCB,7419,0.0761
LINC02165,3360,0.0761
RFC5,7372,0.0761
FRMPD2,3313,0.0761
SIGLEC8,20,0.0761
OPN3,7399,0.0761
ENSG00000287423,1312,0.0761
ENSG00000259598,5173,0.0761
HDAC6,7477,0.0761
UQCRBP2,366,0.0761
ADAMTSL4-AS2,7423,0.0761
PGAP6,7320,0.0761
ENSG00000289966,2037,0.0761
SLC6A19,146,0.0761
CAMK2D,7633,0.0761
SYNJ1,7530,0.0761
TMSB15B-1,75,0.0761
ARHGAP11B,7161,0.0761
ENSG00000285791,4532,0.076
MEIKIN,5514,0.076
MTND2P32,1394,0.076
ZNF847P,1793,0.076
ENSG00000286908,92,0.076
CTSS,7434,0.076
SLC35A4,7337,0.076
ENSG00000272024,1853,0.076
ENSG00000290100,6586,0.076
BTK,4340,0.076
STIM1,7518,0.076
EDN1,7324,0.076
POLR2J2,2635,0.076
LINC00309,1207,0.076
MAPKAPK5,7500,0.076
FAM120C,7383,0.076
ENSG00000251689,338,0.076
ENSG00000240240,1865,0.076
GNPDA2,7372,0.076
PDIA2,3202,0.076
CILP2,6336,0.076
MAP1S,7384,0.0759
ZNF561-AS1,7353,0.0759
ITPA,7389,0.0759
FAM102A,7575,0.0759
PARVG,6037,0.0759
LAMC3,6915,0.0759
PPFIA2-AS1,3419,0.0759
GPR89A,7416,0.0759
FTH1P12,4331,0.0759
ENSG00000290721,4120,0.0759
CCN3,5643,0.0759
ENSG00000288692,6653,0.0759
ENSG00000236332,938,0.0759
RTL8A,7284,0.0759
SOAT1,7481,0.0759
ANKRD54,7357,0.0759
CXCR2,629,0.0759
H4C14,4608,0.0759
RGR,941,0.0759
VCAM1,6606,0.0759
RN7SL523P,125,0.0759
PFKFB1,6682,0.0759
SPATA24,7030,0.0759
SFR1,7225,0.0759
NUDT6,7238,0.0759
HHEX,5486,0.0759
NRBF2,7438,0.0758
TMEM209,7427,0.0758
ENSG00000254885,383,0.0758
ENSG00000287733,5846,0.0758
SRM,7405,0.0758
ENSG00000234810,6711,0.0758
HTRA3,4318,0.0758
LINC01585,1034,0.0758
FXYD6-FXYD2,1249,0.0758
ENSG00000227400,7151,0.0758
ENSG00000287154,4820,0.0758
ENSG00000233293,1588,0.0758
LYSMD1,7165,0.0758
IQCE,7492,0.0758
ENSG00000258394,6565,0.0758
ENSG00000284717,1559,0.0758
NKX6-2,648,0.0758
SHH,5538,0.0758
FOLH1,1831,0.0758
ENSG00000251125,303,0.0757
ENSG00000287656,3565,0.0757
WDR46,7310,0.0757
WDR43,7637,0.0757
GREM2,7091,0.0757
LINC02512,1601,0.0757
MACROH2A1,7624,0.0757
ENSG00000267627,3628,0.0757
AGER,6936,0.0757
KCNAB2,7400,0.0757
GIGYF2,7640,0.0757
CHST3,7346,0.0757
SLC2A10,7162,0.0757
SMPD3,6584,0.0757
OXT,297,0.0757
TAB3-AS1,874,0.0757
ENSG00000273047,614,0.0757
IGDCC3,5735,0.0757
WAC-AS1,7419,0.0757
ENSG00000215512,949,0.0757
TAF7L,4672,0.0757
FLRT2-AS1,3019,0.0757
ENSG00000249721,52,0.0757
AP2A2,7539,0.0757
SPATA6L,7386,0.0756
LATS1,7602,0.0756
PHLDA3,7179,0.0756
EMX2OS,4073,0.0756
ENSG00000276076,1548,0.0756
GAPDHP35,2363,0.0756
PRKG2-AS1,6148,0.0756
ENSG00000260144,7161,0.0756
RNF112,5563,0.0756
SLC9A9,7163,0.0756
ENSG00000288576,72,0.0756
PFN2-AS1,4176,0.0756
ZBTB37,7385,0.0756
NTN1,7342,0.0756
ZNF233,6800,0.0756
CDH10,7045,0.0756
ENSG00000250244,916,0.0756
ENSG00000286540,7349,0.0756
ECHS1,7466,0.0756
BRCA1,7539,0.0756
TRIM65,7402,0.0756
SRPX2,6799,0.0756
ENSG00000235127,5275,0.0756
ZNF385D-AS2,788,0.0756
PRDM4-AS1,6880,0.0755
FGF6,1022,0.0755
ROR2,7377,0.0755
ENSG00000253500,7399,0.0755
DIAPH2-AS1,7278,0.0755
AGBL3,7264,0.0755
ENSG00000230552,4594,0.0755
RN7SL459P,212,0.0755
ENSG00000286098,7400,0.0755
HCG11,6296,0.0755
TAF5L,7482,0.0755
COG7,7573,0.0755
IGF2-AS,2874,0.0755
ENSG00000285986,1123,0.0755
ENSG00000288153,6098,0.0755
RBM25-AS1,4404,0.0755
MMAB,7312,0.0755
CENPX,7353,0.0755
CRADD,7613,0.0755
ESCO1,7591,0.0755
GAPDHP55,192,0.0755
CALCR,5737,0.0755
ENSG00000260467,660,0.0754
CASP4LP,2221,0.0754
ENSG00000267733,3066,0.0754
ENSG00000234730,759,0.0754
ENSG00000289980,4463,0.0754
STAG3L1,6013,0.0754
ENSG00000269292,6867,0.0754
ENSG00000260007,7170,0.0754
NIFK-AS1,7435,0.0754
ENSG00000267582,315,0.0754
GPD2,7587,0.0754
DEK,7638,0.0754
FZD3,7461,0.0754
ENSG00000287113,1128,0.0754
SLITRK5,6498,0.0754
POU3F1,3388,0.0754
ARPP19,7598,0.0754
KCNN2,6844,0.0754
ENSG00000270149,7032,0.0754
BOC,6675,0.0754
RDH14,7342,0.0754
CPXM2,6183,0.0754
BPNT2,7570,0.0754
PIK3C2G,6581,0.0754
ENSG00000280145,2813,0.0754
RPL23AP87,1145,0.0754
ENSG00000286847,2321,0.0754
USH1C,7120,0.0754
ARRB2,7357,0.0753
LINC01727,3985,0.0753
ENSG00000229628,4616,0.0753
ATP6V0A2,7444,0.0753
ADAM8,7233,0.0753
ENSG00000249870,7319,0.0753
LYAR,7474,0.0753
ENSG00000285082,6605,0.0753
FAM187B,249,0.0753
ENSG00000258646,7050,0.0753
TSPAN1,6913,0.0753
RNU4-14P,1859,0.0753
ENSG00000289426,4174,0.0753
LINC02839,3337,0.0753
SELENOS,7504,0.0753
ENSG00000257222,4972,0.0753
SLCO1B3,7598,0.0753
GPR157,7483,0.0753
ENSG00000251081,1692,0.0753
DSCC1,7193,0.0753
DACT2,1517,0.0753
RCL1,7449,0.0753
TANC1,7634,0.0753
TRPM8,5656,0.0753
ALOX5,6733,0.0753
USE1,7296,0.0753
LINC02680,7485,0.0753
ENSG00000238043,3856,0.0753
USP2-AS1,7309,0.0753
ENSG00000253496,6946,0.0753
PIN4,7518,0.0753
UXT,7491,0.0752
SLC38A5,6488,0.0752
ENSG00000284876,839,0.0752
CLLU1,209,0.0752
KRT18P4,3937,0.0752
HUS1,7458,0.0752
PRG4,4099,0.0752
ENSG00000273058,2257,0.0752
ENSG00000236712,139,0.0752
SYNE3,7467,0.0752
ZNF253,7270,0.0752
CNN3-DT,6836,0.0752
RFX7,7637,0.0752
HRNR,895,0.0752
LINC01426,6411,0.0752
PKD2L2-DT,7017,0.0752
NAGA,7285,0.0752
SSTR5,1343,0.0752
ARHGEF34P,6467,0.0752
RPL21P106,185,0.0752
NAALADL2-AS1,125,0.0752
ENSG00000288908,4254,0.0752
C12orf4,7428,0.0752
VN1R42P,374,0.0751
ENSG00000236385,647,0.0751
ENSG00000278153,1274,0.0751
EOMES,2512,0.0751
ENSG00000258679,1252,0.0751
E2F8,7079,0.0751
NAPB,7407,0.0751
CAPZB,7637,0.0751
CEP41,7178,0.0751
FBXO16,7433,0.0751
PTPRO,7103,0.0751
C2-AS1,5835,0.0751
AKAP8,7544,0.0751
ENSG00000271936,5523,0.0751
LINC03017,3916,0.0751
ENSG00000279838,7201,0.0751
ENSG00000260037,5982,0.0751
ENSG00000289361,4457,0.0751
HS1BP3,7369,0.0751
RCAN3,7517,0.075
DTX4,7213,0.075
ENSG00000269481,6075,0.075
SETDB1,7563,0.075
UPK3B,6021,0.075
FMO3,1997,0.075
TIMM50,7312,0.075
POLR3D,7465,0.075
CHRD,4371,0.075
PLK1,7346,0.075
BRAT1,7346,0.075
UNC79,7304,0.075
NOBOX,1969,0.075
DNAH8,6695,0.075
LINC02643,6229,0.075
ENSG00000283384,3418,0.075
EHD3,6636,0.075
ENSG00000235052,2204,0.075
ENSG00000229424,358,0.075
PARP11,7390,0.075
ENSG00000271581,4535,0.075
LY86-AS1,5652,0.075
CUL4A,7636,0.075
ENSG00000268912,1746,0.075
ENSG00000227992,5072,0.075
ENSG00000286766,39,0.075
EXOSC2,7396,0.075
TIGD1,7267,0.075
GNG2,7181,0.075
ENSG00000280037,3239,0.075
ENSG00000257925,5590,0.075
ENSG00000258654,1097,0.075
ENSG00000263311,141,0.0749
TTLL13,7044,0.0749
EPB41L4B,7492,0.0749
COLGALT2,7184,0.0749
MSRA,7483,0.0749
MFF-DT,7400,0.0749
KCTD17,7269,0.0749
KLHDC10,7594,0.0749
LNCATV,5888,0.0749
ZNF425,7230,0.0749
MPO,932,0.0749
ELOA-AS1,7377,0.0749
ENSG00000198580,5102,0.0749
DIAPH3,7620,0.0749
KRTCAP3,7030,0.0749
NECAB1,6868,0.0749
NEIL1,6713,0.0749
ENSG00000236754,6336,0.0749
ENSG00000238282,3932,0.0749
ENSG00000286826,738,0.0749
RAB11FIP4,7412,0.0749
ENSG00000255286,245,0.0749
FBXO25,7411,0.0749
INAFM1,7200,0.0748
PI4KB,7528,0.0748
TCF7L1,7537,0.0748
RN7SL824P,84,0.0748
PHETA1,6937,0.0748
MMP27,240,0.0748
SH2D4B,6706,0.0748
PTAR1,7601,0.0748
TJP1,7641,0.0748
CTBP1-DT,7275,0.0748
OCM,2517,0.0748
NIPAL4,4272,0.0748
PRPF6,7582,0.0748
SUCLG2P4,123,0.0748
REM2,6098,0.0747
RPL31P46,7438,0.0747
LINC00301,2134,0.0747
MS4A18,228,0.0747
ENSG00000234244,2712,0.0747
ENSG00000289268,6468,0.0747
ENSG00000205794,6910,0.0747
TAF1,7604,0.0747
ENSG00000287916,6771,0.0747
EEF1DP1,1653,0.0747
ZNF516,7570,0.0747
ENSG00000248994,5101,0.0747
ENSG00000276308,669,0.0747
C14orf119,7402,0.0747
ANGPTL2,6381,0.0747
ENSG00000224556,249,0.0747
H6PD,7484,0.0747
ENSG00000233757,7097,0.0747
ENSG00000233755,4041,0.0747
EGFL7,6988,0.0747
DFFA,7459,0.0747
ERBB3,7366,0.0747
COQ8A,7329,0.0747
TWF2,7303,0.0747
C20orf204,6914,0.0747
CTNNBIP1,7479,0.0747
LRRC47,7384,0.0746
PICART1,6537,0.0746
ZSCAN12,7013,0.0746
UQCC2,7338,0.0746
ENSG00000246792,4611,0.0746
TXNDC17,7440,0.0746
LINC02569,3982,0.0746
ENSG00000289484,3595,0.0746
ENSG00000279712,5627,0.0746
F8A1,3439,0.0746
GPC5-AS1,998,0.0746
MLH3,7491,0.0746
DNASE1L1,7350,0.0746
PARM1,7033,0.0746
CDC20B,6979,0.0746
BPIFB2,2963,0.0746
PLA2G12A,7409,0.0746
HECW1,7306,0.0746
ENSG00000231305,5384,0.0746
STEAP1B,7479,0.0746
RPL23AP25,43,0.0746
EPB41L4A-DT,273,0.0745
LRRN4CL,4368,0.0745
LINC02811,5979,0.0745
CTBP2,7641,0.0745
ANO8,7314,0.0745
ENSG00000262202,2007,0.0745
NUP62,7448,0.0745
NUBPL,7599,0.0745
PDCD11,7519,0.0745
USP16,7614,0.0745
PRDX1P1,247,0.0745
TMEM186,7200,0.0745
IP6K1,7589,0.0745
SP140L,7548,0.0745
ENSG00000255983,5712,0.0745
SNHG30,7425,0.0745
CDC6,7425,0.0745
ATP2C2,7379,0.0745
POU5F2,7193,0.0744
PCTP,7431,0.0744
DNAJB13,6764,0.0744
ENSG00000227728,420,0.0744
SELENOP,7010,0.0744
ENSG00000286260,1510,0.0744
TOX,7424,0.0744
PITHD1,7406,0.0744
LINC02210-CRHR1,7492,0.0744
TDP1,7411,0.0744
RPL32P27,827,0.0744
ENSG00000267648,1638,0.0744
RTL6,7299,0.0744
ZSCAN29,7327,0.0744
TRIR,7431,0.0744
FZD5,7240,0.0744
SYNPR,6005,0.0744
MAPK8IP3,7601,0.0744
ISM2,6478,0.0744
CDK9,7360,0.0743
MANSC1,6507,0.0743
ENSG00000288724,570,0.0743
PCDHA10,4180,0.0743
PLXNA4,7089,0.0743
DLG1-AS1,2822,0.0743
H3C14,228,0.0743
CAPRIN1,7596,0.0743
AURKAIP1,7372,0.0743
FZD4-DT,7201,0.0743
CCNA1,3046,0.0743
RARB,7437,0.0743
IL20RA,6649,0.0743
ARHGAP25,6671,0.0743
SEMA6A-AS2,3984,0.0743
TLE6,7214,0.0743
PLUT,5929,0.0743
ENSG00000284722,945,0.0743
ENSG00000234261,7210,0.0743
MYCNUT,3518,0.0743
ENSG00000286060,2137,0.0742
KCNJ2,5120,0.0742
ENSG00000288006,1788,0.0742
FIBCD1,7118,0.0742
LINC02968,7150,0.0742
NPTXR,7014,0.0742
ENSG00000234936,5270,0.0742
EMILIN1,4323,0.0742
SULT1C2,6300,0.0742
MED15,7621,0.0742
ENSG00000213062,6337,0.0742
TBX19,7392,0.0742
TCEA3,7233,0.0742
DNAJB5,7107,0.0742
UBE3AP2,3809,0.0742
ZNF583,6919,0.0742
ENSG00000289162,2881,0.0742
ENSG00000289047,7238,0.0742
MRPS12,7214,0.0742
BLK,2329,0.0742
NDUFAB1,7428,0.0742
LINC01094,5571,0.0742
SMIM7,7526,0.0742
PNMA6A,2761,0.0742
ENSG00000267677,4004,0.0742
ENSG00000253317,2002,0.0742
MT1JP-1,641,0.0741
AGBL4,7363,0.0741
LINC03002,6353,0.0741
PRPF4B,7629,0.0741
ENSG00000270589,6661,0.0741
KRT18P24,90,0.0741
LINC00869,3806,0.0741
ENSG00000279419,1003,0.0741
LINC02549,1650,0.0741
HEATR6-DT,7079,0.0741
ZNF584,7311,0.0741
AUNIP,7175,0.0741
HIC1,6349,0.0741
CPSF4,7403,0.074
LY75-CD302,3264,0.074
LBX2-AS1,6302,0.074
HCG4,1775,0.074
DYRK3,7430,0.074
ZNF695,7199,0.074
MAP7D3,7552,0.074
ABCB1,7194,0.074
FEM1AP2,73,0.074
ENSG00000231875,2334,0.074
KRT8P44,283,0.074
TMEM132B,7310,0.074
ENSG00000230479,7537,0.074
ENSG00000254519,3832,0.074
SNTG2,6614,0.074
PHC2-AS1,7047,0.074
ARHGAP6,7291,0.074
TOMM20L,6977,0.074
CAPG,7253,0.0739
MRPL15,7364,0.0739
RGS16,6614,0.0739
MARCHF6,7641,0.0739
TRPC3,4898,0.0739
LATS2,7622,0.0739
THEM7P,6172,0.0739
ENSG00000263096,218,0.0739
LINC02930,6920,0.0739
ENSG00000273262,786,0.0739
PKD1-AS1,5267,0.0739
CYTH4,5397,0.0739
ABCB9,7490,0.0739
RANBP10,7567,0.0739
TFG,7639,0.0739
ENSG00000285763,4864,0.0739
YEATS2-AS1,6210,0.0738
ENSG00000235192,3741,0.0738
ENSG00000235381,7010,0.0738
ENSG00000286830,6889,0.0738
ENSG00000253343,707,0.0738
ENSG00000220660,139,0.0738
TMEM240,6024,0.0738
DAZAP1,7546,0.0738
ENSG00000230803,1513,0.0738
DHX33,7412,0.0738
ENSG00000255351,33,0.0738
GSDME,7402,0.0738
LINC00654,7156,0.0738
LRP4-AS1,6717,0.0738
KIAA1549,7509,0.0738
COQ7,7306,0.0738
ANKEF1,7081,0.0738
TMEM92,6033,0.0738
HGF,7203,0.0738
ENSG00000285816,7326,0.0738
CCDC158,3384,0.0738
ENSG00000243296,398,0.0738
WHAMMP1,7252,0.0738
ENSG00000267986,3400,0.0738
TH2LCRR,6915,0.0738
WSB2,7517,0.0737
ZSWIM1,7319,0.0737
PTCH2,7155,0.0737
ENSG00000284773,6951,0.0737
PI4KAP2,7298,0.0737
JAKMIP3-AS1,3692,0.0737
SERPINA1,7501,0.0737
ARSLP1,92,0.0737
SEC16A,7595,0.0737
LRRC25,1694,0.0737
ENSG00000289839,7151,0.0737
ENSG00000289418,6643,0.0737
YES1,7629,0.0737
ENSG00000262837,6459,0.0737
ACTR5,7355,0.0737
ZNF503-AS1,6744,0.0737
IL2RB,4333,0.0737
ATP5MG,7517,0.0737
RAD23A,7549,0.0737
RPS4XP2,4611,0.0737
ENSG00000286964,6352,0.0737
ENSG00000287860,6093,0.0737
ENSG00000278962,2895,0.0737
RFPL1,152,0.0737
SDR16C6P,805,0.0736
BRPF3,7428,0.0736
NIPAL3,7465,0.0736
ENSG00000286988,812,0.0736
ENSG00000253762,1148,0.0736
ENSG00000279605,5733,0.0736
OBSCN-AS1,6232,0.0736
CCDC174,7519,0.0736
7SK-1,2228,0.0736
RORC,5353,0.0736
CCDC17,6830,0.0736
GAL,5663,0.0736
GABPB2,7485,0.0736
LINC01363,3299,0.0736
ENSG00000290061,78,0.0736
ENSG00000283155,5460,0.0736
INPP1,7381,0.0736
ENSG00000230928,6520,0.0736
ENSG00000260661,5523,0.0736
ASL,7515,0.0736
ADD3-AS1,6840,0.0736
IFNLR1,7067,0.0736
ENSG00000287873,112,0.0736
HNRNPA0,7553,0.0736
ENSG00000286153,7437,0.0735
ENSG00000290549,6871,0.0735
DINOL,1100,0.0735
ENSG00000288585,2601,0.0735
ATP5PF,7430,0.0735
IMP4,7362,0.0735
ENSG00000239628,1899,0.0735
EMC3,7531,0.0735
LINC02981,6741,0.0735
SLC36A1,7349,0.0735
HCG20,7016,0.0735
ENSG00000276768,1004,0.0735
CCL7,389,0.0735
SLC12A2,7639,0.0735
DDX55,7534,0.0735
DCAF16,7478,0.0735
BAIAP2L2,7019,0.0735
EEF1A1P11,4728,0.0735
ENSG00000235538,3392,0.0735
ATP8A2,7158,0.0735
ENSG00000226957,4262,0.0735
ENSG00000260460,388,0.0735
SLC9A5,7344,0.0734
ENSG00000283095,388,0.0734
OSER1,7521,0.0734
ENSG00000270702,33,0.0734
S100Z,6175,0.0734
ENSG00000283459,322,0.0734
ENSG00000240418,429,0.0734
C14orf132,7258,0.0734
DEFB131E,110,0.0734
RASGEF1A,5955,0.0734
FKBP14-AS1,7327,0.0734
MT-TV,6897,0.0734
ENSG00000278496,137,0.0734
IRAK4,7443,0.0734
PRKCI,7606,0.0734
SLC16A2,7336,0.0734
METRNL,7414,0.0734
ANOS1,5671,0.0734
ENSG00000261592,6593,0.0734
TDRD12,6018,0.0734
NMT2,7525,0.0734
LINC01400,77,0.0734
GTPBP1,7545,0.0734
LINC03031,96,0.0734
TTLL3,7565,0.0734
PNLIPRP3,5054,0.0734
CDK8,7616,0.0733
TPTE2,7328,0.0733
ENSG00000228973,681,0.0733
ENSG00000289180,6794,0.0733
CACTIN-AS1,3615,0.0733
ZBTB24-DT,1873,0.0733
FCRL6,705,0.0733
ZNF510,7358,0.0733
RCC2,7485,0.0733
ENSG00000260836,3464,0.0733
EXOC7,7558,0.0733
CDK5RAP2,7605,0.0733
ENSG00000279026,3318,0.0733
GUSB,7461,0.0733
TAS1R2,1929,0.0733
GON4L,7574,0.0733
ENSG00000285790,1318,0.0733
GPBAR1,4381,0.0733
PTGS1,6946,0.0733
HAO2,1579,0.0733
TIMM13,7310,0.0733
ZNF519,7424,0.0733
ENSG00000268584,6637,0.0733
LRG1,5680,0.0733
CYP2D7,6804,0.0733
ENSG00000289840,618,0.0733
ARHGEF37,7274,0.0733
TOR2A,6701,0.0733
TATDN3,7358,0.0732
ENSG00000276292,4710,0.0732
ENSG00000288971,5901,0.0732
ABCA4,5604,0.0732
PRKCZ,7523,0.0732
SSC5D,7104,0.0732
ENSG00000225676,6205,0.0732
LYNX1,2764,0.0732
TBL2,7406,0.0732
ENSG00000287987,981,0.0732
ZNF687,7337,0.0732
TRBV30,770,0.0732
MGRN1,7582,0.0732
ENSG00000225806,6560,0.0732
LRP5L,7473,0.0732
F8,7215,0.0732
FANCC,7511,0.0732
MMP25-AS1,7321,0.0732
EPHA3,7298,0.0732
ECEL1,2133,0.0732
SLC9A3,7108,0.0732
ENSG00000269583,854,0.0732
HNF1A,5289,0.0732
ENSG00000248646,5235,0.0732
ENSG00000242324,1452,0.0732
SSR2,7589,0.0732
ENSG00000268945,6918,0.0732
GATD1-DT,7292,0.0731
ENSG00000290569,6856,0.0731
RNF121,7605,0.0731
NCF4-AS1,619,0.0731
CCN4,7087,0.0731
BCO1,4283,0.0731
C1QTNF9,5428,0.0731
ENSG00000258216,7086,0.0731
ENSG00000258179,548,0.0731
PHAF1,7515,0.0731
ENSG00000272707,1353,0.0731
LINC01433,5384,0.0731
ENSG00000289867,128,0.0731
POLR1E,7377,0.0731
STK19,7333,0.0731
PGAM5,7345,0.073
LRFN4,7043,0.073
RPL37A-DT,5796,0.073
PSD2-AS1,1427,0.073
GOLGA8G,81,0.073
PLPPR2,7289,0.073
GFY,1397,0.073
SNTB2,7569,0.073
TPGS1,7252,0.073
SLC7A4,315,0.073
TLCD1,6848,0.073
LDB2,7024,0.073
FAM86HP,6906,0.073
ENSG00000283205,189,0.073
ENSG00000257904,2173,0.073
CACHD1,7509,0.073
ENSG00000286536,6813,0.073
LINC01210,1937,0.073
NSUN5P1-1,6768,0.073
FGF8,4992,0.0729
KLF3-AS1,7206,0.0729
LINC01896,81,0.0729
CBLL1,7483,0.0729
MRPL24,7355,0.0729
AACSP1-1,4393,0.0729
PRKD3,7629,0.0729
NPM3,7191,0.0729
ENO4,7240,0.0729
RN7SL543P,34,0.0729
KLHL22,7475,0.0729
DRD1,1280,0.0729
GMIP,7332,0.0729
PLCB3,7453,0.0729
RBMY2QP,489,0.0729
ENSG00000288050,712,0.0729
ZAN,6374,0.0729
CLIC2,6905,0.0729
SBDSP1,7326,0.0729
SCAT8,5707,0.0729
ENSG00000260536,7172,0.0729
S100G,276,0.0729
HMGN2P15,1915,0.0729
LINC01144,1400,0.0729
ENSG00000286543,6074,0.0729
ENSG00000280107,2954,0.0729
LINC01145-1,7342,0.0729
ENSG00000267287,456,0.0729
ZNF230,7247,0.0728
ASCC2,7482,0.0728
PRKRA,7515,0.0728
ENSG00000251446,36,0.0728
ENSG00000226180,4294,0.0728
ANKRD34A,5652,0.0728
ZNF430,7441,0.0728
ENSG00000232546,7121,0.0728
ZSCAN20,7319,0.0728
FAM174B,7381,0.0728
GRIN2A,7184,0.0728
ENSG00000286451,4405,0.0728
SNHG18,6056,0.0728
ENSG00000250791,375,0.0728
ENSG00000282386,6503,0.0728
ENSG00000286572,3186,0.0728
CLDN3,6179,0.0728
MRPL13,7488,0.0728
FBRSL1,7512,0.0728
FOXRED2,7239,0.0728
ATP10B,7206,0.0728
LINC01910,3714,0.0728
STARD7,7537,0.0728
TCF23,705,0.0728
PDAP1,7530,0.0728
ENSG00000244706,1948,0.0727
TNRC6A,7630,0.0727
HOXC12,1535,0.0727
LRP1B,7502,0.0727
ENSG00000290476,7338,0.0727
LINC01913,4892,0.0727
ADORA2A,7227,0.0727
DNAJC9-AS1-1,6998,0.0727
HDHD2,7480,0.0727
ENSG00000227294,411,0.0727
THSD4-AS1,7334,0.0727
UBASH3A,4705,0.0727
INTS7,7583,0.0727
DUSP18,7433,0.0727
MDFIC,7453,0.0727
MAD2L1,7354,0.0727
NTRK3,6186,0.0727
KRI1,7379,0.0727
ENSG00000273639,2277,0.0727
HNRNPF,7559,0.0727
DUS4L-BCAP29,6253,0.0727
TMEM54,7094,0.0727
ENSG00000287175,5054,0.0727
CCNE2,7329,0.0727
LINC01242,4805,0.0727
ACO2,7534,0.0726
DHX57,7502,0.0726
ATP2C2-AS1,7167,0.0726
RPL23AP11,364,0.0726
HIF1A-AS1,6611,0.0726
TEX41,7463,0.0726
CMKLR2-AS,4551,0.0726
RNU6-795P,1367,0.0726
OXA1L-DT,7254,0.0726
ENSG00000278456,220,0.0726
ENSG00000286823,6189,0.0726
BLMH,7400,0.0726
ENSG00000287092,6534,0.0726
LINC01655,5414,0.0726
MRPL12,7192,0.0726
SSB,7593,0.0726
ENSG00000286002,105,0.0726
SMIM10,5012,0.0726
NDUFS2,7504,0.0726
ACTR3B,7404,0.0726
NUDT19,7296,0.0726
ZNRF3-AS1,4401,0.0726
ENSG00000272438,6886,0.0726
ZBTB8A,7488,0.0726
ENSG00000286600,3078,0.0726
ENSG00000276718,1120,0.0726
ENSG00000254859,6179,0.0726
CLCA2,1833,0.0726
GUCA2B,119,0.0725
SLC24A5,6639,0.0725
DPAGT1,7306,0.0725
PRORY,156,0.0725
SKAP1,7562,0.0725
DCTN5,7504,0.0725
LINC00964,5706,0.0725
STEAP4,6747,0.0725
BRI3,7596,0.0725
TAX1BP3,7325,0.0725
CRYBA2,1478,0.0725
ENSG00000227293,105,0.0725
MZF1-AS1,7290,0.0725
ENSG00000285585,1503,0.0725
SIRPA,7255,0.0725
TBC1D3P1-DHX40P1,3782,0.0725
CYP27B1,6982,0.0725
VWA3A,7023,0.0725
HNRNPA3P3,5885,0.0725
HS3ST4,6482,0.0725
CORO2A,7447,0.0725
SPTBN4,7205,0.0724
PI4KAP1,6517,0.0724
ADCK5,7132,0.0724
ENSG00000290394,4277,0.0724
SETD5,7641,0.0724
ELOVL2,6989,0.0724
ENSG00000289960,6440,0.0724
ENSG00000260808,7059,0.0724
ENSG00000286957,77,0.0724
IGLL1,776,0.0724
IL7,7418,0.0724
ENSG00000233420,6776,0.0724
ENSG00000233103,224,0.0724
LINC02542,7513,0.0724
SLC22A31,2481,0.0724
LINC01060,7541,0.0724
BCAT2,7430,0.0724
RPL23AP93,937,0.0724
WDR45,7417,0.0724
ENSG00000272144,4389,0.0724
ENSG00000279499,2845,0.0724
DLX1,6271,0.0724
ENSG00000287850,272,0.0724
TYRP1,3024,0.0724
ENSG00000258926,2477,0.0724
PSMC1P7,262,0.0723
TP53TG3B,81,0.0723
ENSG00000288736,5149,0.0723
CR2,2444,0.0723
CROCCP2,7381,0.0723
CDH19,6933,0.0723
LINC01795,312,0.0723
ENSG00000228478,497,0.0723
MTRF1,7411,0.0723
CALB1,7432,0.0723
ENSG00000234915,7176,0.0723
RIF1,7624,0.0723
NEU4,3125,0.0723
RNF146,7416,0.0723
ENSG00000286476,2657,0.0723
LNPEP,7616,0.0723
ENSG00000236717,1628,0.0723
ENSG00000261553,7219,0.0723
ZDHHC14,7506,0.0723
PSMB2,7490,0.0723
UBXN11,7324,0.0723
ENSG00000279164,1856,0.0723
ENSG00000285743,6392,0.0723
TMEM139,5907,0.0723
ENSG00000286614,4260,0.0723
ENSG00000285788,3817,0.0723
HAUS5,7284,0.0723
PCDHB7,2452,0.0722
ENHO,1158,0.0722
ENSG00000280117,2509,0.0722
ENSG00000287628,228,0.0722
ENSG00000253805,162,0.0722
EBF1,7435,0.0722
BCAR3-AS1,6995,0.0722
ENSG00000251556,6915,0.0722
CEP76,7485,0.0722
DTYMK,7382,0.0722
UBE2V2P2,225,0.0722
MIR205HG,1329,0.0722
MALT1,7619,0.0722
PDE11A-AS1,3840,0.0722
VDAC3P1,355,0.0722
LINC02975,3349,0.0722
C14orf93,7317,0.0722
ENSG00000257657,6159,0.0722
RN7SKP170,151,0.0722
ENSG00000213669,1687,0.0722
EFL1P1,4458,0.0722
STAG3L4-1,7511,0.0722
SRPK3,6386,0.0722
TTC9C,7363,0.0722
ENSG00000289109,3271,0.0721
ENSG00000264808,7193,0.0721
LINC01618,7068,0.0721
HARS1,7479,0.0721
AHCTF1,7631,0.0721
SNRPF-DT,5447,0.0721
TEF,7334,0.0721
ZNF33CP,179,0.0721
LINC02492,6411,0.0721
ZDHHC3,7468,0.0721
ENSG00000241169,6603,0.0721
OXNAD1,7531,0.0721
ENSG00000227407,6922,0.0721
ENSG00000229160,3644,0.0721
ENSG00000276691,394,0.0721
ENSG00000258342,5689,0.0721
SLFN12L,5221,0.0721
CTBS,7466,0.0721
CA3-AS1,3613,0.0721
RNU6-1140P,25,0.0721
GAS2L2,1005,0.0721
PLEKHA8P1,7398,0.0721
MEGF8,7430,0.0721
ACAA2,7430,0.0721
EDARADD,7206,0.0721
TOX3,7375,0.0721
ADAMTS2,7163,0.0721
RPL23AP64,154,0.0721
MAGEH1,4754,0.0721
ATP7A,7401,0.0721
PPEF2,5221,0.0721
PODNL1,5912,0.0721
CHPF,7383,0.0721
NOXO1,4235,0.0721
ENSG00000267011,6064,0.072
POLRMT,7329,0.072
ENSG00000289864,139,0.072
GGACT,7094,0.072
ANO3,6957,0.072
CCT4,7605,0.072
TUSC1,4700,0.072
PCDHGA6,6379,0.072
CCDC188,1511,0.072
ENSG00000254669,1252,0.072
ENSG00000249685,5371,0.072
PSEN1,7624,0.072
STMP1,7512,0.072
PABIR1,7224,0.072
NBEAP2,7392,0.072
RIPOR3,7058,0.072
ENSG00000278713,423,0.072
DNER,7555,0.072
PMFBP1,7274,0.072
BTG1-DT,6842,0.072
PRAME,7315,0.072
LINC01269,4280,0.072
LINC01290,6771,0.072
IFFO1,6561,0.072
MED15P8,616,0.072
ENSG00000289975,4155,0.072
ZNF765,7478,0.072
CCT6B,7300,0.072
ENSG00000260537,7292,0.072
SLC34A1,1374,0.0719
DNPEP-AS1,3862,0.0719
Metazoa_SRP-111,31,0.0719
CCT7P1,159,0.0719
ENSG00000248596,6998,0.0719
STARD3NL,7446,0.0719
MRPL20-AS1,6962,0.0719
AOX1,7201,0.0719
ARRDC1,7285,0.0719
BCL2A1,6652,0.0719
BCAR1,7491,0.0719
DPF2,7495,0.0719
LCP2,3821,0.0719
OR10H3,50,0.0719
POC5,7390,0.0719
GRIA2,5250,0.0719
ENSG00000280128,7294,0.0719
RRH,7070,0.0719
ENSG00000280195,6130,0.0719
ENSG00000287672,2951,0.0719
LEFTY1,5638,0.0719
GPR176,7509,0.0719
PCAT6,5477,0.0719
PHTF2,7612,0.0718
AQP5,1632,0.0718
LINC01905,5227,0.0718
LINC02977,6878,0.0718
FAM162B,902,0.0718
MTND5P8,75,0.0718
ENSG00000228919,161,0.0718
GALK1,7193,0.0718
RAVER2,7479,0.0718
ENSG00000285734,187,0.0718
MTRR,7436,0.0718
ENSG00000256100,6544,0.0718
SMOC2,6674,0.0718
CFAP221,5478,0.0718
FGF1,7040,0.0718
ENSG00000273329,7322,0.0718
TARS1-DT,6544,0.0718
LINC01163,3016,0.0718
LRATD2,7269,0.0718
CC2D1B,7399,0.0717
KRT8P31,1006,0.0717
SEC63P1,6563,0.0717
ENSG00000250583,1060,0.0717
LINC02030,2788,0.0717
ENSG00000260126,6961,0.0717
MTA2,7403,0.0717
ZFP1,7322,0.0717
LPAR5,6154,0.0717
MYRF,7357,0.0717
LINC00174,7509,0.0717
C1orf220,450,0.0717
LINC03014,4145,0.0717
ENSG00000267476,7333,0.0717
TMEM143,7275,0.0717
ENSG00000261208,295,0.0717
MPND,7181,0.0717
ENSG00000249458,2265,0.0717
WNT8B,2847,0.0717
DOCK7-DT,7246,0.0717
PYGM,7267,0.0717
EEF1GP5,286,0.0717
ENSG00000257403,4064,0.0717
SCP2,7489,0.0717
SSX8P,521,0.0717
TMEM97,7291,0.0717
POU5F1,7020,0.0717
COCH,7253,0.0717
PFDN6,7368,0.0717
RN7SL43P,1500,0.0717
SVIP,7380,0.0717
CLGN,6724,0.0717
ZNF600,7357,0.0716
HERC1,7632,0.0716
MEX3B,7100,0.0716
VASN,7165,0.0716
SLC9B1P1,330,0.0716
ENSG00000285942,7387,0.0716
ENSG00000286128,2239,0.0716
CLPP,7336,0.0716
CROCCP3-1,7362,0.0716
MAP1LC3B2,7088,0.0716
DDRGK1,7452,0.0716
CPA4,6351,0.0716
DYNLL2,7455,0.0716
PRB2,5861,0.0716
ENSG00000289634,163,0.0716
GPR17,1849,0.0716
RBFOX2,7641,0.0716
NUP42,7487,0.0716
ENSG00000242009,4400,0.0716
CREBL2,7374,0.0716
ENSG00000274383,6695,0.0716
PCGF2,7393,0.0716
ENSG00000289378,3274,0.0716
ENSG00000237027,516,0.0716
EVA1A,7209,0.0715
ENSG00000274698,1582,0.0715
CFAP298-TCP10L,7331,0.0715
TP53INP2,7458,0.0715
TECTA,6791,0.0715
PRKAR1B-AS1,2805,0.0715
PLEKHA8,7597,0.0715
RGS11,4620,0.0715
ENSG00000287823,309,0.0715
ENSG00000240915,392,0.0715
DLX3,4659,0.0715
ENSG00000250626,1518,0.0715
ADAM10,7635,0.0715
ENSG00000258902,5649,0.0715
WDR62,7356,0.0715
KCTD9,7607,0.0715
AVIL,7446,0.0715
ENSG00000253471,6540,0.0715
DPY19L3-DT,6964,0.0715
TUBA3E,115,0.0715
H2BC27P,20,0.0715
BCAT1,7524,0.0715
RRP15,7440,0.0715
TNFSF13B,7390,0.0714
LINC02715,3354,0.0714
ZNF891,7229,0.0714
ELOVL4,6838,0.0714
WT1,6132,0.0714
PIP,1005,0.0714
ENSG00000291101,7152,0.0714
SLC1A3,7290,0.0714
DZANK1,7368,0.0714
APPBP2,7618,0.0714
CMYA5,7423,0.0714
PLBD1,7127,0.0714
LINC02157,980,0.0714
ENSG00000243861,464,0.0714
ENSG00000286039,1375,0.0714
BACH1,7641,0.0714
ENSG00000256480,438,0.0714
LINC01111,4542,0.0714
CHMP3-AS1,7126,0.0714
C2orf66,5887,0.0714
FAM83A,7374,0.0713
ENSG00000238273,7191,0.0713
ENSG00000269476,7012,0.0713
MYCT1,2415,0.0713
MFNG,6469,0.0713
TUBB8,5917,0.0713
ENSG00000285588,4270,0.0713
RAD1,7411,0.0713
SUPT20H,7578,0.0713
RBM3,7617,0.0713
C6orf52,6794,0.0713
ENSG00000287245,3140,0.0713
RPS12P10,500,0.0713
ENSG00000224260,3954,0.0713
MAPK13,7372,0.0713
BCAS3,7641,0.0713
LINC02854,510,0.0713
PRICKLE2,7469,0.0713
ENSG00000274944,226,0.0713
DPM3,7120,0.0713
AHCYL1,7614,0.0713
GSDMD,6889,0.0712
RUNDC1,7506,0.0712
SPTBN2,7268,0.0712
ST3GAL5,7360,0.0712
SERPINA5,5326,0.0712
PALB2,7375,0.0712
ENSG00000223834,409,0.0712
MYH11,7188,0.0712
ENSG00000287805,6235,0.0712
PLAAT2,3645,0.0712
SVIL2P,6177,0.0712
CDC25A,7223,0.0712
ZNF726,6375,0.0712
DEPP1,7333,0.0712
EXT1,7641,0.0712
ENSG00000229839,6982,0.0712
ABRAXAS1,7356,0.0712
ZGPAT,7403,0.0712
ENSG00000170089,7108,0.0712
NSUN3,7496,0.0712
PTCD1,7416,0.0712
RPSAP58,7278,0.0712
SMG1P5-1,3638,0.0712
ENSG00000226963,2707,0.0711
ONECUT1,5186,0.0711
ZNF260,7456,0.0711
OR52K1,1942,0.0711
SEPTIN11,7625,0.0711
ENSG00000250740,1335,0.0711
ENSG00000274346,5466,0.0711
BDP1,7633,0.0711
RASA4,6887,0.0711
EFCAB13-DT,7217,0.0711
SFRP1,7080,0.0711
LINC01422,7130,0.0711
NDUFB1,7377,0.0711
LINC01508,6762,0.0711
CWC27,7610,0.0711
ENSG00000286424,186,0.0711
LINC02861,6535,0.0711
TSC22D1,7627,0.0711
M6PR,7491,0.0711
FPGS,7469,0.0711
ZNF134,7180,0.0711
MCPH1,7623,0.0711
ZNF767P,6476,0.0711
ENSG00000262769,6282,0.0711
ENSG00000290591,5398,0.0711
LNCPOIR,44,0.071
EPHB6,6588,0.071
GMCL1,7575,0.071
CFAP57,6643,0.071
ENSG00000289012,5453,0.071
BMS1P2,7028,0.071
CSNK1A1,7639,0.071
ENSG00000286502,1425,0.071
HMGB3P14,362,0.071
MAGEE1,4048,0.071
EPHA1,6425,0.071
ENSG00000248242,6168,0.071
ENSG00000249771,5742,0.071
TUSC8,3724,0.071
VPS11,7426,0.071
ENSG00000257452,7342,0.071
LINC02053,3176,0.071
DOK4,7270,0.071
OLFML2A,7045,0.071
HSPA1A,7384,0.071
ENSG00000266450,6719,0.071
PLCG2,7371,0.071
GATB,7349,0.071
GNA11,7398,0.071
MTHFSD,7355,0.071
ENSG00000234156,7034,0.0709
SSX2IP,7424,0.0709
FOXCUT,743,0.0709
ENSG00000225532,176,0.0709
LINC01409,7345,0.0709
BOLA2P3,66,0.0709
TIMM23B-AGAP6,7260,0.0709
ZNF488,4956,0.0709
TFAMP1,1534,0.0709
TUSC7,271,0.0709
DPM2,7349,0.0709
ENSG00000259713,4874,0.0709
ZC3H12B,7526,0.0709
NLRC4,6937,0.0709
ENSG00000259052,6987,0.0709
ANKRD33BP6,118,0.0709
ZNF32-AS3,6387,0.0709
IGFBP6,7364,0.0709
BIVM-ERCC5,6416,0.0709
ENSG00000271011,6137,0.0709
PSMD6-AS2,7364,0.0709
TBC1D13,7335,0.0709
DDX11L8,151,0.0708
ENSG00000289925,183,0.0708
LINC01515,7349,0.0708
NARS2,7505,0.0708
VPS9D1,7437,0.0708
SAMD13,6239,0.0708
VWA1,7021,0.0708
ENSG00000253171,3995,0.0708
ARHGAP10,7578,0.0708
URGCP-MRPS24,4677,0.0708
TARS2,7509,0.0708
PCDHB11,5363,0.0708
PIGZ,7302,0.0708
PRICKLE4,837,0.0708
LTA,2845,0.0708
GPX1,7431,0.0708
PTGER4,7222,0.0708
C1DP2,141,0.0708
ASNSD1,7516,0.0708
ARPC4-TTLL3,6773,0.0708
RPL35AP32,375,0.0708
VASH2,6625,0.0708
ENSG00000263624,6779,0.0708
ENSG00000289868,6310,0.0708
CTIF,7622,0.0708
COLEC11,7056,0.0708
ARMC12,6573,0.0708
CTF2P,1570,0.0708
PNPT1,7594,0.0708
ACP7,5620,0.0708
NOX1,5121,0.0707
ENSG00000255240,5225,0.0707
ENSG00000286598,50,0.0707
ENSG00000253666,4785,0.0707
MYRFL,7275,0.0707
ENSG00000280401,5065,0.0707
ENSG00000258314,1550,0.0707
LINC00518,2164,0.0707
TMEM63B,7486,0.0707
ERP27,3523,0.0707
PSMD6-AS1,7255,0.0707
ENSG00000287769,5436,0.0707
SRGAP2C,7491,0.0707
RRAGC,7458,0.0707
ENSG00000264324,7453,0.0707
GOLGA6L5P,4403,0.0707
ENSG00000228739,873,0.0707
BPIFA2,805,0.0707
LINC01331,6566,0.0707
TFR2,6769,0.0707
ENSG00000287044,7118,0.0707
SLC25A15P2,29,0.0707
CDK2AP2,7411,0.0706
PPP3CB-AS1,7234,0.0706
ENSG00000279571,5676,0.0706
SRP14-DT,7274,0.0706
PLD6,7050,0.0706
B3GNT6,5317,0.0706
IFITM3P5,120,0.0706
LENG8-AS1,7273,0.0706
SDHD,7462,0.0706
ENSG00000213216,39,0.0706
EGF,6934,0.0706
KIF28P,6873,0.0706
ENSG00000282304,3742,0.0706
PIK3CD,7351,0.0706
CHST6,6268,0.0706
ENSG00000291227,501,0.0706
INPP5D,7356,0.0706
HLA-DQB1,3574,0.0706
RAD54B,7514,0.0706
FCHO1,6977,0.0706
ACBD3-AS1,6926,0.0705
ENSG00000259199,5731,0.0705
OOSP3,3013,0.0705
ARMC3,6161,0.0705
KRT40,1379,0.0705
RFPL4A,597,0.0705
C2orf50,5387,0.0705
UBIAD1,7395,0.0705
TYW3,7496,0.0705
GPR156,7359,0.0705
ENSG00000280390,164,0.0705
CNBD2,7278,0.0705
TTC14-DT,4587,0.0705
NEURL3,6554,0.0705
USP35,7300,0.0705
ENSG00000278013,5121,0.0705
DENND1B,7585,0.0705
DENND2A,7267,0.0705
ANKRD29,6805,0.0705
EPS8L1,7174,0.0705
MAP4K1,5403,0.0705
FSTL5,7290,0.0705
MRRF,7475,0.0705
CLN5,7355,0.0705
TBC1D31,7407,0.0705
ENSG00000284292,7198,0.0705
TRPC4,7254,0.0705
ENSG00000229896,1046,0.0705
ENSG00000235296,6211,0.0705
ENSG00000276854,391,0.0705
WBP2NL,6950,0.0704
ENSG00000260095,1178,0.0704
XPO4,7618,0.0704
ENSG00000289053,1090,0.0704
BAG4,7493,0.0704
PPIAP60,172,0.0704
FOXN4,2173,0.0704
TAF1C,7296,0.0704
ENSG00000249135,512,0.0704
FAM98B,7471,0.0704
ENSG00000259515,6808,0.0704
TNFSF12-TNFSF13,597,0.0704
LINC00970,6691,0.0704
ABHD12B,7130,0.0704
ENSG00000259408,6088,0.0704
ENSG00000246316,5372,0.0704
ANXA7,7588,0.0704
LINC01707,4788,0.0704
ENSG00000241792,893,0.0704
PNPLA1,6636,0.0704
PMS2P13,1866,0.0704
SAMD4A-AS1,7194,0.0704
PPM1K-DT,5808,0.0704
LINC00426,3883,0.0704
SULT2B1,6968,0.0704
LINC00446,2527,0.0704
ZKSCAN8P2,576,0.0704
NALF2,3985,0.0704
RCN3,7173,0.0704
TEX101,3061,0.0704
ENSG00000287255,1596,0.0704
ACTG1P22,441,0.0703
LINC02982,3651,0.0703
ATXN7L2,7191,0.0703
LINC00670,4108,0.0703
ENSG00000276150,7104,0.0703
AZU1,6601,0.0703
PIGB,7478,0.0703
PTPRD-DT,38,0.0703
PDCL2,5857,0.0703
ADAM22,7371,0.0703
INHCAP,5594,0.0703
RAB30-DT,7545,0.0703
SETMAR,7084,0.0703
ERMAP,7225,0.0703
Metazoa_SRP-64,661,0.0703
RPL21P116,113,0.0703
MFSD10,7321,0.0703
Y_RNA-596,146,0.0703
UPF2,7633,0.0703
SP8,3334,0.0703
NCBP2L,720,0.0703
SLC2A4RG,7426,0.0703
HYI,6928,0.0703
CDC42EP3,7534,0.0703
ZNF219,7228,0.0703
RFX3-DT,7513,0.0703
ENSG00000289137,182,0.0703
ENSG00000289066,101,0.0703
ABCG8,3210,0.0702
ENSG00000248165,3405,0.0702
IL2RG,5585,0.0702
ZNF787,7491,0.0702
SLC6A16,7192,0.0702
CDK4,7358,0.0702
GCOM1,7449,0.0702
ZNF681,6197,0.0702
LINC01387,1743,0.0702
ENSG00000233783,7062,0.0702
ENSG00000233712,90,0.0702
ENSG00000241746,154,0.0702
UGT8,7325,0.0702
ARHGEF7,7626,0.0702
THOC2,7641,0.0702
ENSG00000235337,6409,0.0702
ENSG00000282317,372,0.0702
IFT20,7403,0.0702
ALOX15B,3957,0.0702
HPDL,2735,0.0702
ENSG00000273407,204,0.0702
OR2F1,1956,0.0701
RAB6C-AS1-1,2113,0.0701
SERTAD4,6004,0.0701
ENSG00000289161,6626,0.0701
GPR75,4607,0.0701
KCNMB3,7276,0.0701
ENSG00000249574,1501,0.0701
TTC39C,7504,0.0701
GABRE,7442,0.0701
OBSL1,7282,0.0701
ENSG00000234428,6674,0.0701
ENSG00000262211,7261,0.0701
SPHKAP,5363,0.0701
ENSG00000263946,28,0.0701
POLN,7385,0.0701
PNRC1-DT,170,0.0701
ENSG00000287781,1458,0.0701
LINC02296,5480,0.0701
SOBP,7455,0.0701
CEPT1,7525,0.0701
PLS3-AS1,7154,0.07
ENSG00000288643,7130,0.07
ENSG00000228566,7239,0.07
HAMP,4111,0.07
ENSG00000264083,6486,0.07
ENSG00000287335,6031,0.07
PTPRK-AS1,6688,0.07
PIAS1,7640,0.07
AACSP1,5589,0.07
ENSG00000290050,94,0.07
TTLL1,7285,0.07
ABAT,7452,0.07
CYP39A1,6899,0.07
TRNP1,7253,0.07
NELFCD,7524,0.07
ZNF503,7418,0.07
PIWIL4,7296,0.07
ENSG00000286230,6909,0.07
LIPG,7124,0.07
ZCWPW1,7362,0.07
UBR5,7641,0.07
ENSG00000286118,5414,0.07
COMMD3,7301,0.0699
ENSG00000288520,6872,0.0699
ENSG00000231912,3460,0.0699
SNRPA1-DT,6525,0.0699
ATP5F1A,7509,0.0699
LINC02783,2124,0.0699
ENSG00000240687,4994,0.0699
PCAT1,7536,0.0699
KLC4-AS1,263,0.0699
LRIG3,7416,0.0699
GRPEL1,7475,0.0699
ENSG00000251459,89,0.0699
ENSG00000263235,4239,0.0699
LINC02378,3313,0.0699
ENSG00000289349,7313,0.0699
ENSG00000285812,6336,0.0699
RNF150,7491,0.0699
PRRX2-AS1,2173,0.0699
ROPN1L,7165,0.0699
ENSG00000223360,604,0.0699
PRPF38A,7480,0.0699
ZNF585A,7258,0.0699
DGKE,7340,0.0699
FAM86EP,6361,0.0698
SFMBT2,7532,0.0698
ENSG00000239486,7104,0.0698
ENSG00000228655,5966,0.0698
CNTNAP3,7177,0.0698
ENSG00000288880,7202,0.0698
PIBF1,7641,0.0698
ENSG00000289172,1139,0.0698
STEAP2-AS1,6942,0.0698
ENSG00000279365,3497,0.0698
GMPS,7572,0.0698
CBR3-AS1,7408,0.0698
ENSG00000275709,3923,0.0698
ENSG00000286242,7029,0.0698
KCNK15,2463,0.0698
LINC02970,6049,0.0698
ST14,7521,0.0698
ACVR1C,7341,0.0698
CXorf38,7441,0.0698
PPIAP46,2200,0.0697
NXT1-AS1,6040,0.0697
ENSG00000287709,4684,0.0697
EIF4G2,7641,0.0697
LINC02110,246,0.0697
CD101,6587,0.0697
ENSG00000227743,1492,0.0697
LINC01937,6516,0.0697
TRAT1,1053,0.0697
TK2,7459,0.0697
CCNB2,7372,0.0697
ENSG00000270664,27,0.0697
TPRKB,7377,0.0697
CDC42,7631,0.0697
RPL6P27,4477,0.0697
MYOM3,6124,0.0697
SLCO1B1,6204,0.0697
STK17A,7629,0.0697
TMEM255B,7271,0.0697
HCN3,6992,0.0697
TAMALIN,6832,0.0697
ENSG00000253344,3977,0.0696
WASF3,7373,0.0696
SMIM10L2B-AS1,4407,0.0696
ENSG00000230747,370,0.0696
ENSG00000287356,6347,0.0696
ENSG00000287345,941,0.0696
B4GALT5,7638,0.0696
SALL4,7063,0.0696
EIF3EP1,3005,0.0696
MBLAC2,7279,0.0696
MYL4,4252,0.0696
MARCKS,7621,0.0696
CEP78,7426,0.0696
ENSG00000279667,1071,0.0696
DNALI1,3479,0.0696
ZFR,7633,0.0696
UBXN8,7163,0.0696
HS3ST3A1,7430,0.0696
ENSG00000249941,33,0.0696
KAT8,7380,0.0696
AAAS,7408,0.0696
ENSG00000267827,6838,0.0696
ATRNL1,7331,0.0696
NXPH4,7100,0.0696
ENSG00000285635,7315,0.0696
BMP8A,7147,0.0695
MOK,7432,0.0695
RASSF4,7281,0.0695
BTN2A2,7335,0.0695
ENSG00000288725,7150,0.0695
FAM230I,685,0.0695
SPINK5,6961,0.0695
LRRC75B,6700,0.0695
LRRC14,7072,0.0695
ZBTB42,6130,0.0695
SULT1A1,6610,0.0695
UGT1A11P,128,0.0695
ENSG00000291054,7351,0.0695
FOXQ1,7169,0.0695
DUSP2,5302,0.0695
ENSG00000286729,274,0.0695
MSANTD1,7086,0.0694
SLC16A13,6841,0.0694
LINC02906,753,0.0694
PINCR,5762,0.0694
CFHR1,1013,0.0694
NDUFB11,7394,0.0694
POLR3H,7289,0.0694
ZMPSTE24,7463,0.0694
LINC02755,7179,0.0694
ARHGAP29-AS1,5723,0.0694
TUBAP2,2739,0.0694
PTPDC1,7422,0.0694
ENSG00000255669,5508,0.0694
LYG1,7254,0.0694
PLTP,7174,0.0694
AZGP1P2,72,0.0694
ENSG00000241494,2244,0.0694
ENSG00000270504,4981,0.0694
PACSIN1,3513,0.0694
UHMK1,7631,0.0693
CABP1,6394,0.0693
PCDHGA10,6202,0.0693
MXD1,7577,0.0693
POTED,663,0.0693
THOC7-AS1,251,0.0693
ENSG00000285618,3426,0.0693
ANKRD18CP,6844,0.0693
FAM209A,7199,0.0693
GATA4,6647,0.0693
ENSG00000214776,6410,0.0693
ENSG00000289944,824,0.0693
PRR13,7469,0.0693
LINC01119,6896,0.0693
SDE2,7489,0.0693
SCN1A-AS1,6992,0.0693
RN7SL417P,556,0.0693
PRDM15,7402,0.0693
ZNHIT1,7485,0.0693
NBPF9,7374,0.0693
SEMA6B,7226,0.0693
ENSG00000242798,6759,0.0693
TSHZ1,7420,0.0693
CCDC71L,7042,0.0692
SOD3,4263,0.0692
MOV10L1,5682,0.0692
RNF157-AS1,3728,0.0692
ENSG00000243635,268,0.0692
RPS3AP20,397,0.0692
ENSG00000289507,4128,0.0692
TMCO1-AS1,6756,0.0692
ATAT1,7447,0.0692
ENSG00000237250,2328,0.0692
YLPM1,7637,0.0692
ENSG00000229925,792,0.0692
RPL7AP2,219,0.0692
ENSG00000288714,7115,0.0692
ENSG00000287318,336,0.0692
PERM1,3994,0.0692
CLEC4GP1,169,0.0692
ENSG00000250362,5838,0.0692
CRYBB2P1,6984,0.0692
ENSG00000260633,6408,0.0692
F2RL1,7297,0.0692
ORAI3,7324,0.0692
HSPA8P16,161,0.0691
SDR39U1,7294,0.0691
PDCD2L,7271,0.0691
ENSG00000286070,6628,0.0691
ENSG00000287067,3512,0.0691
OPRPN,241,0.0691
ENSG00000285796,7169,0.0691
ISCA2,7167,0.0691
ENSG00000267264,705,0.0691
ENSG00000266978,7300,0.0691
ENSG00000267764,5450,0.0691
ZNF624,7320,0.0691
LINC00607,6752,0.0691
CYP2C19,4106,0.0691
DEFB124,340,0.0691
SVIL,7638,0.0691
MYL12-AS1,6678,0.0691
ENSG00000256417,7391,0.0691
LINC02794,1895,0.0691
DNAH3,6860,0.0691
LINC00672,7209,0.0691
PSMD6,7406,0.0691
ZNF419,7132,0.0691
GLYATL1P2,750,0.0691
ENSG00000290775,1662,0.0691
RNU6-1219P,544,0.069
RCVRN,738,0.069
FAM25C,1119,0.069
MMP24,7235,0.069
LRIG1,7521,0.069
GSG1L,6937,0.069
GATA5,2815,0.069
ENSG00000271034,474,0.069
ENSG00000257207,5048,0.069
TRAC,441,0.069
TMEM95,3626,0.069
INSYN1,1265,0.069
SAMSN1,6673,0.069
ENSG00000258119,4108,0.069
FUCA1,7372,0.0689
ENSG00000267066,88,0.0689
SLC27A2,6756,0.0689
RPL23AP49,6797,0.0689
ENSG00000286545,4628,0.0689
ENSG00000235356,1485,0.0689
LINC00649,7002,0.0689
SAYSD1,7253,0.0689
ENSG00000287291,7159,0.0689
CLDN16,6240,0.0689
DICER1-AS1,7306,0.0689
IL12RB1,4551,0.0689
TXNL4B,7423,0.0689
ENSG00000288700,7232,0.0689
PNCK,7154,0.0689
ADAM1B,2517,0.0689
SEPTIN4,6297,0.0689
DBX1,102,0.0689
LINC01846,4835,0.0689
MRPL14,7386,0.0689
GUSBP2-1,7430,0.0689
ENSG00000287984,340,0.0689
ENSG00000290067,6650,0.0689
GMFB,7448,0.0688
ENSG00000236366,4889,0.0688
TRPC7-AS1,6115,0.0688
ENSG00000286848,2192,0.0688
ENSG00000290981,3585,0.0688
ENSG00000259283,1815,0.0688
ENSG00000287065,971,0.0688
ZNF708,7420,0.0688
PYY,7328,0.0688
MRPL42,7498,0.0688
ENSG00000260012,60,0.0688
FLT3,6097,0.0688
SMAGP,7326,0.0688
IL12RB2,7131,0.0688
CCDC80,7294,0.0688
GRM4,6046,0.0688
KIF24,7342,0.0688
ARHGEF26-AS1,6820,0.0688
LINC02957,3713,0.0688
MARCHF5,7609,0.0688
SPG21,7453,0.0688
SLC25A29,7431,0.0688
ENSG00000250642,235,0.0688
ENSG00000206090,69,0.0688
HMGCS2,1432,0.0688
DNM3,7517,0.0688
ENSG00000270090,400,0.0688
LYPD3,6327,0.0688
SLC22A17,5464,0.0687
ENSG00000262880,5844,0.0687
ENSG00000236378,26,0.0687
FZD7,7239,0.0687
ALDH1A1,7321,0.0687
LINC01995,834,0.0687
ZNF324,7277,0.0687
PKD1P6,7338,0.0687
ENSG00000265460,5197,0.0687
MSL3,7319,0.0687
ENSG00000228802,5429,0.0687
KMT5A,7395,0.0687
ENSG00000261610,3195,0.0687
MATCAP2,7494,0.0687
ENSG00000267507,4907,0.0687
PRKAG3,515,0.0687
RPE,7434,0.0687
ZNF76,7417,0.0687
TMEM141,7208,0.0687
LRRC34,6413,0.0687
DENND5A,7626,0.0687
LSM11,7358,0.0686
SRRM1P3,6747,0.0686
NPFFR1,4708,0.0686
CRB2,3604,0.0686
DDX51,7316,0.0686
ENSG00000276019,1202,0.0686
ENSG00000258464,1352,0.0686
RPL7AP66,1334,0.0686
PRTG,7461,0.0686
HDHD5,7462,0.0686
LINC01460,2899,0.0686
CMTM3,7321,0.0686
ENSG00000255250,5658,0.0686
ENSG00000286797,6325,0.0686
ENSG00000254337,3598,0.0686
HSD17B10,7295,0.0686
CYP2B7P,3349,0.0686
SIGLEC9,1497,0.0686
ENSG00000235007,7314,0.0686
ENPP7P7,6355,0.0686
ZNF763,6642,0.0686
RAP1B,7639,0.0685
PXN-AS1,7151,0.0685
FIBP,7312,0.0685
NCOR1P1,1934,0.0685
DPP8,7584,0.0685
FXYD3,6259,0.0685
GGH,7385,0.0685
PEX11A,7180,0.0685
MXD3,7299,0.0685
NAAA,7331,0.0685
ENSG00000257379,7010,0.0685
LRRC3,6193,0.0685
FRMPD1,5536,0.0685
C17orf99,6443,0.0685
LINC01478,5265,0.0685
GRXCR2,4255,0.0685
CECR3,1202,0.0685
FBXO21,7556,0.0685
ENSG00000251239,1193,0.0685
ENSG00000233542,448,0.0685
ENSG00000289939,1934,0.0685
IDO1,5114,0.0685
ENSG00000272913,3803,0.0685
FAM24B,7239,0.0685
ENSG00000249111,5465,0.0685
ENSG00000289478,113,0.0685
ELFN1,7211,0.0685
LINC02984,3908,0.0685
ENSG00000273240,1727,0.0685
OPRM1,5997,0.0684
LINC01503,6126,0.0684
ENSG00000290081,134,0.0684
GPATCH11,7426,0.0684
ENSG00000263551,7313,0.0684
ROGDI,7045,0.0684
ZMIZ1,7634,0.0684
ZFPM1-AS1,5803,0.0684
CENPV,7228,0.0684
PCCB,7548,0.0684
SLC7A8,6910,0.0684
ACSS3,6821,0.0684
HSD17B8,6513,0.0684
ENSG00000228144,5538,0.0684
ENSG00000267943,357,0.0684
DHPS,7415,0.0683
C21orf62-AS1,7314,0.0683
ENSG00000267397,6106,0.0683
ENSG00000267422,6196,0.0683
DDX27,7564,0.0683
MLLT1,7355,0.0683
PRELID3A,7293,0.0683
EVA1CP5,2031,0.0683
NR0B1,4104,0.0683
ENSG00000225840,1778,0.0683
FBLN2,6372,0.0683
GGNBP2,7618,0.0683
ENSG00000234424,6635,0.0683
TMEM150B,4499,0.0683
ENSG00000285756,7238,0.0683
INSYN1-AS1,1307,0.0683
YWHAH-AS1,4508,0.0683
LAYN,5884,0.0683
ADNP2,7547,0.0683
RPS29P31,251,0.0683
ENSG00000275318,6753,0.0683
POGLUT1,7376,0.0683
QSOX2,7388,0.0683
INTS14,7444,0.0682
SLC22A20P,7325,0.0682
JMJD8,7072,0.0682
ENSG00000262302,7083,0.0682
ACTG2,3926,0.0682
ENSG00000287592,891,0.0682
ENSG00000260658,7389,0.0682
RTL8C,7257,0.0682
MPLKIP,7390,0.0682
ZFHX2-AS1,7258,0.0682
ENSG00000287635,5161,0.0682
ENSG00000226296,206,0.0682
ENSG00000257890,2473,0.0682
REG1A,449,0.0682
MIPEPP3,6909,0.0682
ENSG00000290085,5889,0.0682
COPS5,7470,0.0682
VPS35,7623,0.0682
LRRC28,7465,0.0682
ZNF7,7411,0.0682
ENSG00000253776,4394,0.0682
NUDT12,7337,0.0682
SLC25A27,7356,0.0681
PLD2,7368,0.0681
TNFRSF1A,7464,0.0681
USHBP1,6808,0.0681
THOC1,7596,0.0681
ENSG00000267698,7241,0.0681
CLIC4P2,983,0.0681
AGAP9,7199,0.0681
ENSG00000272489,2937,0.0681
TMEM223,7280,0.0681
KCNK10,5202,0.0681
ENSG00000284776,6385,0.0681
NBPF10,7406,0.0681
VIT,5528,0.0681
TRIM16L,6885,0.0681
ENSG00000258830,6657,0.0681
BIN3,7577,0.0681
WDFY3-AS2,7047,0.0681
ENSG00000289372,4897,0.0681
COPE,7517,0.0681
ENSG00000253363,6952,0.0681
CNRIP1,6647,0.0681
ENSG00000248583,592,0.068
GREB1,7044,0.068
ENSG00000236120,1891,0.068
MED17,7561,0.068
HS6ST2,7413,0.068
Y_RNA-461,140,0.068
MRE11P1,123,0.068
EIF4A2P1,316,0.068
GRB7,7420,0.068
FAM89A,7198,0.068
OR2H4P,174,0.068
KLHL26,7282,0.068
ENSG00000287891,2418,0.068
TRIM60P19,416,0.068
ENPP7P4,7163,0.068
ANKRD18B,7031,0.068
RANBP1P1,3467,0.068
GLUD1P3-1,7000,0.068
MTMR9,7506,0.068
MUCL3,3069,0.068
SMYD4,7457,0.068
LNCDAT,1199,0.0679
ENSG00000269124,2414,0.0679
TFF1,6419,0.0679
LINC02664,3758,0.0679
LEMD1-AS1,4357,0.0679
ASTE1,7222,0.0679
SSR3,7573,0.0679
ENSG00000286182,501,0.0679
OR2K2,2892,0.0679
KIF17,7077,0.0679
LINC02336,6663,0.0679
DDOST,7509,0.0679
FAM237A,1003,0.0679
RRN3P3-1,3782,0.0679
ENSG00000227161,3056,0.0679
ENSG00000290576,5924,0.0679
ENSG00000274191,544,0.0679
ENSG00000236390,588,0.0679
TNFSF12,6154,0.0679
HMGN2P21,187,0.0679
ENSG00000232926,30,0.0679
RCAN2,6337,0.0679
IGFBP1,6983,0.0679
VMA21,7456,0.0678
SLC43A3,7159,0.0678
ENSG00000262714,2220,0.0678
ENSG00000270823,5697,0.0678
CSNK1G1,7634,0.0678
BANP,7547,0.0678
CRHR1,4325,0.0678
IGFBP2,7427,0.0678
MON1B,7482,0.0678
ENSG00000285675,3527,0.0678
LINC02436,5707,0.0678
ENSG00000262877,4872,0.0678
CPNE5,6895,0.0678
ARHGEF9,7415,0.0678
COMMD6,7434,0.0678
CCDST,2862,0.0678
DSCR9,6867,0.0678
ENSG00000272305,7332,0.0678
FAM110B,7149,0.0678
NUTM2F,324,0.0678
ENSG00000260803,5565,0.0678
ZNF135,4193,0.0678
ENSG00000234132,187,0.0678
ENSG00000288612,6944,0.0678
ENSG00000286608,7252,0.0678
USP34,7641,0.0678
LINC01096,694,0.0678
ZNF320,7342,0.0678
ENSG00000283580,7254,0.0678
CCNO,6087,0.0678
PRSS35,1226,0.0678
IAH1,7432,0.0678
LINC01427,97,0.0678
DHX34,7429,0.0678
MAGI1-AS1,6801,0.0678
LCN2,7324,0.0678
ENSG00000259185,6501,0.0678
CIBAR1,7395,0.0677
NR5A2,7239,0.0677
KISS1,6012,0.0677
SDHAF2,7450,0.0677
ENSG00000248694,410,0.0677
ENSG00000288974,836,0.0677
HDC,1905,0.0677
SASH3,2443,0.0677
APCDD1L,7127,0.0677
IL1RL2,5295,0.0677
ENTPD4,7537,0.0677
MYPOP,7361,0.0677
GRIN2C,6891,0.0677
PWAR1,3439,0.0677
UPB1,5275,0.0677
ENSG00000262801,6936,0.0677
GTF2H2C,7279,0.0677
PUM3,7557,0.0677
SELENBP1,5083,0.0677
ENSG00000254632,3823,0.0677
CTDP1-DT,6900,0.0677
ENSG00000265417,2126,0.0677
ENSG00000283782,7572,0.0676
EPHA6,7349,0.0676
SVOPL,5807,0.0676
ENSG00000263731,6994,0.0676
CPAMD8,7162,0.0676
ENSG00000234626,5080,0.0676
LINC02720,870,0.0676
PSMD12,7628,0.0676
TMC3-AS1,7103,0.0676
ENSG00000287996,5047,0.0676
TTLL8,2157,0.0676
ENSG00000267617,143,0.0676
ENSG00000228541,7286,0.0676
ENSG00000253515,4688,0.0676
ENSG00000274471,6911,0.0676
ENSG00000245768,6952,0.0676
ENSG00000248373,5296,0.0676
ATP2B3,1266,0.0676
PROX2,4306,0.0676
ENSG00000279662,5851,0.0675
LAMTOR1,7406,0.0675
PARPBP,7402,0.0675
PCAT19,2701,0.0675
IQCG,7391,0.0675
ENSG00000253181,4413,0.0675
ENSG00000288234,3599,0.0675
IKBKB-DT,5395,0.0675
ENSG00000289439,3355,0.0675
CLCN2,7310,0.0675
NECTIN3-AS1,7146,0.0675
SPDYE4,643,0.0675
SLC15A2,7252,0.0675
FCN2,523,0.0675
CEP295,7516,0.0675
ZIC2,7104,0.0675
XRCC5,7640,0.0675
CEP63,7507,0.0675
SLC4A5,7400,0.0675
HDAC10,7317,0.0675
ENSG00000288966,1422,0.0675
NEXN-AS1,5772,0.0675
LINC02139,652,0.0675
ZNG1F,7203,0.0675
PDZD11,7320,0.0675
LYPLAL1-AS1,6383,0.0674
ENSG00000253377,3823,0.0674
CNST,7530,0.0674
MKRN4P,610,0.0674
SYNM,7323,0.0674
ENSG00000248245,2611,0.0674
UBE2CP5,7092,0.0674
EXOSC7,7444,0.0674
MRPL30P1,128,0.0674
FFAR2,1636,0.0674
NCOR1P2,1204,0.0674
AGTPBP1,7619,0.0674
SNHG21,6865,0.0674
ENSG00000260349,6382,0.0674
SERPINB9P1,6733,0.0674
DAP3,7567,0.0674
FHAD1-AS1,5242,0.0674
NALT1,4347,0.0674
ATP8B5P-1,7178,0.0674
CCT6P1,7340,0.0674
ENSG00000286138,6954,0.0673
ENSG00000254113,179,0.0673
ENSG00000289968,598,0.0673
ENSG00000261090,240,0.0673
ENSG00000290008,7288,0.0673
COL3A1,7352,0.0673
TRAFD1,7459,0.0673
RBM20,7486,0.0673
ENSG00000257226,1098,0.0673
RNASEL,7058,0.0673
SIRT2,7483,0.0673
ENSG00000259088,6872,0.0673
FAM21EP,3122,0.0673
ENSG00000261182,311,0.0673
ENSG00000241207,62,0.0673
ORC5,7480,0.0673
FCGR1A,54,0.0673
UBN2,7628,0.0673
RPL17P51,219,0.0673
HTRA4,6387,0.0673
LINC02313,3466,0.0673
NACAD,4814,0.0673
HOXB7,7280,0.0673
ENSG00000287507,6714,0.0673
GOLGA8UP,6489,0.0672
ENSG00000287268,195,0.0672
TTC6,7285,0.0672
ENSG00000229882,681,0.0672
RPL7P26,496,0.0672
ZC2HC1B,4952,0.0672
ECHDC1,7528,0.0672
AGAP12P,5828,0.0672
NLE1,7190,0.0672
TUT4,7633,0.0672
ENSG00000229567,1503,0.0672
SEPTIN7P14,7005,0.0672
MYH14,7499,0.0672
ENSG00000278635,198,0.0672
NAF1,7505,0.0672
ALKBH6,7176,0.0672
ENSG00000251310,237,0.0672
ENSG00000261364,616,0.0672
SLC38A2-AS1,6879,0.0672
ENSG00000287761,356,0.0672
PCDHGB6,3751,0.0672
MIRLET7IHG,7486,0.0672
CTSV,7220,0.0672
TPTE,7136,0.0672
RPP30,7488,0.0672
ZBTB41,7586,0.0672
ANGPTL7,1818,0.0672
ARHGEF17,7313,0.0672
TRPM2,6613,0.0672
LINC00870,3253,0.0672
ENSG00000289153,6810,0.0672
OLAH,4097,0.0672
TNK2-AS1,2703,0.0671
ENSG00000284966,7111,0.0671
CPA6,6996,0.0671
CASC16,3671,0.0671
ENSG00000244345,5097,0.0671
ENSG00000244550,75,0.0671
ABHD12,7531,0.0671
DNAAF3,6712,0.0671
ENSG00000227242,3150,0.0671
DBX2,388,0.0671
VPS25,7362,0.0671
ENSG00000265121,943,0.0671
RGCC,5862,0.0671
TMEM30CP,6418,0.0671
CASP7,7456,0.0671
ENSG00000286026,5513,0.0671
PKD1L1-AS1,6081,0.0671
COL19A1,7348,0.0671
COL24A1,6896,0.0671
ZNF286A-TBC1D26,5894,0.0671
ENSG00000258744,7309,0.0671
DLEU2,7638,0.0671
RHOBTB1,7275,0.0671
MIR4500HG,7235,0.0671
ECE1,7618,0.0671
DACT1,5669,0.0671
ENSG00000228843,4156,0.067
ARL11,1677,0.067
ARL14EP-DT,7056,0.067
HRK,6189,0.067
ENSG00000258751,5968,0.067
IPO7,7640,0.067
ZNF628,7145,0.067
ZNF391,7149,0.067
ENSG00000132832,6435,0.067
UGT1A5,834,0.067
SEZ6L2,7458,0.067
BTG2-DT,2805,0.067
ENSG00000258092,6971,0.067
LILRA5,65,0.067
CLASP2,7631,0.067
ENSG00000269026,7340,0.067
THBS2,7091,0.067
ENSG00000271716,3897,0.067
PTCHD1-AS,2553,0.067
GTF3C4,7437,0.067
ENSG00000233069,635,0.067
DDX10,7602,0.067
VCAN-AS1,6859,0.067
DSCAM,7061,0.0669
MMRN2,6713,0.0669
NUTM2D,864,0.0669
CSPG4P12,217,0.0669
GLI1,5397,0.0669
POU2F3,6202,0.0669
ENSG00000227061,307,0.0669
RNF175,5359,0.0669
RPL10A,7588,0.0669
RHEX,6990,0.0669
PCDHGA4,3450,0.0669
ENSG00000227496,5567,0.0669
TEX43,4552,0.0669
CELF5,6832,0.0669
TMBIM1,7533,0.0669
OR6C75,32,0.0669
ENSG00000250820,6885,0.0669
ENSG00000265217,2236,0.0669
ENSG00000286474,2079,0.0669
SUCNR1,5460,0.0669
SNRPN,7475,0.0669
EFCAB14-AS1,7128,0.0669
MTHFD2L,7575,0.0669
RMST,6697,0.0669
NHSL1-AS1,6979,0.0669
VRK3,7509,0.0668
SNX18P14,430,0.0668
MTERF3,7418,0.0668
TAS2R9,350,0.0668
PNMA8A,4039,0.0668
LINC00106,7278,0.0668
GALNTL6,7052,0.0668
MICA,7428,0.0668
ENSG00000286263,6652,0.0668
FAM86DP-1,7039,0.0668
TMEM11-DT,7373,0.0668
ENSG00000286736,5928,0.0668
RIPK1,7598,0.0668
GLIS2,7404,0.0668
ENSG00000285663,505,0.0668
ENSG00000289989,218,0.0668
ENSG00000286281,4972,0.0668
NDRG2,7195,0.0668
NCK1,7575,0.0668
ENSG00000235036,2343,0.0668
SAMD14,6925,0.0668
NFAM1,5570,0.0668
ENSG00000255432,6381,0.0668
ESPNL,5432,0.0667
TSC1,7577,0.0667
DDX56,7403,0.0667
STX12,7571,0.0667
LINC01257,5598,0.0667
ZBBX,5004,0.0667
ENSG00000257124,20,0.0667
ENSG00000277901,3298,0.0667
SNAP23P1,22,0.0667
RNF181,7381,0.0667
USP25,7622,0.0667
FICD,7235,0.0667
TCEAL4,7480,0.0667
ZNF41,7419,0.0667
TRAF6,7507,0.0667
CLDN5,640,0.0667
MEP1A,1875,0.0667
LINC00886,7311,0.0666
ENSG00000268279,7108,0.0666
HAVCR1,5921,0.0666
SNRPGP15,1300,0.0666
ZSCAN30,7399,0.0666
CCDC68,7398,0.0666
UNC93B3,1589,0.0666
ENSG00000287103,486,0.0666
WWP1-AS1,2703,0.0666
PSMD3,7523,0.0666
ZNF131,7629,0.0666
PTDSS1,7476,0.0666
PTOV1-AS1,7069,0.0666
DUOXA1,6064,0.0666
ENSG00000250860,118,0.0666
RPL19P5,262,0.0666
ENSG00000256802,4812,0.0666
OSGIN2,7437,0.0666
ADAMDEC1,954,0.0666
CAD,7362,0.0666
MAMDC4,7168,0.0666
UBAC2-AS1,6820,0.0666
NKILA,5470,0.0666
LPCAT3,7515,0.0666
MRPL54,7081,0.0666
CRYGS,7256,0.0665
ENSG00000275210,588,0.0665
COX5B,7466,0.0665
ENSG00000291138,6030,0.0665
ARHGEF26,7325,0.0665
ENSG00000240311,413,0.0665
SPDYE3,6328,0.0665
SLC29A4,7253,0.0665
EIF1P6,6584,0.0665
SNAP47,7369,0.0665
ENSG00000289942,6981,0.0665
LINC01277,7144,0.0665
DNAH1,7364,0.0665
ENSG00000231482,6993,0.0665
BTN2A3P-1,7070,0.0665
STEAP2,7364,0.0665
KPTN,7122,0.0665
ITGA8,6062,0.0665
PSG8-AS1,4241,0.0665
SEC14L5,6248,0.0665
ENSG00000215795,2194,0.0665
SLC25A16,7455,0.0664
ENSG00000286694,849,0.0664
BMP2,7193,0.0664
ZNF692-DT,3829,0.0664
ENSG00000288398,6406,0.0664
PSMG1,7340,0.0664
LINC02130,1636,0.0664
ING4,7387,0.0664
IL1RAP,7602,0.0664
UTP6,7574,0.0664
ENSG00000225507,139,0.0664
ENSG00000286992,715,0.0664
ZNF250,7299,0.0664
ENSG00000290450,7351,0.0664
NRAD1,255,0.0664
PCOLCE,7347,0.0664
ENSG00000244061,34,0.0664
ENSG00000246203,7401,0.0664
ENSG00000230972,3739,0.0664
LINC01867,1982,0.0664
H2AJ,6874,0.0664
SUPV3L1,7513,0.0664
ENSG00000275383,4304,0.0664
HTD2,5802,0.0664
ZNF544,7584,0.0663
ENSG00000225006,1412,0.0663
ENSG00000266588,342,0.0663
ENSG00000261838,4506,0.0663
ENSG00000286313,5343,0.0663
TREH,4607,0.0663
PTGDR,674,0.0663
AMZ1,7323,0.0663
GRK7,7160,0.0663
OXR1-AS1,7176,0.0663
XKR5,2561,0.0663
LINC02478,2992,0.0663
USP9Y,7473,0.0663
DYNC1I2P1,5547,0.0663
REXO5,7314,0.0663
ENSG00000279004,929,0.0663
SLC37A3,7524,0.0663
LRRC4C,7201,0.0663
NPHP4,7438,0.0663
FAHD1,7338,0.0663
CFAP58,6672,0.0663
ENSG00000213358,1193,0.0663
PSKH1,7380,0.0663
ENSG00000280048,4707,0.0663
LINC01035,7524,0.0663
ENSG00000253163,85,0.0663
ENSG00000285705,5805,0.0663
LINC02887,1315,0.0662
LINC02881,22,0.0662
LINC02604,5287,0.0662
PFKFB2,7433,0.0662
SLC39A2,283,0.0662
ENSG00000262492,6380,0.0662
KCNMA1-AS1,6717,0.0662
RNF139,7404,0.0662
MMP19,4788,0.0662
ENSG00000245748,5701,0.0662
PELP1,7506,0.0662
RNF212B,5778,0.0662
KRT8P32,419,0.0662
CCDC91,7633,0.0662
ACACA,7607,0.0662
CNKSR2,7094,0.0662
ENSG00000257611,503,0.0662
TRIM39,7455,0.0662
GABRR2,7332,0.0661
EDN2,4992,0.0661
ENSG00000267568,4689,0.0661
PRSS8,6183,0.0661
ENSG00000226640,6323,0.0661
NAXD,7414,0.0661
MANEA-DT,6205,0.0661
SLC48A1,7328,0.0661
TCHP,7413,0.0661
TULP3P1,1511,0.0661
ENSG00000247853,6926,0.0661
ENSG00000274414,6381,0.0661
STK38L,7553,0.0661
GNL2,7600,0.0661
GASAL1,6885,0.0661
GANC,7480,0.0661
PRLR,6739,0.0661
LINC00052,1278,0.0661
EN1,2520,0.0661
GIMAP6,345,0.0661
STPG2,7357,0.0661
AMZ2,7458,0.0661
CST13P-1,20,0.0661
ENSG00000287181,1441,0.0661
ZNF146,7619,0.0661
ENSG00000289633,1521,0.066
ZNF532,7444,0.066
ENSG00000265995,976,0.066
DCLK3,1782,0.066
GCSHP5,303,0.066
ENSG00000266385,6934,0.066
ZNF861P,1503,0.066
RHOQ,7584,0.066
PEX1,7464,0.066
ADARB2,7491,0.066
ENSG00000255314,6005,0.066
ASB9,5648,0.066
PPM1G,7589,0.066
RAPGEF1,7612,0.066
IL5RA,6163,0.066
SMCO1,1228,0.066
BRPF3-AS1,7361,0.066
ENSG00000257759,7565,0.066
PRPS2,7414,0.066
ENSG00000254864,124,0.066
ERVK13-1,7347,0.066
ENSG00000262133,920,0.066
RASEF,7482,0.066
MYBPC2,5433,0.066
LINC02967,4085,0.066
RPL21P32,5089,0.066
MCCC2,7566,0.0659
TEX35,6492,0.0659
EMP3,7449,0.0659
GSDMC,5116,0.0659
UBE2D3-AS1,7335,0.0659
ENSG00000228862,6734,0.0659
ENSG00000287378,7043,0.0659
MTUS1-DT,6542,0.0659
PPIC-AS1,6343,0.0659
ENSG00000273291,5929,0.0659
NECAB2,6616,0.0659
IL17RB,6795,0.0659
RSKR,7441,0.0659
MIR320A,65,0.0659
LEMD2,7395,0.0659
SEPSECS-AS1,49,0.0659
TYMP,7252,0.0659
ENSG00000256250,1467,0.0659
CYCSP34,1035,0.0659
ENSG00000289722,1838,0.0659
NHLH2,396,0.0659
CREB3L2,7590,0.0659
CKS1B,7376,0.0659
GSTM1,3562,0.0658
PAPPA,7495,0.0658
ENSG00000283294,6756,0.0658
MT1A,4639,0.0658
ENSG00000225420,7100,0.0658
ANKDD1A,7368,0.0658
EIF3F,7459,0.0658
CORO7,7355,0.0658
DPP3-DT,6401,0.0658
LINC02840,4423,0.0658
PLCG1-AS1,7301,0.0658
C4orf51,6736,0.0658
CCDC170,6756,0.0658
ENSG00000179066,2725,0.0658
ENSG00000287469,5409,0.0658
ZNF850,7331,0.0658
ENSG00000236451,6899,0.0658
LYL1,2735,0.0658
S1PR1,3271,0.0658
FGF19,4671,0.0658
RASSF7,7207,0.0658
AIP,7334,0.0658
MAPK14,7609,0.0658
KLHL28,7565,0.0658
PHYHIP,4378,0.0657
RPL6P9,584,0.0657
TLR7,1479,0.0657
ENSG00000253882,76,0.0657
ENSG00000231401,6782,0.0657
ENSG00000253852,642,0.0657
RUBCN,7494,0.0657
ENSG00000270321,457,0.0657
SLC39A13,7303,0.0657
ENSG00000243008,786,0.0657
HERC2P9-1,6884,0.0657
LINC00412,7146,0.0657
SULT1C2P1-1,2752,0.0657
CA5BP1-1,7202,0.0657
ENSG00000272508,4774,0.0657
ENSG00000288684,7371,0.0657
STUM,3989,0.0657
PCDHB1-AS1,2629,0.0656
CKMT1B,4834,0.0656
THEMIS,5313,0.0656
FAM27C,6788,0.0656
ZNF672,7248,0.0656
LINC02695,67,0.0656
SPAG5-AS1,7238,0.0656
LANCL3,6378,0.0656
ENSG00000286041,1298,0.0656
FLVCR1,7447,0.0656
LINC02241,7118,0.0656
ENSG00000284928,1327,0.0656
HTR3C2P,112,0.0656
CCT8,7583,0.0656
ANKRD30BP1,2842,0.0656
WDR83OS,7366,0.0656
UTP14C,3605,0.0656
H1-5,7060,0.0656
HPN,6866,0.0656
FGF11,7073,0.0656
ENSG00000183308,7365,0.0656
TEX29,7151,0.0656
ENSG00000278934,57,0.0656
ENSG00000226576,1280,0.0655
ENSG00000227206,3273,0.0655
ENSG00000287122,4711,0.0655
ENSG00000227745,2453,0.0655
TAX1BP1-AS1,6563,0.0655
ENSG00000228255,3851,0.0655
TPK1,7441,0.0655
ENSG00000250658,534,0.0655
RN7SL817P,1595,0.0655
METTL23,7410,0.0655
RPL21P44,6453,0.0655
ENSG00000268628,2673,0.0655
ENSG00000278390,7387,0.0655
MATN4,5452,0.0655
ENSG00000257921,7254,0.0655
SCN4A,3335,0.0655
LINC01567,789,0.0655
ATP6V1FNB,5915,0.0655
CPB2-AS1,7244,0.0655
ENSG00000274244,188,0.0655
ENSG00000288806,3365,0.0655
MIR3142HG,7044,0.0655
MOGS,7340,0.0655
ENSG00000253899,230,0.0654
ESRP2,6347,0.0654
GJB6,945,0.0654
ENSG00000275120,6984,0.0654
ENSG00000287912,5098,0.0654
STAG1-DT,5638,0.0654
MISP,7013,0.0654
ZKSCAN3,7159,0.0654
ENSG00000286084,6729,0.0654
FRG1,7470,0.0654
SNX25,7632,0.0654
ENSG00000254477,2933,0.0654
ENSG00000286475,4752,0.0654
SELENOH,7461,0.0654
ENSG00000257086,6263,0.0654
ENSG00000289242,4006,0.0654
DYNC1I1,7098,0.0654
CEACAMP5,5590,0.0654
CXXC4,6316,0.0654
ENSG00000283403,2550,0.0654
ENSG00000287560,1232,0.0654
WASH9P,6810,0.0654
FAM217B,7408,0.0654
MGAT4EP,2929,0.0654
CALM2P3,2843,0.0654
ENSG00000285773,1152,0.0654
C5orf47,5692,0.0654
SYNDIG1,6473,0.0654
DPP4,7279,0.0654
FIGNL2,3934,0.0654
GPR83,5033,0.0653
PPFIA2,6879,0.0653
ENSG00000287893,2896,0.0653
GFM1,7582,0.0653
HCG24,206,0.0653
ENSG00000230623,7338,0.0653
MAT2A,7533,0.0653
SLC30A10,6996,0.0653
LINC02133,7182,0.0653
DCDC1,7137,0.0653
ASTN2-AS1,5192,0.0653
GNPTG,7385,0.0653
TRIM16L-1,7292,0.0653
OR9Q1,6854,0.0653
VAPB,7606,0.0653
APOC4-APOC2,50,0.0653
ENSG00000267518,154,0.0653
NKX3-1,6983,0.0653
RUNDC3A-AS1,7108,0.0653
NPIPB11,7112,0.0653
ENSG00000287498,196,0.0653
NLGN4Y-AS1,676,0.0653
CBR4,7559,0.0653
ENSG00000267069,2696,0.0653
ENSG00000233271,295,0.0653
LINC02693,7316,0.0653
ENSG00000273381,5002,0.0653
ARID4B,7641,0.0652
ENSG00000286854,3703,0.0652
CCL3L1,2511,0.0652
LINC01357,5975,0.0652
ARMC2-AS1,386,0.0652
ENSG00000258312,5156,0.0652
GEMIN8,7417,0.0652
TOP3B,7294,0.0652
POLR2H,7426,0.0652
ENSG00000236028,313,0.0652
PCSK9,5823,0.0652
LRRC37A16P,7294,0.0652
ADTRP,6938,0.0652
SLC66A1,7143,0.0652
SYNGR1,6979,0.0652
ENSG00000237493,1843,0.0652
PUS7,7606,0.0652
LRFN2,5292,0.0652
MIR2052HG,7115,0.0652
DNAJC25,7541,0.0652
TNFAIP8,7613,0.0652
LINC02327,6885,0.0652
HCAR2,1534,0.0652
MOB4,7542,0.0651
STK24P1,298,0.0651
LINC00691,2598,0.0651
OLFML1,2270,0.0651
FAM3D-AS1,4125,0.0651
ZDHHC6,7401,0.0651
METTL21A,7420,0.0651
ARL5C,5714,0.0651
ZNG1C,7300,0.0651
LINC01186,7201,0.0651
TMEM130,3824,0.0651
PCAT14,3480,0.0651
NKD2,7113,0.0651
LINC00466,6540,0.0651
SERPINB4,3429,0.0651
ENSG00000271727,7250,0.0651
SLC6A10P-1,681,0.0651
ASIC4-AS1,6489,0.0651
ANKMY1,7504,0.0651
PPP1R14C,7098,0.0651
ZNF469,6808,0.0651
PCSK2,6351,0.065
ENSG00000259848,1252,0.065
ENSG00000226699,6144,0.065
XPC,7524,0.065
ORMDL2,7276,0.065
INPP5J,6706,0.065
ERVH-1,1374,0.065
PLIN2,7504,0.065
ENSG00000264668,6879,0.065
SELENOT,7479,0.065
STARD3,7475,0.065
ENSG00000287149,5963,0.065
ENSG00000287348,7096,0.065
APC2,7099,0.065
TCP10L3,196,0.065
ALG10,7294,0.065
LY6G6F-LY6G6D,1279,0.065
ALMS1P1-1,5079,0.065
ENSG00000217801,6797,0.065
NUP50,7576,0.065
SPTBN1-AS1,6536,0.065
ISYNA1,7254,0.065
NIT2,7376,0.065
CARD9,6341,0.065
WDR72,6957,0.065
ENSG00000249259,5930,0.0649
LINC02548,2145,0.0649
TTC3,7641,0.0649
PGAM2,5772,0.0649
CFP,6378,0.0649
CFL1P6,787,0.0649
BORCS7-ASMT,7313,0.0649
LINC00299,6800,0.0649
NPFF,4643,0.0649
FIP1L1,7603,0.0649
OR52N2,843,0.0649
ZFY-AS1,5201,0.0649
ENSG00000165121,7249,0.0649
TSPAN8,7315,0.0649
PRR9,536,0.0649
ENSG00000226954,1471,0.0649
ZNF580,7318,0.0649
LYPLAL1,7525,0.0649
ENSG00000286415,7301,0.0649
SLC22A13,7184,0.0649
OPCML,6993,0.0649
ARL2,7334,0.0648
ENSG00000226032,2148,0.0648
ERBB2,7502,0.0648
FABP2,598,0.0648
TCTN1,7356,0.0648
ULBP3,7257,0.0648
ENSG00000236986,7184,0.0648
NUDT2,7344,0.0648
SDHAF3,7297,0.0648
ENSG00000286119,496,0.0648
ENSG00000237525,6347,0.0648
LINC02015,6206,0.0648
CDC42BPG,6963,0.0648
TMEM105,5691,0.0648
CYP26A1,3811,0.0648
VASH1-DT,5786,0.0648
OXCT1,7516,0.0648
SRSF8BP,157,0.0648
ENSG00000256195,5486,0.0648
CTBP2P1,163,0.0648
IATPR,5616,0.0648
HYDIN2,6202,0.0648
FAM131B,3326,0.0648
RPL32P3,7282,0.0648
ENSG00000249513,568,0.0648
ENSG00000258989,6896,0.0648
HAGHL,7024,0.0648
AP1G2-AS1,7125,0.0648
SLC27A3,7090,0.0648
H3C10,6330,0.0648
ENSG00000284461,7596,0.0647
NUP133,7536,0.0647
SMBD1P,7371,0.0647
OR2A42,909,0.0647
ZNF584-DT,6983,0.0647
ENSG00000272056,5785,0.0647
ENSG00000286774,2645,0.0647
PWWP2A,7578,0.0647
ENSG00000290812,7291,0.0647
ENSG00000224326,2921,0.0647
BCL7B,7461,0.0647
ENSG00000290070,1161,0.0647
ENSG00000289464,831,0.0647
FARSA-AS1,1440,0.0647
MRPL15P1,210,0.0647
SLC26A7,7145,0.0647
MEGF11,7244,0.0647
PSMB6,7411,0.0647
ENSG00000227917,1086,0.0647
ENSG00000250955,4614,0.0646
ENSG00000284624,7221,0.0646
IMPDH1P10,3655,0.0646
ENSG00000286327,4565,0.0646
PLAA,7420,0.0646
NF2,7487,0.0646
ZNF670-ZNF695,6826,0.0646
ZDHHC5,7521,0.0646
ENSG00000231970,6825,0.0646
ZNF747-DT,5757,0.0646
KCNA3,985,0.0646
KAT6A,7631,0.0646
PDLIM2,7325,0.0646
ZNF184,7371,0.0646
NCAM2,7421,0.0646
LINC00685,7029,0.0646
C2orf74,7161,0.0646
CCZ1,7478,0.0646
ENSG00000231424,6969,0.0645
ENSG00000290146,7319,0.0645
ENSG00000265287,6422,0.0645
KCNA6,193,0.0645
ENSG00000240521,5218,0.0645
FKBP14,7498,0.0645
LINC01483,6669,0.0645
PON1,4975,0.0645
SLC25A23,7398,0.0645
GABRA3,7042,0.0645
ENSG00000228648,420,0.0645
TINCR,7308,0.0645
TMEM59L,5718,0.0645
TMEM231P1,3961,0.0645
ENSG00000232172,74,0.0645
ENSG00000279187,1391,0.0645
SF3B5,7361,0.0645
ENSG00000287315,4599,0.0645
SNTA1,7394,0.0645
ENSG00000237568,1214,0.0645
C12orf73,7475,0.0645
ENSG00000291286,868,0.0645
CRABP2,7309,0.0645
ENSG00000283178,118,0.0645
MPPED2,5035,0.0645
CRIP2,7277,0.0645
ENSG00000286431,6035,0.0645
GDPD5,7257,0.0645
ENSG00000249988,3549,0.0644
ENSG00000272650,2572,0.0644
SENP3,7418,0.0644
SELENOI,7576,0.0644
NMD3,7558,0.0644
CDC42P2,640,0.0644
WDR44,7616,0.0644
ENSG00000289351,866,0.0644
ENSG00000288868,5735,0.0644
NPHP3-AS1,6557,0.0644
ENSG00000270091,6094,0.0644
ENSG00000291067,7375,0.0644
EID2,7252,0.0644
ENSG00000285629,3747,0.0644
NAA10,7398,0.0644
HOXB8,6404,0.0644
ENSG00000227678,3532,0.0644
IL1RL1,5693,0.0644
ENSG00000258793,4092,0.0644
C7orf31,7185,0.0644
ENSG00000237372,2261,0.0644
MEST,7315,0.0644
LINC02770,4367,0.0644
ENSG00000285446,5401,0.0644
GTF2IRD2B,7485,0.0644
RN7SL317P,23,0.0644
ENSG00000278151,252,0.0643
ENSG00000291117,7379,0.0643
ENSG00000260848,456,0.0643
ENSG00000273489,6893,0.0643
ENSG00000235168,61,0.0643
ENSG00000272995,1566,0.0643
KRT8P51,28,0.0643
TMEM231,7332,0.0643
MYO15A,7033,0.0643
NPIPA9-1,4712,0.0643
ENSG00000286852,1279,0.0643
LYRM7,7433,0.0643
ENSG00000284604,711,0.0643
NCOA1,7639,0.0643
EPM2AIP1,7443,0.0643
ZNF136,7364,0.0643
S100A5,2801,0.0643
WDR33,7624,0.0642
PAX5,6488,0.0642
ENSG00000259066,7071,0.0642
OR2L9P,50,0.0642
SGMS1-AS1,6753,0.0642
TMEM123-DT,6629,0.0642
PIP5KL1,7119,0.0642
USP17L7,22,0.0642
USP41,1374,0.0642
ENSG00000261673,638,0.0642
SHKBP1,7423,0.0642
HMGN2P28,5642,0.0642
OR1J4,248,0.0642
MTURN,7440,0.0642
TMEM274P,5775,0.0642
ZNF202,7338,0.0642
TOMM20L-DT,7134,0.0642
ENSG00000289456,4271,0.0642
ENSG00000259437,5287,0.0642
ENSG00000290916,638,0.0642
USH2A,6979,0.0642
C2CD4A,4133,0.0642
ZBTB33,7429,0.0642
SEC24B-AS1,7184,0.0642
PWRN1,6608,0.0642
NUDT18,6088,0.0642
IGFBP7-AS1,3851,0.0642
NPIPB5,7307,0.0642
RNF32,7170,0.0641
MIR548XHG,7081,0.0641
ENSG00000234436,564,0.0641
ODAD4,7239,0.0641
ENSG00000287917,6565,0.0641
CD7,3627,0.0641
SLX1B-SULT1A4,425,0.0641
UGT2A3,1194,0.0641
DAPL1,2811,0.0641
ENSG00000224970,1145,0.0641
FRMD4A,7614,0.0641
ENSG00000290551,7024,0.0641
ENSG00000231460,1093,0.0641
ENSG00000232193,86,0.0641
HRH1,7569,0.0641
PCED1A,7401,0.0641
MORF4L1P1,7288,0.0641
MRPL34,7336,0.0641
SRP19,7557,0.0641
ENSG00000227189,1430,0.064
BMP4,7229,0.064
PYCARD-AS1,6721,0.064
IL18RAP,3196,0.064
ACP5,4317,0.064
ENSG00000236498,7145,0.064
UBE2V1,7633,0.064
FAM174A-DT,7310,0.064
GAN,7596,0.064
TAS2R19,5355,0.064
ENSG00000266928,831,0.064
ENSG00000232528,4436,0.064
ENSG00000256084,435,0.064
TSPAN4,7384,0.064
OFD1,7591,0.064
ENSG00000226022,6399,0.064
RN7SL648P,552,0.064
ENSG00000233178,5040,0.064
DZIP1,7302,0.064
RN7SKP282,164,0.064
ENSG00000290458,59,0.0639
CD8A,4558,0.0639
DMAP1,7307,0.0639
LRP2,6451,0.0639
SLC9B2,7379,0.0639
DIP2C,7634,0.0639
LINC01709,5343,0.0639
TMEM167AP2,552,0.0639
LRRC37A9P,2123,0.0639
C20orf96,7376,0.0639
ENSG00000276478,160,0.0639
NOP9,7370,0.0639
ENSG00000288915,1840,0.0639
ENSG00000238035,2383,0.0639
BRPF1,7390,0.0639
NLGN1,7587,0.0639
ENSG00000283684,1284,0.0639
CIPC,7276,0.0639
DAB1-AS1,101,0.0639
GTF2IP1,5929,0.0639
THAP7,7108,0.0639
ENSG00000287585,41,0.0639
RN7SL215P,1310,0.0639
ANO7,6980,0.0639
LINC02477,3799,0.0639
ENSG00000228863,3076,0.0639
ENSG00000255856,5021,0.0639
DENND2C,7456,0.0639
ENSG00000270773,162,0.0639
CD40,6831,0.0638
RUFY3,7582,0.0638
BAG1,7485,0.0638
TKFC,7284,0.0638
ENSG00000234902,7061,0.0638
NCOR1,7637,0.0638
STON2,7218,0.0638
CAPN13,4590,0.0638
ITGB2,6091,0.0638
PYURF,7427,0.0638
GET1-SH3BGR,7200,0.0638
ENSG00000282564,5413,0.0638
PAOX,6677,0.0638
ARGFX,1280,0.0638
ATP23,7283,0.0638
NSMCE4A,7325,0.0638
ECT2,7584,0.0638
LINC02603,7055,0.0638
CYP4F23P,2966,0.0638
TCERG1,7638,0.0637
CARF,7374,0.0637
COP1-DT,7357,0.0637
ENSG00000291199,278,0.0637
CERNA1,6858,0.0637
BRCC3,7560,0.0637
RRAGAP1-AS1,5909,0.0637
ADIRF-AS1,4830,0.0637
UNC93B5,52,0.0637
ZNF691,6934,0.0637
SCO2,6797,0.0637
C19orf47,7304,0.0637
ENSG00000283400,619,0.0637
LINC02749,3224,0.0637
HES2,5746,0.0637
RNFT1,7339,0.0637
USP36,7624,0.0637
SPART-AS1,6168,0.0637
ENSG00000277010,548,0.0637
SNX13,7635,0.0637
ENSG00000260651,304,0.0637
ATP1B3,7638,0.0637
VSTM4,5699,0.0636
ENSG00000258892,7192,0.0636
CEP295NL,6779,0.0636
CCDC136,7320,0.0636
ENSG00000229047,6252,0.0636
MYL12B,7628,0.0636
C19orf53,7380,0.0636
DRG2,7379,0.0636
OR2AJ1,1438,0.0636
PTPN6,7355,0.0636
LINC02893,3504,0.0636
LINC02347,1733,0.0636
ASIP,6863,0.0636
AP4E1,7445,0.0636
ZNF749,7316,0.0636
ZNF490,7418,0.0636
RAD52,7390,0.0636
SLC38A8,6703,0.0636
FKBP15,7545,0.0636
ZNF37A,7595,0.0636
ENSG00000257252,7057,0.0636
CREB3L4,7067,0.0636
ENSG00000286085,6520,0.0636
CCDC71,7044,0.0636
LINC02044,933,0.0636
SYNC,7312,0.0636
ENSG00000184441,7085,0.0636
ENSG00000257454,5177,0.0636
ENSG00000290911,4140,0.0636
ENSG00000259697,2256,0.0636
ENSG00000289594,2106,0.0636
DUTP6,244,0.0636
ENSG00000287760,1242,0.0636
RN7SL619P,118,0.0636
ANKAR,7490,0.0636
ZNF844,7147,0.0636
ENSG00000272772,7343,0.0636
MICAL3,7636,0.0636
ENSG00000272071,2847,0.0636
ENSG00000289103,1716,0.0635
ENSG00000264151,5160,0.0635
RAB32,6845,0.0635
P3H3,7017,0.0635
DNASE1L2,4681,0.0635
TWIST2,7204,0.0635
ENSG00000229642,6218,0.0635
LINC02661,4117,0.0635
LINC00967,351,0.0635
PLXDC1,6639,0.0635
RP9,7479,0.0635
COL10A1,6739,0.0635
LRP8-DT,4493,0.0635
ENSG00000254040,78,0.0635
NUDT9,7418,0.0635
SLC25A25-AS1,7201,0.0635
FGF13,7491,0.0635
DEPTOR,7236,0.0635
LRRN4,4377,0.0635
TAB2,7613,0.0635
PREB,7376,0.0635
NPIPB14P,7386,0.0634
TMEM97P1,1616,0.0634
ZNF500,7333,0.0634
ENSG00000230498,1869,0.0634
ZNF101,7395,0.0634
ENSG00000254396,4445,0.0634
LINC02286,471,0.0634
DARS2,7378,0.0634
PAPOLA,7631,0.0634
ZIC5,5545,0.0634
ENSG00000287849,1563,0.0634
WDR88,6749,0.0634
PDE8B,7233,0.0634
ZNF768,7319,0.0633
EMB,7248,0.0633
ENSG00000263826,4137,0.0633
LINC01362,6714,0.0633
ENSG00000259376,4328,0.0633
LINC02619,1358,0.0633
MIR378D2HG,3418,0.0633
CROT,7370,0.0633
ENSG00000288526,4346,0.0633
KRT18P37,241,0.0633
TMEM39A,7592,0.0633
ENSG00000253508,4589,0.0633
POLR2F,7453,0.0633
ENSG00000281021,7187,0.0633
NDUFA2,7376,0.0633
ING1,7399,0.0633
LINC00470,7207,0.0633
PMS2,7347,0.0633
ENSG00000251654,3032,0.0633
TTC19,7608,0.0633
SMN2,7000,0.0633
ENSG00000277135,2910,0.0633
RHPN1-AS1,2494,0.0633
CYTH2,7512,0.0633
IRS4,833,0.0633
ID4,6843,0.0633
DTX2P1-UPK3BP1-PMS2P11,7390,0.0633
TSSK3,6979,0.0633
ENSG00000258558,5574,0.0632
DCDC2,7056,0.0632
ENSG00000250230,2588,0.0632
USP38,7447,0.0632
FMO5,7058,0.0632
ZDHHC21,7535,0.0632
GAS1RR,2761,0.0632
ENSG00000286257,5424,0.0632
ENSG00000288528,7349,0.0632
ENSG00000250567,84,0.0632
RPL9P30,73,0.0632
CACNA1I,5126,0.0632
ENSG00000203434,3728,0.0632
RTN2,7220,0.0632
ENSG00000286087,191,0.0632
CPSF4L,6724,0.0632
ENSG00000289583,3456,0.0632
PPP1R21,7612,0.0632
HORMAD2,5362,0.0632
FBXO8,7372,0.0632
NT5C1A,2023,0.0632
CYP4B1,1899,0.0632
ZNF282,7434,0.0632
KIF1A,7231,0.0631
PPP6R3,7641,0.0631
CH25H,2071,0.0631
B3GNT8,2685,0.0631
ZNF195,7436,0.0631
LINC01065,471,0.0631
NACC1,7415,0.0631
GABBR2,7167,0.0631
SEMA5A-AS1,1233,0.0631
ENSG00000289527,230,0.0631
VWA5A,6897,0.0631
BLOC1S2,7444,0.0631
DALRD3,7325,0.0631
DRAIC,7198,0.0631
LINC02332,209,0.0631
RPSAP71,791,0.0631
LINC00698,4822,0.0631
MARCKSL1P1,47,0.0631
TUBBP5,673,0.0631
ENSG00000290927,7195,0.0631
ENSG00000236760,6680,0.0631
MMP13,4787,0.063
ENSG00000250025,3425,0.063
NT5M,7144,0.063
ENSG00000249001,6644,0.063
LYVE1,3278,0.063
DLK1,1505,0.063
SLC9B1,7348,0.063
MLIP,7352,0.063
ENSG00000227042,5266,0.063
CPLX1,6823,0.063
IFNGR2,7510,0.063
LINC02323,4419,0.063
RPRM,586,0.063
SMIM2-AS1,7143,0.063
ENSG00000225330,5997,0.063
FOSL2-AS1,6367,0.063
TSG101,7614,0.063
WDFY4,4420,0.063
SRF,7386,0.063
ARHGAP31-AS1,5651,0.063
MRGBP,7383,0.0629
ENSG00000269460,1936,0.0629
STPG1,7289,0.0629
ACOT13,7457,0.0629
LINC02575,6675,0.0629
LINC02223,6410,0.0629
COLCA1,2785,0.0629
BCLAF1P1,5204,0.0629
OR2W3,463,0.0629
ENSG00000277757,5475,0.0629
APPAT,7045,0.0629
ABCC5,7509,0.0629
ENSG00000274269,5885,0.0629
RPSAP66,255,0.0629
RAB37,6347,0.0629
ENSG00000285656,1648,0.0629
ENSG00000270571,7124,0.0629
ENSG00000257519,31,0.0629
ENSG00000236710,1512,0.0629
ENSG00000266602,7086,0.0629
LINGO3,6586,0.0629
LINC02826,3959,0.0629
ACTR6,7504,0.0629
ENSG00000268746,6022,0.0628
PLA1A,4270,0.0628
DNAJB5-DT,4933,0.0628
LINC02101,2569,0.0628
LINC02391,4624,0.0628
SLC5A7,554,0.0628
PSMD1,7629,0.0628
GPR26,1224,0.0628
ENSG00000269095,331,0.0628
UCKL1-AS1,7139,0.0628
ENSG00000255102,6136,0.0628
LGSN,6526,0.0628
APOM,6472,0.0628
MTHFR,7451,0.0628
ENSG00000260948,6468,0.0628
HMGB1P44,5243,0.0628
ABCF2,7342,0.0628
ABCD2,3122,0.0628
DGKA,7386,0.0628
ENSG00000279791,1056,0.0628
SPAG6,6347,0.0628
RMND5B,7456,0.0628
YOD1,7508,0.0628
ENSG00000286895,7066,0.0628
ARHGEF33,6508,0.0628
PHC1,7325,0.0628
WDR4,7400,0.0628
PHF23,7325,0.0628
CALM2P2,6817,0.0627
PICSAR,2116,0.0627
EEF1GP1,1790,0.0627
ADSL,7368,0.0627
ENSG00000267175,6543,0.0627
Y_RNA-151,78,0.0627
TAFAZZIN,7346,0.0627
ENSG00000248491,5536,0.0627
ENSG00000250803,1100,0.0627
CREBBP,7631,0.0627
KIF25,5242,0.0627
ORAI1,7188,0.0627
EVPL,7055,0.0627
IMP3,7430,0.0627
PTX4,168,0.0627
ENSG00000286909,6550,0.0627
LNCARSR,1046,0.0627
ERCC5,7558,0.0627
PCDHGA1,6079,0.0627
GARRE1,7533,0.0627
NAA60,7553,0.0627
CHRDL2,2756,0.0627
GOLGA6L9,7312,0.0627
LYRM4,7472,0.0627
ENSG00000254099,5985,0.0627
CHST8,7002,0.0627
EHBP1-AS1,7241,0.0627
GRAPL,2234,0.0626
CLN8,7350,0.0626
NOMO2,7288,0.0626
MIR3663HG,736,0.0626
MAP4K2,7384,0.0626
SMG1P3,7326,0.0626
ZNF474,7089,0.0626
TMEM116,7393,0.0626
SPRYD4,7284,0.0626
SOCS1,6190,0.0626
ENSG00000259536,7146,0.0626
HDGFL3,7585,0.0626
ENSG00000286385,6512,0.0626
CKMT2,6808,0.0626
ENSG00000229771,1716,0.0626
LINC00032,2984,0.0626
CD274,7182,0.0626
EIF2D,7426,0.0626
EMC4,7469,0.0626
POTEG,2294,0.0626
LDAH,7430,0.0626
PI4K2A,7443,0.0626
EFNA4-EFNA3,6298,0.0626
ENSG00000272578,911,0.0625
SLBP,7488,0.0625
ENSG00000267114,6037,0.0625
CEACAM21,1224,0.0625
PKIA,7430,0.0625
LINC01990,2844,0.0625
ENSG00000254251,5241,0.0625
MKKS,7443,0.0625
ENSG00000288956,2822,0.0625
CAB39L,7499,0.0625
BTBD10P1,929,0.0625
RTKN2,7408,0.0625
MAP6,5950,0.0625
ENSG00000288015,3367,0.0625
LRRC70,127,0.0625
APOOL,7536,0.0625
INMT,3811,0.0625
ENSG00000284633,6046,0.0625
CHMP4C,7342,0.0625
LINC02836,690,0.0625
TMEM42,7118,0.0625
ERBIN,7641,0.0625
ZNF542P,4121,0.0625
GSEC,6887,0.0625
MB21D2,7587,0.0624
GTF2IP23,6606,0.0624
ENSG00000289408,54,0.0624
SIRPB3P,3249,0.0624
UTS2B,5633,0.0624
NEK11,7475,0.0624
ANAPC4,7472,0.0624
ENSG00000286590,1880,0.0624
ENSG00000289560,45,0.0624
LINC00384,2793,0.0624
ENSG00000257386,4066,0.0624
ENSG00000240441,3201,0.0624
HSPA14,7452,0.0624
SGF29,7334,0.0624
PTPN7,3323,0.0624
CXCL14,1790,0.0624
NAA80,6935,0.0624
ENSG00000289576,1827,0.0624
BEND7,7355,0.0624
ENSG00000273275,5019,0.0623
GDF11,7289,0.0623
MTM1,7462,0.0623
HNRNPC,7641,0.0623
SEC61B,7497,0.0623
AS3MT,7328,0.0623
ENSG00000287713,1256,0.0623
ENSG00000228019,514,0.0623
ENSG00000227090,493,0.0623
FAM166A,3873,0.0623
ENSG00000267681,3746,0.0623
LINC01752,6603,0.0623
ENSG00000289442,1046,0.0623
LINC01641,3082,0.0623
LIG3,7435,0.0623
ENSG00000265639,611,0.0623
TMEM41A,7501,0.0623
EPHX2,7109,0.0623
LINC01273,6509,0.0623
ENSG00000231937,6473,0.0623
LINC02886,1014,0.0623
ENSG00000267078,1653,0.0623
GLCE,7498,0.0623
OVOL2,7197,0.0623
ENSG00000271893,4613,0.0623
ENSG00000231405,2467,0.0623
MROH3P,6599,0.0622
ZBED2,3454,0.0622
ENSG00000291046,7320,0.0622
DNAJC27-AS1,7329,0.0622
SLC38A7,7332,0.0622
PRAMEF20,85,0.0622
HEPACAM,1075,0.0622
ZNF565,7416,0.0622
TRMT13,7504,0.0622
TMEM167B-DT,6105,0.0622
TRUB2,7354,0.0622
TACC1,7576,0.0622
ENSG00000232958,82,0.0622
PAX1,897,0.0622
LINC02725,7171,0.0622
HSD17B12,7641,0.0622
GATD1,7340,0.0622
RPL12P27,1718,0.0622
NDUFV1-DT,338,0.0622
LIMS2,6259,0.0622
ZNF526,7338,0.0622
ALKBH1,7408,0.0622
ACAA1,7380,0.0622
ENSG00000274067,154,0.0622
ENSG00000273891,3234,0.0622
ENSG00000275898,333,0.0622
ENSG00000289007,7408,0.0622
ENSG00000288894,7129,0.0622
ENSG00000273221,6318,0.0621
CD79A,3311,0.0621
UQCRC1,7468,0.0621
ENSG00000289754,6617,0.0621
FFAR1,1180,0.0621
ENSG00000289619,3686,0.0621
NSL1,7474,0.0621
USP45,7478,0.0621
FAM184B,7295,0.0621
NSF,7499,0.0621
LEF1-AS1,6189,0.0621
ENSG00000286546,6520,0.0621
TGFB3,6980,0.0621
MASP2,7081,0.0621
FUT4,6889,0.0621
MOB3A,7556,0.0621
ASIC4,6809,0.062
ENSG00000237265,438,0.062
ENSG00000287979,5035,0.062
LINC00551,6496,0.062
STAC2,5583,0.062
FLNB-AS1,6911,0.062
GPHA2,184,0.062
PNPLA5,435,0.062
GPR21,2949,0.062
ENSG00000233721,771,0.062
ITPRIPL1,2676,0.062
KDM2B-DT,7195,0.062
ENSG00000287677,1272,0.062
GRIN3B,5889,0.062
FAM228A,5578,0.062
ENSG00000227045,6003,0.062
MOSMO,7569,0.062
ENSG00000267022,6997,0.062
CBX3P3,146,0.062
ENSG00000285792,93,0.062
PPIAP84,124,0.062
ENSG00000286838,4956,0.0619
ARMC6,7272,0.0619
ENSG00000230735,3900,0.0619
ENSG00000289872,6912,0.0619
SLC38A4-AS1,7618,0.0619
LHX1,6015,0.0619
ENSG00000241475,428,0.0619
ENSG00000278177,1778,0.0619
CAVIN2,6632,0.0619
ABCB4,5583,0.0619
ENSG00000230975,7267,0.0619
NANOGNBP3,5853,0.0619
CD300LF,950,0.0619
LINC02398,6986,0.0619
GAS6,7353,0.0619
PDK2,7260,0.0619
SGK3,7519,0.0619
MIA-RAB4B,1669,0.0619
PTX3,7036,0.0619
RNF14P1,1255,0.0619
GFOD2,7507,0.0619
SLAMF9,3968,0.0618
RPL35AP21,1788,0.0618
SUSD1,7473,0.0618
DEF8,7359,0.0618
ULBP2,7080,0.0618
ENSG00000284554,5592,0.0618
PRKCA-AS1,7054,0.0618
AGFG2,7321,0.0618
ENSG00000275248,232,0.0618
ENSG00000253369,4770,0.0618
ENSG00000286846,6910,0.0618
GAR1,7479,0.0618
LINC02487,3922,0.0618
ENSG00000231080,36,0.0618
PPP2R5D,7408,0.0618
ICMT,7352,0.0618
MORF4L1,7623,0.0618
TMEM181,7619,0.0618
MROH7,6697,0.0618
G6PC3,7306,0.0618
ENSG00000285382,7265,0.0618
SLC29A3,7305,0.0618
HSPB1,7554,0.0618
CYCSP38,220,0.0618
SLK,7612,0.0618
KCNJ13,6722,0.0618
ENSG00000259168,1740,0.0618
LINC01749,3313,0.0618
FHL5,1575,0.0618
HSD11B1-AS1,6740,0.0618
LINC01755,1944,0.0618
COPRS,7328,0.0618
MTIF3,7486,0.0618
CGAS,7308,0.0618
ENSG00000284337,2001,0.0618
PMF1-BGLAP,6662,0.0617
RPL35A,7641,0.0617
DCUN1D1,7502,0.0617
ENSG00000271657,3362,0.0617
ENSG00000287222,6404,0.0617
SYS1,7411,0.0617
NOTCH2NLR,6349,0.0617
DNMT3B,7289,0.0617
LINC02870,3186,0.0617
MAPK8IP1P2,839,0.0617
NUP107,7543,0.0617
ENSG00000218048,2140,0.0617
HSD11B2,6515,0.0617
ENSG00000290323,1293,0.0617
ENSG00000276727,3298,0.0617
RAB12,7523,0.0617
FUNDC2P2,1309,0.0617
PTGES2,7333,0.0617
ENSG00000259720,3458,0.0617
LINC01889,1945,0.0617
PTGER1,4202,0.0617
HERC2P1,137,0.0617
CDH15,5153,0.0617
Y_RNA-284,20,0.0616
C20orf202,3676,0.0616
HACL1,7528,0.0616
CNOT11,7451,0.0616
ENSG00000261103,2919,0.0616
ENSG00000287474,6820,0.0616
ENSG00000289062,115,0.0616
CMTM8,7511,0.0616
CRTAC1,7037,0.0616
USP14,7613,0.0616
NDUFS6P1,172,0.0616
SEMA7A,7220,0.0616
PPM1F,7430,0.0616
LINC01841,6561,0.0616
ADAM18,3466,0.0616
LINC01632,383,0.0616
OTOAP1,3486,0.0616
LINC02775,4928,0.0616
ENSG00000231681,2506,0.0616
PLGLB1,4456,0.0616
ANKRD30BP2,2179,0.0616
LINC02482,7117,0.0616
RCCD1,7334,0.0616
EBLN3P,7542,0.0616
LINC02093,183,0.0616
ENSG00000289513,5447,0.0616
YJU2B,7396,0.0616
AK8,7218,0.0616
ALG1L1P,6927,0.0616
LINC02566,3975,0.0615
LINC02395,2601,0.0615
GCFC2,7464,0.0615
SLC39A5,2902,0.0615
UCHL1,7331,0.0615
NPPC,2644,0.0615
ENSG00000256591,7510,0.0615
DLEC1P1,128,0.0615
PTH,1354,0.0615
RPS4XP11,456,0.0615
ENSG00000289423,2703,0.0615
BRSK1,7281,0.0615
JRKL,7323,0.0615
MFSD3,6610,0.0615
ENSG00000287943,6670,0.0615
NBPF26,7302,0.0615
GNRH1,7294,0.0615
ENSG00000289563,1595,0.0615
TIMM9,7344,0.0615
MTND1P6,289,0.0615
ENSG00000267205,2037,0.0615
VWA5B2,4665,0.0615
GGTA1,4077,0.0614
ENSG00000253681,409,0.0614
ENSG00000236531,1719,0.0614
NABP2,7372,0.0614
ENSG00000290125,3056,0.0614
ENSG00000286581,2551,0.0614
ENSG00000236985,675,0.0614
SNRNP40,7469,0.0614
ENSG00000258851,7048,0.0614
MRTO4,7366,0.0614
DPY19L1P2,7068,0.0614
LINC02115,2830,0.0614
SZRD1,7578,0.0614
ENSG00000254043,338,0.0614
OVGP1,7003,0.0614
PARD3B,7618,0.0614
MXRA5,6267,0.0614
RFXANK,7323,0.0614
ENSG00000188223,7357,0.0614
LINC01226,6452,0.0614
MAX,7613,0.0614
ENSG00000251033,873,0.0614
TMEM203,6784,0.0614
GJB2,6456,0.0613
YIPF1,7442,0.0613
PLA2G6,7387,0.0613
ENSG00000254682,6700,0.0613
TMUB2,7363,0.0613
ENSG00000254571,6760,0.0613
ENSG00000246308,6552,0.0613
ENSG00000224844,66,0.0613
LINC02416,2279,0.0613
DLGAP4-AS1,7317,0.0613
ENSG00000236461,522,0.0613
CFL2,7347,0.0613
POLR2M,7365,0.0613
EDRF1-DT,4639,0.0613
BET1,7529,0.0613
ENSG00000254238,610,0.0613
ENSG00000232555,6873,0.0613
NBPF25P-1,6324,0.0613
CLOCK,7630,0.0613
ROBO3,6924,0.0613
ENSG00000259604,4282,0.0613
KIAA1217,7630,0.0613
JMJD7,7240,0.0613
PIPOX,7345,0.0612
ENSG00000270240,6987,0.0612
CIDEC,1825,0.0612
SS18,7590,0.0612
MRPL32,7421,0.0612
ENSG00000276408,1186,0.0612
SPACA7BP,4473,0.0612
GBF1,7641,0.0612
ENSG00000258875,5814,0.0612
SNORA71-2,66,0.0612
GAS5,7622,0.0612
TELO2,7288,0.0612
LINC01356,4968,0.0612
SPDYE20P,2436,0.0612
IAPP,1871,0.0612
SHF,7079,0.0612
NLGN4Y,7223,0.0612
COX15,7512,0.0612
CLPSL2,455,0.0612
SLC24A2,6606,0.0612
ZNF212,7468,0.0612
NEK1,7608,0.0612
SIDT2,7389,0.0612
ENSG00000285708,7155,0.0612
ENSG00000285128,1850,0.0612
MUL1,7299,0.0612
ENSG00000280426,352,0.0612
POLR2I,7308,0.0612
IL10RB,7484,0.0612
FKBP7,6837,0.0612
USP40,7574,0.0611
LHX1-DT,6341,0.0611
PTPRS-AS1,6380,0.0611
PDSS1,7374,0.0611
CARNMT1-AS1,7268,0.0611
ENSG00000259342,6763,0.0611
CSNK1E,7602,0.0611
ENSG00000289143,6025,0.0611
ENSG00000291081,5215,0.0611
PTHLH,6811,0.0611
VPS13A-AS1,530,0.0611
PTPRQ,5845,0.0611
L3MBTL1,7482,0.0611
RSPO2,5939,0.0611
ENSG00000253476,5628,0.0611
NAGPA,7210,0.0611
ENSG00000230532,7346,0.0611
LY75,7005,0.0611
IL17RD,7346,0.0611
SPANXA2-OT1,7334,0.0611
ZNF560,4520,0.0611
CREBZF,7537,0.0611
MAD2L1-DT,7275,0.0611
GAD3P,2537,0.0611
NKD1,7629,0.0611
ENSG00000228156,1107,0.061
ENSG00000259316,7257,0.061
ENSG00000260418,2117,0.061
GMNN,7422,0.061
ENSG00000266931,7208,0.061
FYB2,5144,0.061
ACAP2,7640,0.061
THAP2,7378,0.061
NDUFA13,7433,0.061
AGAP6,7379,0.061
MYH7B,6882,0.061
LINC01605,7128,0.061
PKD1P2,1844,0.061
CLIC6,3389,0.061
TPRG1,7492,0.061
ENSG00000287907,5913,0.061
SLC13A1,2731,0.061
ZNF205,7190,0.061
PLA2R1,7287,0.061
VBP1,7490,0.061
SLC4A10,7101,0.061
VIM-AS1,7171,0.061
ENSG00000291267,410,0.061
GPC2,6767,0.061
ENSG00000285864,6049,0.061
ENSG00000278202,7244,0.061
SERPINA10,1527,0.061
MST1P2,3813,0.0609
ABHD15,6926,0.0609
EXOSC1,7376,0.0609
ENSG00000288877,4891,0.0609
NR2C2,7604,0.0609
TIAM2,7590,0.0609
SKA1,7326,0.0609
ENSG00000287415,349,0.0609
UBAC1,7516,0.0609
ENSG00000288756,6509,0.0609
LINC00702,6256,0.0609
ENSG00000288936,5426,0.0609
ENSG00000291272,6774,0.0609
ENSG00000236833,3340,0.0609
KLF17,3078,0.0609
HOXC6,7361,0.0609
ENSG00000279822,3077,0.0609
FAM199X,7463,0.0609
TTLL2,1100,0.0609
ENSG00000240571,7130,0.0609
TSPAN5-DT,4665,0.0609
DIS3L2,7609,0.0609
ENSG00000287528,3891,0.0609
ENSG00000255858,178,0.0609
LINC00484-1,1448,0.0608
ENSG00000286763,1626,0.0608
GCM2,1380,0.0608
LINC02224,5527,0.0608
QKI,7640,0.0608
PCDHB6,3253,0.0608
ENSG00000258386,5264,0.0608
QTRT1,7349,0.0608
SLC8A1-AS1,7124,0.0608
SLC16A14,6779,0.0608
RB1-DT,5861,0.0608
ENSG00000205018,1925,0.0608
LINC03020,341,0.0608
ENSG00000226432,594,0.0608
ENSG00000290858,564,0.0608
ZDHHC16,7321,0.0608
IL20,519,0.0608
PNPLA6,7451,0.0608
GFRA2,5704,0.0608
ENSG00000248753,5011,0.0608
ENSG00000261670,4315,0.0608
RNF152,7329,0.0607
NOMO3,7197,0.0607
TGM7,585,0.0607
MRPL58,7288,0.0607
DNASE1L3,4568,0.0607
TFIP11-DT,6263,0.0607
FAM110A,7303,0.0607
PSMB4,7481,0.0607
HNRNPDLP2,787,0.0607
AGK-DT,6229,0.0607
KCNIP1,6768,0.0607
TSTD2,7429,0.0607
FGF7,5668,0.0607
BET1-AS1,7014,0.0607
LINC02232,3720,0.0607
LINC01518,6315,0.0607
ZNF680,7457,0.0606
ENSG00000287500,1932,0.0606
MAGOH,7444,0.0606
ZNF541,5675,0.0606
ENSG00000224099,3061,0.0606
KCTD13-DT,6666,0.0606
CENPL,7400,0.0606
ENSG00000286644,4540,0.0606
ENSG00000289292,4245,0.0606
ENSG00000235138,297,0.0606
ENSG00000262920,412,0.0606
ENSG00000224789,7273,0.0606
SLC25A19,7259,0.0606
TRG-AS1,4044,0.0606
ENSG00000258740,5416,0.0606
ENSG00000232754,7141,0.0606
LINC01746,480,0.0606
ENSG00000287892,1518,0.0606
ENSG00000258728,5399,0.0606
SEC61A2,7440,0.0606
RPS6KB1,7570,0.0606
STK32A,7028,0.0606
LINC02429,1203,0.0605
PLA2G12AP1,676,0.0605
IRF8,3622,0.0605
ELP1,7576,0.0605
FAM185A,7398,0.0605
CIAO2AP2,289,0.0605
HSPBP1,7395,0.0605
MAPKAPK5-AS1,7322,0.0605
ICA1L,7328,0.0605
ENSG00000237153,6106,0.0605
ENSG00000237002,1313,0.0605
ACVRL1,3210,0.0605
ATG4C,7446,0.0605
ENSG00000253825,4104,0.0605
RGS8,874,0.0605
ALOX5AP,4418,0.0605
LNCTAM34A,6210,0.0605
FAM133B,7598,0.0605
ANKRD35,4738,0.0605
ENSG00000258365,6249,0.0605
ZNF804B,6472,0.0605
APLP1,7103,0.0605
ENSG00000277460,452,0.0605
ENSG00000230521,2694,0.0605
UNC13C,6301,0.0605
CD81-AS1,6365,0.0605
REM1,287,0.0605
LINC02026,6271,0.0605
NDUFV3,7452,0.0605
ENSG00000273203,4119,0.0605
ENSG00000242593,6395,0.0605
ZNF876P,6593,0.0605
ENSG00000288882,53,0.0605
ENSG00000279110,6788,0.0604
ENSG00000272140,5600,0.0604
LINC00382,4944,0.0604
ENSG00000235450,7215,0.0604
ENSG00000233589,4881,0.0604
RAD23BP1,877,0.0604
GPNMB,7233,0.0604
WDFY2,7616,0.0604
ENSG00000284669,6149,0.0604
CD200R1,7012,0.0604
PXYLP1,7415,0.0604
TUBA5P,3159,0.0604
TAPBPL,7214,0.0604
MBL1P,1475,0.0604
ENSG00000285000,7177,0.0604
HTT-AS,5623,0.0604
GLIS1,7264,0.0604
ENSG00000227757,6124,0.0604
TM7SF3,7568,0.0604
FLACC1,7390,0.0603
PTH2R,7133,0.0603
ENSG00000267316,2373,0.0603
HMGB3P10,21,0.0603
PSEN2,7297,0.0603
ENSG00000288573,6889,0.0603
ENSG00000274828,5875,0.0603
HOXD10,6984,0.0603
LINC00158,6432,0.0603
SMARCA2,7549,0.0603
PPIL1,7299,0.0603
ENSG00000267737,6661,0.0603
MRPL30,7393,0.0603
ENSG00000287105,1151,0.0603
ENSG00000289140,63,0.0603
PRSS53,7233,0.0603
GRIP2,6929,0.0603
B4GALT2,7319,0.0603
ENSG00000290855,1248,0.0603
ACSL5,7325,0.0603
RFT1,7360,0.0603
ENSG00000249061,6255,0.0603
ENSG00000283347,2079,0.0603
CTAGE12P,189,0.0603
NARS1,7601,0.0602
ENSG00000286089,6165,0.0602
ENSG00000285940,4445,0.0602
TEX13B,218,0.0602
WNT3,6866,0.0602
EMC7,7468,0.0602
SP6,5564,0.0602
ENSG00000260350,4848,0.0602
EEPD1,7604,0.0602
IPO11,7600,0.0602
ENSG00000267512,6714,0.0602
ENSG00000262967,6420,0.0602
PLEKHD1,6440,0.0602
FMNL1,7359,0.0602
PPM1J-DT,598,0.0602
VAV3,7110,0.0602
NAA20,7573,0.0602
ENSG00000282024,2274,0.0602
GARIN4,3075,0.0602
POLR3K,7110,0.0602
ENSG00000255446,4158,0.0602
ENSG00000267618,5784,0.0602
BOLA3-DT,6633,0.0602
ACTR3C,7238,0.0602
SOCS6,7478,0.0601
ENSG00000230782,6944,0.0601
ENSG00000290043,768,0.0601
ATP8B5P,5921,0.0601
AFF1,7641,0.0601
KIF6,7090,0.0601
ENSG00000205622,7273,0.0601
ENSG00000215869,4790,0.0601
HRAT17,3650,0.0601
CERS3,5896,0.0601
ENSG00000287673,1477,0.0601
GRM5,6181,0.0601
LINC02550,2130,0.0601
ENSG00000286221,7192,0.0601
MFSD12,7553,0.0601
ZNF417,7371,0.0601
ENSG00000287226,6165,0.0601
TRAPPC11,7455,0.0601
CCNY-AS1,7430,0.0601
DHDDS-AS1,6114,0.0601
PTRH2,7516,0.0601
RBM4B,7480,0.0601
ENSG00000226994,5666,0.0601
CDH2,7530,0.0601
MTATP6P2,22,0.0601
JADRR,172,0.06
KRT17,6968,0.06
RINT1,7557,0.06
ENSG00000260345,3977,0.06
GLS2,6663,0.06
LINC01476,6039,0.06
DKK3,7363,0.06
NR1I2,3955,0.06
PSMD11,7557,0.06
ENSG00000291178,7404,0.06
MAOB,5556,0.06
ENSG00000254972,30,0.06
GALNT1,7595,0.06
PET117,6982,0.06
ATP6V1C2,7269,0.06
NECAP2,7401,0.06
SMIM22,3922,0.06
DRC3,7208,0.06
CFAP410,7075,0.06
ENSG00000223732,7241,0.06
PTRH1,7258,0.06
ENSG00000240338,103,0.0599
CYP2U1,7107,0.0599
SLC35E2B,7443,0.0599
ENSG00000290226,7087,0.0599
CASKIN1,6957,0.0599
SCN3A,7035,0.0599
LEMD3,7570,0.0599
DESI2,7556,0.0599
ENSG00000232346,1140,0.0599
MAL2,7579,0.0599
RASSF2,7010,0.0599
TBPL2,3728,0.0599
APOL5,1887,0.0599
ENSG00000268575,7344,0.0599
LSM2,7372,0.0599
NT5DC1,7531,0.0599
HERC2P5,1533,0.0599
PCDHB4,3346,0.0599
PCDH11Y,6438,0.0599
ENSG00000279453,6968,0.0599
MPZL1,7604,0.0599
AGMAT,6176,0.0599
LINC01801,3593,0.0599
ENSG00000260585,3373,0.0598
MIEF2,7055,0.0598
COLEC12,6791,0.0598
HPS6,6982,0.0598
ENSG00000228719,5214,0.0598
ENSG00000287859,3828,0.0598
THBS4,7245,0.0598
LARP7,7536,0.0598
ENSG00000227747,70,0.0598
KCMF1,7636,0.0598
PDLIM1,7410,0.0598
SNORC,7390,0.0598
DOK6,7353,0.0598
ENSG00000254631,5768,0.0598
SLC38A6,7530,0.0598
ENSG00000255580,6433,0.0598
HMGB3P12,41,0.0598
ENSG00000269843,3468,0.0598
VAV1,6539,0.0598
ZNF524,6966,0.0598
ENSG00000280214,5279,0.0598
NSD1,7626,0.0598
ZNF549,7308,0.0598
CFAP61,6968,0.0598
GUSBP2,6127,0.0597
ENSG00000240440,1660,0.0597
ENSG00000285830,6391,0.0597
LINC01254,176,0.0597
ENSG00000236858,139,0.0597
MLC1,1787,0.0597
HERC2P9,7312,0.0597
ENSG00000273335,366,0.0597
MICOS13,7311,0.0597
CD38,5278,0.0597
ENSG00000244619,247,0.0597
ENSG00000254431,1490,0.0597
THEGL,5707,0.0597
ZNF570,7060,0.0597
CMC1,7547,0.0597
LINC02259,6655,0.0597
ENSG00000289533,1142,0.0597
ENSG00000218766,141,0.0597
CCDC140,926,0.0597
MAML1,7556,0.0597
SNRPE,7412,0.0597
ENAM,808,0.0597
ASIC2,7304,0.0597
USP12,7616,0.0597
ENSG00000253667,5297,0.0597
OACYLP,5536,0.0597
ZFPL1,7361,0.0597
GOLGA8R,2568,0.0597
ENSG00000248516,2082,0.0597
LRTM1,3228,0.0597
REPS2,7424,0.0597
PEX7,7442,0.0597
PKIA-AS1,7254,0.0596
KRT20,7059,0.0596
MTCH2,7518,0.0596
USP38-DT,7204,0.0596
KCNK9,6110,0.0596
DSCR8,2373,0.0596
ZNF660,5355,0.0596
ENSG00000284707,7432,0.0596
ENSG00000249877,100,0.0596
HNRNPA1L3,7235,0.0596
NICN1,6920,0.0596
ENSG00000288065,5901,0.0596
ENSG00000272141,3339,0.0596
ENSG00000272320,848,0.0596
ZNF343,7409,0.0596
ENSG00000254443,202,0.0596
ENSG00000260103,5659,0.0596
ANKRD62,3740,0.0596
DDX52,7572,0.0596
C4A,1420,0.0596
PDZD8,7605,0.0595
LINC02197,4873,0.0595
GOLGA8Q,192,0.0595
ENSG00000248515,7597,0.0595
ENSG00000288271,7207,0.0595
NCAM1,7474,0.0595
MIATNB,7495,0.0595
ENSG00000276502,366,0.0595
RNF168,7582,0.0595
FEN1,7231,0.0595
ENSG00000227683,3898,0.0595
DGCR6L,6652,0.0595
MCTS1,7413,0.0595
DCST1,5338,0.0595
SS18L2,7341,0.0595
ENSG00000223795,3200,0.0595
LINC01333,747,0.0595
ELK1,7401,0.0595
ENSG00000269846,561,0.0595
ENSG00000234826,992,0.0595
SLC10A3,7268,0.0595
NBEAP3,6261,0.0595
ENSG00000287886,4122,0.0594
ENSG00000273456,6181,0.0594
ENSG00000233332,22,0.0594
TLCD3A,7261,0.0594
GABRB2,5096,0.0594
ZBTB46-AS2,6351,0.0594
GCNT2P1,926,0.0594
CREB3L1,7193,0.0594
RPP40,7015,0.0594
SLC22A16,1701,0.0594
IRAK3,7185,0.0594
VPS13A,7634,0.0594
COL6A4P1,4127,0.0594
STK31,6763,0.0593
ENSG00000275833,6082,0.0593
ENSG00000226571,7230,0.0593
MYEF2,7456,0.0593
PDE1A,7092,0.0593
PEAK1,7640,0.0593
ABCC10,7306,0.0593
SHANK1,7185,0.0593
ATG5,7614,0.0593
ZNF438,7545,0.0593
RAB2B,7501,0.0593
SEPTIN7P6,4018,0.0593
CXorf65,1226,0.0593
PIK3CA,7640,0.0593
BIRC6-AS2-1,7172,0.0593
RPL23AP94,343,0.0593
ENSG00000239906,305,0.0593
TJP3,6972,0.0593
LINC02789,6551,0.0593
PRDM6,7022,0.0593
FGD5-AS1,7460,0.0593
DUSP5-DT,7273,0.0593
ENSG00000289924,543,0.0593
ENSG00000279168,4653,0.0593
TLR10,2384,0.0593
ANKRD20A9P,5753,0.0593
FAM91A1,7593,0.0592
RASSF8-AS1,7260,0.0592
GPBP1,7641,0.0592
TRIO,7641,0.0592
NRG4,7291,0.0592
ZSCAN22,7066,0.0592
CREB3,7379,0.0592
CTSE,4023,0.0592
PURG,4630,0.0592
LINC02986,6247,0.0592
SH3BP5-AS1,7354,0.0592
NDUFAF4,7277,0.0592
DCT,6942,0.0592
ENSG00000288674,6946,0.0592
NFYC,7543,0.0592
ZNF529-AS1,7418,0.0592
WASHC1,7050,0.0592
ENSG00000268193,6674,0.0592
LINC00992,5790,0.0591
FBXL6,6985,0.0591
ENSG00000253636,7363,0.0591
ENSG00000261457,1441,0.0591
LINC01019,7271,0.0591
MICAL2,7588,0.0591
ENSG00000250994,6964,0.0591
TSPAN15,7413,0.0591
PPP5D1P-1,7306,0.0591
HSPBAP1,7331,0.0591
ENSG00000289605,7347,0.0591
ZC3H11A,7639,0.0591
EPS15L1,7489,0.0591
C2CD5-AS1,7308,0.0591
SMG1P5,7420,0.0591
ENSG00000266598,2368,0.0591
AUTS2,7616,0.0591
NOL8P1,686,0.0591
NLRP4,2839,0.0591
PDCD1LG2,6998,0.0591
ENSG00000285845,6839,0.0591
RERE-AS1,5436,0.0591
RS1,3239,0.0591
ENSG00000226868,4261,0.0591
ENSG00000286612,369,0.0591
ZNF70,7306,0.0591
NDUFV2-AS1,7271,0.0591
KLHL36,7398,0.0591
AADAT,7157,0.0591
PRIMPOL,7378,0.0591
GRAMD2A,6702,0.0591
ABHD15-AS1,7372,0.059
ZNF362,7336,0.059
RAB38,6883,0.059
TMEM70,7328,0.059
CXCR3,673,0.059
LINC02005,3424,0.059
CREM,7572,0.059
ATOX1,7445,0.059
SGCG,5991,0.059
LINC01821,5202,0.059
ANP32AP1,5331,0.059
ENTREP2,7341,0.059
MARCHF11-DT,206,0.059
RTL8B,4980,0.059
EML4-AS1,4926,0.059
GTF3A,7445,0.059
TAS2R31,4336,0.059
PLCL2-AS1,131,0.059
DCAF6,7639,0.059
TOB2,7565,0.059
FAM8A1,7397,0.059
MAGEA11,1954,0.059
SLC30A6,7510,0.059
ENSG00000248138,6267,0.0589
ENSG00000285872,5397,0.0589
SALRNA2,514,0.0589
GALNT8,6863,0.0589
SUN3,6378,0.0589
ENSG00000259722,808,0.0589
XG,6526,0.0589
XKR4,6605,0.0589
RN7SL689P,5211,0.0589
ENSG00000233583,1740,0.0589
EFCAB15P,6618,0.0589
ENSG00000253821,4214,0.0589
VAX1,1908,0.0589
ENSG00000259093,3261,0.0589
ENSG00000259627,5762,0.0589
ENSG00000286416,7001,0.0589
ZFR2,5527,0.0589
ELP5,7367,0.0589
ENSG00000270361,1472,0.0589
FGF12,7437,0.0589
ENSG00000257735,7126,0.0589
ZNF416,6635,0.0589
ODAD3,5553,0.0589
NDUFAF7,7483,0.0589
ENSG00000259274,6881,0.0589
ROPN1B,2939,0.0589
ROM1,5159,0.0589
GUF1,7411,0.0589
PFDN5,7468,0.0588
GRIK1,7350,0.0588
ENSG00000286134,7249,0.0588
ENSG00000280649,1032,0.0588
ENSG00000225544,54,0.0588
UNK,7538,0.0588
UPK2,6829,0.0588
THEMIS2,7013,0.0588
LTV1,7457,0.0588
CHST10,6091,0.0588
CERT1,7639,0.0588
FGF3,2123,0.0588
SNCB,2809,0.0588
POLR3B,7463,0.0588
GUSBP9,4505,0.0588
ENSG00000197254,722,0.0588
ENSG00000256306,5696,0.0588
EIF2AK1,7614,0.0588
RFTN1,7336,0.0588
SDCBPP1,417,0.0588
TNFRSF4,1423,0.0588
ZNF543,7321,0.0588
SRRM5,7166,0.0588
IVL,705,0.0588
HIVEP1,7627,0.0588
FUOM,5555,0.0588
ZNF668,7301,0.0588
HIC2,7340,0.0588
ENSG00000285006,136,0.0588
KCTD21-AS1,7149,0.0587
ENSG00000289412,4049,0.0587
ENSG00000273174,3102,0.0587
ENSG00000291008,4647,0.0587
SSBP1,7570,0.0587
VHL,7516,0.0587
ZNF204P,5031,0.0587
SCARB2,7600,0.0587
ENSG00000225148,706,0.0587
PTGES3P1,6435,0.0587
CLEC12A,7013,0.0587
LINC02109,7041,0.0587
ENSG00000233292,20,0.0587
DNAJB9,7496,0.0587
ENSG00000280184,5651,0.0587
HS3ST3B1,7301,0.0587
ENSG00000272375,4952,0.0587
TLR5,5952,0.0586
MACORIS,1633,0.0586
RBMS1,7635,0.0586
ENSG00000259436,2734,0.0586
ENSG00000285540,5610,0.0586
GAPDHP71,1337,0.0586
C6orf47,7277,0.0586
MRPS6,7636,0.0586
COPS9,7336,0.0586
TCF24,3630,0.0586
ANKRD44-AS1,90,0.0586
IL12B,1169,0.0586
SYCP2,7353,0.0586
NDUFB9,7574,0.0586
HMGB1P11,1800,0.0586
APOBEC1,2520,0.0586
ENSG00000270919,256,0.0586
DDA1,7434,0.0586
OLFML2B,5050,0.0586
LRP4,7177,0.0586
ANXA8L1,1881,0.0586
MARK4,7613,0.0586
FAM171A1,7416,0.0586
SPDYE5,6870,0.0586
ITGA2-AS1,7037,0.0586
RN7SL138P,739,0.0586
ENSG00000275097,3669,0.0586
ENSG00000283504,937,0.0585
ENSG00000287470,1617,0.0585
ZFP3-DT,357,0.0585
BAZ2B-AS1,5375,0.0585
ENSG00000233936,350,0.0585
CAMKK1,7380,0.0585
ENSG00000235251,183,0.0585
UST-AS2,2590,0.0585
BAG2,7414,0.0585
ENSG00000260515,4414,0.0585
RPL36AP13,1565,0.0585
ENSG00000254706,6549,0.0585
ENSG00000258938,3863,0.0585
TUBB2B,6991,0.0585
NOX4,5646,0.0585
DDR1-DT,1575,0.0585
ENSG00000274235,3451,0.0585
PIERCE1,6160,0.0585
ENSG00000259347,6408,0.0585
HIF3A,5817,0.0585
DCLRE1A,7322,0.0585
ENSG00000281333,5653,0.0585
FDX1,7458,0.0585
GCNT4,6991,0.0585
ENSG00000267288,3626,0.0585
KRAS,7615,0.0585
CELF6,7112,0.0584
GSS,7354,0.0584
HOMER3,7256,0.0584
ST6GALNAC5,6837,0.0584
LYPLA2,7311,0.0584
FEZF1,2831,0.0584
S100B,1968,0.0584
ACSM1,4427,0.0584
PTGIR,4060,0.0584
SOX8,3556,0.0584
ENSG00000288886,2599,0.0584
BTNL12P,7147,0.0584
RNF14,7482,0.0584
NDUFA11,7358,0.0584
ENSG00000287780,6609,0.0584
DCP2,7575,0.0584
SNAPC5,7351,0.0584
ENSG00000249295,6206,0.0584
SQOR,7471,0.0584
CAPN9,3639,0.0584
ENSG00000250124,455,0.0584
ENSG00000249967,6009,0.0584
ENSG00000271892,194,0.0584
ENSG00000290082,2413,0.0584
ZSCAN32,7351,0.0584
LINC01344,6417,0.0584
LRRC37A11P-1,2284,0.0584
JAK3,6936,0.0584
GIMAP2,5375,0.0583
LINC01767,674,0.0583
ALAS1,7448,0.0583
ENSG00000260616,6911,0.0583
ENSG00000286551,1061,0.0583
STRADA,7341,0.0583
CKMT2-AS1,7505,0.0583
ANP32BP1,2779,0.0583
ENSG00000287241,54,0.0583
IL18R1,7041,0.0583
UBASH3B,7541,0.0583
STX17-DT,7252,0.0583
ENSG00000224342,6824,0.0583
TPPP2,257,0.0583
GPAT4,7496,0.0583
VPS8,7637,0.0583
RPS10P7,7291,0.0583
ENSG00000257325,237,0.0583
GNA15-DT,4745,0.0583
FAM131B-AS2,6977,0.0582
EXOSC4,7097,0.0582
RNASEH2A,7177,0.0582
ENSG00000212175,711,0.0582
RNF165,7094,0.0582
THEM6,6989,0.0582
NBPF5P,570,0.0582
USP26,2375,0.0582
SCN4B,5848,0.0582
PRKAB1,7366,0.0582
CYP4F35P-1,2026,0.0582
NFIB,7625,0.0582
GLMP,7212,0.0582
FAM118B,7406,0.0582
RPAP3-DT,6961,0.0582
ENSG00000264164,1126,0.0582
RPL23P8,378,0.0582
ENSG00000285579,7382,0.0582
ENSG00000288075,7145,0.0582
ENSG00000279315,3845,0.0582
ENSG00000235100,7137,0.0582
MTND2P5,119,0.0582
NRN1,7287,0.0582
SERPIND1,6090,0.0582
NSUN7,7098,0.0582
RNF39,5435,0.0581
PPM1M,6828,0.0581
TRMT11,7623,0.0581
NIPAL1,7270,0.0581
COX6CP11,228,0.0581
ENSG00000285367,6617,0.0581
PSMA3P1,106,0.0581
TMEM107,7316,0.0581
LINC01535,6012,0.0581
ENSG00000177359,5653,0.0581
LRIG3-DT,6972,0.0581
CCNH,7604,0.0581
CD200,5660,0.0581
ENSG00000286176,5357,0.0581
TUT7,7629,0.0581
CDRT4,7453,0.0581
ANKRD33,774,0.0581
LINC01341,7238,0.0581
TLDC2,6765,0.0581
ENSG00000230286,6577,0.0581
ENSG00000261259,670,0.0581
ENSG00000273183,2819,0.058
SNX29P1,3036,0.058
ENSG00000287190,5577,0.058
ENSG00000251339,3818,0.058
ENSG00000227227,7314,0.058
IFI27L1,7359,0.058
PANK2-AS1,6975,0.058
GUCY1A1,5678,0.058
ENSG00000279983,6846,0.058
RFNG,7249,0.058
ODF3L2,3469,0.058
ENSG00000228586,3941,0.058
STAG3L5P-PVRIG2P-PILRB,5610,0.058
ENSG00000283405,268,0.058
C1orf43,7584,0.058
ASB18,5657,0.058
PTPRT-DT,240,0.058
FAM3D,5456,0.058
ADGRD1-AS1,1779,0.058
LINC00623,7338,0.058
FAAHP1,5060,0.058
ENSG00000266373,102,0.0579
FCRLA,4076,0.0579
LINC00159,7246,0.0579
ENSG00000272921,6451,0.0579
TDRD7,7526,0.0579
LINC02357,1604,0.0579
ENSG00000288093,6667,0.0579
TCF25,7625,0.0579
ABHD17AP6,3042,0.0579
BEND6,7094,0.0579
SLC14A1,6522,0.0579
ENSG00000237581,42,0.0579
GGN,4159,0.0579
ENSG00000229459,2148,0.0579
ASIC3,6130,0.0579
ENSG00000278733,1154,0.0579
SHBG,6442,0.0579
CEP170P1,6974,0.0579
NAB1P1,140,0.0579
STAT4,7120,0.0579
ENSG00000223691,77,0.0579
ANKRD39,7288,0.0579
RPL9P31,109,0.0579
TTC7A,7517,0.0579
SLIT1,7155,0.0579
RNU1-47P,832,0.0579
ENSG00000253273,212,0.0578
ENSG00000284931,649,0.0578
ENSG00000291066,6600,0.0578
ENSG00000290060,625,0.0578
LINC01638,919,0.0578
ARMCX5-GPRASP2,7409,0.0578
RASA4DP,2613,0.0578
PDE1B,3499,0.0578
ENSG00000228643,7083,0.0578
GALR3,2455,0.0578
RENBP,6706,0.0578
ENSG00000285782,1349,0.0578
EXO5-DT,7241,0.0578
ENSG00000285921,6604,0.0578
AIMP2,7413,0.0578
ENSG00000159239,7284,0.0578
ENSG00000277382,74,0.0578
ALDH1B1,7227,0.0578
SEC16B,6715,0.0578
ENSG00000256568,2358,0.0578
ENSG00000197585,7330,0.0578
UBE2Z,7633,0.0578
CDKN1C,7014,0.0578
KIF21A,7595,0.0578
AK5,7047,0.0577
FKBP9P1,6439,0.0577
S100A8,2986,0.0577
KLRC3,6116,0.0577
CATSPERZ,3853,0.0577
ENSG00000287691,7156,0.0577
ENSG00000236844,427,0.0577
ZCCHC17,7551,0.0577
C12orf54,1543,0.0577
PRXL2A,7397,0.0577
ENSG00000242507,1334,0.0577
EIF4A1P6,176,0.0577
TM4SF5,2523,0.0577
MT1F,6274,0.0577
ENSG00000267980,1109,0.0577
FAM216A,7354,0.0577
LINC02490,1966,0.0577
ENSG00000261218,4631,0.0577
LPAL2,6033,0.0577
DENND5B,7634,0.0577
SCN8A,7409,0.0577
FAM222A-AS1,6686,0.0577
MPV17,7519,0.0577
CCDC141,5247,0.0577
MRPS17P1,2838,0.0577
ACBD7,6969,0.0577
MGAT4C,7253,0.0577
LINC02942,4371,0.0576
ENSG00000286787,7331,0.0576
TEKT4P2-1,6935,0.0576
RNF103,7534,0.0576
YPEL4,5415,0.0576
ENSG00000286427,5371,0.0576
CCDC159,7224,0.0576
LINC01320,7525,0.0576
NFYCP2,146,0.0576
Metazoa_SRP-42,63,0.0576
CXXC1P1-1,857,0.0576
FDXACB1,5794,0.0576
ADAMTS9-AS2,7361,0.0576
TRAIP,7276,0.0576
ENSG00000259357,5702,0.0576
ENSG00000275734,7165,0.0576
SCN1B,6888,0.0576
ADRA1D,5841,0.0576
STRIT1,757,0.0576
ADCY8,6090,0.0576
ENSG00000288711,4819,0.0576
SSR4,7446,0.0576
ACP2,7291,0.0576
ZNF12,7539,0.0576
ENSG00000278291,3717,0.0576
DYNC1LI1,7526,0.0576
SPIN2P1,524,0.0576
LARGE1-AS1,333,0.0576
GEMIN2P2,69,0.0576
RUSC1,7249,0.0576
MORF4L2-AS1,6442,0.0575
ENSG00000273154,6206,0.0575
ZNF221,6577,0.0575
SDR42E2,5411,0.0575
ENSG00000227292,1510,0.0575
ENSG00000289954,21,0.0575
STX3,7582,0.0575
LRIG2-DT,7153,0.0575
SMG9,7485,0.0575
ENSG00000225146,5876,0.0575
ENSG00000287626,4188,0.0575
SOCS3-DT,6837,0.0575
PIP4K2B,7500,0.0575
APOO,7443,0.0575
BEST4,3807,0.0575
ELF2,7641,0.0575
ODR4,7632,0.0575
HLA-DOB,2043,0.0575
KATNAL2,7190,0.0575
ENSG00000286414,3889,0.0575
DOK7,5712,0.0575
STK35,7527,0.0575
CBY1,7364,0.0575
ENSG00000269275,243,0.0574
ARHGAP39,7499,0.0574
ZNF738,7316,0.0574
CNTNAP3P2,6515,0.0574
TBCK,7615,0.0574
DUBR,7332,0.0574
KIAA1586,7357,0.0574
EPM2A,7364,0.0574
CCL24,3699,0.0574
CYSLTR1,3252,0.0574
ZFP91P1,4838,0.0574
ENSG00000272744,2058,0.0574
DOCK8,6924,0.0574
PRIMA1,4194,0.0574
DHX35,7484,0.0574
HMBS,7177,0.0574
MRAS,6992,0.0574
LUC7L3,7641,0.0574
LINC02506,7228,0.0574
RPS3AP19,323,0.0574
EMX1,3402,0.0574
ZNF354A,7413,0.0574
MRPS2,7331,0.0574
ENSG00000203262,1154,0.0573
ADRA1B,6557,0.0573
MSLN,4980,0.0573
CYP2G1P,867,0.0573
KLK3,1735,0.0573
Y_RNA-139,1365,0.0573
NECAB3,7275,0.0573
GRAP2,3923,0.0573
PLA2G2D,117,0.0573
ENSG00000226281,7025,0.0573
BMS1P9,84,0.0573
AKR1C3,7237,0.0573
ENSG00000282917,7283,0.0573
SAPCD2,7319,0.0573
ATIC,7482,0.0573
NAIP,6363,0.0573
QRICH2,7286,0.0573
RICTOR,7640,0.0573
ENSG00000225279,3191,0.0573
MGAT3,5630,0.0573
OTUD7B,7590,0.0572
ENSG00000280247,557,0.0572
ENSG00000256825,6740,0.0572
RPL6P13,321,0.0572
MAP3K5-AS1,6458,0.0572
ENSG00000267501,391,0.0572
RNF114,7558,0.0572
HOTAIRM1,7203,0.0572
ENSG00000245482,6787,0.0572
RBM24,5352,0.0572
ADAMTS7,6400,0.0572
ENSG00000286015,4984,0.0572
ENSG00000287164,5748,0.0572
ENSG00000253397,219,0.0572
KRT18P55,4338,0.0572
ENSG00000235615,892,0.0572
EEF1A1P33,211,0.0572
PRMT8,5794,0.0572
HUWE1,7641,0.0572
TLK1,7639,0.0572
ENSG00000285730,6703,0.0572
CEP162,7415,0.0572
STK33,7236,0.0572
B4GALT4-AS1,6342,0.0572
PIGC,7454,0.0571
LINC00997,6529,0.0571
PHETA2,4040,0.0571
ENSG00000273674,7210,0.0571
MS4A15,871,0.0571
FAN1,7513,0.0571
ENSG00000250654,420,0.0571
ENSG00000289393,6431,0.0571
SLC4A1,3270,0.0571
LINC02526,979,0.0571
SNTG1,7252,0.0571
SLC16A4,7358,0.0571
PAPLN,7011,0.0571
CASC20,6080,0.0571
ENSG00000235819,3590,0.0571
C1QTNF6,7334,0.0571
CHMP1B2P,6601,0.0571
ENSG00000272505,1236,0.0571
SLC6A6,7598,0.0571
RPL7P6,909,0.0571
LINC02874,742,0.0571
RHOU,7021,0.0571
ENSG00000279796,4665,0.0571
ENSG00000261889,6466,0.0571
PTBP2,7631,0.0571
CYC1,7403,0.0571
AKR7A2,7361,0.0571
ENSG00000225411,940,0.0571
ENSG00000290098,6651,0.0571
IKBKB,7505,0.0571
ENSG00000250046,630,0.0571
HTRA2,7256,0.0571
GRM5P1,3864,0.057
ENSG00000233635,7244,0.057
PINX1-1,7006,0.057
ACTR1B,7392,0.057
SNX16,7436,0.057
BAIAP2L1,7632,0.057
ENSG00000271774,7156,0.057
ERFL,6702,0.057
ENSG00000228735,56,0.057
ENSG00000286442,1999,0.057
SPR,7275,0.057
LINC03008,1047,0.057
ENSG00000290784,6505,0.057
NOX5-1,5472,0.057
ENSG00000270020,4457,0.057
ENSG00000263300,6794,0.057
CHST14,6861,0.057
PAN2,7414,0.057
ENSG00000288758,969,0.057
PLA2G4E-AS1,5164,0.057
LINC02656,6991,0.057
PPP3CB,7545,0.057
WBP1,7355,0.057
ENSG00000253664,2997,0.057
SMAD9,7468,0.057
CYB561D2,7301,0.057
C17orf49,7324,0.057
USP11,7506,0.057
TMEM163,7301,0.057
ENSG00000278607,1373,0.057
ENSG00000237550,7176,0.0569
GEN1,7440,0.0569
PTDSS2,7412,0.0569
ENSG00000215840,5394,0.0569
ENSG00000287999,6454,0.0569
TP53RK,7285,0.0569
LINC00630,7497,0.0569
PRORP,7518,0.0569
NDUFAF4P3,1412,0.0569
PNLIPRP2,678,0.0569
OBP2A,552,0.0569
TMEM101,7401,0.0569
ENSG00000260741,574,0.0569
ASB14,7037,0.0569
SLC16A9,7081,0.0569
RGS9BP,3101,0.0569
DDIT4L,4345,0.0569
HPX,6827,0.0569
ENSG00000259579,7044,0.0569
RNU6-667P,2946,0.0569
S100A7,2834,0.0569
SAMD15,6606,0.0569
ENSG00000248015,3467,0.0569
ENSG00000262049,6552,0.0569
CLIC1P1,975,0.0568
ENSG00000256943,1261,0.0568
BEX4,5175,0.0568
ZNF890P,913,0.0568
PLEKHJ1,7257,0.0568
ENSG00000284648,702,0.0568
CASKIN2,7291,0.0568
ENSG00000278341,3196,0.0568
CLCA3P,1745,0.0568
PLD5P1,7321,0.0568
VAPA,7630,0.0568
CCSER2,7629,0.0568
ENSG00000236235,738,0.0568
CSPG5,7080,0.0568
PARP8,7625,0.0568
ST8SIA6,7112,0.0568
LINC02282,469,0.0568
EGLN3,7638,0.0568
KCNH1,6970,0.0568
PHAX,7451,0.0568
MECOM-AS1,3948,0.0568
SUSD4,6302,0.0568
ENSG00000270792,7110,0.0568
ENSG00000286714,3347,0.0568
EVA1B,6056,0.0568
ENSG00000276030,4246,0.0568
ENSG00000283635,4709,0.0568
IGFL2,6395,0.0568
ENSG00000259661,2164,0.0568
GLT8D2,6982,0.0568
SLC25A5P5,118,0.0568
NFIB-AS1,6162,0.0568
OARD1,7440,0.0568
GIHCG,7041,0.0568
NAIPP2,6252,0.0568
ENSG00000286072,6543,0.0567
POLE3,7447,0.0567
SYCE2,7319,0.0567
HOGA1,6295,0.0567
ENSG00000289082,3658,0.0567
BCO2,7176,0.0567
THEMIS3P,493,0.0567
LINC03050,4540,0.0567
LBHD1,7349,0.0567
ENSG00000289347,4979,0.0567
SPAG16-DT,1356,0.0567
TSBP1,5505,0.0567
DPEP2NB,133,0.0567
ENSG00000282943,7005,0.0567
KLRG1,6943,0.0567
ENSG00000258400,462,0.0567
ATP5MF,7546,0.0567
CNKSR1,6841,0.0567
LINC01399,7265,0.0567
ENSG00000235872,6934,0.0567
LRFN5-DT,1515,0.0567
CSAG4-1,2773,0.0567
ENSG00000250092,573,0.0567
KDM4D,7209,0.0567
FKBP1A,7541,0.0567
ENSG00000267127,7335,0.0567
WSCD1,5781,0.0567
ZNF555,7338,0.0567
ENSG00000237400,5105,0.0566
ENSG00000252690,7014,0.0566
GMNC,2962,0.0566
GPR142,58,0.0566
SMARCD2,7403,0.0566
POU2AF1,4556,0.0566
ENSG00000255866,3052,0.0566
CTAGE1,755,0.0566
ENSG00000285887,2666,0.0566
LINC00501,3651,0.0566
ENSG00000287915,1632,0.0566
ENSG00000251555,5907,0.0566
FAM86KP,2575,0.0566
ENSG00000228737,6414,0.0566
LINC01887,1037,0.0566
RRM2B,7519,0.0566
TYSND1,7307,0.0566
HSD17B7P2,7037,0.0566
DENND1A,7637,0.0566
DIAPH1-AS1,6631,0.0566
UBXN10,3678,0.0566
ENSG00000289092,6591,0.0566
ENSG00000278869,2299,0.0566
ENSG00000260170,7063,0.0565
ENSG00000226468,269,0.0565
MIR1915HG,6675,0.0565
PLAC4,6930,0.0565
ARHGAP9,5408,0.0565
METTL14,7533,0.0565
Y_RNA-542,1424,0.0565
LINC01543,4353,0.0565
TLCD4-RWDD3,6562,0.0565
ENSG00000282890,6924,0.0565
C14orf28,7163,0.0565
YWHAEP7,705,0.0565
RNF122,7270,0.0565
LINC00707,7339,0.0565
TUBA4A,7213,0.0565
SEMG1,679,0.0565
CADM2-AS1,1752,0.0565
AQP9,2001,0.0565
ENSG00000285454,4486,0.0565
OBI1-AS1,6970,0.0565
ENSG00000257002,2478,0.0565
LOXL4,6533,0.0565
PAXBP1,7597,0.0565
ENSG00000287207,1179,0.0565
RTCA-AS1,7096,0.0565
MLXIPL,7100,0.0564
RNU6-50P,22,0.0564
NPM1P18,244,0.0564
ENSG00000289526,6314,0.0564
IGFBP7,7525,0.0564
RBM11,5112,0.0564
COL4A4,7261,0.0564
METTL8,7474,0.0564
CNGA1,6816,0.0564
ENSG00000241220,2469,0.0564
COX19,7596,0.0564
LINC01477,407,0.0564
ENSG00000270249,4184,0.0564
IHO1,6317,0.0564
KCNJ4,2758,0.0564
ENSG00000261584,54,0.0564
RASSF6,7322,0.0564
REC114,6841,0.0564
DGKK,1875,0.0564
ILF3-DT,7307,0.0564
ATP13A3-DT,7112,0.0564
ENSG00000270277,5337,0.0564
CSF1R,6159,0.0564
ITPKB,7291,0.0564
ENSG00000255209,1583,0.0563
TEKTIP1,7120,0.0563
ZNF764,7233,0.0563
ENSG00000262533,1898,0.0563
RFPL4AL1,162,0.0563
ENSG00000258784,6755,0.0563
NFAT5,7641,0.0563
DCSTAMP,1048,0.0563
ENSG00000222042,6660,0.0563
KAT14,7440,0.0563
SPATA18,5874,0.0563
AP5B1,7330,0.0563
ENSG00000290692,30,0.0563
FHL1,7308,0.0563
ENSG00000280053,2708,0.0563
QPCTL,7409,0.0563
LINC02995,374,0.0563
LINC02710,1128,0.0563
BEST3,5313,0.0563
PDZD7,7102,0.0563
ENSG00000285637,5348,0.0563
ENSG00000260073,391,0.0563
ADAMTS9-AS1,3808,0.0563
ENSG00000231464,694,0.0563
ENSG00000250899,6919,0.0563
OTUD7A,7434,0.0562
ENSG00000248537,4862,0.0562
ENSG00000249916,1418,0.0562
ZNF157,3857,0.0562
TCN2,6076,0.0562
ENSG00000248188,806,0.0562
CROCC2,2196,0.0562
LIG4,7335,0.0562
ENSG00000261094,7180,0.0562
SH3RF1,7613,0.0562
LINC00322,1395,0.0562
NPIPA5,4708,0.0562
ENSG00000230725,109,0.0562
FSIP2-AS1,7307,0.0562
ENSG00000228484,4583,0.0562
SERPINB2,7167,0.0562
EXOSC6,7344,0.0562
ENSG00000287465,25,0.0562
GGNBP1,6533,0.0562
RAP1GAP,7346,0.0562
TESPA1,1876,0.0562
FAM169BP,4407,0.0562
SLC7A3,199,0.0562
ENSG00000249320,385,0.0562
CD93,1711,0.0562
PTPN21,7494,0.0562
L1CAM-AS1,3092,0.0562
ENSG00000286628,1892,0.0562
RPL12P38,2555,0.0562
SIPA1L1-AS1,6593,0.0562
RSC1A1,7084,0.0561
ENSG00000267053,7187,0.0561
ENSG00000237735,1086,0.0561
GSR,7474,0.0561
STRIP1,7446,0.0561
ZBTB9,7006,0.0561
MPHOSPH6,7420,0.0561
ENSG00000285822,7233,0.0561
P2RY10,538,0.0561
AKAP3,5577,0.0561
ICE1,7638,0.0561
ENSG00000287332,3969,0.0561
ENSG00000289198,3489,0.0561
CILP,2972,0.0561
ENSG00000218713,3137,0.0561
TDH,5793,0.0561
NTN5,6174,0.0561
GPRC5D,6886,0.0561
SLC7A9,7090,0.0561
GRPEL2-AS1,6958,0.0561
ENSG00000276241,2876,0.0561
MCOLN3,6847,0.0561
LINC02913,2277,0.0561
ENSG00000233735,26,0.0561
DHRS11,7161,0.056
DUSP22,7436,0.056
RPS15AP12,724,0.056
BLOC1S3,7032,0.056
CLDN14,7104,0.056
PDXDC1,7636,0.056
ENSG00000255197,6171,0.056
FGGY-DT,6669,0.056
AGBL2,7115,0.056
RN7SKP225,114,0.056
ACBD4,7216,0.056
ENSG00000286130,278,0.056
RNU6-495P,1102,0.056
JSRP1,6677,0.056
LINC00298,6654,0.056
ZNF578,5450,0.056
CAMK1G,5496,0.056
ENSG00000225721,7051,0.056
SLC2A14,6996,0.056
ENSG00000287559,5022,0.056
RASAL1,6647,0.056
NOL11,7516,0.056
LINC02397,548,0.056
FOXJ2,7390,0.056
PIH1D2,6696,0.056
TBX5,1800,0.056
KLHL42,7508,0.056
ENSG00000267605,6727,0.056
GOLGA7B-DT,6148,0.0559
ENSG00000273271,2913,0.0559
ENSG00000184188,116,0.0559
HPGD,6935,0.0559
ENSG00000263707,800,0.0559
ZNF85,6548,0.0559
ENSG00000291283,7177,0.0559
BANCR,1037,0.0559
ADAM23,7331,0.0559
MBD4,7507,0.0559
LINC02941,6138,0.0559
TNRC18P2,1049,0.0559
SPOUT1,7353,0.0559
KRBOX5,7498,0.0558
THSD8,7119,0.0558
CYB5A,7305,0.0558
RING1,7380,0.0558
RIPOR2,6961,0.0558
ZFYVE21,7402,0.0558
LINC02607,5344,0.0558
ENSG00000258599,502,0.0558
OCA2,6720,0.0558
ENSG00000196826,7502,0.0558
ENSG00000286364,3452,0.0558
BRMS1,7325,0.0558
MAN2A2,7327,0.0558
MGC4859,7123,0.0558
GAGE2A,489,0.0558
ENSG00000286562,4528,0.0558
BABAM2,7638,0.0558
ZBTB20-AS1,6519,0.0558
SLC1A2,6069,0.0558
GATM,6703,0.0558
CRISPLD1,6752,0.0558
MIR3659HG,6934,0.0557
ENSG00000213204,7015,0.0557
FILNC1,5037,0.0557
ENSG00000229192,3234,0.0557
ENSG00000287784,1622,0.0557
ENSG00000231731,7300,0.0557
ENSG00000288735,4933,0.0557
EEF1A1P5,7118,0.0557
ENSG00000287015,282,0.0557
ENSG00000225519,546,0.0557
LMX1B-DT,3205,0.0557
ENSG00000270052,575,0.0557
SCRN3,7413,0.0557
ADIPOR1,7549,0.0557
RNU4-85P,1078,0.0557
LINC02300,4847,0.0557
LMX1B,6520,0.0557
PGC,3095,0.0557
SUMF1,7598,0.0557
PRKDC,7641,0.0557
LINC00879,5955,0.0557
C2CD4D,1555,0.0557
BICRAL,7608,0.0556
LRRC4B,6457,0.0556
DHRS4L2,7159,0.0556
KCTD8,7025,0.0556
BOLA3P2,291,0.0556
KHDRBS2,6838,0.0556
ANO7L1,6607,0.0556
CFL1P2,123,0.0556
PDE4DIPP6,6848,0.0556
ENSG00000272840,6827,0.0556
ENSG00000216809,4944,0.0556
MRTFA-AS1,5983,0.0556
ARPC2,7641,0.0556
MYO3A,6408,0.0556
ENSG00000231149,5162,0.0556
ENSG00000284738,6866,0.0556
PARP11-AS1,2587,0.0556
ABCA12,6798,0.0556
MRI1,7327,0.0555
PITPNB,7622,0.0555
LINC01653,82,0.0555
TCF7L2,7638,0.0555
ENSG00000249593,6612,0.0555
ENSG00000233912,7254,0.0555
NSG2,6104,0.0555
CBX3P4,5867,0.0555
SETD6,7184,0.0555
VEZF1,7549,0.0555
C3orf14,7135,0.0555
ENSG00000271754,4389,0.0555
TENT5B,6209,0.0555
LRRC73,6490,0.0555
STAC,7272,0.0555
BSN,7044,0.0555
ENSG00000248588,5698,0.0555
RC3H2,7594,0.0555
BLOC1S1,7318,0.0555
CACNB4,7548,0.0555
KLK6,6459,0.0555
LZIC,7460,0.0555
ENSG00000287929,5305,0.0555
OR14J1,1251,0.0555
HFE,7174,0.0555
UMPS,7399,0.0555
ZNF557,7426,0.0554
PPP1R26-AS1,7349,0.0554
SLC9A3R2,7350,0.0554
NBPF13P,5472,0.0554
RASSF1,7423,0.0554
SERPINB5,7169,0.0554
LINC02960,4282,0.0554
CNTN6,6337,0.0554
ENSG00000285631,35,0.0554
NME3,6762,0.0554
RPL5P1,1179,0.0554
ST3GAL1-DT,5978,0.0554
CADPS,7360,0.0554
C1orf210,3619,0.0554
ENSG00000255775,1091,0.0554
PEX2,7483,0.0554
RBM26,7638,0.0554
WNT16,5156,0.0554
LINC00640,7242,0.0554
WNT4,6124,0.0554
ENSG00000284418,6943,0.0554
ENSG00000283982,6595,0.0554
HSP90AB3P,6964,0.0554
ERICH3,4746,0.0553
ENSG00000282440,6300,0.0553
ISY1-RAB43,7144,0.0553
UGT1A3,760,0.0553
SARDH,6284,0.0553
ZNF750,5450,0.0553
ENSG00000282143,446,0.0553
MARCO,2658,0.0553
TMEM38B,7479,0.0553
MYO9A,7641,0.0553
ENSG00000291316,4157,0.0553
GAREM2,6101,0.0553
ENSG00000259678,7178,0.0553
RRN3,7452,0.0553
PYCR2,7347,0.0553
CLNK,5312,0.0553
ENSG00000288033,7267,0.0553
MRPS9,7510,0.0553
PTEN,7636,0.0553
ENSG00000266957,7169,0.0553
STK32B,7264,0.0553
USP44,5533,0.0553
ENSG00000272979,2606,0.0553
NDUFAF8,7331,0.0553
ENSG00000255146,868,0.0553
ENSG00000267579,1684,0.0552
ANGPTL1,6832,0.0552
MANSC4,5599,0.0552
RPL36AP49,940,0.0552
DAB1,7355,0.0552
HAVCR2,7343,0.0552
ENSG00000256206,7254,0.0552
KSR1,7442,0.0552
ADGRE3,6877,0.0552
CPO,4319,0.0552
ENSG00000229930,1392,0.0552
ENSG00000258702,4511,0.0552
PRAF2,7337,0.0552
ENSG00000254900,185,0.0552
ZNF408,7148,0.0552
RPL5P6,156,0.0552
RNPS1,7524,0.0552
PROM2,5887,0.0552
TMEM272,4695,0.0552
NUP93,7500,0.0552
BLNK,5594,0.0552
BCAS4,7396,0.0552
GLTPP1,167,0.0552
ENSG00000270302,3329,0.0552
LINC02505,4701,0.0551
ZNF761,7524,0.0551
ENSG00000261351,5718,0.0551
SAFB2,7607,0.0551
POTEF-AS1,139,0.0551
C6orf120,7321,0.0551
ENSG00000260371,7177,0.0551
PRODH-1,2381,0.0551
MARVELD2,7385,0.0551
ZNF841,7556,0.0551
RPA2,7385,0.0551
VWA2,5707,0.0551
ENSG00000283999,20,0.0551
INSRR,1552,0.0551
ENSG00000287828,3746,0.0551
SIX2,2092,0.0551
C4BPAP2,74,0.0551
ENSG00000241860,5279,0.0551
ENSG00000260763,736,0.0551
ENSG00000243960,6735,0.0551
LINC01702,496,0.0551
LINC01694,4149,0.0551
ENSG00000270393,993,0.0551
MANEAL,7003,0.0551
TYRO3,7280,0.0551
GABARAP,7512,0.0551
CERS4,7334,0.0551
IMMP2L,7641,0.0551
HSPD1P6,3817,0.0551
ENSG00000286403,4827,0.0551
LINC03026,3270,0.055
SMG1P2,7516,0.055
ZNF747,6720,0.055
OR1A1,145,0.055
CHURC1,7489,0.055
CACNG4,6885,0.055
DPP9,7558,0.055
ENSG00000291159,7195,0.055
RPL7AP11,645,0.055
ENSG00000232646,184,0.055
PWWP2B,7157,0.055
SPSB1,7582,0.055
ENSG00000255817,6000,0.055
ENSG00000273763,7336,0.055
IP6K3,1776,0.055
LINC02587,535,0.055
RFX5,7262,0.055
ENSG00000262304,5363,0.055
ENSG00000286631,1107,0.055
TTC3-AS1,6151,0.0549
LINC01270,6086,0.0549
ENSG00000278881,141,0.0549
CHRDL1,4709,0.0549
KNCN,295,0.0549
OR2M3,1446,0.0549
ADRB2,5996,0.0549
PCDH9-AS4,688,0.0549
ZNF831,3092,0.0549
CISTR,201,0.0549
VN1R80P,313,0.0549
SYNGR3,5579,0.0549
ZBTB34,7378,0.0549
NID2,6869,0.0549
FRYL,7640,0.0549
CFLAR,7615,0.0549
ADAM21,6937,0.0549
ENSG00000262160,6598,0.0549
ENSG00000269652,2116,0.0549
RRAGB,7440,0.0549
FAM120B,7623,0.0549
ENSG00000225643,5592,0.0549
WASHC2A,7415,0.0549
GALC,7308,0.0549
CSF2RA,6888,0.0549
ENSG00000254363,7256,0.0549
DDX20,7335,0.0548
RFC4,7358,0.0548
LINC02008,7162,0.0548
ADRA2B,1964,0.0548
ENSG00000225563,4451,0.0548
ENSG00000265554,5483,0.0548
DMRT2,1497,0.0548
TIPARP,7584,0.0548
ENSG00000207751,7282,0.0548
EBF3,5035,0.0548
ENSG00000231868,622,0.0548
LINC01395,3253,0.0548
COL11A1,7270,0.0548
ENSG00000261604,6752,0.0548
TTF1,7519,0.0548
FOXO4,7190,0.0548
ENSG00000287583,125,0.0548
ENSG00000286833,5072,0.0548
TLE3,7560,0.0548
ENSG00000287225,413,0.0548
ENSG00000279609,442,0.0548
TEX22,7330,0.0548
OR51B2,301,0.0548
LINC03022,5752,0.0548
RPP25,6023,0.0548
HYPK,7293,0.0548
ZNF334,4855,0.0547
HNMT,7200,0.0547
RDXP1,685,0.0547
ENSG00000279865,5942,0.0547
LINCADL,6455,0.0547
ALKBH3,7423,0.0547
FAM156A,7331,0.0547
LINC01921,1311,0.0547
DHX8,7519,0.0547
COPS8,7446,0.0547
LINC00671,2479,0.0547
ENSG00000279348,6425,0.0547
ENSG00000243304,123,0.0547
LINC02899,7469,0.0547
ENSG00000278898,140,0.0547
TTYH1,6268,0.0547
LINC01968,5696,0.0547
PABPC4-AS1,6784,0.0547
ENSG00000254607,3511,0.0547
RABGAP1L-DT,5500,0.0547
RFTN1P1,600,0.0547
DOCK2,6816,0.0547
FAR2P1,6740,0.0546
GCNT3,7416,0.0546
RNF166,7276,0.0546
ENSG00000225313,7242,0.0546
LAPTM4B,7449,0.0546
SGTA,7496,0.0546
ELMO2P1,234,0.0546
ENSG00000255470,1888,0.0546
MED28-DT,7146,0.0546
FZD10-AS1,1781,0.0546
ENSG00000288550,538,0.0546
KIAA1614,6955,0.0546
ZNF528-AS1,6907,0.0546
FUT2,6420,0.0546
ACSM2A,501,0.0546
TST,6936,0.0546
GASK1B-AS1,6075,0.0546
ENSG00000243384,1011,0.0546
CDH26,7101,0.0546
LACTB2,7306,0.0545
ZEB2P1,1439,0.0545
ENSG00000268533,7382,0.0545
CRACR2A,7203,0.0545
TNFRSF10A-DT,6143,0.0545
ACTL10,1682,0.0545
RSBN1,7515,0.0545
RPL22P4,486,0.0545
ZNF28,7360,0.0545
AIRN,523,0.0545
ZNF616,7334,0.0545
LINC02220,5585,0.0545
HGD,7175,0.0545
MN1,7376,0.0545
RUVBL1,7422,0.0545
ENSG00000283633,5954,0.0545
CDC42EP4,7470,0.0545
COX7A2L,7499,0.0545
TMEM147-AS1,6971,0.0545
OR2L6P,163,0.0545
TAGAP,1444,0.0545
FAM104A,7446,0.0545
ENSG00000259478,1424,0.0545
ZC3H8,7497,0.0545
NBPF12,7521,0.0545
LIF-AS2,5742,0.0545
ENSG00000230638,185,0.0545
LINC01234,7274,0.0545
RPS27AP7,228,0.0545
ENSG00000289709,100,0.0545
LINC02901,6792,0.0545
ENSG00000253326,94,0.0544
C5orf60,70,0.0544
WHRN,7502,0.0544
CHRAC1,7425,0.0544
ENSG00000260274,5195,0.0544
NIPSNAP3B,6596,0.0544
LINC02866,2007,0.0544
ARMH1,7373,0.0544
ENSG00000258824,7427,0.0544
ENSG00000286511,6898,0.0544
CPB1,3356,0.0544
GSDMA,5085,0.0544
LINC02358,136,0.0544
XRN2,7620,0.0544
ENSG00000260911,7229,0.0544
LIMD1,7558,0.0544
ENSG00000289421,7037,0.0544
ENSG00000246250,7115,0.0544
ENSG00000260465,7251,0.0544
TMED2-DT,7051,0.0544
ENSG00000287410,5123,0.0544
MINDY3,7548,0.0543
ENSG00000259504,5105,0.0543
WFS1,7316,0.0543
ENSG00000274993,4982,0.0543
TSPAN18,6103,0.0543
PPP2R3A,7596,0.0543
ERMP1,7488,0.0543
ENSG00000289500,390,0.0543
PPP1R9A-AS1,7196,0.0543
GATA2-AS1,7361,0.0543
COL4A2-AS2,2537,0.0543
ENSG00000285889,7214,0.0543
ANK1,7118,0.0543
ENSG00000249417,6917,0.0543
SLC5A11,7138,0.0543
SPRY3,7370,0.0543
LINC00881,5909,0.0543
ENSG00000289236,6123,0.0543
PLEKHA1,7619,0.0543
TNPO1-DT,4426,0.0543
ENSG00000285068,1802,0.0543
DEAF1,7494,0.0543
ENSG00000235020,3733,0.0543
ENSG00000224541,6950,0.0543
LINC01378,4984,0.0543
ENSG00000259191,36,0.0543
ENSG00000249049,934,0.0543
ENSG00000286786,7104,0.0543
HNRNPA1P51,246,0.0542
GPX3,6842,0.0542
WT1-AS,6184,0.0542
PSMB7,7626,0.0542
ENSG00000248837,6828,0.0542
WRN,7598,0.0542
ENSG00000230805,1007,0.0542
GTF2IP20,2890,0.0542
NFIA-AS2,4694,0.0542
ENSG00000241073,7314,0.0542
MPZ,2485,0.0542
RNF182,6814,0.0542
MRPL10,7342,0.0542
ENSG00000228692,420,0.0542
ENSG00000273599,5915,0.0542
ENSG00000267260,2267,0.0542
ENSG00000265799,2118,0.0542
HCCS,7326,0.0542
RNF126,7370,0.0542
PCBP4,7354,0.0542
LINC02112,7093,0.0542
CCDC93,7584,0.0542
ENSG00000253205,2388,0.0542
ZNF331,7355,0.0542
AGXT2,2356,0.0542
GSTK1,7373,0.0542
KRT10-AS1,7151,0.0542
KLRK1,6071,0.0542
SLC10A1,6614,0.0542
ENSG00000280397,156,0.0542
SLC5A4-AS1,7289,0.0541
CNEP1R1,7377,0.0541
GNA15,7106,0.0541
LAMA2,7294,0.0541
ENSG00000288750,858,0.0541
ACKR2,6898,0.0541
ENSG00000286112,6922,0.0541
POLR2C,7390,0.0541
POSTN,6977,0.0541
FZD4,7191,0.0541
NME5,6207,0.0541
ENSG00000231252,5681,0.0541
MRPS31,7528,0.0541
MGAM2,6657,0.0541
UBE2M,7437,0.0541
ENSG00000290938,47,0.0541
ENSG00000291017,587,0.0541
HERC2P3,6917,0.0541
TRIM73,3996,0.0541
HSPD1P10,5875,0.0541
FRG1GP,5243,0.0541
LINC02080,6320,0.0541
ENSG00000225498,6455,0.0541
LINC00656,332,0.0541
LINC02933,2462,0.0541
LINC02824,2347,0.0541
EIF2B1,7370,0.0541
USP9X,7639,0.0541
FARSB,7497,0.054
ENSG00000290547,551,0.054
MSL3P1,6938,0.054
FANCE,7016,0.054
ENSG00000266401,5622,0.054
PIWIL1,6444,0.054
TDGP1,3753,0.054
ENSG00000253693,7258,0.054
MMP21,6666,0.054
DPY19L2P3,7179,0.054
ENSG00000261307,3348,0.054
ENSG00000287864,192,0.054
ENSG00000265784,7064,0.054
LINC02434,1155,0.054
RAD51D,7338,0.0539
ATOSB,7285,0.0539
CLXN,921,0.0539
RPL34P27,6236,0.0539
ENSG00000262312,6460,0.0539
ENSG00000226708,122,0.0539
CC2D2A,7431,0.0539
PWRN4,5407,0.0539
PSMG4,7407,0.0539
LINC02294,3788,0.0539
COX20,7463,0.0539
ENSG00000287200,5563,0.0539
CORO1A-AS1,365,0.0539
MTFR2,7323,0.0539
ENSG00000261433,582,0.0539
SPATA2L,7220,0.0539
CDH20,6143,0.0539
TMEM220,6703,0.0539
KIAA2013,7374,0.0539
TMEM52,4367,0.0539
PPA1,7562,0.0538
ENSG00000231403,438,0.0538
ENSG00000286250,130,0.0538
ENSG00000272442,4250,0.0538
EAF1,7467,0.0538
ENSG00000261147,3532,0.0538
NUP153-AS1,5974,0.0538
DDC-AS1,1080,0.0538
TEP1,7530,0.0538
DDTL,6601,0.0538
FBXW2,7557,0.0538
ENSG00000279289,6116,0.0538
MTND1P5,102,0.0538
ZNF280C,7468,0.0538
ENSG00000261458,2046,0.0538
LINC02760,233,0.0538
ENSG00000224810,1201,0.0538
EXOSC3,7521,0.0538
CT69,5491,0.0538
ENSG00000288955,2612,0.0538
TACR3-AS1,6690,0.0538
CCR10,6521,0.0537
CISH,6160,0.0537
BAALC,6862,0.0537
RAB20,7426,0.0537
ENSG00000228010,7348,0.0537
SFTPA1,689,0.0537
MYO19,7583,0.0537
AGA,7343,0.0537
SCN2B,1138,0.0537
HMGB3P2,98,0.0537
ENSG00000289435,974,0.0537
ARFIP2,7396,0.0537
PSME3IP1,7506,0.0537
VAMP4,7454,0.0537
ENSG00000225889,6438,0.0537
CCDC51,7196,0.0537
MAP4K3,7632,0.0537
PCOLCE-AS1,6449,0.0537
MARCHF7,7638,0.0537
CST4,617,0.0537
ENSG00000280878,7239,0.0537
ENSG00000274717,3566,0.0537
LINC01992,2775,0.0537
ENSG00000259616,6198,0.0537
PGLS-DT,7364,0.0536
ENSG00000272046,3837,0.0536
MT-TF,3893,0.0536
ENSG00000289562,6123,0.0536
RGS14,6776,0.0536
MILIP,6987,0.0536
UBE2V2,7592,0.0536
ITIH4,6291,0.0536
CYP2D8P,6668,0.0536
CAV2,7520,0.0536
ADGB,5670,0.0536
WARS2,7548,0.0536
TMEM44-AS1,7015,0.0536
ENSG00000274460,5940,0.0536
PROB1,5362,0.0536
ENSG00000284393,5836,0.0536
TRMU,7415,0.0536
HCG9,4450,0.0536
LARS2,7483,0.0536
PPM1A,7571,0.0536
ENSG00000272396,764,0.0536
CCNE1,7181,0.0536
ZNF853,5156,0.0536
ENSG00000259244,6925,0.0536
PKD1P1,82,0.0536
PLCXD2,7115,0.0535
TAF9B,7257,0.0535
PLPP6,6990,0.0535
MME-AS1,6924,0.0535
ZNF879,5216,0.0535
CYP19A1,6579,0.0535
TFB1M,7493,0.0535
RGS21,2976,0.0535
ENSG00000224218,6826,0.0535
ENSG00000267709,4940,0.0535
ENSG00000267649,5636,0.0535
ENSG00000289986,7167,0.0535
HHLA3,7252,0.0535
PUS10,7428,0.0535
ZNF696,7337,0.0535
PKD2L2,7187,0.0535
ENSG00000232386,5899,0.0535
DOC2A,6677,0.0535
ZNF502,5875,0.0535
ENSG00000249328,7137,0.0535
NUDT16L1,7082,0.0535
PDCD2,7365,0.0535
ZNF429,7305,0.0535
ENSG00000283828,2789,0.0535
FAM20C,7472,0.0535
DOLPP1,7211,0.0535
ENSG00000284676,562,0.0535
RBM33,7639,0.0535
TAF11,7469,0.0535
BHLHA15,4471,0.0534
ABCD1,7341,0.0534
ENSG00000262580,6839,0.0534
ENSG00000242968,326,0.0534
KIF5C-AS1,3262,0.0534
ENSG00000273687,1028,0.0534
TMEM115,7204,0.0534
ENSG00000231953,148,0.0534
ZNF717,7418,0.0534
ENSG00000269635,7000,0.0534
SLC30A8,5673,0.0534
ZNF470,7285,0.0534
ZBTB11-AS1,5996,0.0534
FOXO6,6732,0.0534
DEPDC5,7489,0.0534
TLR3,6947,0.0534
INTS6-AS1,7164,0.0534
ENSG00000250603,3665,0.0534
RALY,7639,0.0534
MRNIP,7510,0.0534
SLC35B1,7376,0.0534
ANKRD36BP2-1,5845,0.0534
ENSG00000262810,6382,0.0534
COL9A1,3153,0.0533
LYZ,7294,0.0533
ENSG00000267732,1308,0.0533
RNU6-31P,110,0.0533
PWP2,5719,0.0533
LAG3,6674,0.0533
THBD,7038,0.0533
ENSG00000280758,3129,0.0533
ENSG00000248762,1371,0.0533
GLYCTK,6696,0.0533
ENSG00000286458,7382,0.0533
UGT2B27P,265,0.0533
GDPD3,7030,0.0533
ENSG00000287279,1574,0.0533
LINC02593,3592,0.0533
PHF8,7520,0.0533
ENSG00000235813,523,0.0533
ROR1-AS1,6960,0.0533
HIGD2B,2084,0.0533
ENSG00000275464,7035,0.0533
TCTN2,7352,0.0533
ZBED3,7158,0.0532
TEKT2,2896,0.0532
ENSG00000289489,1271,0.0532
ENSG00000243081,3217,0.0532
ENSG00000265073,6005,0.0532
PLEKHM3,7534,0.0532
DUSP10,7553,0.0532
RHBDD1,7617,0.0532
ENSG00000285117,6343,0.0532
SPIB,2088,0.0532
LINC02014,3848,0.0532
TBILA,6474,0.0532
DNAAF10,7352,0.0532
MORN2,7353,0.0532
ENSG00000271992,4549,0.0532
PDXK,7605,0.0532
LINC02352,6033,0.0532
RPS6P22,153,0.0532
ENSG00000288554,1548,0.0532
TSC22D2,7636,0.0532
ENSG00000261329,6260,0.0532
TFEB,7404,0.0532
ENSG00000288618,1073,0.0532
IQGAP1,7640,0.0532
FAM216B,945,0.0532
TLNRD1,7436,0.0532
ENSG00000287195,6486,0.0532
LINC02309,2687,0.0532
FAM32A,7459,0.0531
KIFC2,7281,0.0531
RDH12,4128,0.0531
HOXD3,6946,0.0531
Y_RNA-325,1887,0.0531
ENSG00000289011,4507,0.0531
ABI3,1809,0.0531
TSPY2,171,0.0531
ENSG00000254620,4088,0.0531
ENKUR,7456,0.0531
RPL30-AS1,6685,0.0531
RPL6P8,317,0.0531
CCDC117,7437,0.0531
LINC02964,7170,0.0531
IMPACT,7367,0.0531
UROS,7415,0.0531
ENSG00000232934,7092,0.0531
ENSG00000289938,4733,0.0531
ENSG00000268218,6616,0.0531
PRSS27,6650,0.0531
ENSG00000287512,437,0.0531
ENSG00000289593,155,0.0531
BBIP1,7366,0.0531
ENSG00000289725,4858,0.0531
LINC02772,144,0.0531
FXR1,7639,0.0531
ENSG00000229370,3043,0.0531
NPM2,6122,0.0531
DACT3-AS1,5657,0.0531
UBR7,7374,0.0531
ENSG00000286020,497,0.053
FAM89B,7122,0.053
LINC00408,4910,0.053
CFAP53,7334,0.053
NT5C,7252,0.053
ZNF286B-1,6367,0.053
ENSG00000284748,1687,0.053
CTH,7418,0.053
ENSG00000291018,520,0.053
LINC00960,7163,0.053
ELAVL3,7184,0.0529
LINC00951,1106,0.0529
LINC02806,181,0.0529
ENSG00000225084,65,0.0529
ENSG00000286979,1149,0.0529
GYS2,4612,0.0529
ENSG00000235349,554,0.0529
ENSG00000278075,1130,0.0529
FRZB,7219,0.0529
ENSG00000291131,5361,0.0529
ENSG00000286271,5627,0.0529
ENSG00000289587,6986,0.0529
DIMT1,7412,0.0529
MYCNOS,2788,0.0529
ENSG00000253217,3449,0.0529
TTC12,7394,0.0529
KCNJ10,6495,0.0529
UQCC3,7196,0.0529
RUNX3-AS1,650,0.0529
RPL31P11,1135,0.0529
SGMS1,7630,0.0529
ENSG00000285704,3273,0.0528
CDKN2C,7190,0.0528
TXN2,7388,0.0528
VASH1,6591,0.0528
WDR81,7355,0.0528
ENSG00000272564,68,0.0528
SCHIP1,7394,0.0528
BRAFP1,247,0.0528
CBR1,7279,0.0528
KIAA0232,7627,0.0528
RILPL2,7365,0.0528
ENSG00000225879,1055,0.0528
ST3GAL1P1,28,0.0528
METTL6,7422,0.0528
LINC01031,7399,0.0528
SLC23A2,7551,0.0528
SCN3B,5787,0.0528
ENSG00000290933,178,0.0528
REEP6,6511,0.0528
SPIRE1,7624,0.0528
NPC2,7421,0.0528
EMSLR,6721,0.0528
ENSG00000285404,7207,0.0528
FUT3,6706,0.0528
RPL22P24,208,0.0528
ENSG00000251187,2961,0.0528
SLC14A2,6875,0.0527
ENSG00000286981,267,0.0527
ZNF887P,5241,0.0527
ENSG00000267327,7278,0.0527
IL1RAPL1,7559,0.0527
CCDC24,7191,0.0527
RGS22,6672,0.0527
LCMT1,7529,0.0527
ENSG00000236414,39,0.0527
LCA5,7377,0.0527
SV2B,5109,0.0527
ENSG00000268790,5657,0.0527
EIF5P1,5578,0.0527
NTHL1,7196,0.0527
ENSG00000277981,1255,0.0527
ENSG00000279863,1504,0.0527
IGHE,732,0.0527
ZC3H7A,7595,0.0527
ENSG00000258283,243,0.0527
ENSG00000258481,213,0.0527
COL4A3,7208,0.0527
ENSG00000283959,7104,0.0527
ENSG00000266923,719,0.0527
VNN3P,4152,0.0527
GPR132,6156,0.0527
CELA3B,4334,0.0527
ENSG00000263594,3373,0.0527
LINC01470,6726,0.0527
CABLES2,7347,0.0527
CACNB3,7337,0.0527
ZNF449,7374,0.0527
ENSG00000286048,6743,0.0526
ADAMTS18,6610,0.0526
ENSG00000227863,1208,0.0526
GPC6-AS1,4832,0.0526
ENSG00000267293,362,0.0526
ENSG00000226172,552,0.0526
PDIA5,7630,0.0526
ENSG00000289835,5516,0.0526
KCTD20,7563,0.0526
COQ3,7369,0.0526
USP28,7575,0.0526
ISM1,6938,0.0526
ITFG2,7580,0.0526
GVQW3,7245,0.0526
LRRC77P,2349,0.0526
SLC22A9,1575,0.0526
ENSG00000249658,184,0.0526
TEX36,6499,0.0526
EPB41L4A-AS1,7426,0.0526
FAM120A,7634,0.0526
NAA11,6437,0.0526
ENSG00000247345,6244,0.0526
ENSG00000291003,7158,0.0525
ENSG00000289148,53,0.0525
RAI2,5105,0.0525
KLHL30,3318,0.0525
ENSG00000260306,3435,0.0525
HOXA10,6710,0.0525
RPS15AP7,72,0.0525
GPD1,4654,0.0525
ENSG00000287064,5117,0.0525
FAR2P3,1502,0.0525
ENSG00000228318,5953,0.0525
ENSG00000289194,7055,0.0525
BNIP3P9,21,0.0525
CCM2L,4522,0.0525
XAB2,7364,0.0525
GAPDHP63,619,0.0525
SEPTIN4-AS1,6499,0.0525
NLRP3,5963,0.0525
PPP1R11P2,952,0.0525
MUC15,3513,0.0525
GAS7,7306,0.0525
ENSG00000273734,7395,0.0525
WDR27,7587,0.0525
ENSG00000286143,1145,0.0525
ZNF821,7381,0.0524
RPL39P5,6769,0.0524
ENSG00000288061,7318,0.0524
ENSG00000280155,290,0.0524
HLA-V-1,6645,0.0524
EPG5,7596,0.0524
AP1S3,7596,0.0524
ENSG00000272243,5430,0.0524
ENSG00000259442,6348,0.0524
ENSG00000286671,205,0.0524
TENT5C,7204,0.0524
THEM4,7447,0.0524
CTAGE3P,4298,0.0524
PKIB,7424,0.0524
SAPCD1-AS1,3165,0.0524
TBC1D3P7,55,0.0524
TRAF3IP2,7403,0.0524
RN7SKP8,165,0.0524
MFSD13B,6884,0.0524
ENSG00000243944,6987,0.0524
CCNYL2-1,4438,0.0524
PAAF1,7430,0.0523
STARD13-AS,7116,0.0523
NTRK3-AS1,1144,0.0523
CLIC5,7029,0.0523
UNC13D,7342,0.0523
SLC25A42,7359,0.0523
ENSG00000266950,3353,0.0523
KCNB1,6810,0.0523
ENSG00000288713,1465,0.0523
KIZ-AS1,7361,0.0523
STRADB,7323,0.0523
WDR87,1712,0.0523
LINC01789,3079,0.0523
ENSG00000226872,4745,0.0523
TRIM17,4995,0.0523
MTFP1,7331,0.0523
SP1,7600,0.0523
ATXN10,7633,0.0523
COMMD3-BMI1,2065,0.0523
LOXL1,6698,0.0523
ISM1-AS1,1451,0.0523
ZNF829,6901,0.0522
MMEL1,4686,0.0522
NPC1L1,6428,0.0522
LIN7C,7517,0.0522
RAB36,6063,0.0522
ENSG00000251205,3189,0.0522
ENSG00000288665,7026,0.0522
LINC00494,1405,0.0522
MED20,7336,0.0522
PCMTD1-DT,7213,0.0522
ENSG00000204422,4335,0.0522
LBR,7486,0.0522
GGPS1,7400,0.0522
ENSG00000289113,330,0.0522
GNG12,7573,0.0522
FAM78B,7204,0.0522
ENSG00000253837,6992,0.0522
RBP1,7101,0.0522
SMAD7,7428,0.0522
ZNF137P,5427,0.0522
VSTM2L,6111,0.0522
ZNF175,7365,0.0522
ENSG00000277692,4030,0.0522
LYPD6,7260,0.0522
TMEM71,5595,0.0522
ENSG00000286367,788,0.0522
LINC02636,4650,0.0522
EFCAB6-DT,5337,0.0521
ETNK1-DT,4999,0.0521
KLHL7-DT,5223,0.0521
ENSG00000260430,6648,0.0521
ENSG00000289978,2645,0.0521
TAGAP-AS1,7353,0.0521
PAK1,7568,0.0521
ENSG00000167807,7140,0.0521
TLR2,6494,0.0521
ENSG00000286976,172,0.0521
SOX30,5815,0.0521
ENSG00000243089,3552,0.0521
KLHDC8A,3161,0.0521
ENSG00000254434,1289,0.0521
ENSG00000287687,5822,0.0521
ZNF611,7536,0.0521
OR2H2,1260,0.0521
ZFAND1,7406,0.0521
FAM85B,7205,0.0521
ENSG00000232295,7296,0.0521
HINFP,7372,0.0521
RN7SL208P,376,0.0521
ENSG00000254080,2313,0.0521
PSD2,6003,0.052
ABO,6841,0.052
ENSG00000254447,4302,0.052
ENSG00000239674,138,0.052
ENPP7P1,5465,0.052
ENSG00000248187,740,0.052
ZNF75A,7389,0.052
PRICKLE2-AS3,2765,0.052
ENSG00000234710,5090,0.052
HAO1,1769,0.052
GPN2,7380,0.052
POPDC3,6855,0.052
PEX10,7222,0.052
ENSG00000249868,5222,0.052
FLI1,7080,0.052
ENSG00000287845,65,0.052
DUXAP8,7352,0.052
MIR9-3HG,6591,0.052
RBM7,7441,0.052
TRIM4,7493,0.052
ENSG00000253871,205,0.052
UQCRFS1,7376,0.052
MIAT,7057,0.052
NXPH3,2729,0.052
ENSG00000255289,1862,0.052
HCG27,7071,0.052
HS6ST3,7291,0.052
HOXC11,4494,0.052
YWHAEP7-1,5894,0.0519
LINC02562,1806,0.0519
LINC01089,415,0.0519
SF3B3,7555,0.0519
PRKACA,7356,0.0519
ENSG00000267890,1181,0.0519
SIRPD,2861,0.0519
GAB3,6151,0.0519
RNU6-529P,3519,0.0519
BCL2L15,6611,0.0519
ENSG00000290457,5967,0.0519
VRK2,7611,0.0519
ENSG00000287862,6555,0.0519
CPM,7425,0.0519
ENSG00000284642,6627,0.0519
TRIM24,7613,0.0519
LINC02642,1128,0.0519
ENSG00000286322,890,0.0519
RASAL2,7641,0.0519
FAM3A,7315,0.0519
BFSP2-AS1,1813,0.0519
ENSG00000253627,6629,0.0518
GGCX,7374,0.0518
GUCA1C,1680,0.0518
NIP7,7316,0.0518
SNAI3,6310,0.0518
TMEM255A,4103,0.0518
LINC02972,4126,0.0518
DISC1FP1,7373,0.0518
DLX4,5539,0.0518
MNS1,7346,0.0518
ENSG00000258711,4331,0.0518
RPS14P5,1376,0.0518
SRD5A3-AS1,6821,0.0518
MEG3,7471,0.0518
ZNF568,7342,0.0518
EML5,7312,0.0518
WNK4,7162,0.0518
LINC02808,1481,0.0518
WDR91,7367,0.0517
DSEL,6989,0.0517
ENSG00000286978,1148,0.0517
ENSG00000228162,1749,0.0517
HSPD1P8,447,0.0517
RBM14-RBM4,7360,0.0517
ANKS4B,4146,0.0517
C9orf40,7294,0.0517
GRIK5,6753,0.0517
COL15A1,6356,0.0517
CACNA2D4,6427,0.0517
ANKRD13A,7516,0.0517
TENM2-AS1,5719,0.0517
SLC44A3,7309,0.0517
ENSG00000261118,6900,0.0517
DNAJC22,7200,0.0517
ENSG00000290013,666,0.0517
DHRS12,7287,0.0517
RNU6-945P,2841,0.0517
CDC27,7628,0.0517
ENSG00000218027,1678,0.0517
CLDN15,7240,0.0517
ZNF350-AS1,6960,0.0517
ITSN1,7638,0.0517
USP8,7631,0.0517
Metazoa_SRP-3,93,0.0517
PAQR7,7338,0.0517
ZNF229,6188,0.0517
NELL2,7097,0.0517
EXOSC9,7439,0.0516
ENSG00000254587,5914,0.0516
CLCN1,5090,0.0516
HRAS,7299,0.0516
APP,7640,0.0516
CCDC127,7379,0.0516
C1orf122,7177,0.0516
DDX25,4919,0.0516
TRMT1L,7474,0.0516
PARD6BP1,112,0.0516
SLC30A9,7613,0.0516
FAM98C,7261,0.0516
LIPN,1161,0.0516
LINGO1,5809,0.0516
SLC29A4P2,108,0.0516
DERA,7557,0.0516
ACP3,5609,0.0516
ENSG00000289385,1252,0.0516
ENSG00000287409,2646,0.0516
ENSG00000259684,5560,0.0516
ENSG00000233256,142,0.0516
C4BPAP1,3213,0.0516
LINC02747,1091,0.0516
TBCEL-TECTA,5845,0.0516
RASSF5,7372,0.0516
ENSG00000225931,3335,0.0516
OR2X1P,1171,0.0516
MED4,7588,0.0516
RTL4,6735,0.0516
KLHDC7B-DT,2321,0.0516
ENSG00000273784,7195,0.0516
USP24,7607,0.0516
BSG-AS1,6669,0.0515
ENSG00000242396,6586,0.0515
LINC01205,6798,0.0515
SPRR1A,962,0.0515
NMNAT2,7258,0.0515
ENSG00000257022,5724,0.0515
LINC02364,1352,0.0515
COMMD9,7318,0.0515
ENSG00000288707,358,0.0515
INAVA,6815,0.0515
LSM6,7368,0.0515
ENSG00000241352,7094,0.0515
MERTK,7344,0.0515
R3HDM2-DT,2751,0.0515
GBX2-AS1,7194,0.0515
ENSG00000256083,7044,0.0515
C9orf64,7199,0.0515
DMXL1,7622,0.0515
ENSG00000288101,1418,0.0515
FAM151B-DT,7444,0.0515
DDX4,4357,0.0515
ENSG00000279199,4819,0.0515
USP6,4547,0.0515
FAM110C,7199,0.0515
ZNF625-ZNF20,1833,0.0515
ENSG00000256116,7227,0.0515
LINC01419,2202,0.0515
NINJ2-AS1,6280,0.0515
SMANTIS,5490,0.0515
P2RX1,3270,0.0515
RAG1,6345,0.0514
CTDSPL2-DT,7125,0.0514
IL1A,6946,0.0514
KLK5,2813,0.0514
RBSN,7483,0.0514
CCDC113,7314,0.0514
LINC01954,1824,0.0514
TDRD9,6246,0.0514
CLDN23,4167,0.0514
KCNA2,1581,0.0514
ZNF45,7338,0.0514
MYORG,7085,0.0514
ENSG00000258101,7132,0.0514
DPY19L2,6868,0.0514
EFNA5,7639,0.0514
ENSG00000267112,6595,0.0514
ENSG00000275234,5294,0.0514
LINC02865,1151,0.0514
BCAP31P2,582,0.0514
SPOCK3,6691,0.0514
RNASE1,2660,0.0514
ENSG00000286410,5851,0.0514
SINHCAF,7580,0.0514
DPP3,7320,0.0514
ACAD9-DT,6867,0.0514
ENSG00000279106,491,0.0514
ENSG00000218418,5440,0.0514
PTGES3L,6531,0.0514
RNF123,7387,0.0514
FXYD4,867,0.0514
ENSG00000290954,104,0.0514
ENSG00000290815,856,0.0513
ENSG00000234773,5680,0.0513
MYL2,470,0.0513
XIRP1,736,0.0513
TPRG1-AS2,53,0.0513
ENSG00000251357,6135,0.0513
ISOC2,7314,0.0513
LILRB1,1005,0.0513
SDF2,7414,0.0513
EFHC2,4730,0.0513
UNC80,6117,0.0513
ENSG00000287114,3046,0.0513
ENSG00000290758,4241,0.0513
CTTNBP2,7148,0.0513
LY9,1081,0.0513
ENSG00000230864,2139,0.0513
ENSG00000173366,6554,0.0513
THADA,7558,0.0513
ENSG00000285424,6402,0.0513
DIAPH1,7636,0.0513
HRG-AS1,6995,0.0513
VINAC1P,3299,0.0513
ENSG00000288066,5296,0.0513
ZNF319,6774,0.0513
ENSG00000214559,5800,0.0513
ENSG00000228999,5945,0.0512
ENSG00000269514,5602,0.0512
LIN28B,6923,0.0512
ACOX2,5192,0.0512
RAB15,7149,0.0512
LINC01511,1705,0.0512
CAPN11,4675,0.0512
TGM1,6541,0.0512
PTPRS,7569,0.0512
FAM66B,4024,0.0512
ERAL1,7347,0.0512
ARHGAP1,7494,0.0512
CXXC5,7493,0.0512
LINC00520,6871,0.0512
ENSG00000213318,382,0.0512
ENSG00000263611,303,0.0512
ENSG00000285611,422,0.0512
PRR22,3898,0.0512
SPIRE2,7446,0.0512
GTF2IRD2,7407,0.0512
TMEM89,797,0.0512
PDK1-AS1,7483,0.0512
MYG1-AS1,6153,0.0512
OR2T33,26,0.0512
ESAM,7037,0.0512
STK19B,33,0.0512
USP7-AS1,2040,0.0512
ENSG00000255439,7208,0.0512
COQ7-DT,5551,0.0512
LSG1,7523,0.0512
AKR7L,6420,0.0512
ENSG00000287577,664,0.0512
CYP4F3,6353,0.0512
CLIP1,7624,0.0512
GEMIN7-AS1,7108,0.0512
LINC02449,4053,0.0512
ENSG00000260360,2190,0.0511
SEC63P2,365,0.0511
ENSG00000264734,1245,0.0511
ENSG00000272094,5050,0.0511
ENSG00000290242,1392,0.0511
ENSG00000285906,7336,0.0511
CCDC54-AS1,6148,0.0511
ZNF732,4215,0.0511
LDOC1,6917,0.0511
HTR4,6399,0.0511
ZNF554,7165,0.0511
FCER1A,148,0.0511
SYT9-AS1,7066,0.0511
ENSG00000260369,2647,0.0511
MTCO1P19,3641,0.0511
MIR570,31,0.0511
NASP,7585,0.0511
HM13-AS1,6757,0.0511
INPP5B,7442,0.0511
Y_RNA-692,762,0.0511
VN2R19P,1676,0.0511
ENSG00000257000,5465,0.0511
CFHR3,2363,0.0511
ENSG00000251199,6480,0.0511
ENSG00000253288,5338,0.051
GATA3,7021,0.051
PISD,7478,0.051
ENSG00000225886,5793,0.051
CLEC4OP-1,1597,0.051
BNIP1,7370,0.051
ENSG00000280010,6708,0.051
ZNF883,6431,0.051
SLC35D3,2210,0.051
ENSG00000272866,595,0.051
ENSG00000287841,508,0.051
ENSG00000285748,122,0.051
MYO1H,6875,0.051
CYP51A1-AS1,6491,0.051
IFNL1,3205,0.051
HCAR3,1032,0.051
ENSG00000279762,6200,0.051
ENSG00000290762,7374,0.051
CCDC81,7013,0.051
EEF2KMT,6462,0.051
GALNT13,7591,0.0509
ENSG00000233393,1531,0.0509
CARD8,7421,0.0509
ZNF93,7133,0.0509
PCDH17,6219,0.0509
SPTBN1-AS2,7291,0.0509
ZNF81,7396,0.0509
ENSG00000267388,2035,0.0509
RN7SL732P,158,0.0509
ENSG00000239300,7250,0.0509
TSFM,7301,0.0509
RWDD4,7325,0.0509
ENSG00000259094,114,0.0509
ENSG00000228543,677,0.0509
FIBCD1-AS1,3458,0.0509
SPATA5L1,7412,0.0509
ARL14,5571,0.0509
DMWD,7354,0.0509
HAUS7,7062,0.0509
ENSG00000083622,2578,0.0509
CFAP77,6229,0.0509
ENSG00000124835,5052,0.0508
ACTG1P16,24,0.0508
ZNF132,2983,0.0508
ENSG00000273243,1605,0.0508
MPDZ,7515,0.0508
LINC02561,2266,0.0508
MAPK9,7553,0.0508
CAP1,7628,0.0508
PIK3CG,2759,0.0508
DNAJC14,7297,0.0508
RARS1,7622,0.0508
ENSG00000232502,319,0.0508
LRRC7-AS1,911,0.0508
HBA1,1372,0.0508
SGSM1,7321,0.0508
ENSG00000250670,739,0.0508
CDH3,7250,0.0508
TRAPPC13,7481,0.0508
ENSG00000230648,5581,0.0508
FSHR,4042,0.0508
RIMS3,6901,0.0508
AIFM1,7368,0.0508
PRR3,7339,0.0508
CRISP2,377,0.0508
FAM184A,7227,0.0508
ENSG00000267882,3199,0.0508
ENSG00000285964,2187,0.0508
HVCN1,6832,0.0507
SNAP29,7437,0.0507
ENSG00000249994,340,0.0507
B4GALT4,7454,0.0507
PICK1,7375,0.0507
ENSG00000254138,6426,0.0507
POLR3C,7498,0.0507
MT-TM,1665,0.0507
ENSG00000224987,158,0.0507
ENSG00000257526,7258,0.0507
BCAM,7307,0.0507
USP46-DT,5279,0.0507
C2CD4B,670,0.0507
ZNF20,7215,0.0507
ZNF211,7212,0.0507
KCTD9P6,285,0.0507
NCBP2-AS1,6460,0.0507
ENSG00000286839,2230,0.0506
ART5,2263,0.0506
SLC23A1,6934,0.0506
OR2T12,532,0.0506
ENSG00000224015,3316,0.0506
NPIPB13,6217,0.0506
ENSG00000275557,4884,0.0506
LRRC37B,7408,0.0506
ENSG00000286329,7479,0.0506
GIPC3,1921,0.0506
ETF1,7640,0.0506
ENSG00000268390,1091,0.0506
SPECC1P2,2124,0.0506
CDH8,6966,0.0506
ENSG00000260937,3645,0.0506
PIWIL2,7168,0.0506
NADK,7371,0.0506
ENSG00000290798,952,0.0506
ENSG00000235077,5657,0.0506
NBPF6,478,0.0506
ECI2-DT,4203,0.0506
SLC25A47,2341,0.0506
ENSG00000266120,3691,0.0506
SPI1,5273,0.0506
SLC9C1,7015,0.0506
CAMK4,7406,0.0506
ZFP30,7368,0.0506
AK7,7098,0.0506
ENSG00000263644,6781,0.0506
MEAK7,7561,0.0506
ADPGK-AS1,3195,0.0506
ENSG00000278876,3824,0.0506
EIF1AD,7372,0.0505
PTGFR,6803,0.0505
DBT,7425,0.0505
ENSG00000267537,1751,0.0505
SSTR3,286,0.0505
ENSG00000256237,2164,0.0505
LINC02822,5516,0.0505
ENSG00000279821,7049,0.0505
ENSG00000250049,7211,0.0505
AADACL2,533,0.0505
DRD2,5346,0.0505
ENSG00000288560,5333,0.0505
LGR5,7199,0.0505
ENSG00000230289,6395,0.0505
GCM1,3392,0.0505
XRCC4,7611,0.0505
PCDH10-DT,4494,0.0505
PPP1R14B-AS1,6706,0.0505
RPL32P13,472,0.0505
CARD14,6780,0.0505
ENSG00000287373,2219,0.0505
LINC02511,6613,0.0505
TMPRSS11B,647,0.0505
SMG1P1,7159,0.0505
ENSG00000227719,3019,0.0505
ENSG00000229996,60,0.0505
CLUHP3,5081,0.0505
CATSPER2P1,7266,0.0504
DERL1,7531,0.0504
MLYCD,7333,0.0504
SETD4,7356,0.0504
MTPN,7601,0.0504
ENSG00000286482,4714,0.0504
ENSG00000289209,780,0.0504
ENSG00000267173,4909,0.0504
ENSG00000267152,4939,0.0504
ENSG00000273394,472,0.0504
ENSG00000290017,2886,0.0504
ENSG00000256783,289,0.0504
BNIP3P40,118,0.0504
CCNT2,7597,0.0504
ENSG00000287009,849,0.0504
PEF1-AS1,4759,0.0504
AOC4P,4136,0.0504
RNA5SP146,487,0.0504
TSPEAR,6649,0.0504
ARSA,7170,0.0504
EPHX1,7439,0.0504
WASH8P,7096,0.0504
LINC00433,2137,0.0504
MIR99AHG,7517,0.0504
ENSG00000257891,1490,0.0504
ENSG00000274403,1772,0.0504
VWA5B1,1177,0.0504
ENSG00000286819,215,0.0503
ENSG00000289410,7217,0.0503
ENSG00000288553,2731,0.0503
AGTR1,5348,0.0503
FAM131A,7389,0.0503
GBP5,5408,0.0503
LRRK2-DT,1468,0.0503
SHISAL2A,2589,0.0503
TPH2,6602,0.0503
ENSG00000286719,4012,0.0503
FOXN3,7612,0.0503
LINC00681,1404,0.0503
ENSG00000285727,859,0.0503
XRCC1,7394,0.0503
SLC39A4,6916,0.0503
EXOSC8,7432,0.0503
ENSG00000263080,3384,0.0503
TMCC1-DT,7148,0.0503
MTCO1P15,112,0.0503
CHST2,3898,0.0503
DNAH10,7133,0.0502
PAX8,7441,0.0502
NONOP2,5940,0.0502
NKAIN4,6098,0.0502
Y_RNA-293,160,0.0502
MRPL49,7361,0.0502
SLC8A3,5695,0.0502
ENSG00000259609,1132,0.0502
NUP50-DT,7490,0.0502
ENSG00000268163,7354,0.0502
PPP2R3B,7316,0.0502
ENSG00000285855,119,0.0502
RIPK4,7409,0.0502
ENSG00000229751,5975,0.0502
LINC00235,3278,0.0502
ENSG00000290832,7288,0.0502
LINC01278,7606,0.0502
ENSG00000260494,800,0.0502
ENSG00000235111,3034,0.0502
SGCA,1773,0.0502
CLYBL-AS2,156,0.0502
ENSG00000267009,7246,0.0502
TBC1D16,7515,0.0502
FRG1-DT,7208,0.0502
EPB41L5,7629,0.0502
HNRNPCL1,221,0.0502
ENSG00000273100,117,0.0502
NNT-AS1,7447,0.0502
SERPINA3,7527,0.0501
TTC34,5510,0.0501
CRLF1,7176,0.0501
LARS1,7632,0.0501
ENSG00000287739,2713,0.0501
IL37,5027,0.0501
ENSG00000260570,7158,0.0501
TOP3A,7466,0.0501
TMEM176A,2057,0.0501
TPTE2P5,7215,0.0501
TP53BP1,7618,0.0501
DLGAP1-AS2,7411,0.0501
ENSG00000267552,6302,0.0501
ANAPC1P2-1,6187,0.0501
LINC00899,4266,0.0501
ZFAND3,7641,0.0501
BCORP1-1,3604,0.0501
ZNF48,7231,0.0501
ENSG00000250453,6155,0.0501
SMC2-DT,2617,0.0501
MST1,6377,0.0501
AP1G1,7631,0.05
SNHG11,7100,0.05
LINC00954,3076,0.05
TPT1P9,3206,0.05
ZNF418,6437,0.05
ENSG00000289699,1427,0.05
FAM221B,1989,0.05
MBTD1,7615,0.05
OR9K1P,130,0.05
SLAIN1,6791,0.05
ENSG00000269693,6853,0.05
ENSG00000269318,6846,0.05
DCLRE1B,7156,0.05
ENSG00000259403,4985,0.05
LINC00922,7070,0.05
ENSG00000279227,4952,0.05
LINC00115,7109,0.05
CCDC39,7117,0.05
ENSG00000279443,5017,0.05
HAUS2,7410,0.05
SILC1,1864,0.05
HLA-DRB9,1712,0.05
MYOC,1620,0.05
LINC02073,6329,0.05
TMEM88B,3031,0.05
NAPA-AS1,7042,0.05
LARGE2,5561,0.05
GLRA4,951,0.05
SATL1,6264,0.05
JMJD4,6922,0.05
ENSG00000287510,1311,0.05
ENSG00000287460,6123,0.05
GRM1,6043,0.05
SLC16A5,6736,0.05
RPL36AP45,807,0.05
CT55,812,0.05
SLC66A2,7453,0.05
TTTY14,7027,0.0499
GSTM3,7177,0.0499
ENSG00000236507,36,0.0499
ENSG00000213514,1027,0.0499
MPP7-DT,633,0.0499
NDUFAF3,7248,0.0499
WDR70,7626,0.0499
OCLNP1,5423,0.0499
ENSG00000287319,1094,0.0499
ENSG00000286259,6429,0.0499
MIA,6554,0.0499
LINC02777,5773,0.0499
ENSG00000236723,7114,0.0499
ZNF692,7407,0.0499
NNT,7523,0.0499
C22orf46,7367,0.0499
SMCR2,1817,0.0499
XPR1,7623,0.0499
MIP,5021,0.0499
WDR19,7450,0.0499
PPP1R36,6974,0.0499
ENSG00000290063,182,0.0499
LINC02377,6967,0.0499
LCK,6117,0.0499
ENSG00000268047,5553,0.0499
ENSG00000258657,6312,0.0499
HENMT1,5749,0.0498
WDR5B,7035,0.0498
SAMD11,7008,0.0498
PLK5,6648,0.0498
PLGLB2,2518,0.0498
PCNT,7557,0.0498
CHADL,6902,0.0498
ENSG00000288984,237,0.0498
CLEC18A,3115,0.0498
MARCHF10-DT,2300,0.0498
EBF2,6218,0.0498
NCMAP,5940,0.0498
SLC38A1,7639,0.0498
ENSG00000272638,2602,0.0498
ENSG00000253170,90,0.0498
ENSG00000274227,2307,0.0498
RHBDD3,7315,0.0498
SIN3A,7609,0.0498
ENSG00000232906,2204,0.0498
ENSG00000291202,7283,0.0498
LRATD1,6623,0.0498
CDAN1,7353,0.0498
GNAZ,7082,0.0498
LINC01600,6202,0.0498
LSM12,7449,0.0498
RRAS2,7624,0.0498
NPBWR1,1480,0.0497
SERPINI1,7322,0.0497
ARHGAP30,6901,0.0497
SLC26A1,2608,0.0497
ENSG00000249098,127,0.0497
ENSG00000237768,6695,0.0497
ENSG00000243179,2987,0.0497
PEX6,7374,0.0497
RN7SL734P,198,0.0497
ENSG00000287550,1891,0.0497
GATA2,7248,0.0497
UCK1,7253,0.0497
TNFRSF10C,6666,0.0497
EIF2S3,7628,0.0497
HP1BP3,7639,0.0497
LINC01948,5492,0.0497
ENSG00000289459,120,0.0497
OR7E12P,45,0.0497
UBE2J2,7483,0.0497
EPHA5-AS1,4754,0.0497
ENSG00000224523,3375,0.0497
PCSK4,6876,0.0497
LINC00366,5347,0.0497
SLC46A1,7208,0.0497
WASH2P-1,7098,0.0497
ENSG00000287880,1386,0.0497
IL3RA,7264,0.0497
ENSG00000233358,7071,0.0497
ENSG00000237336,173,0.0496
TACR3,5873,0.0496
UGT2B15,975,0.0496
ENSG00000214719,7493,0.0496
C12orf56,6622,0.0496
ZNF302,7365,0.0496
LINC02624,1162,0.0496
DGAT2L6,3711,0.0496
ENSG00000282849,5605,0.0496
SPIN4,7285,0.0496
GMCL1P2,46,0.0496
RPL23AP82,7009,0.0496
RAB17,7127,0.0496
STK11IP,7356,0.0496
ENSG00000232811,6843,0.0496
RNU6-1224P,747,0.0496
CYP21A1P,323,0.0496
SPATA20,7302,0.0496
ENSG00000233547,5292,0.0496
RUNX1T1,6705,0.0496
ENSG00000290366,453,0.0496
ENSG00000226134,295,0.0496
TBC1D21,575,0.0496
ZNF112,7374,0.0496
ENSG00000272822,7556,0.0496
ZNF771,7291,0.0496
TFF2,5376,0.0496
ENSG00000261734,2046,0.0496
ZBTB5,7489,0.0496
GTSE1-DT,1144,0.0496
MATR3-1,7530,0.0496
ATP6AP1-DT,6155,0.0496
LINC01166,3138,0.0496
ENSG00000229983,7195,0.0496
NBEAP1,5947,0.0496
TMEM263-DT,4580,0.0496
CFAP97D1,1824,0.0496
CHURC1-FNTB,7440,0.0495
AOX2P,5224,0.0495
ZNF711,7195,0.0495
ENSG00000259757,220,0.0495
ENSG00000286045,4459,0.0495
ENSG00000272927,228,0.0495
CYP2J2,6473,0.0495
BLOC1S6,7548,0.0495
KRIT1,7604,0.0495
XKRX,6549,0.0495
CYP1B1-AS1,7248,0.0495
ULK4,7601,0.0495
ENSG00000291214,7571,0.0495
ENSG00000288208,6452,0.0495
PIP4K2C,7438,0.0495
ENSG00000256209,2949,0.0495
ZNF280B,6898,0.0495
WASHC3,7515,0.0495
ENSG00000287426,6513,0.0495
ARNILA,6179,0.0495
ENSG00000269968,7308,0.0495
RTL1,4090,0.0495
MINPP1,7405,0.0495
ZHX1-C8orf76,6895,0.0495
TRAM1L1,3838,0.0495
OGFOD1P1,486,0.0495
ENSG00000259529,7056,0.0495
OBI1,7473,0.0495
ENSG00000260719,197,0.0495
TNMD,595,0.0495
ENSG00000267324,72,0.0495
C11orf71,7186,0.0494
ENSG00000233942,2041,0.0494
ENSG00000285876,5220,0.0494
POU5F1P4,109,0.0494
SPDYE1,6877,0.0494
HLX,4833,0.0494
TRGV7,145,0.0494
HHLA1,2695,0.0494
LIPT2,4616,0.0494
HMGB1P36,180,0.0494
ENSG00000223811,1360,0.0494
ENSG00000234091,5293,0.0494
ENSG00000277954,402,0.0494
ENSG00000257545,7101,0.0494
EP400,7627,0.0494
MARCKSL1P2,3220,0.0494
TMEM35B,7431,0.0494
CD86,2146,0.0494
ENSG00000287191,5604,0.0494
CCDC122,7430,0.0494
ENSG00000269737,3811,0.0494
C4orf46,7241,0.0494
NDUFB7,7328,0.0494
RNFT1-DT,5102,0.0494
GFER,7251,0.0494
ACRBP,6730,0.0494
KRT89P,1380,0.0494
ENSG00000254420,7222,0.0494
CCZ1B,7392,0.0494
ARSD,7276,0.0494
ENSG00000283258,620,0.0494
ENSG00000250064,4626,0.0493
CAPNS2,1353,0.0493
HNRNPDP1,202,0.0493
LAGE3,7265,0.0493
ENSG00000258232,6797,0.0493
POR,7551,0.0493
CDKL1,7534,0.0493
ENSG00000279660,359,0.0493
DDX18P5,622,0.0493
ENSG00000256357,1574,0.0493
ENSG00000243276,7436,0.0493
ENSG00000285846,3795,0.0493
THOC7,7499,0.0493
CASQ1,773,0.0493
ENSG00000253584,357,0.0493
ENSG00000276449,6971,0.0493
ENSG00000290685,1978,0.0493
RIDA,7321,0.0493
UBOX5,7400,0.0493
DLL4,6162,0.0493
CFAP100,6159,0.0493
KRT18P17,1004,0.0493
SDR9C7,1241,0.0493
LINC02988,4167,0.0493
FGF12-AS1,2438,0.0493
ENSG00000269755,7174,0.0493
MAOA,7054,0.0492
YIPF7,6987,0.0492
ODAD2,6945,0.0492
LINC02864,7384,0.0492
ENSG00000287998,4446,0.0492
ENSG00000253736,7256,0.0492
MTND4LP3,54,0.0492
CPTP,7055,0.0492
ENSG00000287598,4673,0.0492
ENSG00000289755,1259,0.0492
ENSG00000248787,6292,0.0492
ENSG00000131152,7227,0.0492
ZNF536,6918,0.0492
KCNRG,7017,0.0492
ENSG00000258868,1719,0.0492
ARG2,7412,0.0492
ENSG00000280356,568,0.0492
ENSG00000236921,2777,0.0492
LINC02671,4067,0.0492
PIK3R6,4027,0.0492
ENSG00000286284,1000,0.0492
MFSD14CP-1,7544,0.0492
DUSP23,6348,0.0492
ENSG00000257060,6649,0.0492
CYP2C9,1643,0.0492
LINC01121,6128,0.0492
LARP4B-DT,5729,0.0492
ST6GALNAC2,6715,0.0491
ATXN1-AS1,6439,0.0491
SHLD1,7452,0.0491
USP27X,7209,0.0491
ARMS2,3022,0.0491
SELENOV,3349,0.0491
PEF1,7363,0.0491
PSMC1P6,104,0.0491
LINC02884,4175,0.0491
ENSG00000225057,6833,0.0491
ST13P11,1878,0.0491
PCDH18,3831,0.0491
ENSG00000286507,5470,0.0491
ENSG00000285543,89,0.0491
GABRP,5012,0.0491
MIR325HG,6412,0.0491
ENSG00000287370,3642,0.0491
SYT12,6526,0.0491
MCUR1,7408,0.0491
HSH2D,7399,0.0491
MIR762HG,7171,0.0491
SPRR2D,1686,0.0491
ENSG00000280113,985,0.0491
LRSAM1,7548,0.0491
NOP53-AS1,6779,0.049
TMPRSS7,4170,0.049
TMA16,7427,0.049
ENSG00000273261,5103,0.049
HAPSTR1,7554,0.049
HCP5,6586,0.049
NUDT4P2,249,0.049
GUCY2F,3410,0.049
ENSG00000273442,2356,0.049
ENSG00000261130,2954,0.049
TCEANC,7006,0.049
ENSG00000289469,7183,0.049
R3HDML-AS1,3283,0.049
TYMSOS,7220,0.049
MIR2117HG,1435,0.049
ENSG00000231951,82,0.049
CTSF,5775,0.049
ENSG00000267139,231,0.049
BORCS7,7425,0.049
FMO4,6990,0.049
LINC02274,1954,0.049
ENSG00000227113,6582,0.049
SLC12A3,5098,0.049
SLC25A33,7473,0.0489
PDIA3P1,7256,0.0489
ENSG00000225527,3765,0.0489
ENSG00000253392,7148,0.0489
IMPA1P1,6724,0.0489
SPATA31A3,52,0.0489
RABGAP1L-AS1,6006,0.0489
SLFN12,6162,0.0489
LINC02043,5752,0.0489
GPX1P1,374,0.0489
VAC14,7485,0.0489
SFTA3-1,5827,0.0489
HCN4,2946,0.0489
ERLIN2,7444,0.0489
ENSG00000229066,5186,0.0489
DCST1-AS1,4984,0.0489
CCDC69,6786,0.0489
RPS20P32,1146,0.0489
ENSG00000288079,2425,0.0489
LINC02832,6739,0.0489
TSHZ3-AS1,6014,0.0489
ENSG00000258964,7217,0.0489
FOXD4L5,33,0.0488
ENSG00000257703,1896,0.0488
GFI1,5876,0.0488
S1PR2,7046,0.0488
CD276,7485,0.0488
ENSG00000290882,164,0.0488
FER1L6-AS2,5995,0.0488
LINC02546,2165,0.0488
ENSG00000287881,4594,0.0488
MACF1,7641,0.0488
ENSG00000285865,2814,0.0488
TRIM48,256,0.0488
SPOCK2,7095,0.0488
ENSG00000259326,4949,0.0488
CECR2,7366,0.0488
AFAP1-AS1,7151,0.0488
ENSG00000224738,7226,0.0488
TIRAP-AS1,7070,0.0488
FCF1,7478,0.0488
BNC1,4527,0.0488
DUSP5P1,1454,0.0488
RASIP1,6211,0.0488
HADHAP1,2315,0.0488
ENSG00000261757,1312,0.0488
ENSG00000267243,4096,0.0488
ENSG00000290941,766,0.0487
ENSG00000286058,5851,0.0487
ENSG00000286951,2111,0.0487
SEC22B2P,3655,0.0487
ENSG00000250954,7038,0.0487
ENSG00000286068,6500,0.0487
ENSG00000237283,4373,0.0487
HCN2,7255,0.0487
ENSG00000286493,1898,0.0487
ASS1,7417,0.0487
ENSG00000253111,5983,0.0487
ENSG00000282022,6884,0.0487
ENSG00000275457,3604,0.0487
AGBL1,7141,0.0487
ATP11AUN,4551,0.0487
DECR1,7572,0.0487
SH2D5,6250,0.0487
ENSG00000259035,5490,0.0487
IPO5,7557,0.0487
ENSG00000276302,6471,0.0487
OR2AG1,600,0.0487
ENSG00000233183,949,0.0487
MIGA2,7361,0.0487
COLQ,7256,0.0487
GRIA1,6030,0.0487
AGAP3,7511,0.0487
HIRA,7604,0.0487
PPP2CA,7619,0.0486
GLT1D1,5866,0.0486
SPNS1,7403,0.0486
ENSG00000286591,4944,0.0486
ENSG00000274367,1660,0.0486
GPR143,6165,0.0486
FAM72C,4994,0.0486
ENSG00000289843,5570,0.0486
NBEAP6,5613,0.0486
ENSG00000253553,7335,0.0486
KCNJ6,7280,0.0486
ZFAND3-DT,5969,0.0486
ENSG00000267248,6658,0.0486
PCYOX1L,7196,0.0486
EXOC8,7411,0.0486
ENSG00000258666,7156,0.0486
FAHD2A,7319,0.0486
PRSS42P,1028,0.0486
ENSG00000260348,140,0.0486
RHNO1,7272,0.0486
TOX-DT,3368,0.0486
RMEL3,5849,0.0486
ENSG00000229495,909,0.0485
MARCHF3,7586,0.0485
NPHP1,7365,0.0485
STXBP6,7330,0.0485
PIGR,6257,0.0485
FAM86FP,6744,0.0485
PPIL3,7467,0.0485
ENSG00000271254,7314,0.0485
ENSG00000251665,1217,0.0485
TRPV2,6214,0.0485
LINC01266,6334,0.0485
ENSG00000284930,4785,0.0485
CFAP95,2729,0.0485
WDR13,7362,0.0485
LINC00680,5945,0.0485
ENSG00000276110,4844,0.0485
SPDEF,5151,0.0485
ENSG00000253523,29,0.0485
PGF,6988,0.0485
LINC02033,3031,0.0485
PIDD1,7153,0.0485
ENSG00000264187,6947,0.0485
OR55B1P,464,0.0485
HOXA13,7141,0.0484
TCEAL8,7474,0.0484
ENSG00000273365,664,0.0484
PARP6,7512,0.0484
SCN1A,4732,0.0484
CWH43,1396,0.0484
CTBP1,7523,0.0484
TMEM120A,7331,0.0484
ANKRD2,6005,0.0484
ACHE,6229,0.0484
BOLA3,7367,0.0484
ALKAL2,4033,0.0484
ZNF559-ZNF177,7139,0.0484
H1-10-AS1,6930,0.0484
ORAI2,7487,0.0484
M1AP,5524,0.0484
GTF2IP6,3936,0.0484
ENSG00000249837,5471,0.0484
FAH,7307,0.0484
PRRG1,7565,0.0484
UICLM,771,0.0484
TOPORS,7500,0.0484
TMEM179B,7351,0.0484
N6AMT1,7242,0.0484
KRT42P-1,895,0.0484
DNM1,7406,0.0484
GRB14,7243,0.0484
ABCC9,6670,0.0484
AATF,7611,0.0484
OR2L3,1448,0.0483
ENSG00000286292,6863,0.0483
KPNB1,7637,0.0483
ENSG00000254687,2121,0.0483
ENSG00000250906,6196,0.0483
EIF3E,7628,0.0483
FOXD1,7315,0.0483
LINC00265,7335,0.0483
ENSG00000289438,143,0.0483
ENSG00000276900,6866,0.0483
ENSG00000289890,6225,0.0483
KCNH4,5409,0.0483
SDK2,7306,0.0483
MRNIP-DT,6787,0.0483
ART3,5518,0.0483
ENSG00000286017,2082,0.0483
LGALS4,7124,0.0483
CMKLR2,6202,0.0483
FBXL15,7127,0.0483
TMEM126B,7420,0.0483
RPL32P9,51,0.0483
ENSG00000289298,1501,0.0483
FAM133FP,1998,0.0483
RMC1,7429,0.0483
POTEKP,5250,0.0483
ELK2BP,91,0.0483
SCN9A,7385,0.0482
RXYLT1,7390,0.0482
FAM104B,7180,0.0482
ENSG00000286180,2810,0.0482
AQP6,1524,0.0482
ENSG00000286132,6214,0.0482
CHODL,6831,0.0482
ENSG00000287883,578,0.0482
IER5L-AS1,293,0.0482
ENSG00000236656,148,0.0482
ENSG00000268204,4972,0.0482
CCDC183,7109,0.0482
GLB1L,6799,0.0482
CNN3,7456,0.0482
RPS4XP13,104,0.0482
RNU6-705P,5285,0.0482
ENSG00000224269,5037,0.0482
GOLPH3-DT,6538,0.0482
MEX3C,7486,0.0482
PPP4R2,7632,0.0482
ASCL1,5291,0.0482
TAF6,7440,0.0481
MRAP2,5528,0.0481
KIF4CP,77,0.0481
INO80E,7437,0.0481
XPO5,7475,0.0481
ENSG00000225779,3639,0.0481
ANKRD22,6355,0.0481
SMPD1,7308,0.0481
ENSG00000241490,2492,0.0481
OXA1L,7435,0.0481
HMGN2P34,78,0.0481
ENSG00000269243,6503,0.0481
NMBR,5961,0.0481
PRKCH-AS1,5423,0.0481
MTND4P18,43,0.0481
SPCS2P3,134,0.0481
AKAP14,3752,0.0481
ENSG00000251652,6668,0.0481
HMGN2P46,7452,0.0481
XKR7,4951,0.0481
RPS4XP16,6875,0.0481
CILK1,7465,0.048
THAP11,7200,0.048
ENSG00000245156,6768,0.048
PHKG1,7344,0.048
FBXW4,7550,0.048
ETFA,7623,0.048
ENSG00000254194,2460,0.048
GPATCH2L,7641,0.048
ENSG00000287078,6112,0.048
NELFE,7422,0.048
GABRG3,6560,0.048
MRPL42P1,6110,0.048
ENSG00000286024,6174,0.048
SYT11,7033,0.048
ZNF84-DT,1808,0.048
ENSG00000266865,6948,0.048
RBBP9,7333,0.048
LCORL,7630,0.048
ENSG00000272672,543,0.048
ENSG00000290126,5366,0.048
PASK,7303,0.048
CHRM4,5092,0.048
VTCN1,4308,0.048
TMEM184B,7558,0.048
VDAC1P8,7323,0.048
ZBTB44-DT,6550,0.048
PCDH1,7316,0.048
NTS,4400,0.048
ENSG00000270104,44,0.0479
ZNF404,7363,0.0479
KCNF1,2099,0.0479
CT75-1,4216,0.0479
LINC02745,4019,0.0479
GGT4P,3538,0.0479
HLA-DQA1,1357,0.0479
FTH1P2,1268,0.0479
CCL5,7301,0.0479
ENSG00000263033,7044,0.0479
ENSG00000248764,51,0.0479
LINC00937,6864,0.0479
LINC01569,6675,0.0479
GPLD1,6907,0.0479
ENSG00000287054,4073,0.0479
STXBP5L,7295,0.0479
HOMER3-AS1,4427,0.0479
FBXW8,7583,0.0479
TDRP,7396,0.0479
ENSG00000286088,2516,0.0479
PHF11,7468,0.0479
OR52I2,78,0.0479
SREK1IP1,7566,0.0479
TMEM179,4070,0.0478
THAP10,6947,0.0478
CELP,242,0.0478
ENSG00000283148,3974,0.0478
ENSG00000286973,3828,0.0478
KLHL2P1,6942,0.0478
GATAD2A,7611,0.0478
ZCCHC4,7439,0.0478
ENSG00000256615,6468,0.0478
ENSG00000272335,7303,0.0478
LINC02006,7050,0.0478
ATPAF1,7505,0.0478
USP32P2,2729,0.0478
LINC02474,6322,0.0478
ENSG00000287443,951,0.0478
MOSPD1,7480,0.0478
ST8SIA4,6734,0.0478
C10orf143,6685,0.0478
NT5C3AP1,2038,0.0478
ENSG00000261435,794,0.0477
ENSG00000259268,677,0.0477
FNDC10,4460,0.0477
AOC1,3275,0.0477
HMX1,2424,0.0477
PKMP5,396,0.0477
Y_RNA-101,1290,0.0477
ATG4B,7569,0.0477
ENSG00000253687,5012,0.0477
SUGT1P3,7272,0.0477
OLFM3,5589,0.0477
UTP15,7350,0.0477
C10orf90,7009,0.0477
LINC01443,2143,0.0477
PIK3IP1,7145,0.0477
ENSG00000253184,3074,0.0477
ENSG00000242536,5482,0.0477
ENSG00000258082,2194,0.0477
ENSG00000286803,7315,0.0477
ENSG00000251088,5750,0.0477
PCDHGB1,3407,0.0477
B3GALT6,6969,0.0477
ENSG00000259968,701,0.0477
GSKIP,7453,0.0477
CHGA,3585,0.0477
MFSD4B,7574,0.0477
KCNJ8,2291,0.0477
ENSG00000232470,1017,0.0477
YBX2,5013,0.0477
ENSG00000286802,3756,0.0477
ARHGAP23,7475,0.0476
CABP4,5641,0.0476
LANCL1-AS1,7157,0.0476
ENSG00000259833,20,0.0476
ZNF730,6421,0.0476
LINC01404,980,0.0476
GNAL,7424,0.0476
KCNJ5-AS1,4684,0.0476
CHRNA6,2622,0.0476
PAFAH2,7326,0.0476
NPIPA8,779,0.0476
PHF2P2,7074,0.0476
ZNF182,7415,0.0476
ENSG00000287704,6503,0.0476
TMEM126A,7345,0.0476
SNCAIP,6878,0.0476
TEX45,6332,0.0476
ENDOV,7452,0.0476
ENSG00000274769,5919,0.0475
CHRFAM7A,1826,0.0475
ENSG00000269543,57,0.0475
ENSG00000232056,418,0.0475
ARHGAP28,7022,0.0475
MAF,7105,0.0475
NUDT3,7601,0.0475
ACOT9,7523,0.0475
TSEN54,7305,0.0475
ENSG00000290199,7270,0.0475
ENSG00000289974,33,0.0475
CSGALNACT2-DT,2333,0.0475
SERPINB7,6235,0.0475
GFRAL,1654,0.0475
ENSG00000286616,4122,0.0475
C5orf24,7479,0.0475
FH,7370,0.0475
C1orf115,6806,0.0475
ENSG00000243024,7161,0.0475
MRPS23,7339,0.0475
TIPIN,7364,0.0475
HAUS1,7350,0.0475
PGGT1B,7580,0.0475
HASPIN,7030,0.0475
ENSG00000228044,5849,0.0474
ENSG00000224481,5357,0.0474
FMO1,4158,0.0474
ENSG00000229646,752,0.0474
MIR646HG,7309,0.0474
MIR3677HG,5705,0.0474
C10orf82,4100,0.0474
FRG1HP,7456,0.0474
SF3A2,7422,0.0474
PRORSD1P,5738,0.0474
ZNF511,7412,0.0474
ENSG00000226266,7361,0.0474
TIGIT,2003,0.0474
ENSG00000253648,1220,0.0474
ENSG00000283692,6258,0.0474
THUMPD3-AS1,7614,0.0474
ITGA2B,7227,0.0474
TMEM168,7580,0.0474
ENSG00000268903,324,0.0474
DCAF4L1,7117,0.0474
LINC00398,597,0.0474
GOLGA8EP,63,0.0474
NDST4,5416,0.0474
HCG25,7025,0.0474
UFL1,7571,0.0473
LINC01837,4777,0.0473
CFAP300,6267,0.0473
KDM4A-AS1,7242,0.0473
ENSG00000237326,30,0.0473
OR4A16,106,0.0473
ADCY1,7241,0.0473
MED31,7340,0.0473
PEX12,7073,0.0473
ENSG00000236732,76,0.0473
KCND3,6807,0.0473
GRID1-AS1,791,0.0473
RPL31,7630,0.0473
PCID2,7545,0.0473
PSD,6931,0.0473
PLEKHO1,7295,0.0473
ENSG00000291293,4361,0.0473
ENSG00000283907,5926,0.0473
GINM1,7511,0.0473
GSTT3P,51,0.0473
S100A9,5540,0.0472
CLNS1A,7610,0.0472
ENPP7P10,6161,0.0472
LINC01227,3686,0.0472
EMC9,7256,0.0472
ENSG00000288016,5997,0.0472
ENSG00000272449,5880,0.0472
EFCAB6-AS1,2057,0.0472
CPNE3,7563,0.0472
LINC01898,515,0.0472
ZBTB8OSP2,617,0.0472
PABPC1,7641,0.0472
ZNF415,6371,0.0472
ENSG00000262660,7288,0.0472
CLIC4,7639,0.0472
MMAA,7173,0.0472
ENSG00000267179,6938,0.0472
SORL1,7514,0.0472
TTI2,7371,0.0472
FGFR4,6923,0.0472
ZIM2-AS1,6855,0.0472
CHI3L2,5599,0.0472
ENSG00000256364,7052,0.0472
HHLA2,6029,0.0472
HKDC1,7411,0.0472
TOM1L2,7608,0.0471
TMEM106A,7356,0.0471
GLA,7337,0.0471
ENSG00000271201,453,0.0471
ENSG00000258776,3403,0.0471
C6orf118,2913,0.0471
HIGD2A,7344,0.0471
ENSG00000260573,6226,0.0471
CYP2B6,2943,0.0471
TERC,6760,0.0471
HEXIM2,6839,0.0471
ENSG00000260793,6540,0.0471
IGSF3P2,1101,0.0471
EDAR,6650,0.0471
TEKT5,5641,0.0471
ENSG00000259115,4744,0.0471
BRDT,4497,0.0471
ENSG00000281167,2937,0.0471
FBXO45,7429,0.0471
RNF34,7478,0.0471
IL11RA,7146,0.0471
DNAI7,7247,0.0471
GCC2-AS1,7314,0.0471
AOC4P-1,1912,0.0471
ENSG00000258168,6912,0.0471
ENSG00000277182,5004,0.0471
PSMC1P9,507,0.0471
ENSG00000286746,6495,0.0471
LINC02156,4314,0.0471
NUTM2E,7250,0.0471
LINC02792,266,0.0471
LINC01194,6819,0.0471
ENSG00000258959,7239,0.0471
ENSG00000272906,4787,0.0471
ENSG00000267898,2649,0.0471
ENSG00000241612,2505,0.0471
ENSG00000237019,2062,0.0471
ZNF264,7532,0.047
Y_RNA-464,27,0.047
POMT1,7391,0.047
BLVRB,7459,0.047
AFF2,6597,0.047
CYBA,7309,0.047
SIAH3,2109,0.047
ENSG00000289848,1011,0.047
ENSG00000286211,1872,0.047
ALX4,5549,0.047
LINC00539,6896,0.047
OR2M5,109,0.047
MT2P1,353,0.047
MT-TY,1511,0.047
ENSG00000255680,971,0.047
SLA2,7063,0.047
RN7SL636P,495,0.047
RNF144B,7309,0.047
ZNF862,7432,0.047
ENSG00000271414,375,0.0469
DOK1,6967,0.0469
SRSF8,7253,0.0469
ENSG00000286272,2046,0.0469
TPD52L1,7450,0.0469
SCFD2,7611,0.0469
CCDC144NL-1,7151,0.0469
TPM3P4,619,0.0469
RNU6-1254P,1222,0.0469
PDXDC2P-NPIPB14P,7350,0.0469
KHDC1,7266,0.0469
ENSG00000290960,4013,0.0469
ZNF558,7376,0.0469
CATSPER2P1-1,6896,0.0469
PKDREJ,153,0.0469
RPL5P35,4685,0.0469
ADPRS,7500,0.0469
ENSG00000277235,607,0.0469
ANKRD49P3,241,0.0469
LUM,4797,0.0469
GJB7,6866,0.0469
LINC02576,6375,0.0469
ZSCAN23,5608,0.0469
TXLNA,7520,0.0469
LINC02475,4369,0.0469
ENSG00000286035,7315,0.0469
ZNF99,1378,0.0469
FMN2,7205,0.0469
TIMM10,7128,0.0468
LINC02348,5661,0.0468
FOXL1,6474,0.0468
OTOGL,5996,0.0468
FAM167A-AS1,5472,0.0468
ENSG00000225457,5551,0.0468
ENSG00000249697,1166,0.0468
ENSG00000286558,4899,0.0468
ENSG00000266998,673,0.0468
SLITRK6,6768,0.0468
ENSG00000224905,7480,0.0468
SPPL2A,7593,0.0468
LINC01993,2066,0.0468
ENSG00000257286,4436,0.0468
ENSG00000267952,3038,0.0468
AMACR,7370,0.0468
FAM81B,5505,0.0468
ENPEP,6787,0.0468
METTL1,7219,0.0468
MT1M,3738,0.0468
LRRC69,7510,0.0468
ENSG00000256915,6656,0.0468
NR4A1AS,5602,0.0468
ENSG00000260850,5492,0.0468
UBE2Q2P1-1,6966,0.0468
ENSG00000224731,712,0.0467
EFHD1,7019,0.0467
NSUN5P2-1,6754,0.0467
LINC02796,1727,0.0467
ENSG00000285535,3327,0.0467
SOX21-AS1,5725,0.0467
LINC02753,3007,0.0467
LAMTOR4,7420,0.0467
ZNG1B,7383,0.0467
ENSG00000289114,4469,0.0467
ENSG00000259994,6320,0.0467
CCL17,2139,0.0467
ARL2BP,7409,0.0467
GOLGA7,7467,0.0467
ENSG00000289460,1860,0.0467
LINC02609,7349,0.0467
ZFP37,6756,0.0467
LINC00377,2180,0.0467
ENSG00000243230,399,0.0467
ENSG00000271272,57,0.0467
ENSG00000288074,1716,0.0467
LINC01220,3840,0.0467
ENSG00000290537,6445,0.0467
WASH6P,6077,0.0466
ENSG00000206129,5744,0.0466
ABHD17AP3,5190,0.0466
PLCXD3,5764,0.0466
TEKT4,1494,0.0466
PRAM1,6702,0.0466
SMG6,7627,0.0466
ENSG00000224114,1017,0.0466
LNCOC1,6505,0.0466
LINC00303,765,0.0466
ENSG00000231295,103,0.0466
ZNF571,7349,0.0466
ENSG00000246090,7306,0.0466
SELENOWP1,89,0.0466
ENSG00000287290,4265,0.0466
POLK,7620,0.0466
PPFIBP2,7281,0.0466
ARPC5,7587,0.0466
ENSG00000289552,3553,0.0466
ENSG00000246851,6485,0.0466
ENSG00000288053,376,0.0466
DLX5,1644,0.0466
SLC37A4,7176,0.0466
SPCS3-AS1,6534,0.0466
TMEM87A,7617,0.0466
NUDT15,7324,0.0466
MTTP,5164,0.0466
POC1B,7491,0.0466
NCOA2,7637,0.0465
ENSG00000279440,559,0.0465
ENTPD1,6668,0.0465
GADD45G,4754,0.0465
ARL5A,7521,0.0465
COL6A4P2,2838,0.0465
ZNF597,7082,0.0465
ENSG00000231355,195,0.0465
LINC00457,6660,0.0465
ENSG00000291011,3107,0.0465
LINC01823,6293,0.0465
ZDHHC7,7511,0.0465
NAGLU,7303,0.0465
TTC5,7383,0.0465
ENSG00000288577,441,0.0465
ENSG00000223379,1440,0.0465
HNRNPA1P59,353,0.0465
SEPTIN9-DT,6502,0.0465
C20orf141,412,0.0465
CDH6,6847,0.0465
ENSG00000261970,3495,0.0465
SYBU-AS1,124,0.0465
Metazoa_SRP-108,3709,0.0465
PAQR5-DT,2952,0.0465
ENSG00000276728,6742,0.0465
ENSG00000231772,6103,0.0464
ENSG00000227755,2613,0.0464
SLC25A3,7594,0.0464
YPEL3-DT,5883,0.0464
GIMAP8,2388,0.0464
ENSG00000273084,5442,0.0464
KRBA1,6255,0.0464
ENSG00000263798,6726,0.0464
ENSG00000250596,1243,0.0464
ANKRD50,7570,0.0464
CHORDC2P,1154,0.0464
ENSG00000286599,6523,0.0464
ENSG00000250424,5206,0.0464
ENSG00000205740,7034,0.0464
RIT2,6608,0.0464
CNPY4,7239,0.0464
HNRNPA1P60,166,0.0464
NRBF2P3,3228,0.0464
SPSB3,7339,0.0464
ITLN2,619,0.0464
ENSG00000280106,6930,0.0464
AKAP5,6804,0.0464
GZMM,6400,0.0464
ZNF876P-1,4783,0.0464
KRTAP19-1,198,0.0464
TUBG1P,132,0.0464
ENSG00000248296,4648,0.0464
ALG5,7450,0.0464
IL6R-AS1,1790,0.0464
ENSG00000278376,5154,0.0464
DGAT2,6842,0.0464
ENSG00000272316,7199,0.0464
PPP1R3B-DT,7110,0.0464
POU4F1,4832,0.0463
INHBB,6538,0.0463
BCAS1,7035,0.0463
ENSG00000228527,1762,0.0463
ENSG00000286882,5950,0.0463
PWP1,7476,0.0463
ZNFX1,7586,0.0463
TAF12,7490,0.0463
ENSG00000285751,5677,0.0463
SLC22A10,1251,0.0463
TMEM167B,7455,0.0463
ZNF556,5882,0.0463
ENSG00000253166,559,0.0463
TAF6L,7298,0.0463
USP51,4661,0.0463
TEPSIN,7233,0.0463
ENSG00000145075,5284,0.0463
NEURL4,7304,0.0463
NUDT22,7385,0.0463
DNPH1,7207,0.0463
C2orf16,4745,0.0463
TMC4,7260,0.0463
LSM8,7502,0.0463
P2RX2,312,0.0463
ENSG00000286799,4964,0.0463
ACKR3,5302,0.0462
ITPKA,6922,0.0462
ENSG00000258410,3253,0.0462
MYBPC1,4996,0.0462
CHSY3,7410,0.0462
ENSG00000290429,3538,0.0462
OTULINL,7046,0.0462
ANTKMT,6885,0.0462
ENSG00000262227,6520,0.0462
CCDC148-AS1,3878,0.0462
MAPKAPK3,7336,0.0462
C20orf203,6509,0.0462
LINC02301,4726,0.0462
ENSG00000229742,287,0.0462
ENSG00000243501,5408,0.0462
TAFA4,5165,0.0462
LAD1,6782,0.0462
POM121,7626,0.0462
ZNF613,6894,0.0462
FUT8-AS1,3288,0.0462
STH,37,0.0462
DANT1,6577,0.0462
CSMD2,7161,0.0461
ENSG00000228886,7083,0.0461
FOXD2-AS1,6164,0.0461
PLAC9,6302,0.0461
SPRING1,7512,0.0461
SCARA3,6633,0.0461
ENSG00000280103,721,0.0461
SOX15,3483,0.0461
MARCHF2,7356,0.0461
ENSG00000285444,6088,0.0461
CEP250-AS1,6964,0.0461
MUC5B-AS1,2459,0.0461
ENSG00000263655,5913,0.0461
ENSG00000286310,2159,0.0461
LONRF2,6946,0.0461
IGSF10,5021,0.0461
ENSG00000227101,1240,0.0461
ADD2,7206,0.0461
ENSG00000231741,1250,0.0461
ENSG00000288597,7197,0.0461
COL5A1,7574,0.0461
ENSG00000286023,4832,0.0461
ENSG00000259869,877,0.0461
FKBP4P6,34,0.046
OLFM4,947,0.046
PPP1R3E,7347,0.046
LINC00871,7141,0.046
ENSG00000272279,1033,0.046
ENSG00000286299,1100,0.046
ENSG00000272519,332,0.046
GRHL3-AS1,3529,0.046
CYP2R1,7316,0.046
ADGRL1-AS1,7313,0.046
FCRL3,417,0.046
ENSG00000279392,401,0.046
IGLVIVOR22-1,46,0.046
ART4,3915,0.046
HMGB1P26,1278,0.046
GDPD4,5963,0.046
DLGAP1-AS5,1217,0.046
ENSG00000288890,4325,0.046
TONSL-AS1,1446,0.046
ENSG00000288939,3037,0.046
DAPP1,7041,0.046
RN7SL34P,868,0.046
ENSG00000267868,1078,0.046
GNPDA1,7433,0.046
CYP11A1,4364,0.046
ENSG00000266954,3918,0.046
ENSG00000265542,7233,0.046
ENSG00000258660,3861,0.0459
ENSG00000279369,4384,0.0459
OR6C2,48,0.0459
ENSG00000257327,1885,0.0459
PKD1P3,6062,0.0459
SPTLC3,7121,0.0459
SLC2A3P4,1358,0.0459
SRRM3,7164,0.0459
MALINC1,6931,0.0459
LINC01571,737,0.0459
ENSG00000259053,7249,0.0459
UBE2H-DT,6406,0.0459
AQP4-AS1,6794,0.0459
UHRF1BP1L-DT,3364,0.0459
LMTK3,7138,0.0459
ENSG00000247049,6336,0.0459
ENSG00000271797,623,0.0459
ENSG00000223598,7008,0.0459
ERVK3-1,7158,0.0459
CHRNA5,7313,0.0459
SMPD2,6955,0.0459
DDB2,7521,0.0458
FYTTD1,7546,0.0458
ENSG00000285909,7050,0.0458
LGI2,3777,0.0458
ERAS,2757,0.0458
TMEM30A-DT,6983,0.0458
INPP5K,7425,0.0458
ENSG00000236892,2645,0.0458
ENSG00000275964,5780,0.0458
INTS9-AS1,1614,0.0458
ENSG00000287944,1334,0.0458
UROC1,1831,0.0458
EPHA2-AS1,6089,0.0458
ENSG00000284471,549,0.0458
ENSG00000272669,5928,0.0458
ENSG00000265798,784,0.0458
PPP4R3B-DT,5457,0.0458
FBXW10,5491,0.0458
RWDD4P1,856,0.0458
ZNF208,4590,0.0457
AICDA,1161,0.0457
COX6B2,5893,0.0457
OSR1,4627,0.0457
ELAC2,7361,0.0457
CELF2-AS1,614,0.0457
FLVCR2,7130,0.0457
ADCY10,7210,0.0457
ENSG00000261227,5463,0.0457
GNG11,7212,0.0457
COILP1,4704,0.0457
BATF2,6804,0.0457
ANAPC13,7339,0.0457
LINC03021,2793,0.0457
RPS6P15,256,0.0457
CCNK,7585,0.0457
FBLN5,6204,0.0457
CGREF1,7074,0.0457
LINC02778,1094,0.0457
ZNF547,7049,0.0457
TMEM230,7529,0.0457
ADNP-AS1,7064,0.0457
TRPM2-AS,5178,0.0457
FOXJ3,7637,0.0457
ENSG00000244464,1907,0.0457
ENSG00000254115,3472,0.0457
COA3,7178,0.0456
OSGIN1,7239,0.0456
ENSG00000285834,6558,0.0456
LENEP,320,0.0456
RPL7P47,44,0.0456
C4orf50,4363,0.0456
ENSG00000288605,7413,0.0456
TRIM8-DT,6384,0.0456
ENSG00000265316,3686,0.0456
LINC02167,1723,0.0456
MAMDC2,7078,0.0456
CUEDC2,7321,0.0456
ADI1,7454,0.0456
LSP1P4,7128,0.0456
MTCP1,7246,0.0456
ENSG00000268184,2597,0.0456
SCPEP1,7383,0.0456
HSPD1P5,2799,0.0456
ADGRG6,7572,0.0456
SH2D6,4485,0.0455
ENSG00000229167,3531,0.0455
ENSG00000280071,5990,0.0455
RTN4RL1,6914,0.0455
NSA2P4,621,0.0455
ENSG00000279129,686,0.0455
ENSG00000228079,3333,0.0455
ENSG00000228587,1466,0.0455
DGCR6,1505,0.0455
ZBTB39,7382,0.0455
ENSG00000266963,358,0.0455
NSMCE1-DT,6933,0.0455
ENSG00000231114,80,0.0455
PCYT2,7178,0.0455
ENSG00000290410,5195,0.0455
LINC02342,607,0.0455
ENSG00000285729,662,0.0455
LRRC2,5718,0.0455
HSPA2-AS1,7240,0.0455
HS3ST6,1555,0.0455
AKT2,7513,0.0455
ENSG00000232124,543,0.0455
MKLN1-AS,7235,0.0455
EPOP,7145,0.0455
LINC00506,3938,0.0455
LINC02253,7157,0.0455
ENSG00000262171,195,0.0454
ENSG00000227236,99,0.0454
AURKC,6436,0.0454
TCL1B,399,0.0454
ENSG00000281468,5898,0.0454
DDIAS,7344,0.0454
NLRX1,7275,0.0454
TMEM150C,7040,0.0454
C12orf42,5773,0.0454
SUN2,7438,0.0454
PTMAP12,334,0.0454
ENSG00000227619,5298,0.0454
COL4A2-AS1,4080,0.0454
MFN2,7533,0.0454
FOXO3B,7258,0.0454
CCDC115,7352,0.0454
ENSG00000286735,6053,0.0454
CRABP1,1715,0.0454
HARBI1,7003,0.0454
ARHGEF6,7097,0.0454
CSNK2A3,6477,0.0454
LHX3,3015,0.0454
ITGB1BP2,6400,0.0454
ENSG00000287655,1056,0.0454
NOA1,7377,0.0454
PLGLA,1327,0.0454
TNPO3,7633,0.0454
HOXB2,6339,0.0453
NPM1P46,4052,0.0453
SYN3-AS1,146,0.0453
LINC00402,1656,0.0453
ENSG00000287801,3156,0.0453
ATP5MGL,6940,0.0453
ATP2B1-AS1,5884,0.0453
ACTR1A,7441,0.0453
DEPDC7,7107,0.0453
HAPLN3,7187,0.0453
NUGGC,4584,0.0453
ANKRD49,7340,0.0453
ENSG00000234026,4753,0.0453
ENSG00000273319,7165,0.0453
RPS7P6,204,0.0453
ENSG00000259732,6908,0.0453
PKN2,7635,0.0453
TTTY10,5454,0.0453
EEF1A1P39,187,0.0453
NSG1,4799,0.0453
ENSG00000233538,1943,0.0453
CEBPA,5190,0.0453
ENSG00000289462,476,0.0453
C1DP1,3845,0.0453
ENSG00000286043,2996,0.0453
FOLR1,2491,0.0452
OTUD1,7307,0.0452
ZNF337-AS1,7480,0.0452
TRIAP1,7334,0.0452
ACER3,7578,0.0452
ENSG00000288852,3868,0.0452
LINC01787,2890,0.0452
KCTD12,7147,0.0452
LINC02481,3913,0.0452
TRD-AS1,6807,0.0452
ENSG00000260464,2079,0.0452
C4BPB,6911,0.0452
LINC01527,378,0.0452
TOB1-AS1,6586,0.0452
LINC01923,1662,0.0452
KDM7A-DT,7042,0.0452
ENSG00000258670,1329,0.0452
USP32,7637,0.0452
ENSG00000281087,90,0.0452
UBL7-DT,7329,0.0452
EHBP1,7641,0.0452
ENSG00000289928,2297,0.0452
RPS3AP43,74,0.0452
COPB1,7636,0.0452
ENSG00000259959,7056,0.0452
NPIPA3,50,0.0452
TM6SF1,6828,0.0452
ENSG00000261168,2247,0.0452
VWC2L,5339,0.0452
DANCR,7440,0.0451
GPR84,2976,0.0451
RPP38,7389,0.0451
CHCHD3,7611,0.0451
ENSG00000227193,622,0.0451
LINC02127,126,0.0451
ENSG00000218426,4833,0.0451
NMNAT3,7306,0.0451
LINC03007,5339,0.0451
LINC00840,2917,0.0451
SPACA6-AS1,4327,0.0451
NARF-AS1,1919,0.0451
SLC22A2,4838,0.0451
ENSG00000272479,330,0.0451
HIPK1,7547,0.0451
ENSG00000248751,3615,0.0451
PFN1P11,565,0.0451
WAPL-DT,5947,0.0451
MDM1,7335,0.0451
ENSG00000254732,7355,0.0451
NOP56P3,657,0.0451
ENSG00000286875,4673,0.0451
ENSG00000268069,2750,0.0451
STAP1,5205,0.0451
SLC10A5P1,3714,0.0451
SIX1,7219,0.0451
UBE2E3,7611,0.0451
IGLL3P,321,0.045
TPRXL,6274,0.045
CIAO3,7320,0.045
HOXA1,5537,0.045
YAE1,7418,0.045
ENSG00000287413,2507,0.045
ENSG00000228596,2019,0.045
ARHGAP19-SLIT1,6972,0.045
ARHGEF25,6128,0.045
DAZL,4155,0.045
ENSG00000290851,3018,0.045
TAFA1,6556,0.045
DMRTA2,5391,0.045
UBE2Q1,7478,0.045
ZFYVE16,7639,0.045
SERINC4,6645,0.045
ENSG00000283380,7028,0.045
ENSG00000236439,326,0.045
LINC01559,6065,0.045
ANKRD40,7454,0.045
ENSG00000266929,6967,0.045
ENSG00000258294,1179,0.045
ENSG00000237612,269,0.045
ENSG00000286563,7191,0.045
TRIM31,7009,0.045
SLC8B1,7468,0.045
LINC00996,3505,0.045
UBR2,7636,0.045
ENSG00000253416,2180,0.045
CAMP,129,0.045
PIWIL4-AS1,6928,0.045
ENSG00000214650,2834,0.0449
PLPP5,7425,0.0449
GLRX3P2,893,0.0449
RPL34P33,501,0.0449
NAA16,7588,0.0449
MVP,7523,0.0449
LIME1,7045,0.0449
SMYD1,1205,0.0449
LINC00211,3480,0.0449
PHF5A,7351,0.0449
SNORD26,293,0.0449
POU6F2,7010,0.0449
MUC6,6815,0.0449
ENSG00000277501,5449,0.0449
ULK2,7391,0.0449
EBLN2,7244,0.0449
HAPLN2,3399,0.0449
LMX1A,2258,0.0449
ENSG00000251417,5986,0.0449
KCNU1,5543,0.0449
BTNL9,6454,0.0449
ENSG00000266743,646,0.0449
ENPP7P6,4681,0.0449
CT70,2636,0.0449
YTHDF3,7633,0.0449
EBPL,7390,0.0449
SIRT3,7297,0.0449
TRIM10,3401,0.0449
ENSG00000287703,2747,0.0449
SUDS3P1,4502,0.0449
ENSG00000260710,6179,0.0449
SENP8,7278,0.0448
ENSG00000285520,6068,0.0448
CNOT6,7591,0.0448
ENSG00000274184,6520,0.0448
ENSG00000290478,1565,0.0448
SLC34A2,4505,0.0448
ENSG00000236928,3728,0.0448
ENSG00000272836,309,0.0448
ENSG00000234160,5807,0.0448
PNRC2P1,6505,0.0448
USP32P4,4813,0.0448
LMO2,5567,0.0448
ASTN1,5235,0.0448
STIM2,7509,0.0448
MAN1C1,7220,0.0448
ENSG00000237897,191,0.0448
MEFV,4341,0.0448
ENSG00000286417,6536,0.0448
ENSG00000268403,6741,0.0448
STMN3,7268,0.0448
TMEM187,7003,0.0448
CHRNA1,3681,0.0448
C5orf67,2799,0.0448
MRGPRE,649,0.0448
C3orf38,7497,0.0448
ENSG00000232855,7261,0.0448
ZNF197-AS1,6050,0.0447
ENSG00000237161,2664,0.0447
FAM171A2,6665,0.0447
MLLT11,7238,0.0447
ENSG00000260167,7041,0.0447
TOPAZ1,4728,0.0447
FNBP4,7636,0.0447
TOX4P1,3755,0.0447
ENSG00000289997,7187,0.0447
ENSG00000237031,4095,0.0447
CBS,3425,0.0447
UGDH,7601,0.0447
ENSG00000287437,1446,0.0447
REEP1,6577,0.0447
ENSG00000258782,6768,0.0447
LINC02315,7362,0.0447
ENSG00000238207,2274,0.0447
MAB21L2,2309,0.0447
H2BK1,6740,0.0447
SOX5P1,313,0.0447
ENSG00000232969,4648,0.0447
GALNT18,7563,0.0447
ENSG00000283003,3484,0.0447
SLC15A1,6286,0.0447
ENSG00000268149,3326,0.0447
DCC,7038,0.0447
ENSG00000290469,3516,0.0447
ENSG00000267592,22,0.0447
ENSG00000270265,6670,0.0447
RANBP3L,5700,0.0447
KLHL32,6932,0.0447
GMPR,7106,0.0447
MAP3K14-AS1,7206,0.0447
ENSG00000286321,4150,0.0447
DTD2,7287,0.0447
ENSG00000282218,7276,0.0447
ZFHX4,7451,0.0446
SLC26A5,7150,0.0446
ENSG00000230092,4372,0.0446
UCP1,1462,0.0446
PYM1,7363,0.0446
LINC00484,6698,0.0446
OGFRL1,7501,0.0446
LINC02343,6995,0.0446
ZNF155,7429,0.0446
NFU1,7368,0.0446
WAS,5621,0.0446
TLR6,6995,0.0446
KBTBD6,7238,0.0446
ENSG00000269987,6511,0.0446
PSMC6,7591,0.0446
ENSG00000265630,466,0.0446
EID3,7155,0.0446
TSPAN14,7531,0.0446
LINC02496,265,0.0446
LINC02472,2202,0.0446
FLVCR1-DT,6809,0.0446
MIR130AHG,6325,0.0446
CIAPIN1,7379,0.0445
MKNK1-AS1,5522,0.0445
ENSG00000254929,7315,0.0445
RPS4XP1,1224,0.0445
CYYR1-AS1,5224,0.0445
PHF20,7607,0.0445
H2AC15,4308,0.0445
DDX59,7394,0.0445
TPPP3,4515,0.0445
ILDR2,5763,0.0445
LINC00663,7092,0.0445
LINC01607,6006,0.0445
ENSG00000286339,4362,0.0445
GAS6-DT,4312,0.0445
LEPROTL1,7505,0.0445
TRPV1,7404,0.0445
MIR3945HG,1563,0.0445
CR1,4621,0.0445
LINC01882,5944,0.0445
ENSG00000285530,5822,0.0445
ENSG00000272293,2260,0.0445
NSUN4,7416,0.0445
ENSG00000276649,4794,0.0445
ENSG00000260953,4074,0.0445
ENSG00000224848,7048,0.0444
SS18L1,7567,0.0444
RPL26P6,5738,0.0444
STOX2,7457,0.0444
ZC3H10,7225,0.0444
LINC01699,370,0.0444
TMEM225B,6609,0.0444
IL20RB-AS1,6600,0.0444
BCL11A,7357,0.0444
MS4A10,466,0.0444
NDUFS7,7327,0.0444
WASH5P,3707,0.0444
DYSF,7235,0.0444
SFXN2,7322,0.0444
ENSG00000237720,4143,0.0444
Y_RNA-611,141,0.0444
FBP2,4682,0.0444
ZNF813,7119,0.0444
HNRNPA1P68,1713,0.0444
ADIRF,6891,0.0444
ENTPD3,5854,0.0444
GSTO2,7391,0.0444
VSIG10L-AS1,3741,0.0443
ENSG00000255467,7010,0.0443
ENSG00000255508,6677,0.0443
UBE2Q2,7539,0.0443
ENSG00000261305,3715,0.0443
ENSG00000259006,1866,0.0443
ENSG00000288004,2357,0.0443
ENSG00000254332,5353,0.0443
ENSG00000269139,555,0.0443
ENSG00000260086,6853,0.0443
JTB,7452,0.0443
P2RX6,5196,0.0443
ENSG00000272491,669,0.0443
ENSG00000287206,1376,0.0443
ENSG00000285941,3415,0.0443
PRDM2,7603,0.0443
FTCD,6120,0.0443
RNF208,5984,0.0443
ENSG00000260922,5197,0.0443
TUBBP1,4701,0.0443
HNRNPCP9,492,0.0443
MMD2,4921,0.0443
RHOJ,6783,0.0443
PATZ1,7324,0.0443
ENSG00000290069,1446,0.0443
TRAM2-AS1,7247,0.0443
MICB-DT,4534,0.0443
TMEM176B,3175,0.0442
ENSG00000271945,7065,0.0442
ENSG00000288557,624,0.0442
ENSG00000290659,1138,0.0442
SLC39A12-AS1,26,0.0442
CDKN2A,7436,0.0442
ADNP,7638,0.0442
MEIS1,7540,0.0442
CDC23,7436,0.0442
ENSG00000268392,5677,0.0442
ENSG00000232633,5528,0.0442
ENSG00000277977,71,0.0442
CNR2,4182,0.0442
CMTM2,5654,0.0442
PSMG3-AS1,7295,0.0442
LINC00392,2045,0.0442
PCDHA6,7214,0.0442
LINC02608,7145,0.0442
PRR15L,4893,0.0442
ENSG00000276529,7179,0.0442
LINC02094,3413,0.0442
TTBK2-AS1,6593,0.0442
MFSD13A,7061,0.0441
ENSG00000270100,4667,0.0441
ENSG00000272692,5497,0.0441
KCTD9P5,212,0.0441
ENSG00000274817,204,0.0441
NR6A1,7639,0.0441
MILR1,6370,0.0441
PMS2CL,7389,0.0441
KTI12,6954,0.0441
GSTM2,7058,0.0441
ENSG00000260918,884,0.0441
COX14,7366,0.0441
ENSG00000250024,1427,0.0441
ENSG00000225166,2211,0.0441
NUTM2A-AS1,7562,0.0441
SUCLA2,7560,0.0441
ZBED5-AS1,7146,0.0441
ENSG00000288548,2376,0.0441
SRGN,7479,0.0441
SORCS1,7173,0.0441
ENSG00000229855,5141,0.0441
APOBEC3F,7276,0.044
POLR3GL,7360,0.044
TPBGL,2645,0.044
ATG2A,7450,0.044
SPATA16,5618,0.044
TWIST1,7008,0.044
ENSG00000254973,6200,0.044
ENSG00000280160,4464,0.044
ENSG00000258416,4813,0.044
ENSG00000240674,1723,0.044
SSPOP,6328,0.044
LINC01722,6775,0.044
KCNG3,6666,0.044
SERP1,7611,0.044
ENSG00000286756,4512,0.044
TLE2,7159,0.044
MOGAT3,5585,0.044
TOX4,7577,0.044
GLRA3,6640,0.044
TIGD5,6730,0.044
CCDC78,5978,0.044
ENSG00000227704,6668,0.044
COQ10BP2,144,0.0439
ENSG00000240401,7333,0.0439
BCLAF3,7553,0.0439
CDH17,7101,0.0439
ENSG00000235609,7463,0.0439
NAALAD2,6440,0.0439
ENSG00000258593,6343,0.0439
NLGN3,7244,0.0439
NTNG1,7048,0.0439
FAM230G,130,0.0439
LCMT2,6478,0.0439
ADGRG4,1890,0.0439
DECR2,7112,0.0439
C5orf49,1189,0.0439
EPHA7,6455,0.0439
ENSG00000232176,6361,0.0439
PRKCD,7412,0.0439
ASAP3,7326,0.0439
ENSG00000267026,4217,0.0439
ENSG00000255320,6912,0.0439
SIK2,7605,0.0439
ENSG00000230107,3643,0.0439
ENSG00000259639,6544,0.0439
TTC36-AS1,7237,0.0439
RAB5B,7517,0.0439
ENSG00000282527,3993,0.0439
AMMECR1L,7548,0.0439
ACAN,3249,0.0439
PRKACB,7590,0.0439
TULP2,6067,0.0439
MAGEA12,3987,0.0439
ENSG00000262358,1483,0.0439
CHUK-DT,6029,0.0438
ENSG00000273345,7217,0.0438
SETDB2,7391,0.0438
SCAF4,7586,0.0438
ENSG00000203364,2701,0.0438
NGB,4357,0.0438
GAGE10,3198,0.0438
SLC25A15,7303,0.0438
EEF1AKMT1,7396,0.0438
TINAGL1,7352,0.0438
C9orf43,5642,0.0438
FSD2,5807,0.0438
ENSG00000259007,2142,0.0438
CTRC,5836,0.0438
RNF133,1713,0.0438
ENSG00000253939,5468,0.0438
SLITRK2,1328,0.0438
CRHBP,1987,0.0438
ENSG00000286878,1245,0.0438
ENSG00000284682,93,0.0438
BRDTP1,661,0.0438
FKBPL,6570,0.0438
BMAL1,7424,0.0438
CCDC144BP,7239,0.0438
ENSAP2,1943,0.0438
ENSG00000288559,6304,0.0438
PSRC1,7282,0.0438
ENSG00000255054,3625,0.0438
CAPSL,900,0.0438
NPIPB2,7275,0.0438
SLC66A3,7362,0.0438
ZSCAN26,7336,0.0438
SEMA6D,6975,0.0438
ENSG00000283352,7306,0.0438
HEATR1,7612,0.0438
TRIM62,7354,0.0438
KLRC4,4071,0.0438
FST,6968,0.0437
ENSG00000260269,7305,0.0437
CEP43,7554,0.0437
MBNL1-AS1,5895,0.0437
TMEM177,6957,0.0437
LINC00229,319,0.0437
DNTT,606,0.0437
ENSG00000268475,1367,0.0437
ENSG00000213683,975,0.0437
ENSG00000284946,6939,0.0437
JHY,7011,0.0437
WIPF3,6588,0.0437
CLDND1,7524,0.0437
DSTYK,7524,0.0437
PLIN5,5510,0.0437
LINC02820,3417,0.0437
PITPNA,7569,0.0437
ADGRF4,5677,0.0437
NCOR1P4,1910,0.0437
STARD7-AS1,7369,0.0437
ENSG00000283563,6347,0.0437
ENSG00000285842,4157,0.0437
ZFP69,6822,0.0437
PRRT3-AS1,7211,0.0436
GDF1,7170,0.0436
MPV17L2,6740,0.0436
SV2C,5968,0.0436
CHCT1,5182,0.0436
ENSG00000223356,4021,0.0436
UNC5A,6259,0.0436
APH1A,7502,0.0436
ZNF518B,7006,0.0436
ADGRA3,7544,0.0436
HMX2,530,0.0436
MTND1P34,4104,0.0436
UCA1,6831,0.0436
FYN,7619,0.0436
MOSPD3,7296,0.0436
ZNF691-DT,6193,0.0436
PPP1R14D,4167,0.0436
ACSM3,7204,0.0436
TXNRD3,7381,0.0436
ENSG00000249684,6473,0.0435
ENSG00000271146,655,0.0435
KRBA2,7329,0.0435
ENSG00000268120,1799,0.0435
PRRT3,7170,0.0435
ENSG00000260072,1077,0.0435
ENSG00000254302,3965,0.0435
ENSG00000267505,2182,0.0435
ENSG00000281016,7286,0.0435
AMOT,7189,0.0435
CBLN2,2376,0.0435
ENSG00000291130,5209,0.0435
SV2A,7112,0.0435
ENSG00000285608,7168,0.0435
MYO7A,6880,0.0435
TMEM238,5926,0.0435
CCDC196,4794,0.0435
ENSG00000263603,6963,0.0435
OR4N2,2494,0.0435
ZFP28,6773,0.0435
PRKCQ,6936,0.0435
ENSG00000226291,139,0.0435
ICOSLG,5089,0.0435
MAP3K21,7496,0.0435
ARL4D,7247,0.0435
HSD3B2,261,0.0435
NBDY,7533,0.0435
ZNF793,6956,0.0434
ORC1,7338,0.0434
ENSG00000234477,6269,0.0434
ENSG00000262873,3279,0.0434
NDUFB2-AS1,6917,0.0434
NPFFR2,5829,0.0434
ENSG00000145063,2013,0.0434
LINC00354,572,0.0434
LINC02389,493,0.0434
AMT,6533,0.0434
RBMS3-AS3,7168,0.0434
ENSG00000271821,456,0.0434
ENSG00000265907,6744,0.0434
TTPA,5337,0.0434
LRRC1,7560,0.0434
DPYD-AS1,6988,0.0434
ENSG00000286267,23,0.0434
HTR7,6922,0.0434
ENSG00000289972,486,0.0434
ENSG00000269892,1627,0.0434
GOLGA5,7552,0.0434
ENSG00000270981,101,0.0434
TEK,6608,0.0434
ENSG00000260395,3727,0.0434
ENSG00000289388,393,0.0434
ENSG00000288087,7443,0.0434
GORAB-AS1,6119,0.0434
PPCS,7430,0.0434
PCF11-AS1,7086,0.0434
ENSG00000283390,3877,0.0434
SPATA48,2275,0.0434
ENSG00000288771,3802,0.0434
C9orf131,3818,0.0433
ENSG00000187229,6617,0.0433
ALG1L2,5941,0.0433
CBX1P1,2924,0.0433
ENSG00000228679,6859,0.0433
IMPDH1P9,97,0.0433
CACNA1F,5403,0.0433
ENSG00000278834,5149,0.0433
ENSG00000289359,1414,0.0433
ENSG00000273487,1564,0.0433
COQ6,7327,0.0433
PSG6,1403,0.0433
C2orf69,7456,0.0433
ENSG00000285640,911,0.0433
ENSG00000285722,4366,0.0433
HOXD9,4501,0.0433
CTSO,7208,0.0433
ENSG00000225408,3649,0.0433
ENSG00000231024,1357,0.0433
ENSG00000227253,4684,0.0433
CXorf58,3772,0.0433
NIPSNAP3A,7305,0.0433
LINC02898,1325,0.0433
FLG2,494,0.0432
HEATR3,7363,0.0432
ENSG00000286962,1560,0.0432
ENSG00000291041,5185,0.0432
GDNF-AS1,6352,0.0432
LINC02540,4016,0.0432
EIF4HP1,3594,0.0432
ENSG00000276345,3449,0.0432
C19orf33,7141,0.0432
TSPOAP1-AS1,7273,0.0432
HYDIN,6799,0.0432
PON3,6549,0.0432
ZNF777,7350,0.0432
ENSG00000287837,6832,0.0432
ENSG00000287938,904,0.0432
RLN1,506,0.0432
SHOC2,7622,0.0432
DPY19L2P4,657,0.0432
SLC5A8,1454,0.0432
UGT2B26P,550,0.0432
ASH1L,7641,0.0432
ENSG00000271993,2828,0.0432
LINC02463,5809,0.0432
TMEM47,7169,0.0431
LINC00603,6053,0.0431
ENSG00000226304,174,0.0431
ENSG00000268333,2180,0.0431
ENSG00000272917,6563,0.0431
ZNF426,7403,0.0431
ZNF559,7320,0.0431
ENSG00000291038,1419,0.0431
ENSG00000286226,5191,0.0431
WARS2-IT1,4030,0.0431
ELMO1-AS1,376,0.0431
ENSG00000253824,5164,0.0431
ENSG00000275202,5544,0.0431
NCF2,6857,0.0431
ENSG00000235774,1496,0.0431
SLC35A2,7376,0.0431
ENSG00000248406,5524,0.0431
TPT1P6,399,0.0431
C1orf74,6522,0.0431
ENSG00000260857,293,0.0431
ENSG00000288767,3425,0.0431
ENSG00000286889,4161,0.0431
ENSG00000287935,1292,0.0431
THEG,2964,0.0431
MCCC1,7511,0.0431
ENSG00000235066,6632,0.0431
HRCT1,4261,0.0431
LAS1L,7395,0.0431
LINC02828,4676,0.043
GXYLT1P3,583,0.043
TMEM9B,7371,0.043
ENSG00000285064,628,0.043
CARD6,6371,0.043
ENSG00000259675,2994,0.043
TTC23,7510,0.043
CA10,6638,0.043
ENSG00000271894,1866,0.043
ENSG00000291265,7255,0.043
PPP1R1B,5621,0.043
RNF215,7378,0.043
LINC00397,2261,0.043
LINC01775,5073,0.043
HNRNPA1P54,3575,0.043
ENSG00000227068,2248,0.043
TCEAL6,925,0.043
ASNSP1,5297,0.043
ENSG00000250140,1371,0.043
ENSG00000251131,6588,0.043
PWWP3B,5219,0.043
ZWINT,7308,0.0429
ENSG00000287171,352,0.0429
CIART,6414,0.0429
JOSD2,7293,0.0429
KRT42P,393,0.0429
ARMC5,7227,0.0429
ENSG00000288932,1700,0.0429
LINC01546,1985,0.0429
BCAR4,3184,0.0429
WWP1,7599,0.0429
ENSG00000286209,717,0.0429
SLC35G5,5015,0.0429
ZNF268,7346,0.0429
GAL3ST2,6873,0.0429
BSCL2,7380,0.0429
VARS2,7307,0.0429
ENSG00000288545,7032,0.0429
ENSG00000254202,4842,0.0429
PRADC1,6883,0.0429
ENSG00000250999,5883,0.0429
F2RL2,4791,0.0429
ZNF213,7073,0.0428
NWD1,6885,0.0428
LIN28B-AS1,3932,0.0428
PIK3CA-DT,6236,0.0428
DNAJC11,7472,0.0428
ENSG00000269950,1370,0.0428
ENSG00000234426,6591,0.0428
VPS37A,7582,0.0428
FDXR,7275,0.0428
ENSG00000270055,6455,0.0428
BCDIN3D,7133,0.0428
CCDC25,7452,0.0428
ELL2P1,3878,0.0428
LRRN2,5586,0.0428
ASXL1,7630,0.0428
OR10H1,2775,0.0428
ENSG00000255482,1876,0.0428
LINC01951,3749,0.0428
SMIM10L2A,3180,0.0428
ENSG00000261775,7329,0.0428
XIAP,7608,0.0428
SMPDL3B,6257,0.0428
SDK1-AS1,3887,0.0428
ENSG00000258820,2554,0.0428
FOXD1-AS1,4807,0.0428
APOF,341,0.0427
ENSG00000249894,5901,0.0427
ENSG00000253141,2418,0.0427
ENSG00000272043,321,0.0427
TRMT5,7328,0.0427
ENSG00000256254,128,0.0427
MSANTD2,7525,0.0427
UXT-AS1,6833,0.0427
ANKRD34B,3575,0.0427
MPZL2,7186,0.0427
RNU6-23P,347,0.0427
ENSG00000253154,4358,0.0427
RNU6-388P,1279,0.0427
ENSG00000290585,1510,0.0427
ENSG00000287260,4973,0.0427
ENSG00000250892,548,0.0427
ENSG00000278903,2900,0.0427
SLC3A1,7212,0.0427
C14orf39,5464,0.0427
LINC02801,2970,0.0427
LINC01310,1585,0.0427
ENSG00000232884,6650,0.0426
ARHGEF4-AS1,1401,0.0426
RSPH4A,4736,0.0426
LINC02976,7333,0.0426
HTR2B,6461,0.0426
DOLK,6811,0.0426
ENSG00000260267,7038,0.0426
RUBCNL,6169,0.0426
IDO2,4596,0.0426
ENSG00000286568,366,0.0426
BTF3P14,29,0.0426
ENSG00000287777,3960,0.0426
ENSG00000261028,2451,0.0426
DLGAP2-AS1,601,0.0426
FXYD2,5918,0.0426
MCHR2,2886,0.0426
ASGR2,2824,0.0426
NIFKP3,127,0.0426
NF1,7640,0.0426
PODXL2,7122,0.0425
ABCB8,7354,0.0425
GHDC,7233,0.0425
TIMM8A,7096,0.0425
GCAWKR,5125,0.0425
MAFA-AS1,2395,0.0425
CCSAP,7479,0.0425
LAMB2P1,7282,0.0425
KRTDAP,3400,0.0425
EDIL3-DT,6760,0.0425
F11,2144,0.0425
YIF1B,7337,0.0425
HNRNPUL1,7582,0.0425
LINC02057,6945,0.0425
PLET1,4764,0.0425
PLAC9P1-1,1128,0.0425
ANKRD11,7641,0.0425
ARHGEF17-AS1,1397,0.0425
ENSG00000287155,4283,0.0425
XKR8,6538,0.0425
RSPH14,5428,0.0425
ZMYM1,7517,0.0425
TMEM30A,7575,0.0425
SUSD5,6561,0.0425
KCTD14,6786,0.0425
RDH5,7052,0.0424
NUDT17,6680,0.0424
ENSG00000213486,992,0.0424
ENSG00000213076,2232,0.0424
KRTAP3-2,140,0.0424
LINC01517,6557,0.0424
CHRM5,6920,0.0424
KLF7P1,182,0.0424
NAGS,5589,0.0424
ENSG00000250258,2352,0.0424
ENSG00000224675,3035,0.0424
ENSG00000223751,3281,0.0424
MIDEAS,7586,0.0424
C17orf113,4914,0.0424
ENSG00000289689,5646,0.0424
LINC00648,5957,0.0424
ENSG00000248863,7106,0.0424
MTND5P33,459,0.0424
ENSG00000224016,4114,0.0424
SERAC1,7358,0.0424
ENSG00000289990,1683,0.0424
FHOD1,7293,0.0424
ENSG00000261632,6934,0.0424
RGN,6539,0.0424
ENSG00000267375,7054,0.0424
ENSG00000254510,1443,0.0424
KDM8,7107,0.0424
ENSG00000271522,1319,0.0424
LINC01198,2833,0.0423
WDR47,7457,0.0423
ANKRD18DP,5031,0.0423
PCDHA12,2805,0.0423
SFMBT1,7528,0.0423
MAGIX,6103,0.0423
DR1,7532,0.0423
ENSG00000256148,108,0.0423
BCAN-AS1,6926,0.0423
VPS54,7609,0.0423
NRM,7111,0.0423
GALE,7371,0.0423
NSUN5P2,6743,0.0423
NAT10,7564,0.0423
GBP1P1,3316,0.0423
ENSG00000248816,1515,0.0423
LHFPL3-AS1,7429,0.0423
MAST4-AS1,3335,0.0423
SDHAP4,7291,0.0423
ENSG00000242021,7235,0.0423
ATP11A,7626,0.0423
ZBTB24,7366,0.0423
PLCD3,7409,0.0423
MORF4,453,0.0423
FAM149B1,7482,0.0423
SHD,3846,0.0423
ENSG00000249856,5739,0.0423
ENSG00000289307,1226,0.0422
DDX43,6706,0.0422
ENSG00000288586,4324,0.0422
ENSG00000236377,5377,0.0422
TRPM6,6302,0.0422
ENSG00000250699,4869,0.0422
ZNF100,7227,0.0422
Metazoa_SRP-136,463,0.0422
ENSG00000267758,161,0.0422
NSDHL,7354,0.0422
ENSG00000255041,3175,0.0422
RPL35P2,249,0.0422
UBE2Q2P6,2380,0.0422
ENSG00000289368,6169,0.0422
ENSG00000290703,33,0.0422
ENSG00000271937,521,0.0422
FBXO44,7293,0.0422
MBTPS2,7482,0.0422
PI16,2937,0.0422
DMTN,6932,0.0422
ENSG00000215198,200,0.0422
ENSG00000254498,54,0.0422
LINC00343,2089,0.0422
NYAP2,6945,0.0422
HELQ,7410,0.0422
H1-12P,1246,0.0422
TTC30B,6486,0.0422
INO80,7625,0.0422
KCNJ9,698,0.0422
KATNBL1,7580,0.0422
RNU6-1228P,1770,0.0422
SMIM6,3549,0.0422
ENSG00000204745,6082,0.0422
BMP3,1948,0.0421
ENSG00000213994,4994,0.0421
ENSG00000223432,61,0.0421
ENSG00000238694,136,0.0421
ENSG00000244380,6809,0.0421
ENSG00000249225,1329,0.0421
USP12-DT,3593,0.0421
ENSG00000276850,6503,0.0421
ENSG00000231877,2947,0.0421
TMEM161B,7582,0.0421
KRBOX4,7444,0.0421
LIAS,7335,0.0421
TTC27,7586,0.0421
ENSG00000254129,6623,0.0421
ENSG00000286960,418,0.0421
THBS3-AS1,7060,0.0421
ENSG00000249275,1235,0.0421
SLC30A3,5036,0.0421
RIMS4,5117,0.0421
COL23A1,7139,0.0421
PRRX2,6756,0.042
HNRNPUP1,309,0.042
LCLAT1,7584,0.042
ATL1,7380,0.042
CCR6,5207,0.042
BUD13,7415,0.042
ENSG00000289115,6882,0.042
ACP1,7520,0.042
CLVS1,7135,0.042
ZNF724,7218,0.042
CNTFR-AS1,509,0.042
ENSG00000286760,5410,0.042
BAX,7289,0.042
ENSG00000279742,4165,0.042
GPER1,6548,0.042
ENSG00000258580,4325,0.042
CHRNA2,287,0.042
OR10S1,21,0.042
HBG2,6111,0.042
RPS2P52,97,0.042
COQ9,7430,0.042
ENSG00000257042,4401,0.042
TBC1D22A,7640,0.0419
ENSG00000287844,994,0.0419
ENSG00000286069,5588,0.0419
GTF2H5,7356,0.0419
MTCO1P17,281,0.0419
STKLD1,6580,0.0419
ENSG00000285558,7208,0.0419
GAP43,6633,0.0419
MRPL22,7436,0.0419
ALAD,7356,0.0419
ARHGDIB,6126,0.0419
EOGT-DT,7371,0.0419
CNPPD1,7371,0.0419
H3-3A,7382,0.0419
LINC01554,5595,0.0419
ENSG00000289119,5491,0.0419
LINC02582,7196,0.0418
FABP5P3,5121,0.0418
ZNF66,7043,0.0418
MTREX,7627,0.0418
HLA-L-1,7329,0.0418
ENSG00000286249,1634,0.0418
BMP5,7254,0.0418
GRM5-AS1,1419,0.0418
SIGLEC6,530,0.0418
GUCA2A,623,0.0418
ENSG00000262198,6697,0.0418
ENSG00000262823,2182,0.0418
SCAND2P,7285,0.0418
GLUD1P2,1732,0.0418
LINC02422,6732,0.0418
LINC02421,1271,0.0418
ENSG00000233862,6063,0.0418
ENSG00000273245,6508,0.0418
ENSG00000286152,3541,0.0418
LIM2-AS1,5343,0.0418
PCCA-AS1,5972,0.0418
FOXD4L1,471,0.0418
LINC02951,7124,0.0418
NYX,1675,0.0418
ENSG00000269680,5507,0.0418
LINC01499,6077,0.0417
ENSG00000286355,3810,0.0417
ENSG00000287819,43,0.0417
ENSG00000177699,1405,0.0417
ENSG00000232245,571,0.0417
PDCD10,7625,0.0417
ENSG00000251615,5123,0.0417
ENSG00000251309,3990,0.0417
ENSG00000250310,7122,0.0417
TMEM266,7050,0.0417
ENSG00000287082,34,0.0417
EMX2,2795,0.0417
ENSG00000273485,3769,0.0417
GOLGA2,7627,0.0417
KCNK3,5121,0.0417
FAM230C,6993,0.0417
TOMM22,7382,0.0417
ENSG00000224819,6305,0.0417
ENSG00000269886,936,0.0417
VPS33B,7380,0.0417
COL2A1,1639,0.0417
SULT1C4,2215,0.0417
SAR1A,7632,0.0417
FLNC-AS1,5276,0.0417
UTY,7547,0.0417
LINC03042,6542,0.0417
KRT18P68,769,0.0417
ENSG00000278997,4753,0.0416
POLR3F,7388,0.0416
Y_RNA-163,314,0.0416
LINC02201,4626,0.0416
RNF185,7486,0.0416
ZNF225,7291,0.0416
SLC35E4,7393,0.0416
CPVL,7050,0.0416
LUARIS,1640,0.0416
LINC01586,962,0.0416
FAM131C,6100,0.0416
EFCAB10,7332,0.0416
LACTBL1,536,0.0416
ENSG00000285838,1553,0.0416
ENSG00000247228,7089,0.0415
TP73-AS1,6407,0.0415
ABCC11,6622,0.0415
ENSG00000237756,356,0.0415
ENSG00000226771,33,0.0415
ENSG00000286282,5401,0.0415
GPANK1,7306,0.0415
ENSG00000286461,24,0.0415
ENSG00000289551,4543,0.0415
CFAP65,5357,0.0415
ENSG00000230096,411,0.0415
FAM229A,7001,0.0415
MIF-AS1,5491,0.0415
ENSG00000290748,439,0.0415
ENSG00000261471,194,0.0415
ENPP2,6708,0.0415
PDSS2,7618,0.0415
MEOX2,6237,0.0415
DSCAS,5740,0.0415
ZNF117,7500,0.0415
ENSG00000288009,4829,0.0415
LCMT1-AS1,6691,0.0415
LIFR-AS1,6197,0.0415
GIN1,7299,0.0414
ENSG00000239079,145,0.0414
ENSG00000288025,7362,0.0414
DUOX1,6546,0.0414
TEKT4P2,2380,0.0414
MT-TT,1258,0.0414
ENSG00000226797,6824,0.0414
DUS1L,7322,0.0414
ENSG00000234937,953,0.0414
ENSG00000285552,1234,0.0414
LINC01612,3315,0.0414
MAGEA8,688,0.0414
ENSG00000272070,4098,0.0414
NAMA,2391,0.0414
IPO7P2,3743,0.0414
IMP3P2,379,0.0414
RBM38,7319,0.0414
CELA3A,2209,0.0414
ENSG00000272597,655,0.0414
CDK12,7616,0.0414
U2AF1,7336,0.0414
ENSG00000230628,3557,0.0414
NRIP3-DT,5454,0.0414
ENSG00000289865,3876,0.0414
ENSG00000286459,662,0.0414
ANXA8,3993,0.0414
ENSG00000237846,191,0.0413
TNFSF8,4057,0.0413
YWHAZP4,3500,0.0413
ENSG00000288021,5073,0.0413
KRT18P59,3863,0.0413
ENSG00000254710,5018,0.0413
SRP54-AS1,7516,0.0413
MAPT-AS1,4346,0.0413
MARCHF1,7422,0.0413
ENSG00000236358,5364,0.0413
KL,1968,0.0413
ELMOD1,5880,0.0413
RCSD1,4835,0.0413
ENSG00000234647,228,0.0413
ENSG00000279613,4748,0.0413
FCMR,4682,0.0413
ENSG00000261668,5426,0.0413
ENSG00000224247,72,0.0413
ZNF569,7366,0.0413
PDZPH1P,4581,0.0413
ENSG00000286466,673,0.0413
GUCY1B1,5547,0.0413
ENSG00000254721,2004,0.0413
ENSG00000254731,5521,0.0413
SCAMP1-AS1,7183,0.0413
ENSG00000289768,4149,0.0412
HLX-AS1,5442,0.0412
MRGPRF,1474,0.0412
ZNF625,6942,0.0412
ENSG00000250969,2551,0.0412
HNRNPA1P8,3726,0.0412
ATP2B2,6172,0.0412
KLC3,6835,0.0412
SREK1IP1P2,1846,0.0412
FOXB1,4776,0.0412
LINC01123,4986,0.0412
ENSG00000268686,3997,0.0412
PHF7,7329,0.0412
PPP1R42,7056,0.0412
ENSG00000284626,6664,0.0412
SNHG15,7367,0.0412
RFPL2,3158,0.0412
LINC02563,152,0.0412
SYT10,5359,0.0412
PIK3CD-AS2,5511,0.0412
E2F6P3,43,0.0412
PLEKHF1,6503,0.0412
TMEM199,7317,0.0412
TPRA1,7450,0.0412
ZNF236,7528,0.0412
PPP1R13B-DT,5597,0.0412
ENSG00000249675,5551,0.0411
ARHGEF19,6940,0.0411
SMIM14-DT,6750,0.0411
DIS3,7621,0.0411
ENSG00000228421,111,0.0411
RBM12B-AS1,1615,0.0411
SEMA3F,7068,0.0411
LINC01179,3308,0.0411
ZNF563,7155,0.0411
LINC00314,393,0.0411
TMPO-AS1,5875,0.0411
ENSG00000286691,1258,0.0411
DGKQ,7131,0.0411
ENSG00000283303,833,0.0411
NCF1,3666,0.0411
HAL,7081,0.0411
UBP1,7564,0.0411
RBPJ,7641,0.0411
ENSG00000273361,2774,0.0411
MEGF10,4853,0.0411
LINC02246,5241,0.0411
ENSG00000261379,2301,0.0411
ENSG00000289602,2721,0.0411
RCBTB2,7290,0.0411
ENSG00000255292,7298,0.0411
HERC2P6,401,0.0411
AKTIP,7320,0.0411
LINC01886,1945,0.0411
RSPO3,7241,0.0411
PTAFR,7073,0.041
IRAG2,6617,0.041
ANKRD36P1,887,0.041
ENSG00000283411,6970,0.041
EMC6,7317,0.041
LECT2,2026,0.041
ENSG00000259929,6439,0.041
ZFY,7015,0.041
HAX1P1,1377,0.041
CCZ1P1,7319,0.041
DNAAF4,7324,0.041
ENSG00000268854,5887,0.041
DCTPP1,7242,0.041
TSPAN32,1673,0.041
SYS1-DBNDD2,7386,0.041
LINC00458,4863,0.041
ENSG00000289499,2611,0.041
IQCH,7502,0.041
MROH9,5545,0.041
ZNF491,6332,0.041
SLC26A5-AS1,2945,0.041
ENSG00000269237,7254,0.041
ENSG00000248103,2029,0.041
LINC02827,4989,0.0409
PCOTH,4312,0.0409
ENSG00000286593,5064,0.0409
FLYWCH1,7384,0.0409
PRRT1B,3758,0.0409
LINC02847,681,0.0409
KCNG2,6549,0.0409
ENSG00000285523,646,0.0409
ANXA9,5696,0.0409
METTL7A,5334,0.0409
SPON1-AS1,7297,0.0409
SEMA4D,7473,0.0409
LMF1-AS1,4142,0.0409
ENSG00000289559,1326,0.0409
GUCA1B,7324,0.0409
ENSG00000290688,899,0.0409
ENSG00000236924,7221,0.0409
ENSG00000263212,7193,0.0409
ENSG00000277476,6255,0.0409
ENSG00000291183,38,0.0409
CDSN,4827,0.0409
NUAK1,7391,0.0409
LINC01303,4872,0.0409
GPATCH8,7640,0.0409
GUSBP19,1625,0.0409
CEBPB-AS1,6221,0.0408
CPNE8-AS1,2475,0.0408
C8orf48,2040,0.0408
MARS2,6532,0.0408
MAIP1,7485,0.0408
LINC02983,5216,0.0408
TTLL10-AS1,949,0.0408
PTP4A1P6,361,0.0408
ENSG00000267598,5231,0.0408
ENSG00000225885,7075,0.0408
ITGB5-AS1,6305,0.0408
C9orf72,7347,0.0408
RPL17P25,40,0.0408
PHF21B,7360,0.0408
FAM182A,5768,0.0408
C19orf25,7405,0.0408
CD163L1,7437,0.0408
KNG1,1713,0.0408
LPAR2,7033,0.0408
SNX6P1,424,0.0408
BARX1,3840,0.0408
TAF10,7310,0.0408
PLPPR1,6103,0.0408
ENSG00000237176,470,0.0407
SYNPR-AS1,5158,0.0407
ENSG00000269967,7150,0.0407
RPSAP12,4063,0.0407
DYNC1I2,7624,0.0407
NDST2,7271,0.0407
ENSG00000288838,3878,0.0407
ENSG00000279926,119,0.0407
ENSG00000279692,5539,0.0407
FANCF,7074,0.0407
UGT1A4,932,0.0407
AKR1C6P,3012,0.0407
COA4,7381,0.0407
ANKRD36BP2,5530,0.0407
ENSG00000288091,1823,0.0407
CSGALNACT2P1,195,0.0407
POU1F1,710,0.0407
NPDC1,7331,0.0407
LINC02687,665,0.0407
KCNJ11,6566,0.0407
CEP192,7631,0.0407
ENSG00000228467,1299,0.0406
DOCK1,7632,0.0406
SELENOM,7230,0.0406
CTF1,4422,0.0406
DNAI3,7266,0.0406
LVRN,7353,0.0406
PTGER2,4073,0.0406
ZNF812P,941,0.0406
EXOSC3P2,40,0.0406
ENSG00000215022,3241,0.0406
BFAR,7468,0.0406
ENSG00000226594,311,0.0406
ENSG00000290888,6926,0.0406
GIT2,7534,0.0406
TBR1,4890,0.0406
LLPH,7401,0.0406
LSAMP-AS1,3575,0.0406
HPSE,6800,0.0406
MRPS22,7452,0.0406
ENSG00000289224,593,0.0406
RPS6KL1,5939,0.0406
TRMT44,7413,0.0406
ENSG00000291099,6585,0.0406
ENSG00000255500,60,0.0406
TNFSF4,5912,0.0406
ST8SIA3,1397,0.0406
ENSG00000264458,6367,0.0406
AP3D1,7596,0.0406
ENSG00000289071,1276,0.0405
RPS12P3,563,0.0405
SPECC1P1,4461,0.0405
ENSG00000257511,6899,0.0405
ENSG00000287608,7053,0.0405
ENSG00000224412,61,0.0405
NWD2,5326,0.0405
GOLGA1,7524,0.0405
LINC01647,897,0.0405
LYZL4,972,0.0405
MIPEPP1,3723,0.0405
ENSG00000278769,2315,0.0405
ENSG00000259624,2205,0.0405
FBXO27,7040,0.0405
ENSG00000286311,1925,0.0405
ENSG00000236885,2782,0.0405
EOLA2,7177,0.0405
KRBOX1,945,0.0405
EMCN,6204,0.0405
ENSG00000258942,4814,0.0405
HMCES,7414,0.0405
HLA-F,7353,0.0405
RBM43,7309,0.0405
ENSG00000278276,7160,0.0405
ENSG00000198555,100,0.0405
ENSG00000258425,2268,0.0405
GAMT,6276,0.0405
ZNF285,4158,0.0404
TSR3,7293,0.0404
SCGB1B2P,2316,0.0404
ENSG00000287185,5573,0.0404
ENSG00000286749,5992,0.0404
LINC02688,3744,0.0404
ENSG00000260672,5221,0.0404
ENSG00000287502,3654,0.0404
PDK4-AS1,6859,0.0404
ENSG00000253227,5707,0.0404
DMBT1,4785,0.0404
ENSG00000264513,6460,0.0404
ENSG00000278572,460,0.0404
KRT5,5264,0.0404
OR5V1,1474,0.0404
ENSG00000267484,5132,0.0404
GGA3,7494,0.0404
ENSG00000291188,6535,0.0404
CYP4F34P,464,0.0404
MRTFB,7595,0.0404
TRIM55,5913,0.0404
ENSG00000273486,6586,0.0404
ENSG00000267049,5911,0.0404
TTC7B-AS1,1194,0.0404
ENSG00000267604,209,0.0404
ENSG00000287392,1879,0.0403
ENSG00000289486,4242,0.0403
TRIM34,6815,0.0403
PAQR3,7486,0.0403
ANKRA2,7441,0.0403
ENSG00000289470,771,0.0403
RPL23AP2,4545,0.0403
LINC01972,100,0.0403
ENSG00000260823,4166,0.0403
MYO1B-AS1,6012,0.0403
SNRPG,7445,0.0403
ENSG00000269927,2280,0.0403
ENSG00000286125,7052,0.0403
FAM86C2P,5645,0.0403
MORC2-AS1,6049,0.0403
OR9A2,258,0.0403
PGM5P3-AS1,1308,0.0403
ENSG00000279602,6654,0.0403
RNH1,7392,0.0403
LMBR1,7608,0.0403
ENSG00000290546,810,0.0403
WDR3,7463,0.0403
ENSG00000289263,212,0.0403
ENSG00000225233,5328,0.0403
URGCP,7476,0.0403
ALG6,7388,0.0403
HOXC13,4626,0.0403
TM9SF3,7638,0.0403
FOXP1-AS1,5276,0.0403
RPL7P37,271,0.0403
LINC01732,3096,0.0402
ENSG00000236132,105,0.0402
ZBTB12,5298,0.0402
RCE1,7369,0.0402
VAC14-AS1,5381,0.0402
GRWD1,7321,0.0402
MAPK8IP1,7097,0.0402
TMEM150A,6965,0.0402
ENSG00000278000,5922,0.0402
FXN,7300,0.0402
RAB34,7197,0.0402
ENSG00000265408,7185,0.0402
GARIN5A,5336,0.0402
FABP6,6115,0.0402
EIF2B4,7396,0.0402
ENSG00000228560,4158,0.0402
MANBAL,7449,0.0402
ENSG00000266202,6488,0.0402
TMSB15B,6406,0.0402
TMEM178A,6916,0.0402
ENSG00000290192,6265,0.0402
HOXA4,5797,0.0402
ALDH5A1,7288,0.0401
ENSG00000288961,5068,0.0401
AATBC,4025,0.0401
ENSG00000285085,3774,0.0401
MYL9,7116,0.0401
AZI2,7540,0.0401
SEZ6L,5666,0.0401
LRRC37A2,7348,0.0401
KEAP1,7353,0.0401
CACNG2,6399,0.0401
PCDHB16,5572,0.0401
HMOX2,7433,0.0401
KCNJ3,5447,0.0401
NDST1-AS1,5630,0.0401
NFKBIE,7312,0.0401
GALNT15,4816,0.0401
VWA3B,5877,0.0401
ENSG00000286753,7317,0.0401
CDC37L1-DT,6012,0.0401
ZBTB25,7591,0.0401
ENSG00000284640,2676,0.0401
LINC02585,6990,0.0401
CLDN10,6496,0.0401
GABRA6,3811,0.0401
RARRES2,2815,0.0401
ENSG00000285622,6343,0.0401
ENSG00000237444,132,0.04
CIAO2A,7366,0.04
SORT1,7396,0.04
EZR-AS1,5510,0.04
TBC1D3JP,105,0.04
ENSG00000284719,5046,0.04
SCGB2B2,7447,0.04
SLC30A2,1288,0.04
CDKN2B-AS1,7207,0.04
ENSG00000290399,6460,0.04
AEBP2,7636,0.04
ALDH1A3-AS1,6617,0.04
JARID2-AS1,74,0.04
PSMA3,7549,0.04
LIMD2,7015,0.04
ENSG00000280099,5252,0.04
HYAL1,6892,0.04
FBLL1,1262,0.04
ELOC,7545,0.04
GREM1,7204,0.04
PDILT,1905,0.04
PPIH,7362,0.04
FGD3,6395,0.04
CCNB3,5998,0.04
COL11A2,7028,0.04
GXYLT1P7,102,0.04
ZNF497,7010,0.04
ENSG00000226661,3200,0.04
HHIP,7030,0.04
ZIK1,4042,0.04
TDRD5,5242,0.04
ENSG00000230490,7402,0.04
RHBDL1,6236,0.0399
APTX,7627,0.0399
PCDHA5,3050,0.0399
ENSG00000288723,7081,0.0399
FAM221A,6947,0.0399
ENSG00000279088,6945,0.0399
NDUFA10,7606,0.0399
IL36RN,1682,0.0399
SUMO2P17,7189,0.0399
ENSG00000275443,7274,0.0399
VAMP2,7453,0.0399
LINC02914,102,0.0399
FGL2,3132,0.0399
SNRK,7558,0.0399
ENSG00000269898,813,0.0399
C8orf88,7242,0.0399
CYB561A3,7181,0.0399
Y_RNA-431,1984,0.0399
ENSG00000234275,2299,0.0399
DNMBP-AS1,7104,0.0399
CCDC167,7269,0.0399
PGAP2,7430,0.0399
BEX2,5942,0.0399
ENSG00000239572,5786,0.0399
MS4A4A,2298,0.0399
GTPBP6,7322,0.0398
ENSG00000273244,226,0.0398
NPM1P38,569,0.0398
PIKFYVE,7600,0.0398
ITIH6,3155,0.0398
HPRT1P1,142,0.0398
DCLRE1C,7437,0.0398
SIVA1,7383,0.0398
ENSG00000249240,7374,0.0398
SDR16C5,5957,0.0398
SNRPC,7445,0.0398
ENSG00000232519,745,0.0398
LINC00558,1195,0.0398
C8orf76,7472,0.0398
ENSG00000232739,1134,0.0398
ENSG00000291107,6874,0.0398
MTFR1L,7347,0.0398
GINS3,7222,0.0397
ENSG00000288710,7202,0.0397
FOXA3,5150,0.0397
ENSG00000250751,6396,0.0397
ADRB1,3989,0.0397
MAN2A1-DT,397,0.0397
ITGA11,7347,0.0397
HMGN1P9,365,0.0397
RCHY1,7455,0.0397
MCMDC2,6613,0.0397
ENSG00000291147,7321,0.0397
ENSG00000219159,297,0.0397
CLBA1,7245,0.0397
ENSG00000286063,2849,0.0397
POMZP3,7424,0.0397
ZNF252P-1,7244,0.0396
ENSG00000290920,5458,0.0396
GLB1,7531,0.0396
RASAL3,852,0.0396
ENSG00000233407,311,0.0396
ARID4A,7589,0.0396
ENSG00000250349,7472,0.0396
PHF13,7420,0.0396
FAM13B,7627,0.0396
ATP8B1-AS1,6542,0.0396
ENSG00000272077,6195,0.0396
MAP4K3-DT,7528,0.0396
BAD,7323,0.0396
PSPN,6721,0.0396
ENSG00000230010,7004,0.0396
LTA4H,7566,0.0396
SPATA33,7353,0.0396
FANCM,7410,0.0396
OR9A1P,444,0.0396
TREHP1,79,0.0396
PPM1B-DT,668,0.0396
LINC00680-1,6328,0.0396
DPYSL5,6450,0.0396
MYADM-AS1,6777,0.0396
LINC01924,5774,0.0396
ENSG00000250027,6032,0.0395
ENSG00000288743,4453,0.0395
IDNK,7254,0.0395
ZFP14,7443,0.0395
FHAD1,7289,0.0395
WDR35-DT,5036,0.0395
FAM177B,6968,0.0395
ADGRF1,7192,0.0395
ADIPOQ,1033,0.0395
WBP1L,7549,0.0395
CNTNAP3C,4934,0.0395
C1orf116,6990,0.0395
ENSG00000270087,7014,0.0395
INHBE,4229,0.0395
ENSG00000243181,1615,0.0395
ENSG00000267922,6925,0.0395
RAD18,7548,0.0395
ENSG00000289502,3780,0.0395
SMIM2,2767,0.0395
ENSG00000254734,4116,0.0395
PAQR8,6789,0.0395
IL16,6256,0.0395
HCG22,948,0.0395
RPL17P36,4260,0.0395
ENSG00000288773,1552,0.0395
ENSG00000272129,4507,0.0394
DDX28,6853,0.0394
ENSG00000268744,6703,0.0394
HEPH,6644,0.0394
TSLP,4419,0.0394
KLHL2,7507,0.0394
LINC03041,6465,0.0394
ENSG00000255992,5556,0.0394
ENSG00000233960,253,0.0394
ENSG00000274055,1854,0.0394
BDNF-AS,7407,0.0394
PIFO,1392,0.0394
C1orf50-AS1,970,0.0394
PIP5K1B,7309,0.0394
TMX3,7572,0.0394
ENSG00000287444,1821,0.0394
ENSG00000260563,6213,0.0394
ENSG00000287811,6503,0.0394
TAFA5,6918,0.0394
POTEA,899,0.0394
LINC00365,2725,0.0394
MAGT1,7630,0.0394
ENSG00000290395,397,0.0394
LINC01350,1990,0.0394
MYOCD-AS1,1847,0.0394
ENSG00000290437,504,0.0394
ENSG00000261845,7040,0.0394
ENSG00000230188,265,0.0394
ENSG00000258377,5019,0.0394
ENSG00000269296,1182,0.0394
PTPN20CP,2470,0.0394
YIF1A,7317,0.0393
CARMIL3,5606,0.0393
UFD1-AS1,2576,0.0393
ACTBL2,1272,0.0393
HERC2P8,844,0.0393
LINC02766,5173,0.0393
LSM12P1,5853,0.0393
ENSG00000235126,1209,0.0393
ENSG00000286564,454,0.0393
LINC02940,6942,0.0393
ENSG00000226862,3105,0.0393
DGKZ,7411,0.0393
H3C13,631,0.0393
TRUB1,7384,0.0393
BRINP2,4719,0.0393
ELDR,5350,0.0393
ATG9B,6744,0.0393
TP53TG1,7005,0.0393
LINC02853,6119,0.0393
APOBEC3B,6506,0.0393
SYNJ2BP,7497,0.0393
ENSG00000250692,1418,0.0393
ERF,7458,0.0392
ENSG00000260971,4852,0.0392
ENSG00000272760,6941,0.0392
RASD1,6573,0.0392
ENSG00000234311,937,0.0392
LINC02954,1181,0.0392
ENSG00000257941,4049,0.0392
ENSG00000250357,761,0.0392
WRAP73,7284,0.0392
LSM3P3,362,0.0392
WDR17,6929,0.0392
ENSG00000287254,347,0.0392
ENSG00000213755,59,0.0392
KLHL18,7460,0.0392
MFSD9,7363,0.0392
ENSG00000224376,4306,0.0392
ENSG00000228826,1428,0.0392
ENSG00000287331,1502,0.0392
ENSG00000285870,1944,0.0392
HMGB1P8,6193,0.0392
CCDC180,6985,0.0392
SDHAP1-1,6986,0.0392
LINC00460,5513,0.0392
FECH,7408,0.0392
ENSG00000223911,4055,0.0392
STRA6LP,6459,0.0392
PATE4,399,0.0392
ANXA13,3931,0.0392
ENSG00000255345,510,0.0392
ENSG00000174171,6015,0.0392
LMO3,5376,0.0391
ENSG00000287485,4177,0.0391
PRSS12,7208,0.0391
ENSG00000285018,5774,0.0391
ENSG00000266654,50,0.0391
BUB3,7571,0.0391
ENSG00000285840,1098,0.0391
ENSG00000243771,414,0.0391
UTP23,7539,0.0391
SMTNL2,2726,0.0391
ENSG00000213067,2266,0.0391
ENSG00000289752,392,0.0391
ENSG00000229118,5501,0.0391
LENG1,7305,0.0391
ENSG00000242154,5686,0.0391
ARMT1,7362,0.0391
ZFP69B,7217,0.0391
ENSG00000287989,2284,0.0391
POLR1H,7280,0.0391
ENSG00000256955,5914,0.0391
F13B,4694,0.0391
FAAH,6655,0.0391
ENSG00000267477,4346,0.0391
ENSG00000288787,3060,0.0391
ENSG00000224549,1410,0.0391
COMMD4,7268,0.0391
ENSG00000280537,5721,0.0391
ENSG00000285804,6048,0.0391
BRF2,7243,0.0391
ENSG00000284526,7134,0.0391
PPP5C,7419,0.0391
MXRA7P1,382,0.0391
ENSG00000286456,4492,0.0391
CCDC178,6329,0.0391
ZBTB6,7337,0.0391
PIMREG,7103,0.0391
RCBTB1,7374,0.0391
KIF2A,7612,0.0391
TMEM246-AS1,4026,0.0391
BST1,5916,0.0391
BTC,6358,0.0391
EMILIN2,6547,0.0391
ENSG00000226506,135,0.0391
U2SURP,7629,0.0391
ENSG00000279689,6552,0.039
MSL1,7552,0.039
PSG7,1425,0.039
HAND2,4293,0.039
ENSG00000241449,3479,0.039
ENSG00000284632,2360,0.039
DDO,5168,0.039
WWTR1-AS1,4291,0.039
PACRGL,7542,0.039
ENSG00000230960,1518,0.039
ENSG00000233470,568,0.039
ENSG00000260920,5822,0.039
DDC,5343,0.039
SGPP1,7543,0.039
ENSG00000224532,107,0.039
PSMC3IP,7340,0.039
ENSG00000227417,247,0.039
ENSG00000273980,3630,0.039
ENSG00000254317,6586,0.039
TMEM14B,7602,0.039
LINC02176,926,0.039
NOVA2,6215,0.039
ENSG00000259656,107,0.0389
SLC13A4,6951,0.0389
ENSG00000289701,903,0.0389
ENSG00000234860,2277,0.0389
ENSG00000277825,5537,0.0389
ENSG00000248636,6857,0.0389
HTR2A,2696,0.0389
ENSG00000259020,4428,0.0389
MARCHF9,7232,0.0389
IKBKGP1,743,0.0389
NARF-AS2,6383,0.0389
BMP2K,7591,0.0389
LINC02400,49,0.0389
B9D2,7156,0.0389
ENSG00000260279,4523,0.0389
PAK3,7366,0.0389
TMEM171,6512,0.0389
ZNF16,7352,0.0389
ENSG00000289099,248,0.0389
DCAF12L1,279,0.0389
CXCR5,6048,0.0389
CDH9,4858,0.0389
ENSG00000291297,4380,0.0389
ALDH9A1,7443,0.0389
CSRNP3,6735,0.0389
HPCA,5092,0.0388
CARD18,7193,0.0388
PLD5,6811,0.0388
DISP2,6138,0.0388
SBK1,7020,0.0388
EMBP1-1,3884,0.0388
SIDT1,7078,0.0388
RBM38-AS1,5566,0.0388
MAP4K5,7632,0.0388
CTAGE11P,1081,0.0388
DDX59-AS1,6860,0.0388
GUSBP11,7478,0.0388
PRG2,2602,0.0388
DRG1,7507,0.0388
ENPP7P5,5304,0.0388
GALNT17,7148,0.0388
RAB35,7440,0.0388
HSPA2,7197,0.0388
ANKRD53,4165,0.0388
ENSG00000280207,1583,0.0388
ENSG00000289319,2408,0.0388
B3GNT4,6930,0.0388
DLL1,7093,0.0388
PHC3,7621,0.0388
ENSG00000282142,699,0.0388
TRIM39-RPP21,3752,0.0388
ENSG00000250354,4834,0.0388
CLUAP1,7436,0.0388
ZNF815P,7097,0.0388
FBXL16,7132,0.0388
ENSG00000241180,4646,0.0387
PNN,7620,0.0387
KMT2CP5,312,0.0387
ENSG00000290335,575,0.0387
ASLP1,566,0.0387
ENSG00000254538,7148,0.0387
CAVIN3,6069,0.0387
SNX20,1114,0.0387
TIGD4,6176,0.0387
ENSG00000284196,6316,0.0387
HSD11B1,6051,0.0387
MEF2C,7459,0.0387
EIPR1,7528,0.0387
HK2-DT,3388,0.0387
ENSG00000290019,1876,0.0387
SMUG1,7389,0.0387
ENSG00000287887,1780,0.0387
MYO1F,6974,0.0387
UQCRHL,6767,0.0387
SPRYD7,7400,0.0387
TRIM6-TRIM34,2684,0.0387
NCMAP-DT,4681,0.0387
CHCHD4,7297,0.0387
CAMK2A,5182,0.0387
CD1D,2382,0.0386
PGM3,7627,0.0386
CD300LD-AS1,862,0.0386
ENSG00000286022,5870,0.0386
POLL,7360,0.0386
ENSG00000286658,855,0.0386
ENSG00000255723,7340,0.0386
ENSG00000275846,4208,0.0386
ZC3H18,7562,0.0386
NAALADL1,3315,0.0386
ANKRD20A8P,6274,0.0386
GSTA6P,237,0.0386
ENSG00000256226,5204,0.0386
ZNF808,7385,0.0386
RNF223,5532,0.0386
FBXO10,7385,0.0386
ENSG00000261396,2083,0.0386
PRKG2,6751,0.0386
NAV2-AS1,6282,0.0386
ENSG00000280385,5576,0.0386
NKTR,7639,0.0386
BAIAP2-DT,7218,0.0386
ESPN,6684,0.0386
ZNF737,6750,0.0385
LINC01901,2402,0.0385
CTNNA1-AS1,4626,0.0385
HRH4,5603,0.0385
SLC7A6OS,7497,0.0385
ENSG00000285797,729,0.0385
ACTC1,932,0.0385
ENSG00000224245,6546,0.0385
LINC00540,7493,0.0385
ENSG00000258871,2703,0.0385
PPP4R1-AS1,4137,0.0385
CYCSP55,1654,0.0385
ENSG00000286956,344,0.0385
MNAT1,7638,0.0385
DSCAM-AS1,2185,0.0385
PAX6,6873,0.0385
RPL23AP77,25,0.0385
LINC02058,6380,0.0385
PFKFB3,7626,0.0385
CEP131,7339,0.0385
PLCD4,7189,0.0384
ENSG00000273450,1770,0.0384
HSD17B13,6596,0.0384
LINC02718,5572,0.0384
ZNF682,6804,0.0384
ENSG00000269902,5491,0.0384
ASF1A,7300,0.0384
RBMY2EP,148,0.0384
ERFE,6033,0.0384
KICS2,7243,0.0384
SEPTIN14P1,1212,0.0384
ENSG00000261193,5108,0.0384
ENSG00000268133,5842,0.0384
ANKRD30B,6384,0.0384
KCNE3,4694,0.0384
ATP11B,7615,0.0384
LINC02036,6081,0.0384
PRKD2,7534,0.0384
PTGDS,2792,0.0384
ENSG00000291143,6176,0.0384
ENSG00000233397,503,0.0384
HMSD,5012,0.0383
CCDC12,7511,0.0383
ENSG00000270977,4864,0.0383
CDKL2,7188,0.0383
APOBEC3G,6077,0.0383
DAGLB,7478,0.0383
MIX23P5,1746,0.0383
MIR5689HG,5248,0.0383
LINC00917,569,0.0383
ENSG00000249207,7265,0.0383
ENSG00000273302,3189,0.0383
DHX9-AS1,6385,0.0383
ENSG00000260834,4279,0.0383
ENSG00000269937,2023,0.0383
TNFRSF18,2313,0.0383
ATP13A3,7639,0.0383
ENSG00000236856,791,0.0382
ENSG00000226971,685,0.0382
ENSG00000217004,473,0.0382
B4GAT1,7254,0.0382
ENSG00000270753,102,0.0382
ZCCHC3,7336,0.0382
NOTUM,7064,0.0382
NMB,6930,0.0382
LINC02077,52,0.0382
SLC25A31,4602,0.0382
LINC00324,6297,0.0382
IPO13,7275,0.0382
MKRN2OS,6912,0.0382
ENSG00000288888,4375,0.0382
NAALADL2-AS2,5639,0.0382
ENSG00000230454,6922,0.0382
ENSG00000270953,4381,0.0382
GTF2IP3,2662,0.0382
ENSG00000253207,727,0.0382
ENSG00000280060,1051,0.0382
MEIG1,5600,0.0382
SERPINA9,1531,0.0382
EIF2S2P4,6608,0.0382
ENSG00000277020,4766,0.0382
PIGH,7353,0.0381
SDR42E1P5,201,0.0381
DGAT1,7279,0.0381
ENSG00000287139,85,0.0381
MYL3,4105,0.0381
ENSG00000234083,2538,0.0381
Metazoa_SRP-34,1844,0.0381
DNAJC8P1,1404,0.0381
GABRA5,2586,0.0381
FRRS1,7469,0.0381
NXT2,7196,0.0381
CRIP1,7171,0.0381
ITPRIP-AS1,3117,0.0381
ATP1A1-AS1,7348,0.0381
EXTL1,1329,0.0381
ZBTB45,7126,0.0381
WDR45BP1,1016,0.0381
ENSG00000233330,712,0.0381
CCDC61,7183,0.0381
ENSG00000254873,6502,0.0381
PIGA,7426,0.0381
ENSG00000259508,2598,0.0381
ENSG00000285630,112,0.0381
ENSG00000224713,2488,0.0381
CARD8-AS1,6084,0.0381
LINC01169,7068,0.0381
ENSG00000273025,6036,0.0381
CDNF,6898,0.0381
ENSG00000286817,3431,0.038
CYP2U1-AS1,7288,0.038
ENSG00000290644,5399,0.038
KRT34,2495,0.038
ABT1,7370,0.038
MCOLN1,7231,0.038
ENSG00000282863,3517,0.038
WDFY3-AS1,6447,0.038
FLJ16779,2439,0.038
CEP85L,7615,0.038
CD160,6305,0.038
RBM15-AS1,7075,0.038
LINC01080,3514,0.038
RN7SL123P,978,0.038
ENSG00000247372,5496,0.038
IKBKG,7065,0.038
LEPROT,7464,0.038
GCSIR,2556,0.038
FLYWCH2,7298,0.038
AQP11,7177,0.038
SLC37A1,7493,0.038
C5,7259,0.038
SHLD2P2,470,0.038
HROB,7345,0.038
VASH1-AS1,6225,0.038
ENSG00000273270,7243,0.038
ENSG00000255384,3762,0.0379
NPNT,7153,0.0379
DLGAP1-AS3,1476,0.0379
LINC02254,6779,0.0379
GPR61,598,0.0379
CLEC11A,6584,0.0379
SLC47A1P2,3398,0.0379
MTCO1P48,526,0.0379
HTR1D,5914,0.0379
KBTBD11,6710,0.0379
UBE2V1P2,4450,0.0379
ENSG00000287848,1416,0.0379
PDCD6IPP2,4056,0.0379
MTND2P11,48,0.0379
B3GALT4,6414,0.0379
ENSG00000234796,75,0.0379
NETO1,6352,0.0379
ENSG00000258084,3565,0.0379
RPS7P7,24,0.0379
FKRP,7394,0.0379
ENSG00000286494,4448,0.0379
ENSG00000285090,6653,0.0379
LINC01748,7275,0.0378
ENSG00000286722,4464,0.0378
COPG2IT1,6865,0.0378
NANP,7348,0.0378
LINC01825,849,0.0378
OR3A2,6039,0.0378
NAMPTP1,7164,0.0378
CDC42P4,1067,0.0378
ENSG00000223669,3981,0.0378
SELP,1082,0.0378
SPDYE21,6340,0.0378
NEURL1,6713,0.0378
ENSG00000271554,7117,0.0378
LINC00942,4277,0.0378
CYSTM1,7623,0.0378
HSF2,7387,0.0378
METTL21C,543,0.0378
HAAO,5061,0.0378
ZNF3,7423,0.0378
LINC01931,5945,0.0378
ENSG00000225537,2492,0.0378
MROCKI,3673,0.0378
RPL17P44,181,0.0378
HOXD-AS2,5741,0.0378
ENSG00000288798,1602,0.0378
ATP6V1B2,7489,0.0378
ENSG00000254452,5172,0.0378
LINC02235,6800,0.0377
RHEB,7635,0.0377
SLC35G2,7434,0.0377
GARIN2,6579,0.0377
CCDC96,4290,0.0377
ENSG00000263370,883,0.0377
ENSG00000285894,4954,0.0377
ENSG00000237329,134,0.0377
CPLANE2,6852,0.0377
ENSG00000271959,1236,0.0377
ENSG00000288779,31,0.0377
LINC02144,3215,0.0377
FCRL5,458,0.0377
ERVH48-1,2069,0.0377
RNF5,7351,0.0377
ENSG00000274378,263,0.0377
ENSG00000267251,3913,0.0377
ENSG00000286519,2010,0.0377
ICAM3,6975,0.0377
ENSG00000262089,5970,0.0377
OCEL1,7283,0.0377
C2orf73,4357,0.0377
YWHAZP6,2105,0.0377
ENSG00000287277,6961,0.0377
OTX2-AS1,6018,0.0377
LINC01620,5408,0.0377
ENSG00000233928,6939,0.0377
MORC2,7464,0.0377
ENSG00000287367,3270,0.0377
OSGEP,7347,0.0376
C3orf49,6545,0.0376
ENSG00000288829,7124,0.0376
ENSG00000253573,6046,0.0376
LINC02394,1072,0.0376
MREG,7456,0.0376
EEF1A1P9,4246,0.0376
SLCO6A1,6219,0.0376
KLK14,5008,0.0376
MAP2K4,7631,0.0376
ENSG00000255122,1670,0.0376
ZRANB2-AS1,7225,0.0376
VSIG8,3633,0.0376
ENSG00000273175,5508,0.0376
BGLT3,42,0.0376
ENSG00000265400,2057,0.0376
TVP23A,4821,0.0376
MTMR1,7539,0.0376
CFTR-AS1,79,0.0376
PAEP,5965,0.0376
C2orf49,7559,0.0376
PROCA1,7192,0.0376
CCR5AS,4752,0.0376
ENSG00000255367,6798,0.0376
WNT5A,7443,0.0376
AMBN,664,0.0376
HCRTR1,4138,0.0376
ENSG00000275223,3983,0.0376
TSPEAR-AS2,4664,0.0376
SNHG9,6748,0.0376
ENSG00000286218,1240,0.0376
SLC10A5,4803,0.0376
ARLNC1,1417,0.0376
ARV1,7347,0.0376
CDC27P2,123,0.0376
ENSG00000237070,1850,0.0375
LINC00461,6504,0.0375
ENSG00000213121,4048,0.0375
LINC00449,1661,0.0375
INTS4,7573,0.0375
ENSG00000287390,6693,0.0375
SMG7,7637,0.0375
EIF4EBP3,6968,0.0375
ENSG00000286618,6603,0.0375
C14orf180,106,0.0375
ASAH1-AS1,4686,0.0375
ENSG00000290020,6818,0.0375
LURAP1,6394,0.0375
ENSG00000260517,6665,0.0375
ENSG00000287878,6667,0.0375
S100A1,5420,0.0375
TMEM123,7639,0.0375
ENSG00000271933,6798,0.0375
ENSG00000268056,6860,0.0375
FLT4,4653,0.0375
ENSG00000286788,309,0.0375
LINC00378,6714,0.0374
ENSG00000289129,765,0.0374
ME2,7502,0.0374
ENSG00000224715,3619,0.0374
SRGAP2,7593,0.0374
DEGS2,5674,0.0374
STRA8,666,0.0374
ENSG00000289422,1773,0.0374
LINC01473,7639,0.0374
SNORA74,81,0.0374
RAC3,7203,0.0374
ENSG00000287960,1106,0.0374
KPNA7,7115,0.0374
GACAT1,2901,0.0374
HES7,6814,0.0374
LRRC17,6961,0.0374
TMED6,7088,0.0374
LINC01633,2883,0.0374
ENSG00000237927,5044,0.0374
SPINK9,1101,0.0373
CLCNKB,1380,0.0373
CDHR5,5924,0.0373
CBX1P3,112,0.0373
HBA2,600,0.0373
GPRC5C,7254,0.0373
ZNF649,6734,0.0373
ZNG1E,7353,0.0373
ADAM20P1,7087,0.0373
PHC1P1,4074,0.0373
ENSG00000259647,2003,0.0373
SMIM29,7263,0.0373
LINC00581,2308,0.0373
NOL4,6842,0.0373
ENSG00000289152,6573,0.0373
ENSG00000287815,5982,0.0373
TRBC2,4085,0.0373
ENSG00000257807,152,0.0373
SMIM15P2,468,0.0373
LINC02340,7343,0.0373
ENSG00000173867,7319,0.0373
DCAF4,7320,0.0373
RAET1E-AS1-1,6174,0.0373
LPP-AS2,6015,0.0372
UBBP4-1,7201,0.0372
ENSG00000277737,1732,0.0372
MORF4L2,7636,0.0372
ENSG00000269289,6120,0.0372
ENSG00000287478,3978,0.0372
SNX10-AS1,6441,0.0372
YAF2,7577,0.0372
ITGA6-AS1,5924,0.0372
ZNF658,6961,0.0372
ENSG00000286738,4378,0.0372
ENSG00000287899,4421,0.0372
ENSG00000270558,6353,0.0372
NRGN,6590,0.0372
TSSC4,7238,0.0372
ENSG00000286238,1899,0.0372
CCDC57,7597,0.0372
SSH2,7636,0.0372
LINC01047,115,0.0372
ENSG00000253722,3778,0.0372
ZNF770,7534,0.0372
ENSG00000260867,2830,0.0372
TEX261,7380,0.0372
ENSG00000273199,5327,0.0372
LINC01917,6312,0.0372
ENSG00000272815,3379,0.0372
ENSG00000259727,1867,0.0372
CNGB3,7309,0.0371
MARCHF10,5423,0.0371
ENSG00000260173,4020,0.0371
DNAH14,7614,0.0371
TIE1,3583,0.0371
MSMP,6266,0.0371
BRD3OS,7326,0.0371
ENSG00000290704,273,0.0371
ARMH4,7631,0.0371
NELL1,6977,0.0371
GPATCH1,7433,0.0371
ENSG00000226438,4760,0.0371
ENSG00000258535,3396,0.0371
PPP1R12C,7457,0.0371
LINC01772,7196,0.0371
TUBA3FP,4347,0.0371
UNC93B6,557,0.0371
ENSG00000291142,6890,0.0371
HSPA12B,1951,0.0371
ENSG00000230105,5429,0.0371
ENSG00000287526,2967,0.0371
ENSG00000284747,6791,0.0371
RPIA,7406,0.0371
MDGA1,7175,0.037
ENSG00000289522,37,0.037
ENSG00000276570,5534,0.037
MYO18B,6994,0.037
ISLR2,3822,0.037
SPEM3,896,0.037
ENSG00000233109,111,0.037
PSKH2,1383,0.037
CRBN,7498,0.037
ENSG00000280422,3524,0.037
GLOD4,7509,0.037
H3P47,588,0.037
ENSG00000282882,4464,0.037
CD180,591,0.037
STX5-DT,7163,0.037
AGPAT3,7578,0.037
ENSG00000257390,6897,0.037
KLK2,1493,0.037
TTLL4,7437,0.037
SCARF2,7326,0.037
ENSG00000227885,7286,0.037
HORMAD2-AS1,7137,0.037
ULK4P3,1122,0.037
NUDT1,7243,0.0369
TMEM252-DT,5131,0.0369
EPN3,3126,0.0369
YY2,5745,0.0369
ENSG00000267088,3662,0.0369
ZBTB48,7299,0.0369
C5orf15,7500,0.0369
PPP1R3D,7254,0.0369
C9orf152,5835,0.0369
PCDHGA11,4848,0.0369
ENSG00000258053,2891,0.0369
LINC03019,1579,0.0369
ENSG00000274021,4135,0.0369
FER1L6-AS1,3456,0.0369
ENSG00000265643,5334,0.0369
ENSG00000218521,239,0.0369
TIGD6,7065,0.0368
ENSG00000287876,4407,0.0368
ENSG00000286294,211,0.0368
LINC01276,1656,0.0368
PTGER4P2-CDK2AP2P2,599,0.0368
ENSG00000259754,4354,0.0368
KPNA5,7542,0.0368
ENSG00000260209,2637,0.0368
AGO2,7641,0.0368
PPP1R3F,7168,0.0368
HLCS-AS1,6970,0.0368
ENSG00000278727,259,0.0368
ENSG00000231606,5708,0.0368
EEF1B2P3,3855,0.0368
TEX11,6443,0.0368
PDX1,3235,0.0368
GPRIN2,5212,0.0368
MIS18A,7405,0.0368
NUMB,7641,0.0368
SNORA61,91,0.0368
KHK,6271,0.0368
KRR1,7605,0.0368
ENSG00000215237,2069,0.0368
ENSG00000263667,595,0.0368
LINC02022,2361,0.0368
PRELID3BP6,83,0.0367
FMN1,7615,0.0367
IQCB2P,172,0.0367
C4orf36,6010,0.0367
KCNH2,5359,0.0367
ULK3,7291,0.0367
ENSG00000272777,3906,0.0367
KLF14,609,0.0367
TSPAN6,7216,0.0367
ICAM5,7076,0.0367
ELN-AS1,3078,0.0367
DCTN3,7361,0.0367
NGFR-AS1,5294,0.0367
ENSG00000268379,1018,0.0367
RN7SL803P,35,0.0367
MTND4P16,878,0.0367
NKRF,7358,0.0367
AQP7,2997,0.0367
C12orf76,7363,0.0367
TTL,7468,0.0367
ENSG00000270972,405,0.0367
FAM193A,7639,0.0367
ICAM2,5615,0.0367
WFDC11,3782,0.0367
ENSG00000286154,2614,0.0367
ENSG00000272476,6569,0.0367
SUGT1P4-STRA6LP,6821,0.0367
TMEM229B,6809,0.0367
EEFSEC,7562,0.0367
ENSG00000233728,969,0.0367
LINC01429,6688,0.0367
ENSG00000286906,94,0.0367
CASC11,6825,0.0367
NGDN,7483,0.0367
ADGRB3,7488,0.0367
TNFRSF10A-DT-1,5956,0.0367
RTRAF,7463,0.0366
RELN,6787,0.0366
CASP8,7499,0.0366
ENSG00000290535,7000,0.0366
ENSG00000233852,3091,0.0366
VMAC,6608,0.0366
GOSR2,7632,0.0366
ARFIP1,7593,0.0366
ENSG00000249451,800,0.0366
LINC01564,6523,0.0366
EEF1A1P1,111,0.0366
LINC02818,6371,0.0366
ENSG00000253924,357,0.0366
AGAP13P,6928,0.0366
PGM5P2,6348,0.0366
ADA2,5805,0.0366
SEC14L4,5180,0.0366
ENSG00000285789,2114,0.0366
ENSG00000285144,2911,0.0365
BICDL2,6944,0.0365
GLP2R,5938,0.0365
CUL2,7498,0.0365
ZDHHC23,7180,0.0365
LINC00604,2280,0.0365
ENSG00000257191,6419,0.0365
NCOR1P3,932,0.0365
CDPF1,6963,0.0365
ENSG00000261320,161,0.0365
ASXL3,6131,0.0365
ANKRD26P1,6390,0.0365
C2orf81,5077,0.0365
ENSG00000285616,585,0.0365
ZKSCAN8,7443,0.0365
HMGN1P35,30,0.0365
ZNF414,7197,0.0365
ARHGEF35-AS1,6408,0.0365
LINC01864,2203,0.0365
RNF212,6149,0.0365
ENSG00000288765,3381,0.0365
FAT4,7379,0.0365
ENSG00000231662,4560,0.0365
ZNF454,4846,0.0365
ATP6V1E2,7365,0.0365
MPRIP-AS1,5081,0.0365
ENSG00000244757,6095,0.0365
LINC01674,2914,0.0364
ENSG00000274751,3088,0.0364
P3H2-AS1,5873,0.0364
RN7SL182P,54,0.0364
ACBD6,7613,0.0364
GDF9,6059,0.0364
RPL14P6,1068,0.0364
ZKSCAN8P1,6821,0.0364
PTPN14,7634,0.0364
PRKACB-DT,3091,0.0364
ENSG00000181123,2986,0.0364
STMN4,2537,0.0364
ENSG00000288739,701,0.0364
ENSG00000235837,7026,0.0364
MPDU1,7379,0.0364
ENSG00000289289,3041,0.0364
ENSG00000267879,5781,0.0364
SMIM18,4834,0.0364
ENSG00000286316,6205,0.0364
ENSG00000227388,7167,0.0364
INKA2,7291,0.0364
RCOR2,6365,0.0364
LINC02700,2660,0.0364
INO80-AS1,6017,0.0364
ENSG00000273733,3178,0.0364
C6orf136,7199,0.0364
ENSG00000267615,2428,0.0364
UNC5D,7109,0.0364
ZNF728,1378,0.0364
ENSG00000254777,6501,0.0364
VIRMA,7581,0.0364
ENSG00000277426,402,0.0364
INTS4P1-1,5274,0.0364
PPP4R3B,7637,0.0364
GJA10,476,0.0363
LINC02476,7431,0.0363
ACMSD,4335,0.0363
TBC1D26,2939,0.0363
SEMA4F,7323,0.0363
ENSG00000273432,4874,0.0363
ENSG00000285938,6084,0.0363
MID1IP1-AS1,6101,0.0363
LHX8,1391,0.0363
LINC02307,7138,0.0363
ENSG00000286632,3268,0.0363
GOLGA6L2,2325,0.0363
MRPL38,7370,0.0363
IRAG1,5740,0.0363
BTN2A3P,7146,0.0363
ENSG00000269934,6303,0.0363
HID1,6863,0.0363
ARFGEF1-DT,4102,0.0363
CFAP91,5213,0.0363
PLEKHM2,7531,0.0363
YBX1P6,5429,0.0363
ENSG00000239407,7339,0.0363
ENSG00000257194,3126,0.0363
NCOA6,7631,0.0363
RN7SL236P,48,0.0363
RAB3A,7246,0.0362
MATCAP1,7299,0.0362
ENSG00000264860,5301,0.0362
CHAC2,6676,0.0362
ENSG00000262526,4153,0.0362
FBXO4,7341,0.0362
BAHD1,7458,0.0362
RNASEH2B,7395,0.0362
TSPAN19,2353,0.0362
LINC01389,6482,0.0362
DHRS4L1-1,6600,0.0362
MRPS21P9,411,0.0362
ENSG00000291042,7210,0.0362
PRUNE1,7327,0.0362
LRRC78P,5863,0.0362
ENSG00000289202,4404,0.0362
ENSG00000279532,699,0.0362
POU3F2,5240,0.0362
ANAPC7,7523,0.0362
ENSG00000289695,4759,0.0362
ENSG00000266877,6807,0.0362
LINC02568,4750,0.0362
CD37,5317,0.0361
SCEL-AS1,929,0.0361
CLCA1,1957,0.0361
G0S2,7308,0.0361
SOX7,6142,0.0361
ENSG00000277999,2451,0.0361
LINC00957,4318,0.0361
SERHL,5680,0.0361
RIPPLY3,3898,0.0361
TMEM145,6599,0.0361
CCDC120,6893,0.0361
GDF5-AS1,249,0.0361
WFDC9,1915,0.0361
IL17C,1469,0.0361
ENSG00000282998,4587,0.0361
ZMYND19,7214,0.0361
ENSG00000197376,1458,0.0361
PTPN9,7593,0.0361
ENSG00000290816,1670,0.0361
C7orf50,7530,0.0361
FOXO3,7637,0.0361
ENSG00000253720,6020,0.0361
ENSG00000289416,690,0.0361
MDS2,6091,0.0361
TMEM40,6044,0.0361
STAP2,7151,0.0361
ENSG00000289694,7262,0.0361
IL5,3797,0.0361
TMEM86A,3776,0.036
PLVAP,4775,0.036
ENSG00000267328,3080,0.036
WASH4P,2204,0.036
MKRN2,7443,0.036
CNBD1,7170,0.036
PRDM8-AS1,4965,0.036
ENSG00000241185,3702,0.036
EIF3D,7604,0.036
CDYL,7592,0.036
ZNF329,7206,0.036
GSE1,7624,0.036
NTSR2,563,0.036
PJVK,7085,0.036
TBX20,6114,0.036
FBXW5,7354,0.036
SPEM2,1367,0.036
ENSG00000289842,4941,0.036
C18orf54,7309,0.036
EEF1AKMT4,7201,0.036
ENSG00000287059,1120,0.036
ENSG00000224969,4454,0.036
OMA1,7418,0.036
ENSG00000284708,3215,0.036
VPS13B-DT,7364,0.036
MTCO3P29,344,0.036
ENSG00000273437,4646,0.036
NUP37,7451,0.036
APBB1IP,6741,0.0359
SLC12A9,7395,0.0359
SORCS3,6871,0.0359
ENSG00000265739,5594,0.0359
ENSG00000286652,6996,0.0359
ENSG00000268842,25,0.0359
ENSG00000230881,86,0.0359
ENSG00000259126,173,0.0359
CFAP47,6488,0.0359
RADIL,6608,0.0359
GYPA,972,0.0359
LINC01961,463,0.0359
SCNN1G,4273,0.0359
TRIM25,7603,0.0359
FAT3,6756,0.0359
GRIA3,6741,0.0359
SH3GLB1,7613,0.0359
ELOA2,58,0.0359
ENSG00000224621,6115,0.0359
NLRP2,6437,0.0359
KIF27,7417,0.0359
CRYZL2P-SEC16B,5031,0.0359
PRR20G,756,0.0359
FGFBP3,6066,0.0359
RXFP2,1814,0.0359
MYT1L,6472,0.0359
ENSG00000234712,167,0.0359
PLD4,3006,0.0358
MARVELD3,6712,0.0358
KIAA1143,7454,0.0358
SETD3,7586,0.0358
RFX6,1333,0.0358
ENSG00000285645,610,0.0358
KDM5B,7640,0.0358
ENSG00000265496,6937,0.0358
HEATR9,4015,0.0358
ENSG00000289218,520,0.0358
ZSCAN16-AS1,7393,0.0358
LINC02833,199,0.0358
EFHB,6493,0.0358
RPS27AP11,566,0.0358
SYNGR2,7373,0.0358
LINC01114,295,0.0358
NXPE4,709,0.0358
SNN,7058,0.0358
FAM174A,7458,0.0358
PABPC3,5741,0.0358
ENSG00000291022,1511,0.0358
DLEC1,6509,0.0358
MED18,7264,0.0358
FAR2P2,2938,0.0358
ENSG00000260892,1152,0.0358
STIMATE-MUSTN1,2363,0.0357
Metazoa_SRP-56,1026,0.0357
ENSG00000236641,611,0.0357
POU4F2,392,0.0357
PPFIA1,7641,0.0357
RNU6-955P,225,0.0357
RBP5,6516,0.0357
AP1B1P1-1,1727,0.0357
CCDC142,7417,0.0357
IRX3,7026,0.0357
ENSG00000289690,6162,0.0357
OR1F1,5915,0.0357
ENSG00000286549,3235,0.0357
RDM1P2,1314,0.0357
METTL25B,7326,0.0357
FBXO40,2049,0.0357
QPCT,6956,0.0357
MAGEA6-DT,2461,0.0357
F2,6075,0.0357
ENSG00000290924,7105,0.0357
TMED5,7546,0.0357
ZNF772,6360,0.0356
GID4,7329,0.0356
CYP4F2,1470,0.0356
ENSG00000235575,5506,0.0356
TENT5D,3815,0.0356
FENDRR,6481,0.0356
ARHGEF16,6831,0.0356
ENSG00000286430,2124,0.0356
SLFN13,6132,0.0356
ENSG00000270103,345,0.0356
CD63-AS1,6731,0.0356
ZNF471,6523,0.0356
ENSG00000232342,6183,0.0356
ENSG00000256146,2574,0.0356
ENSG00000268093,6278,0.0356
KCNQ2,6365,0.0356
GPR3,5391,0.0356
ENSG00000250240,6095,0.0356
ENSG00000229418,229,0.0356
HTR6,3631,0.0356
SMG1P4,6234,0.0356
KDM3AP1,136,0.0356
ENSG00000205325,805,0.0356
HNRNPK-AS1,7130,0.0356
PP7080,4120,0.0356
EPS8L2,7418,0.0356
ENSG00000254006,207,0.0356
TMLHE-AS1,7100,0.0356
MRPL43,7341,0.0355
KIR2DS4,157,0.0355
AWAT1,1209,0.0355
ENSG00000224764,4489,0.0355
ENSG00000243018,2447,0.0355
SPEF1,4210,0.0355
LINC02938,2478,0.0355
ENSG00000289229,226,0.0355
URAD,551,0.0355
ENSG00000289312,5807,0.0355
HERC2P10,6817,0.0355
ENSG00000225173,2693,0.0355
TTC21A,7376,0.0355
C11orf68,7066,0.0355
ZNF585B,7343,0.0354
MAGEA4,7115,0.0354
MTND5P25,45,0.0354
LINC01049,4136,0.0354
DMKN,7122,0.0354
SNX27,7622,0.0354
ENSG00000253116,2829,0.0354
PLCL2,7328,0.0354
ADRA1A,3622,0.0354
UBE2E1-AS1,1245,0.0354
ENSG00000258108,629,0.0354
FAM183BP,1211,0.0354
ENSG00000291063,7007,0.0354
SI,2075,0.0354
UVRAG-DT,4497,0.0354
TTLL6,6130,0.0354
LINC01232,6558,0.0354
TMCC2-AS1,177,0.0354
ENSG00000272647,6940,0.0354
KCNQ4,6825,0.0354
LINC02519,4222,0.0354
NECTIN2,7585,0.0354
ENSG00000285859,7280,0.0354
SF1-DT,4805,0.0353
SPTA1,2362,0.0353
P4HTM,7208,0.0353
LINC01816,6572,0.0353
IGF1R,7641,0.0353
SP2-AS1,7146,0.0353
TBC1D10C,1850,0.0353
XPO6,7620,0.0353
ENSG00000283217,6876,0.0353
ENSG00000227050,6000,0.0353
BFSP1,7288,0.0353
NUDT10,679,0.0353
ENSG00000279479,726,0.0353
PURA,7610,0.0353
ENSG00000272078,6217,0.0353
ENPP7P2,6385,0.0353
TUNAR,1501,0.0353
RGS5-AS1,3939,0.0353
LIPI,4719,0.0353
ENSG00000223502,868,0.0353
ENSG00000267743,2392,0.0353
CCDC90B,7450,0.0353
ENSG00000266869,6723,0.0353
ENSG00000287855,6420,0.0353
ENSG00000205414,4750,0.0353
AARSD1,7426,0.0352
GID8,7529,0.0352
ENSG00000229827,410,0.0352
CDH23,6972,0.0352
PUS3,7317,0.0352
ENSG00000285550,2185,0.0352
ENSG00000275527,459,0.0352
CUTA,7379,0.0352
TMEM222,7426,0.0352
EDNRA,6331,0.0352
ERLIN1,7473,0.0352
ENSG00000275409,1184,0.0352
SLC35A5,7359,0.0352
LINC02418,1509,0.0352
MRPS33,7349,0.0352
SLC35B4,7363,0.0352
FAM230F,1789,0.0352
ENSG00000283383,81,0.0352
NDUFA8,7362,0.0352
SMIM43,131,0.0352
FAM245A,793,0.0352
ENSG00000289899,6191,0.0351
LINC02764,528,0.0351
BCL7A,7454,0.0351
CLTRN,6431,0.0351
RBMS3-AS2,6985,0.0351
ENSG00000288695,6897,0.0351
POLE4,7314,0.0351
ENSG00000288759,4057,0.0351
BEX1,3222,0.0351
LINC01681,4592,0.0351
POMGNT2,7310,0.0351
ENSG00000254648,458,0.0351
EIF1P7,5447,0.0351
LINC01970,5843,0.0351
ENSG00000272588,4641,0.0351
HERC3-1,5799,0.0351
EEF1B2P7,204,0.0351
XK,6055,0.0351
LINC02734,2759,0.0351
CFAP97D2,3451,0.0351
ENSG00000254086,163,0.0351
SMO,7113,0.0351
ENSG00000291239,4585,0.0351
ENSG00000274215,1771,0.0351
PENK,29,0.0351
NRN1L,3703,0.0351
SPATA21,7183,0.0351
C18orf32,7520,0.0351
FANK1,7434,0.0351
TMEM86B,6437,0.0351
RBM45,7305,0.0351
COPS7A,7373,0.0351
TMEM212-AS1,4836,0.0351
ENSG00000265987,7271,0.0351
LINC00839,6785,0.0351
ENSG00000289537,5675,0.0351
WBP11P1,1497,0.0351
PXMP4,7177,0.0351
RP1L1,5869,0.035
ENSG00000229151,4933,0.035
UCHL1-DT,4611,0.035
SCG5-AS1,4275,0.035
PMEL,6991,0.035
GPRASP1,7068,0.035
ENSG00000278958,1277,0.035
ENSG00000290023,749,0.035
KANSL1-AS1,6003,0.035
ENSG00000249621,45,0.035
PDS5A,7640,0.035
HTR1F,6620,0.035
LINC01967,7190,0.035
SHMT1,7330,0.035
DPH5,7301,0.035
ENSG00000285770,289,0.035
ENSG00000242061,65,0.035
EVI2B,6972,0.035
ENSG00000287401,6136,0.035
ENSG00000282865,46,0.035
SRL,6254,0.035
CHRNB2,3640,0.035
FLJ40194,7268,0.035
ENSG00000219404,104,0.035
SSNA1,7307,0.0349
TMEM250,7244,0.0349
ENSG00000228818,1350,0.0349
ATP11C,7596,0.0349
ENSG00000230333,7146,0.0349
IGSF1,7312,0.0349
ARHGAP33,7289,0.0349
ENSG00000278704,3484,0.0349
ENSG00000288898,6927,0.0349
ENSG00000272764,796,0.0349
ENSG00000286082,4345,0.0349
ENSG00000265394,6097,0.0349
ITPR1-DT,3252,0.0349
LOXL3,7233,0.0349
ENSG00000291207,7425,0.0349
ENSG00000287161,3365,0.0349
UBE2MP1,491,0.0349
NFATC3,7617,0.0349
ENSG00000255491,3987,0.0349
CGRRF1,7396,0.0349
TRIM31-AS1,6474,0.0349
FAM72B,6619,0.0349
EP300-AS1,6515,0.0349
TDRD10,4227,0.0349
DHODH,7262,0.0349
SEC31A,7641,0.0349
ENSG00000257604,5794,0.0349
TAS1R3,2166,0.0349
ZNF845,7301,0.0349
ZNF767P-1,7607,0.0348
ENSG00000285841,442,0.0348
SAXO2,6624,0.0348
COPZ2,6736,0.0348
FCER1G,4719,0.0348
LINC00352,216,0.0348
TXNP1,38,0.0348
SBNO1,7630,0.0348
CCL28,7017,0.0348
SPNS3,5808,0.0348
LINC02935,7197,0.0348
ENSG00000290620,810,0.0348
ENSG00000287089,470,0.0348
WDR86,6476,0.0348
PCDH9-AS1,734,0.0348
DIO2-AS1,6205,0.0348
SPIN3,7384,0.0348
INHA,6497,0.0348
LINC01914,1098,0.0348
ANKHD1-EIF4EBP3,7409,0.0348
NTRAS,3364,0.0348
ENSG00000253238,6628,0.0348
FAM83B,7357,0.0347
ENSG00000261535,822,0.0347
CLASP1,7637,0.0347
REG3A,50,0.0347
IRF6,7196,0.0347
ENSG00000286457,1858,0.0347
C7orf33,1440,0.0347
TNFRSF13C,5493,0.0347
ENSG00000167046,1930,0.0347
NHLH1,6423,0.0347
ITGAD,4356,0.0347
ADAMTSL3,7082,0.0347
TEN1,7362,0.0347
HNRNPA1P50,376,0.0346
ENSG00000261474,7369,0.0346
C14orf178,6168,0.0346
MAGI2-AS3,6911,0.0346
ENSG00000271199,266,0.0346
ITPKB-AS1,1367,0.0346
PRRG2,6590,0.0346
ENSG00000287146,5498,0.0346
ENSG00000274019,311,0.0346
CYP4V2,7259,0.0346
DUXA,516,0.0346
LRRC71,3748,0.0346
H3P13,155,0.0346
LRTOMT,6181,0.0346
H4C1,2869,0.0346
DPY19L2P1,6856,0.0346
ENSG00000236935,4696,0.0346
ENSG00000224750,2479,0.0346
TMEM234,7227,0.0346
DDX46,7632,0.0346
SDAD1P2,160,0.0346
PMS2P3-1,7348,0.0346
RNF227,6709,0.0346
UIMC1,7591,0.0345
PRPF4,7453,0.0345
ENSG00000234450,344,0.0345
PGBD4,7113,0.0345
TMEM213,6301,0.0345
CISD3,7327,0.0345
RPL21P4,278,0.0345
MAMSTR,5758,0.0345
ENSG00000279016,90,0.0345
PIK3C3,7597,0.0345
ENSG00000280383,3362,0.0345
ENSG00000268873,5584,0.0345
MBD1,7508,0.0345
DNAAF1,4887,0.0345
CCDC74BP1,512,0.0345
FOXN2,7594,0.0345
ENSG00000225087,7165,0.0345
FRG1FP,5653,0.0345
ENSG00000276075,5912,0.0345
ENSG00000250415,222,0.0345
NPM1P49,3873,0.0345
GTF3C6,7371,0.0345
ENSG00000280143,6655,0.0345
RFESDP1,267,0.0345
FAM174C,7191,0.0345
CHGB,6909,0.0345
PRTN3,5817,0.0345
ENSG00000249463,885,0.0345
CCDC137,7446,0.0345
LINC01099,6116,0.0344
RDH10-AS1,6889,0.0344
C4B,1168,0.0344
SKINT1L,1913,0.0344
ZFP2,7134,0.0344
ENSG00000279721,3548,0.0344
ENSG00000267686,6826,0.0344
ENSG00000259737,1373,0.0344
ST13P5,1554,0.0344
ENSG00000288459,341,0.0344
BMS1P4,7384,0.0344
FBXO6,6732,0.0344
MOB1B,7564,0.0344
ENSG00000258272,6303,0.0344
ENSG00000223523,6240,0.0344
COMMD10,7623,0.0344
C1orf56,7194,0.0344
RPS26P35,302,0.0344
ZNF662,2756,0.0344
ENSG00000232930,2761,0.0344
GTF2E2,7536,0.0344
ENSG00000263657,7006,0.0344
ITFG1-AS1,6106,0.0343
ECM1P2,384,0.0343
ATP6V0A4,6754,0.0343
FAM124A,6677,0.0343
SMIM26,7337,0.0343
ATP8A2P3,4935,0.0343
ENSG00000249199,1838,0.0343
UNC5C-AS1,688,0.0343
RPL21P39,1750,0.0343
SDSL,7185,0.0343
ENSG00000222604,602,0.0343
GAGE1,2242,0.0343
ENSG00000258515,266,0.0343
ARPC3P5,188,0.0343
MICU3,7402,0.0343
RNU6-598P,1591,0.0343
SSMEM1,2507,0.0343
ENSG00000269102,6731,0.0343
ENSG00000236263,1910,0.0343
ENSG00000231881,6192,0.0343
ENSG00000255224,3063,0.0343
FAM167A,6985,0.0343
KCNN3,6999,0.0343
RNU2-51P,42,0.0342
ENSG00000225486,44,0.0342
FNDC4,5246,0.0342
CIDECP1,7091,0.0342
GFUS,7228,0.0342
KC6,6776,0.0342
MTX3,7499,0.0342
MPPE1,7388,0.0342
SSTR2,6033,0.0342
CXXC4-AS1,6238,0.0342
ZNF529,7469,0.0342
ENSG00000176515,1416,0.0342
RPL13AP25,1426,0.0342
ENSG00000251391,5512,0.0342
ENSG00000230730,3115,0.0342
C1orf226,6572,0.0342
ENSG00000232153,3444,0.0342
HNF4A-AS1,6588,0.0342
ENSG00000270171,357,0.0342
OOEP,7128,0.0342
ENSG00000287743,511,0.0342
LRRC8D,7499,0.0342
JCAD,7354,0.0342
PRSS47P,2887,0.0342
RBMXL1,7331,0.0342
RABAC1,7308,0.0342
RAB11FIP2,7514,0.0342
FAM53A,7271,0.0342
ENSG00000287584,6641,0.0341
POLR2J3-1,7148,0.0341
LINC00543,2234,0.0341
ENSG00000223761,1463,0.0341
KCNK4,5615,0.0341
LINC02427,6536,0.0341
LINC02748,2278,0.0341
SPA17,7280,0.0341
ENSG00000289015,6466,0.0341
GPD1L,7309,0.0341
ENSG00000205584,107,0.0341
VWA8-AS1,3881,0.0341
VIL1,7262,0.0341
LINC02264,873,0.0341
ENSG00000285769,3279,0.0341
ENSG00000256625,6920,0.0341
NCRNA00250,2175,0.0341
ENSG00000243243,1463,0.0341
SRGAP2-AS1,6048,0.0341
EPS15P1,1537,0.0341
IMPG1,6021,0.0341
TRPA1,6850,0.0341
FAM120A2P,1075,0.0341
GZF1,7394,0.0341
RFLNB,7114,0.0341
CNOT10-AS1,4111,0.0341
ENSG00000249679,6560,0.0341
NBPF17P,4633,0.0341
ENSG00000249818,194,0.0341
MRPL23-AS1,363,0.034
ENSG00000248434,768,0.034
ENSG00000279539,6201,0.034
MUC20-OT1,7585,0.034
ME2P1,411,0.034
ARMCX6,6818,0.034
GNAO1,7176,0.034
ENSG00000257622,2695,0.034
CIR1P2,725,0.034
ENSG00000279659,3877,0.034
MCCD1P2,277,0.034
GPM6B,7051,0.034
LINC01228,292,0.034
RAB33A,4349,0.034
ENSG00000230303,5385,0.034
ENSG00000264451,849,0.034
RDM1P5,7057,0.034
SLC18A2,6241,0.034
SPACDR,7384,0.034
TLX2,2373,0.034
CCKAR,511,0.0339
ANKRD40CL,2655,0.0339
MYL5,6839,0.0339
CYP46A1,7055,0.0339
ENSG00000289207,5752,0.0339
MTG2,7471,0.0339
TWF1P1,3190,0.0339
LINC02306,6791,0.0339
ENSG00000287287,2658,0.0339
ZNF273,7330,0.0339
U4-6,40,0.0339
DENND2B-AS1,5969,0.0339
FAM21EP-1,4851,0.0339
PAK2,7633,0.0339
ENSG00000256389,5821,0.0339
ENSG00000254730,2537,0.0339
ENSG00000286625,1856,0.0339
ZNF736,7404,0.0339
ENSG00000240497,2821,0.0339
TIGD7,7172,0.0339
ENSG00000259049,7034,0.0339
PRPF3,7583,0.0338
LINC02821,3721,0.0338
EVI2A,6331,0.0338
ENSG00000254733,7285,0.0338
TDRG1,727,0.0338
ENSG00000284685,7065,0.0338
ENSG00000267393,86,0.0338
ZNF428,7346,0.0338
OR2AG2,4972,0.0338
ENSG00000257355,6415,0.0338
SLC14A2-AS1,6112,0.0338
CDK5R2-AS1,4871,0.0338
ENSG00000260578,3044,0.0338
FBXL17,7636,0.0338
FGFR3,6775,0.0338
SAA3P,44,0.0338
MMP2,7209,0.0338
ENSG00000286071,6519,0.0338
ITIH2,6420,0.0338
KRTCAP2,7429,0.0338
ENSG00000286147,6348,0.0338
ABCA3,7297,0.0338
NXT1,7307,0.0338
NPM1P19,2323,0.0338
MAGEA4-AS1,4682,0.0338
CD300E,873,0.0338
CHRNA3,5033,0.0338
TADA2B,7379,0.0338
KRTAP4-6,192,0.0338
ENSG00000287451,5857,0.0338
PTPRVP,3010,0.0337
ZNF71,6887,0.0337
ENSG00000220506,803,0.0337
RTN3,7610,0.0337
PIN1,7367,0.0337
LINC02316,3282,0.0337
PPP1R14A,3801,0.0337
FAM86JP-1,3973,0.0337
ENSG00000263709,5870,0.0337
LINC02035,6996,0.0337
ENSG00000251414,5869,0.0337
ENSG00000254024,5229,0.0337
CSAD,7451,0.0337
TPRG1-AS1,2504,0.0337
PARP4P1,3359,0.0337
CCDC144BP-1,4477,0.0337
AZGP1P1,1069,0.0337
RPL26P19,3276,0.0337
SLX4,7359,0.0337
CHEK2,7478,0.0337
ENSG00000289704,2434,0.0337
ZNF566,7439,0.0337
ENSG00000289475,1487,0.0337
CIBAR2,1378,0.0336
CYP4F8,610,0.0336
ENSG00000285329,7328,0.0336
FOXO6-AS1,1889,0.0336
ENSG00000286505,1152,0.0336
ENSG00000288988,6497,0.0336
ENSG00000273073,1502,0.0336
BTN3A3,7308,0.0336
ENSG00000232716,5642,0.0336
LINC02612,2129,0.0336
WFDC2,6151,0.0336
ENSG00000274253,3463,0.0336
SERPINI2,5618,0.0336
FAM83C,3327,0.0336
GS1-24F4.2,5425,0.0336
ENSG00000253190,4033,0.0336
CENPW,7316,0.0336
AP1AR-DT,3333,0.0336
PRSS37,720,0.0336
PRSS38,3384,0.0336
LINC02019,5385,0.0336
DDX18,7617,0.0336
TRMT9B,5788,0.0336
MYCL,6206,0.0336
ENSG00000289859,2278,0.0336
ENSG00000254397,6042,0.0336
MIR142HG,2766,0.0336
TRGV3,54,0.0336
ALMS1,7565,0.0336
TMEM233,4839,0.0335
ZNF483,7305,0.0335
DYTN,4108,0.0335
BCHE,7169,0.0335
LINC01416,6593,0.0335
ASCL5,4307,0.0335
SAMM50,7418,0.0335
KCNQ5-AS1,1216,0.0335
DUOX2,6104,0.0335
ENSG00000288530,1139,0.0335
PDGFRA,6649,0.0335
TRIM44,7631,0.0335
ENSG00000287728,176,0.0335
OR9H1P,1108,0.0335
AGAP4,7293,0.0335
OSER1-DT,7267,0.0335
LRCH2,6804,0.0335
C2orf83-1,2915,0.0335
SERTAD3,7276,0.0335
COL6A6,6173,0.0335
NPY4R2,198,0.0335
ENSG00000255639,7217,0.0335
ENSG00000290461,4385,0.0335
ENSG00000286347,487,0.0335
PTPRN,6595,0.0335
ATOH7,492,0.0335
TMEM129,7264,0.0334
ENSG00000273064,6635,0.0334
RPL7AP18,545,0.0334
ZP1,3801,0.0334
CCNP,6923,0.0334
ENSG00000286240,3383,0.0334
CDC42EP5,6425,0.0334
SYT6,3430,0.0334
PREX1,7259,0.0334
RPL23AP7-1,7164,0.0334
ENSG00000286825,6883,0.0334
ENSG00000270228,3884,0.0334
PXMP2,7192,0.0334
LTB4R2,6442,0.0334
ENSG00000276530,117,0.0334
EFS,2269,0.0334
TSPAN33,6896,0.0334
ENSG00000284846,2105,0.0334
C17orf107,4994,0.0334
HPF1,7431,0.0334
FALEC,6688,0.0334
MCM9,7489,0.0334
PPP1R32,7199,0.0333
ENSG00000279557,5187,0.0333
ZCCHC14,7535,0.0333
ENSG00000247934,6815,0.0333
ENSG00000279379,345,0.0333
SLC9A8,7569,0.0333
LINC02381,6616,0.0333
SLCO4A1-AS1,5410,0.0333
LINC01229,4038,0.0333
LINC02703,1541,0.0333
MGAT4D,2378,0.0333
JAKMIP2-AS1,6695,0.0333
ENSG00000265794,6319,0.0333
ALDH3B2,4446,0.0333
DNM1P38,1166,0.0333
NPR2,7143,0.0333
GTF2IRD1P1-1,6759,0.0333
ACADS,7230,0.0333
JAM2,6885,0.0333
ENSG00000258949,6239,0.0333
IGF1,5327,0.0333
LINC01895,4426,0.0332
FTH1P1,887,0.0332
ENSG00000288942,6127,0.0332
ENSG00000289256,635,0.0332
ZNF816,6978,0.0332
ENSG00000250643,5528,0.0332
BATF3,6399,0.0332
GALNT9,6097,0.0332
ENSG00000290466,4925,0.0332
ENSG00000267262,4396,0.0332
NTF3,6533,0.0332
FLG,4026,0.0332
ENSG00000260272,6332,0.0332
MITD1,7490,0.0332
SLC20A1-DT,6045,0.0332
ENSG00000260008,1203,0.0332
GOLGA8VP,728,0.0332
ENSG00000204790,5965,0.0332
WASL,7606,0.0332
LINC02317,51,0.0332
CROCCP5,22,0.0332
HSPA8P14,4792,0.0332
HSPA8P19,1112,0.0332
ENSG00000287048,515,0.0332
CTD-2194D22.4,510,0.0332
ENSG00000253197,7067,0.0332
SIKE1,7474,0.0332
ZCRB1P1,5026,0.0332
ENSG00000269973,7291,0.0332
ENSG00000289565,6397,0.0332
FAM168B,7584,0.0331
ENSG00000272275,4914,0.0331
ENSG00000225421,6314,0.0331
ENSG00000267090,2184,0.0331
SLC10A4,3475,0.0331
LINC00383,4568,0.0331
MFSD14B,7555,0.0331
ENSG00000283689,3817,0.0331
ENSG00000290829,3529,0.0331
ENSG00000266846,6209,0.0331
TUBA4B,3028,0.0331
CFAP92,7228,0.0331
BASP1-AS1,7260,0.0331
CPE,7599,0.0331
ENSG00000259005,949,0.0331
ENSG00000223679,475,0.0331
ENSG00000223886,76,0.0331
ENSG00000287870,2123,0.0331
MSL2,7534,0.0331
CCR4,757,0.0331
PPFIA3,7316,0.0331
CEP85,7377,0.0331
SORD2P,4826,0.0331
ENSG00000279329,1250,0.0331
SMG1,7641,0.0331
ENSG00000287698,3255,0.0331
IL13RA2,6196,0.0331
ENSG00000286099,6578,0.0331
NUDT7,6571,0.0331
CCT6P3,7259,0.033
PIGBOS1,7303,0.033
ENSG00000250149,6633,0.033
ST3GAL3-AS1,6801,0.033
RHD,6598,0.033
TSPAN10,6344,0.033
CA6,3526,0.033
ENSG00000226078,149,0.033
PGBD2,7252,0.033
RUSF1-DT,4675,0.033
PLXNC1,7127,0.033
ATP1A3,6609,0.033
ITIH5,6633,0.033
SFTA1P,5121,0.033
ENSG00000285603,2165,0.033
ENSG00000287281,454,0.033
ENSG00000272482,3707,0.0329
HADHAP2,2586,0.0329
RECQL5,7453,0.0329
FKBP1B,7051,0.0329
TIGD2,6977,0.0329
ENSG00000242072,481,0.0329
ZNF669,7213,0.0329
URB2,7324,0.0329
LINC01521,6280,0.0329
SNAP91,5970,0.0329
IL21R,4012,0.0329
SPANXB1,1250,0.0329
ENSG00000267257,798,0.0329
ZNF439,6905,0.0329
HCK,5251,0.0329
TBX2-AS1,5574,0.0329
SIGLEC10,1517,0.0329
ENSG00000255557,4949,0.0329
ELAVL2,6988,0.0329
ENSG00000257268,475,0.0329
CD8B2,2418,0.0329
TMEM185A,7392,0.0328
ENSG00000286113,1766,0.0328
ENSG00000230440,771,0.0328
LGR4-AS1,4732,0.0328
MYCBP2,7638,0.0328
ENSG00000276148,4524,0.0328
ENSG00000287482,4743,0.0328
CTCF,7554,0.0328
ECI1-AS1,3583,0.0328
ENSG00000233968,1381,0.0328
HLA-DPB1,3704,0.0328
ENSG00000267284,7367,0.0328
CDH22,6139,0.0328
ENSG00000254553,6088,0.0328
CAPZA1,7635,0.0328
PAX7,5540,0.0328
HMGB1P20,6133,0.0328
GOSR1,7600,0.0328
ASAH2,6191,0.0328
ENSG00000266667,6783,0.0328
ENSG00000260498,6405,0.0328
ITPK1P1,4258,0.0328
DBNDD2,7206,0.0327
ENSG00000289126,6190,0.0327
DNM1P35,5769,0.0327
EEF1A1P35,725,0.0327
TMEM254-AS1,6787,0.0327
MKX,6794,0.0327
ENSG00000205959,6729,0.0327
RPGRIP1,5660,0.0327
PRKAG2-AS1,4728,0.0327
ACTBP1,465,0.0327
LINC01684,6243,0.0327
JAKMIP1,6313,0.0327
PCDHGB2,5350,0.0327
PPP2R5A,7595,0.0327
CSDC2,5119,0.0327
ENSG00000288964,2059,0.0327
ENSG00000288885,3224,0.0326
CTSW,2459,0.0326
ENSG00000235152,850,0.0326
ENSG00000230433,1650,0.0326
MOAP1,7385,0.0326
ERG28,7316,0.0326
ZFP42,2064,0.0326
ANAPC16,7568,0.0326
RASGRP1,7166,0.0326
ENSG00000267317,7109,0.0326
ENSG00000267360,6434,0.0326
ENSG00000250746,3139,0.0326
ENSG00000275236,5868,0.0326
FTLP3,1852,0.0326
FAM225B,3101,0.0326
ENSG00000227741,6444,0.0326
FAM200A,7303,0.0326
LINC02432,7000,0.0326
AMDHD1,6118,0.0326
DOC2GP,3140,0.0326
KANSL2,7489,0.0326
ENSG00000213981,6822,0.0326
WDR20,7588,0.0326
ENSG00000280228,6517,0.0326
KBTBD3,7297,0.0326
ENSG00000287630,449,0.0326
ANKRD18EP,2271,0.0326
TTTY4,111,0.0325
ENSG00000290588,5837,0.0325
GRTP1-AS1,3426,0.0325
ENSG00000236274,1316,0.0325
LINC01881,7464,0.0325
IGF2BP1,7406,0.0325
ENSG00000286362,6725,0.0325
LIPJ,1035,0.0325
SPTY2D1,7599,0.0325
ENSG00000255005,6051,0.0325
ENSG00000228303,513,0.0325
ENSG00000285547,6881,0.0325
TSPAN16,6677,0.0325
MCRIP2,7219,0.0325
MCRS1,7346,0.0325
SMARCA1,7537,0.0325
DHRS7B,7525,0.0325
RAB18,7620,0.0325
CSTF3-DT,7132,0.0325
ENSG00000268455,173,0.0325
CCDC92B,5244,0.0325
LINC02028,5500,0.0325
ENSG00000237938,6246,0.0325
ZNHIT3,7376,0.0324
ENSG00000284695,395,0.0324
LRRC20,7195,0.0324
ENSG00000278212,1240,0.0324
ENSG00000279148,6704,0.0324
ENSG00000288102,3709,0.0324
MFAP5,4077,0.0324
ENSG00000231201,7000,0.0324
CA1,6152,0.0324
BTNL8,5183,0.0324
ENSG00000253682,91,0.0324
ENSG00000261602,5419,0.0324
ENKD1,7025,0.0324
ENSG00000254205,5612,0.0324
DLG3-AS1,1005,0.0324
RNA5SP449,30,0.0324
TECPR1,7419,0.0324
ENSG00000271857,1814,0.0324
MIR4733HG,4663,0.0324
ENSG00000272154,6370,0.0324
SYN1,6933,0.0324
LINC01415,2141,0.0324
CLDN6,5633,0.0324
ZNF493,7397,0.0324
ENSG00000222012,1785,0.0324
TMEM18-DT,4017,0.0324
ENSG00000234446,3696,0.0324
RPUSD2,6979,0.0324
ENSG00000223944,4236,0.0324
SLC51A,6981,0.0323
RAB17-DT,3734,0.0323
ENSG00000251229,4613,0.0323
ENSG00000273181,625,0.0323
USP6NL,7596,0.0323
MRPS27,7499,0.0323
SLC25A24P1,5426,0.0323
MTUS2-AS1,5964,0.0323
ARFGEF2,7639,0.0323
RN7SKP133,145,0.0323
YAE1-DT,3991,0.0323
ZYG11A,6747,0.0323
TNNC1,3188,0.0323
ENSG00000290914,5004,0.0323
ELAC1,6830,0.0323
STPG3-AS1,2180,0.0323
ARMC1,7550,0.0323
ENSG00000226329,6553,0.0323
ENSG00000257515,583,0.0323
NFE4,4167,0.0323
LINC00373,4530,0.0323
NBPF2P,4600,0.0323
SCAMP3,7477,0.0323
HSPE1-MOB4,7106,0.0323
RN7SKP45,348,0.0322
GALNT16,6934,0.0322
ENSG00000285724,2138,0.0322
TNR,5938,0.0322
LMAN2L,7442,0.0322
SLC22A5,7336,0.0322
ENSG00000235681,40,0.0322
ENSG00000200235,518,0.0322
ENSG00000251184,4342,0.0322
ENSG00000257829,2839,0.0322
ENSG00000258231,6010,0.0322
GLYATL1,4508,0.0322
TEX28P1,612,0.0322
ENSG00000273828,7080,0.0322
GTPBP8,7411,0.0322
ENSG00000272079,3615,0.0322
B4GALT1-AS1,4518,0.0322
SKIC8,7462,0.0322
NUP88,7549,0.0322
AKR1B15,3522,0.0322
ENSG00000256913,572,0.0322
HOXA10-AS,5899,0.0322
ENSG00000279778,545,0.0322
GAPVD1,7616,0.0322
GGTA2P,1596,0.0322
FAM230J,47,0.0321
ENSG00000274015,7268,0.0321
NUDT8,6530,0.0321
LRRC37A4P,7155,0.0321
ENSG00000275496,4140,0.0321
ENSG00000289525,374,0.0321
PRIM2BP,6758,0.0321
GUCY2GP,2616,0.0321
FAM86DP,6951,0.0321
NAV2-AS4,564,0.0321
BHMT,2298,0.0321
ENSG00000255835,6738,0.0321
RPL7L1P11,440,0.0321
SPDYE18,6114,0.0321
TEKT3,6062,0.0321
GAPDHP1,5010,0.0321
SLC25A35,6400,0.0321
ZNF572,4307,0.0321
ROCK1P1-1,6008,0.0321
CNTN2,3489,0.0321
GS1-600G8.3,2320,0.0321
ENSG00000226900,2242,0.0321
CYS1,5351,0.0321
CDC26,7305,0.0321
LINC02739,5521,0.0321
ENSG00000285590,351,0.0321
ENSG00000289881,1223,0.032
PRMT6,6426,0.032
ENSG00000229625,4853,0.032
EXOC3L2,5316,0.032
NOVA1,7318,0.032
SLC6A4,6042,0.032
ENSG00000289212,5232,0.032
ANO5,7112,0.032
MYOCD,5718,0.032
FAM66A,3716,0.032
WNT10B,5372,0.032
ENSG00000264825,5777,0.032
CENPIP1,1807,0.032
ENSG00000291234,5813,0.032
ENSG00000230863,6201,0.032
ENSG00000279748,2114,0.032
ENSG00000259306,4050,0.032
ENSG00000275180,6640,0.032
BTBD18,6189,0.032
PINLYP,6108,0.032
ENSG00000287497,146,0.0319
ENSG00000236772,4944,0.0319
ENSG00000275895,6895,0.0319
ENSG00000284735,4314,0.0319
SLCO1C1,6813,0.0319
ENSG00000287904,75,0.0319
HSPA5-DT,6453,0.0319
FNBP1P1,7218,0.0319
TIFA,7292,0.0319
MYG1,7322,0.0319
ZBTB49,7350,0.0319
NEURL2,6645,0.0319
ZMYND11,7556,0.0319
ENSG00000232347,5279,0.0319
LINC01203,5826,0.0319
SKOR1,6404,0.0319
GPR63,6979,0.0319
ENSG00000271420,1114,0.0319
ZNF8-DT,7344,0.0319
ENSG00000285652,136,0.0319
UBE2D3P1,1139,0.0319
ZNF667,5527,0.0319
INSYN2A,7187,0.0319
ENSG00000254578,476,0.0319
PIWIL2-DT,6671,0.0319
ENSG00000286369,6953,0.0319
TMEM170B,7037,0.0318
ICMT-DT,4370,0.0318
AXIN1,7526,0.0318
LINC00566,1514,0.0318
CSAG1,5289,0.0318
DPH1-AS1,6864,0.0318
CALM1P2,96,0.0318
PLPPR3,6361,0.0318
ENSG00000270096,5686,0.0318
ATP6V1G2,6867,0.0318
ZNF70P1,115,0.0318
ENSG00000289305,4793,0.0318
LINC01965,4753,0.0318
SLC35E3,7543,0.0318
FBXO43,6527,0.0318
RALA,7608,0.0318
LY6G5B,7151,0.0318
YDJC,7095,0.0318
EIF1AX,7524,0.0318
MADCAM1-AS1,6598,0.0318
BIN1,7394,0.0318
EPB41,7624,0.0318
C12orf29,7395,0.0318
ENSG00000229403,516,0.0318
ENSG00000232749,178,0.0318
CNTN4-AS1,573,0.0318
OSBPL7,7083,0.0318
ENSG00000287807,6210,0.0318
ENSG00000275665,6139,0.0318
ENSG00000233842,1000,0.0318
ENSG00000225200,6836,0.0318
ENSG00000290734,66,0.0317
LINC02004,4949,0.0317
ENSG00000273145,4823,0.0317
LINC02911,2665,0.0317
LINC02211,5660,0.0317
ENSG00000249174,6552,0.0317
EXOSC10-AS1,3091,0.0317
ENSG00000267529,34,0.0317
FOXD2,6174,0.0317
VWC2,4120,0.0317
ENSG00000290801,2940,0.0317
OLA1P1,5493,0.0317
ENSG00000285417,1299,0.0317
KCNV1,3436,0.0317
ENSG00000267939,6809,0.0317
ENSG00000290009,3073,0.0317
ALDH3A1,6217,0.0317
CFAP251,7483,0.0317
KDM4B,7621,0.0317
ENSG00000231856,5387,0.0317
CETP,4882,0.0317
SATB2-AS1,7023,0.0316
F11-AS1,6907,0.0316
RPL4P5,3504,0.0316
MFSD14CP,7457,0.0316
ITGA7,6992,0.0316
ENSG00000259711,5561,0.0316
DENND6B,7270,0.0316
HERPUD2-AS1,7051,0.0316
RNU6-1052P,442,0.0316
ENSG00000259250,5178,0.0316
ENSG00000268400,6173,0.0316
SPATA31D1,172,0.0316
CCDC38,5737,0.0316
TCTE1,6331,0.0316
HTRA1,7219,0.0316
PUS7L,7545,0.0316
ELMO2,7438,0.0316
DSG2-AS1,7124,0.0316
GPS1,7281,0.0316
ZNF778-DT,6483,0.0316
ENSG00000248443,134,0.0316
LINC01861,402,0.0316
ZNF807P,759,0.0316
WASHC4,7621,0.0316
CBLC,6706,0.0316
SLC30A5,7536,0.0316
NOTCH2NLB,7202,0.0316
BMAL2-AS1,7027,0.0316
ENSG00000261253,5961,0.0315
PLAAT4,6605,0.0315
PLEKHG6,6890,0.0315
ENSG00000248975,4520,0.0315
ENSG00000248736,758,0.0315
LINC02520,2320,0.0315
ENSG00000291037,2633,0.0315
C3P1-1,25,0.0315
SVBP,7275,0.0315
FCRL4,357,0.0315
BMS1P8,1144,0.0315
ENSG00000231769,3939,0.0315
LINC01206,2293,0.0315
ENSG00000290459,3913,0.0315
ENSG00000250039,6419,0.0315
PCDHA7,984,0.0315
FGR,2423,0.0315
ENSG00000215023,388,0.0315
GJC3,879,0.0315
ENSG00000267707,6625,0.0315
PRSS51,6009,0.0315
ENSG00000258847,2022,0.0315
ENSG00000267633,6544,0.0315
TGS1,7563,0.0315
LRRK2,6444,0.0315
LINC01153,689,0.0315
ENSG00000287516,3458,0.0315
FAF1,7641,0.0315
ENSG00000254701,2406,0.0315
CD300LG,547,0.0314
MSX1,7016,0.0314
TRPC5OS,3309,0.0314
LRRIQ4,4581,0.0314
IQCA1L,3844,0.0314
FAM192BP,6086,0.0314
ENSG00000231557,6075,0.0314
ANKFN1,7232,0.0314
PATL1,7589,0.0314
STMN2,2237,0.0314
FBXL19-AS1,7127,0.0314
TXLNGY,7112,0.0314
ENSG00000257489,6421,0.0314
MMP28,6272,0.0314
RTN4R,6731,0.0314
TNFRSF10A-AS1,3799,0.0314
SULT4A1,4628,0.0314
SNORD13P1,79,0.0314
HUNK,7243,0.0314
ENSG00000280281,918,0.0314
TMEM218,7276,0.0314
ENSG00000288998,5884,0.0314
MT-TR,141,0.0314
ENSG00000288057,191,0.0314
WDCP,7311,0.0313
ENSG00000289413,1037,0.0313
TAS2R20,6908,0.0313
ENSG00000272383,195,0.0313
SPSB2,7210,0.0313
ENSG00000286044,6992,0.0313
SUV39H2-DT,5967,0.0313
RAB42,3803,0.0313
ZFTRAF1,7244,0.0313
ENSG00000234273,2908,0.0313
MXRA5Y,155,0.0313
ETFRF1,7369,0.0313
FRS3,6915,0.0313
BPIFB4,1901,0.0313
ST8SIA5-DT,6883,0.0313
ENSG00000286387,2764,0.0313
TMEM102,5845,0.0313
ENSG00000289983,1420,0.0313
AMIGO1,4879,0.0313
ENSG00000236491,876,0.0313
ZNF516-DT,1882,0.0313
ENSG00000260693,1589,0.0313
ZNF542P-1,4826,0.0313
PRSS48,7052,0.0312
CDHR2,6933,0.0312
ENSG00000290149,4486,0.0312
ENSG00000255092,571,0.0312
TTC3P1,7186,0.0312
KIRREL2,3489,0.0312
FGG,5496,0.0312
ENSG00000261540,1581,0.0312
MGAT2,7314,0.0312
FBXO3,7469,0.0312
LINC00278,6298,0.0312
ALG8,7465,0.0312
CLCNKA,2249,0.0312
TET3,7589,0.0312
TCEAL1,7276,0.0312
ENSG00000229603,1823,0.0312
IL31RA,6680,0.0312
TMEM265,7355,0.0312
SLC6A14P1,818,0.0312
CCDC125,7452,0.0312
ENSG00000227627,7244,0.0312
LINC01076,2200,0.0312
ANKRD10,7641,0.0312
ANOS2P,5509,0.0312
ENSG00000287722,6056,0.0312
NDUFB4P12,139,0.0312
OR2M2,908,0.0312
ENSG00000286046,6531,0.0311
RFESD,7103,0.0311
CNTNAP5,7097,0.0311
ZBED9,6634,0.0311
LINC02280,3346,0.0311
NUBPL-DT,920,0.0311
MAP9-AS1,6340,0.0311
CD34,1764,0.0311
HEY1,6738,0.0311
PRKAR2A-AS1,4339,0.0311
TPTE2P4,6089,0.0311
ASB8,7409,0.0311
ZNF442,7149,0.0311
ANKRD18DP-1,1642,0.0311
ENSG00000286555,3838,0.0311
PRKCZ-AS1,4650,0.0311
ENSG00000263508,3493,0.0311
NEIL2,7198,0.0311
MYCN,4529,0.0311
FBXO47,3512,0.0311
KDSR-DT,6448,0.0311
SWT1,7507,0.0311
SLC37A2,6802,0.0311
CNTNAP4,6584,0.0311
LINC02292,2021,0.0311
RPS6KB2,7353,0.031
TMCO1,7580,0.031
RASSF3,7582,0.031
C10orf88B,7047,0.031
ABHD13,7370,0.031
CFAP126,4433,0.031
ABITRAM,7402,0.031
PYROXD1,7448,0.031
THYN1,7273,0.031
ATP6V1F,7374,0.031
EFNB3,5326,0.031
OCIAD1-AS1,6836,0.031
ENSG00000249456,7523,0.031
RIC1,7601,0.031
CENPBD1P,7123,0.031
ENSG00000286203,918,0.031
ENSG00000286225,3828,0.031
PCNX1,7636,0.031
ENSG00000264520,6456,0.031
NF1P6,773,0.031
PDC,3956,0.031
POLD1,7388,0.031
ENSG00000226238,941,0.031
MIEN1,7235,0.031
SAP30,7395,0.031
SUPT16HP1,4851,0.031
INTS6,7640,0.031
C9orf163,1809,0.031
ENSG00000287352,7225,0.031
ENSG00000273416,4167,0.031
PFN4,5019,0.0309
CLIC4P3,403,0.0309
ENSG00000259371,6638,0.0309
MRPL45P2,7400,0.0309
MRPL11,7338,0.0309
HSPD1P4,6781,0.0309
ENSG00000223881,166,0.0309
EIF4ENIF1,7445,0.0309
ABHD6,7331,0.0309
ENSG00000288954,304,0.0309
EFNA4,7129,0.0309
POLR1A,7483,0.0309
LINC02980,6782,0.0309
TFCP2L1,6870,0.0309
LRCOL1,4883,0.0309
DTD1-AS1,5554,0.0309
LINC02466,5937,0.0309
NDUFS3,7360,0.0309
SLC5A5,5155,0.0309
ENSG00000285779,6302,0.0309
LINC02699,4706,0.0309
NUP35,7474,0.0309
LNCBRM,3091,0.0309
GPR179,4337,0.0309
ZKSCAN2-DT,7323,0.0309
DCN,5572,0.0309
TMEM169,6171,0.0309
COL6A4P1-1,3048,0.0308
PLAAT1,6517,0.0308
LRRC74B,2307,0.0308
NOG,6814,0.0308
ENSG00000223400,1030,0.0308
FAM86JP,4481,0.0308
GCGR,2022,0.0308
FRAT2,6963,0.0308
ENSG00000264914,5179,0.0308
AKR1B10,6730,0.0308
LINC02541,6387,0.0308
ENSG00000202343,535,0.0308
U2AF1L4,7201,0.0308
PTPRC,5234,0.0308
ENSG00000227066,1699,0.0308
PDF,1407,0.0308
MRPS11,7368,0.0308
FNDC11,5760,0.0308
ENSG00000287307,3134,0.0308
ENSG00000289750,6971,0.0308
CYP2W1,2260,0.0308
ENSG00000242540,2459,0.0307
ENSG00000231927,506,0.0307
ENSG00000275880,4036,0.0307
METTL2B,7488,0.0307
ENSG00000227307,3443,0.0307
ENSG00000233656,3896,0.0307
TOPORSLP,562,0.0307
CTAGE4,1305,0.0307
STAC3,7123,0.0307
ENSG00000287424,4850,0.0307
LINC00500,170,0.0307
TDRD6,5285,0.0307
XIAP-AS1,3017,0.0307
ENSG00000228950,1448,0.0307
ENSG00000233987,2434,0.0307
EIF4E1B,633,0.0307
CCDC169-SOHLH2,2404,0.0307
SUMO4,7046,0.0306
ENSG00000231329,7000,0.0306
ENSG00000267149,5810,0.0306
COQ8B,7370,0.0306
ENSG00000278703,4770,0.0306
THOC5,7482,0.0306
RPL23AP53,7197,0.0306
ENSG00000268823,47,0.0306
ENSG00000277795,2807,0.0306
GALT,7260,0.0306
YTHDF3-DT,3635,0.0306
ENSG00000285728,7061,0.0306
CCDC134,7418,0.0306
ENSG00000267695,1281,0.0306
CBLL1-AS1,6104,0.0306
ENSG00000272202,1448,0.0306
ENSG00000286168,1964,0.0306
ECEL1P2-1,152,0.0306
SIRT7,7400,0.0306
PBX2P1,1265,0.0306
ENSG00000250122,564,0.0306
ENSG00000261822,5668,0.0306
CPSF1P1,3016,0.0306
ENSG00000228008,4224,0.0306
TFDP1P2,705,0.0306
GZMB,671,0.0306
PCAT7,7010,0.0306
PDPR2P,7331,0.0306
DRD4,6915,0.0306
UNC93B4,2214,0.0306
KLK8,3720,0.0306
CDH3-AS1,890,0.0306
MTRES1,7328,0.0306
HNRNPA1P40,357,0.0306
ATF6-DT,6823,0.0305
ENSG00000226605,6909,0.0305
RBM26-AS1,7110,0.0305
ENSG00000251250,60,0.0305
RSL1D1-DT,7461,0.0305
ENSG00000235047,264,0.0305
ENSG00000240996,2385,0.0305
LINC01547,4825,0.0305
ENSG00000273133,3177,0.0305
LINC02275,4251,0.0305
ENSG00000259181,760,0.0305
COMMD2,7428,0.0305
EEF1A1P38,135,0.0305
ENSG00000217060,491,0.0305
ENSG00000263321,2554,0.0305
C20orf173,3193,0.0305
ENSG00000283696,7282,0.0305
SLC47A1,7007,0.0305
FDPSP4,1756,0.0305
TEAD1,7641,0.0305
C3orf56,2854,0.0305
RASGRP4,4624,0.0305
ACD,7259,0.0304
ST8SIA6-AS1,6440,0.0304
GTF2I-AS1,7495,0.0304
PYGO1,7324,0.0304
SPINK1,6114,0.0304
PDCD6IP-DT,7316,0.0304
ABCB5,5517,0.0304
PRCC,7507,0.0304
ENSG00000286469,878,0.0304
SPATS1,3130,0.0304
BIN2,5276,0.0304
ENSG00000285805,100,0.0304
GTF2H2B,7275,0.0304
ATP5F1B,7602,0.0304
ZNF114-AS1,3927,0.0304
ENSG00000271218,3276,0.0304
SMAD2,7640,0.0304
PAXIP1-AS2,7315,0.0304
ENSG00000272088,1545,0.0304
AXDND1,7120,0.0304
ZNF232,7246,0.0304
ENSG00000257947,1742,0.0303
ZDHHC22,1447,0.0303
MED26,7562,0.0303
CNTN4,7021,0.0303
HMGB1P45,1458,0.0303
LINC02535,4423,0.0303
PPP1R37,7250,0.0303
ENSG00000248199,1145,0.0303
SYNGR4,3035,0.0303
RPS11P5,801,0.0303
ENSG00000272402,1248,0.0303
CCL16,516,0.0303
SLC35A1,7450,0.0303
SOS1,7637,0.0303
OR13C1P,134,0.0303
TSEN15,7386,0.0303
ENSG00000230612,7084,0.0303
JAKMIP3,7109,0.0303
ENSG00000286192,3669,0.0303
SLC22A24,2591,0.0303
LINC00943,3986,0.0303
ENSG00000258864,7144,0.0303
ENSG00000250604,5968,0.0303
MANEALP1,985,0.0303
ENSG00000263859,5505,0.0303
ENSG00000263863,57,0.0303
STARD8,7063,0.0303
AK3,7591,0.0303
ACAP1,6938,0.0303
ZSCAN16,6713,0.0303
ENSG00000236829,6962,0.0302
SERPINC1,4442,0.0302
ENSG00000261260,4163,0.0302
MBD3L3,1250,0.0302
NANOS1,5621,0.0302
DTX1,4493,0.0302
GAPDHP65,1687,0.0302
ZW10,7478,0.0302
ENSG00000271868,1277,0.0302
ENSG00000253295,4004,0.0302
TCF15,1195,0.0302
HSF2BP,7240,0.0302
ENSG00000279706,173,0.0302
ENSG00000260912,6799,0.0302
ENSG00000255442,1983,0.0302
SEZ6,5539,0.0302
DPM1,7584,0.0302
SLC5A1,5713,0.0302
LINC02616,6445,0.0302
GLRB,6726,0.0302
ENSG00000268173,7351,0.0301
CTBP1-AS,7098,0.0301
FAM86EP-1,4126,0.0301
LINC01038,194,0.0301
TTC9,7153,0.0301
MRPS17,6925,0.0301
KATNIP,7584,0.0301
SRRM2-AS1,6882,0.0301
ENSG00000233222,643,0.0301
ENSG00000289095,151,0.0301
RPS10-NUDT3,7275,0.0301
GPR89B,7492,0.0301
ENSG00000204368,21,0.0301
LINC02726,3758,0.0301
ZNF784,6651,0.0301
ENSG00000287723,333,0.0301
H2BC16P,49,0.0301
ENSG00000287553,3479,0.0301
PHKA2-AS1,3806,0.0301
DGCR2,7490,0.0301
ABCG2,6699,0.0301
ENSG00000275710,668,0.0301
ENSG00000285836,3975,0.0301
ENSG00000259087,3704,0.0301
CLCA4-AS1,6735,0.0301
KIAA2012,6746,0.0301
ENSG00000286174,2838,0.03
FAM76B,7497,0.03
SFT2D3,6927,0.03
MBTPS1-DT,3348,0.03
LINC01568,3747,0.03
ENSG00000275139,3092,0.03
RPL23P2,2705,0.03
PNKD,7456,0.03
TP53TG5,7094,0.03
ZNF852,7357,0.03
IBSP,490,0.03
RNF183,5468,0.03
RN7SL472P,683,0.03
TMEM205,7352,0.03
MKRN5P,6827,0.03
RPL5P34,6489,0.03
ENSG00000248101,437,0.03
ZNF674,7438,0.03
LINC01486,38,0.03
ASZ1,2103,0.03
HMGN2P4,4321,0.03
PANX2,6877,0.03
DEDD2,7451,0.0299
ZNF398,7450,0.0299
ENSG00000291094,5343,0.0299
CHM,7583,0.0299
PTCHD1,5782,0.0299
ENSG00000249409,327,0.0299
ENSG00000289985,7236,0.0299
SLC45A1,6619,0.0299
ENSG00000279631,1992,0.0299
ALPP,1515,0.0299
RBM22P5,143,0.0299
ENSG00000248318,6325,0.0299
ENSG00000289197,3403,0.0299
FZD1,6986,0.0299
REPIN1-AS1,4021,0.0299
DDX55P1,2229,0.0299
ZNF550,7338,0.0299
NOTCH4,5837,0.0299
ENSG00000257764,5740,0.0299
KLHL12,7488,0.0299
XIAPP1,1209,0.0299
AKIP1,7319,0.0298
ENSG00000261278,2202,0.0298
ENSG00000285559,299,0.0298
ALDH4A1,7096,0.0298
ENSG00000271978,6022,0.0298
ENSG00000272688,6518,0.0298
ZNF577,7334,0.0298
CT62,2909,0.0298
MIR4432HG,4276,0.0298
ENSG00000260337,2747,0.0298
ENSG00000286163,6760,0.0298
NFILZ,3747,0.0298
ENSG00000276814,4362,0.0298
PRAL,5490,0.0298
ENSG00000289788,7003,0.0298
ENSG00000271382,2175,0.0298
RAD21-AS1,4695,0.0298
ZNF626,6354,0.0298
COPS3,7553,0.0298
ZBTB20-AS5,7144,0.0298
GEMIN7,5832,0.0298
STK26,7447,0.0297
ENSG00000286033,6321,0.0297
LINC02645,3549,0.0297
AKAP13-AS1,7172,0.0297
LINC01068,6704,0.0297
PGDP1,133,0.0297
YBX1P5,182,0.0297
ENSG00000244055,7366,0.0297
DAND5,5336,0.0297
CUX1,7641,0.0297
ENSG00000230379,2838,0.0297
ENSG00000269068,2267,0.0297
TRPV4,6398,0.0297
FAM83C-AS1,470,0.0297
GPR84-AS1,7343,0.0297
KCNIP2-AS1,6823,0.0297
DNA2,7448,0.0297
ENSG00000286276,1519,0.0297
ENSG00000218586,4190,0.0297
ENSG00000268081,4513,0.0296
ENSG00000269274,572,0.0296
ENSG00000286991,55,0.0296
TM7SF2,7245,0.0296
RN7SL704P,60,0.0296
ENSG00000280077,7014,0.0296
FRG2DP,148,0.0296
ENSG00000283031,6958,0.0296
ENSG00000273026,6029,0.0296
ENSG00000259544,2732,0.0296
ENSG00000291051,6813,0.0296
FRG1DP,6488,0.0296
ATMIN,7448,0.0296
KLKP1-1,5983,0.0296
ENSG00000267168,6945,0.0296
ENSG00000260917,6750,0.0296
ROBO4,4917,0.0296
RPL7AP62,353,0.0295
LINC00160,1263,0.0295
NPAT,7536,0.0295
JPH3,6575,0.0295
CEP68,7373,0.0295
PMS2P11,1297,0.0295
NPEPPS,7630,0.0295
DSG3,6794,0.0295
TMEM249,4240,0.0295
MED15P9,480,0.0295
ENSG00000277301,1680,0.0295
PGAM1P5,6806,0.0295
ENSG00000287856,7375,0.0295
LINC01520,631,0.0295
LINC01335,35,0.0295
MXRA8,5854,0.0295
CPLX3,3327,0.0295
SLC38A4,6952,0.0295
DENND10P1,1066,0.0295
TMEM147,7329,0.0295
ENSG00000239922,2996,0.0295
ENSG00000256950,5892,0.0295
SLCO4C1,4041,0.0295
PPARGC1A,7173,0.0295
ENSG00000274565,1321,0.0295
ENSG00000285978,4494,0.0295
ARL17A,7401,0.0295
TSEN34,7345,0.0295
DHRS1,7273,0.0295
ENSG00000253100,6963,0.0295
CYP51A1P2,2926,0.0295
LINC01716,3366,0.0295
ENSG00000259359,1432,0.0295
BAALC-AS2,1721,0.0294
CGB7,3708,0.0294
LINC02990,5517,0.0294
ENSG00000254928,141,0.0294
ENSG00000286205,1999,0.0294
RAB9B,4739,0.0294
FAM90A1,3760,0.0294
ENSG00000291062,4482,0.0294
ENSG00000235522,3912,0.0294
HOXA9,6885,0.0294
LINC01385,321,0.0294
ENSG00000255201,6167,0.0294
PRR15,5655,0.0294
ZNF725P,1987,0.0294
ENSG00000249773,7124,0.0294
ENSG00000283265,2900,0.0294
CXCL17,6017,0.0294
ENSG00000260592,6687,0.0294
MIOS-DT,6475,0.0294
NUDT19-DT,5523,0.0293
ENSG00000269487,2034,0.0293
MYO3B-AS1,2736,0.0293
GPRIN3,7411,0.0293
RPS19BP1,7400,0.0293
ENSG00000261096,6654,0.0293
ENSG00000287814,4671,0.0293
KNDC1,7102,0.0293
ATCAY,6306,0.0293
RRBP1,7633,0.0293
BBOF1,7380,0.0293
WDTC1,7492,0.0293
EEF1A1P8,1821,0.0293
LINC02281,1285,0.0293
C2orf76,7375,0.0293
ANKRD20A2P,2563,0.0293
ENSG00000226332,5335,0.0293
ENSG00000268087,6897,0.0293
NDOR1,7327,0.0293
EEF1E1-BLOC1S5,5552,0.0293
PKD1L3,6891,0.0293
DENND4C,7641,0.0293
DOCK7,7624,0.0293
AKR1C4,1957,0.0293
B3GAT1-DT,4940,0.0293
SWSAP1,6611,0.0293
ARMCX5-GPRASP2-1,4946,0.0292
COQ5,7379,0.0292
RBBP4P4,80,0.0292
MFSD4B-DT,5312,0.0292
TFAP2D,1265,0.0292
ENSG00000291257,1437,0.0292
TMEM9B-AS1,7358,0.0292
LINC02256,6788,0.0292
UBE2D3,7641,0.0292
DBP,7247,0.0292
RNU5B-4P,27,0.0292
LINC01880,2974,0.0292
ATP6V1B1,2377,0.0292
PARS2,6853,0.0292
FAM178B,6005,0.0292
ENSG00000279328,4845,0.0292
TFCP2,7621,0.0292
P3R3URF-PIK3R3,5916,0.0292
RHPN2P1,4916,0.0292
PRADX,829,0.0292
NLRP9,5093,0.0292
ENSG00000282393,2785,0.0292
ENSG00000287956,277,0.0292
LINC02683,1413,0.0292
RAB9A,7511,0.0292
ZFP57,1923,0.0292
ACTR2,7630,0.0291
PIGM,7330,0.0291
ENSG00000289607,187,0.0291
KRT18P34,72,0.0291
MTATP8P1,6283,0.0291
CICP14,387,0.0291
TMSB10P1,358,0.0291
ENSG00000272918,6629,0.0291
EIF3J-DT,7325,0.0291
OR6A2,5250,0.0291
ENSG00000215861,6216,0.0291
RNY1,1560,0.0291
LINC00678,1613,0.0291
CENPNP2,2711,0.0291
PTPN11,7626,0.0291
MRPL16,7428,0.0291
FLJ12825,6603,0.0291
ZNF823,7322,0.0291
HAT1,7461,0.0291
OPA1-AS1,6616,0.0291
HDGFP1,1985,0.0291
COASY,7318,0.0291
LSP1,2844,0.0291
ENSG00000288024,956,0.0291
NPM1P2,2181,0.0291
RPS3AP6,5304,0.0291
ENSG00000277675,749,0.0291
PPIC,7358,0.0291
ANKRD20A11P,6155,0.0291
SNAPC2,7313,0.0291
BICRA-AS1,6267,0.029
ENSG00000264659,71,0.029
TMED10P2,661,0.029
VPS45,7521,0.029
ULK4P2,1317,0.029
ENSG00000235078,5511,0.029
ENSG00000253322,3969,0.029
DDX19A-DT,7195,0.029
PCAT5,1127,0.029
SNX18,7419,0.029
ENSG00000286423,4531,0.029
LIN7B,7232,0.029
ENSG00000270983,1086,0.029
ENSG00000234241,5951,0.029
CYP1D1P,459,0.029
NAA30,7489,0.029
PAIP1P2,5975,0.029
RGPD8,7293,0.029
ZC3H12D,6804,0.0289
CHCHD1,7348,0.0289
NSFP1,7246,0.0289
ENSG00000219410,6447,0.0289
ENSG00000278865,2072,0.0289
NUDT19P2,339,0.0289
ENSG00000267892,6962,0.0289
ENSG00000290164,1115,0.0289
ASB10,845,0.0289
ENSG00000267131,6877,0.0289
PDZD4,6458,0.0289
ADGRG5,5869,0.0289
ENSG00000263494,1305,0.0289
ADAMTS1,7239,0.0289
GON7,7127,0.0289
ENSG00000257639,2126,0.0289
GJB3,6229,0.0289
LMOD3,2651,0.0289
ENSG00000288162,35,0.0289
CYP4Z2P,1605,0.0288
ENSG00000270627,2571,0.0288
GPR183,6518,0.0288
ZKSCAN2,7297,0.0288
DPT,2904,0.0288
ENSG00000290778,2640,0.0288
TRIML2,6623,0.0288
UFM1,7620,0.0288
TMEM79,7232,0.0288
TP73,6926,0.0288
WASIR1,88,0.0288
LINC00895,195,0.0288
ENSG00000223831,2735,0.0288
ENSG00000290010,25,0.0288
TNFSF15,6544,0.0288
SVEP1,6804,0.0288
ENSG00000253400,1140,0.0288
FBXO2,6918,0.0288
MIR663AHG,4860,0.0288
LINC01040,282,0.0288
C3P1,3425,0.0288
TSSK4,2027,0.0288
ENSG00000236680,63,0.0288
HIP1,7612,0.0288
MORN3,6163,0.0288
ENSG00000285638,5959,0.0288
ENSG00000187185,5180,0.0288
TSSK6,6241,0.0288
VPS16,7367,0.0287
COL9A3,6982,0.0287
CEP97,7461,0.0287
ENSG00000287383,5898,0.0287
ENSG00000226764,4198,0.0287
ENSG00000284500,265,0.0287
UBOX5-AS1,7098,0.0287
LINC02104,905,0.0287
TNNT2,5737,0.0287
ENSG00000267342,2114,0.0287
DNAI2,4146,0.0287
ENSG00000267699,6985,0.0287
DES,1009,0.0287
NUDT13,7264,0.0287
UQCRC2,7614,0.0287
NBAS,7639,0.0287
WWC3,7463,0.0287
ENSG00000277117,4267,0.0286
ENSG00000223344,626,0.0286
ENSG00000272416,1254,0.0286
ENSG00000267919,3177,0.0286
ENSG00000289277,6284,0.0286
OSGEPL1,7319,0.0286
ENSG00000214265,7512,0.0286
LINC02258,423,0.0286
ENSG00000260364,7422,0.0286
NFIX,7582,0.0286
PGBD1,7389,0.0286
ENSG00000289077,1365,0.0286
TAGLN3,5468,0.0286
ENSG00000267439,5410,0.0286
ERICH6,6781,0.0286
ENSG00000284627,213,0.0286
RALYL,7062,0.0286
ENSG00000214248,5960,0.0286
MAFIP,7548,0.0286
ENSG00000224610,3615,0.0286
IL6,7411,0.0285
MYOT,4597,0.0285
ENSG00000286577,6702,0.0285
ENSG00000286512,6294,0.0285
CTNS,7388,0.0285
MTCO1P53,1361,0.0285
IDH1-AS1,3333,0.0285
ENSG00000271119,5539,0.0285
VCX,487,0.0285
PGBD5,6986,0.0285
CBLIF,2536,0.0285
ENSG00000291163,54,0.0285
ENSG00000287552,4870,0.0285
CFAP73,3324,0.0285
A1BG,6995,0.0285
ENSG00000256947,6689,0.0285
C1orf131,7369,0.0285
ENSG00000267723,5921,0.0285
MYL6B-AS1,6989,0.0285
LINC01703,6264,0.0285
SLC25A11,7354,0.0285
ENSG00000285736,5982,0.0285
EIF4G3,7641,0.0285
CHMP1A,7424,0.0285
RNU6-869P,97,0.0285
S1PR3,6310,0.0285
CCDC197,1021,0.0285
C5orf34-AS1,3741,0.0285
ENSG00000287490,6031,0.0285
SMARCE1P6,4897,0.0285
LINC01531,1775,0.0285
ENSG00000285201,398,0.0285
ENSG00000279924,1577,0.0285
ENSG00000270038,761,0.0284
PDRG1,7398,0.0284
ENSG00000283913,5113,0.0284
PHLPP1,7622,0.0284
ENSG00000283839,1642,0.0284
ENSG00000260145,2116,0.0284
UFD1,7523,0.0284
ABHD11,7177,0.0284
USP7,7599,0.0284
ENSG00000278408,3254,0.0284
ENSG00000253577,5389,0.0284
DHH,6103,0.0284
OR1M1,72,0.0284
ENSG00000280433,6673,0.0284
VPS4B,7600,0.0284
ENSG00000259564,7341,0.0284
ENSG00000287515,849,0.0284
ENSG00000279525,1253,0.0284
FCN3,3097,0.0284
SMU1,7527,0.0284
MRPL44,7398,0.0284
LINC01311,5352,0.0284
HOXA11-AS,5631,0.0284
CD4,4868,0.0284
MYLK-AS2,1270,0.0284
NOP10,7402,0.0284
ENSG00000267277,6536,0.0284
RPS18P13,273,0.0284
ENSG00000277969,5902,0.0284
TLK2,7626,0.0283
MTLN,6837,0.0283
ZNG1DP,6497,0.0283
ENSG00000289487,3742,0.0283
FCAR,1823,0.0283
ENSG00000283341,6330,0.0283
ANGPTL6,5136,0.0283
PKP1,5759,0.0283
NR2C2AP,7148,0.0283
GGT5,3638,0.0283
PLA2G12B,7079,0.0283
MORF4L1P4,315,0.0283
ARMCX2,5509,0.0283
TRMT10A,7222,0.0283
ENSG00000250838,3272,0.0283
Metazoa_SRP-155,1643,0.0283
ENSG00000243305,7120,0.0283
ENSG00000256789,6184,0.0283
ENSG00000225811,4425,0.0283
KBTBD12,5702,0.0283
ENSG00000272851,4469,0.0283
ENSG00000286404,4401,0.0283
ENSG00000289406,3764,0.0283
ENSG00000230699,6312,0.0283
ENSG00000268015,6438,0.0283
C7,4083,0.0283
ENSG00000270437,3420,0.0283
ATF4P4,2699,0.0283
LCAL1,463,0.0283
FAM13C,6430,0.0282
BSPRY,6709,0.0282
C19orf18,6461,0.0282
SPAAR,3894,0.0282
ENSG00000271971,6738,0.0282
ENSG00000269604,5862,0.0282
ENSG00000267130,1505,0.0282
MYO7B,6839,0.0282
ENSG00000288096,6209,0.0282
ENSG00000249776,7076,0.0282
ENSG00000258185,53,0.0282
GABRA2,6312,0.0282
ENSG00000233417,1988,0.0282
BMS1P1,7234,0.0282
RILP,6534,0.0282
LINC01659,5672,0.0282
OLA1P2,1697,0.0282
LINC03049,3543,0.0282
ENSG00000283312,4878,0.0282
ENSG00000286959,4258,0.0282
ZNF594,7257,0.0282
FAM242C,4877,0.0282
SNX22,6909,0.0282
ENSG00000287759,5594,0.0282
ENSG00000290964,2298,0.0282
ZNF300,6398,0.0282
STOM,7431,0.0281
ENSG00000289371,834,0.0281
ENSG00000236098,5027,0.0281
ENSG00000283273,411,0.0281
ENSG00000272265,225,0.0281
ZNF197,7444,0.0281
ENSG00000279259,2503,0.0281
CHST9,6465,0.0281
ENSG00000267055,5712,0.0281
ZKSCAN7-AS1,7316,0.0281
ADAP2,7107,0.0281
ENSG00000276384,818,0.0281
MATN3,6564,0.0281
U2AF2,7510,0.0281
CNPY2-AS1,7130,0.0281
LINC01128,7404,0.0281
LINC02908,2464,0.0281
P2RX5-TAX1BP3,4071,0.0281
ENSG00000259648,4608,0.0281
RPF1,7443,0.0281
DNAAF4-CCPG1,1550,0.0281
PLIN1,6437,0.0281
FEM1A,7339,0.0281
MT1B,777,0.028
ENSG00000287806,1862,0.028
GGTLC1,163,0.028
PMS2P6,3164,0.028
CBX1P2,86,0.028
GPR84-AS1-1,4328,0.028
DUXAP9,7437,0.028
ENSG00000257431,95,0.028
ENSG00000224919,659,0.028
RXRG,1657,0.028
ENSG00000276651,3546,0.028
PTCRA,2643,0.028
ENSG00000243818,861,0.028
ENSG00000229976,3797,0.028
PCDH9-AS3,554,0.028
AGR3,5678,0.028
ENSG00000260999,5741,0.028
TXNDC9,7443,0.028
TYK2,7487,0.028
LINC01109,390,0.028
ENSG00000277128,5468,0.028
ENSG00000281849,5933,0.028
PSME2P2,595,0.028
IGHMBP2,7377,0.028
GK-AS1,5809,0.028
ENSG00000289110,1903,0.0279
ABALON,5527,0.0279
CCDC144CP,7288,0.0279
ENSG00000289188,5612,0.0279
ENSG00000290645,1252,0.0279
ENSG00000290958,483,0.0279
SPATA2,7326,0.0279
PRR5-ARHGAP8,6928,0.0279
RNU6-531P,4838,0.0279
HIPK4,5947,0.0279
GBGT1,2525,0.0279
ENSG00000280232,1210,0.0279
ENSG00000255516,665,0.0279
HSPA1L,6405,0.0279
ENSG00000289879,3915,0.0279
ENSG00000290035,1745,0.0279
ENSG00000255871,3341,0.0279
ENSG00000258631,5621,0.0279
GPR176-DT,2439,0.0279
ENSG00000203334,762,0.0279
LINC01115,1456,0.0278
ENSG00000258346,3121,0.0278
PSMC1P1,5873,0.0278
RAD51C,7336,0.0278
COA5,7357,0.0278
SERPINE3,6635,0.0278
HSPB2-C11orf52,565,0.0278
C3orf80,2038,0.0278
ENSG00000289857,685,0.0278
ZNF432,7558,0.0278
CRTC3-AS1,7307,0.0278
ENSG00000241057,652,0.0278
ENSG00000272217,3615,0.0278
SPANXN1,948,0.0278
GDAP2,7539,0.0278
PIGP,7342,0.0278
HSP90AA3P,5738,0.0278
CC2D1A,7467,0.0278
OIP5,7332,0.0278
RHOG2P,641,0.0278
BTBD7P1,1225,0.0278
UQCRFS1-DT,2462,0.0277
C1QL1,6395,0.0277
ENSG00000279068,4281,0.0277
ENSG00000283480,6845,0.0277
NDUFAF2P1,4894,0.0277
MTHFD2P1,3198,0.0277
FAM47E-STBD1,4145,0.0277
PANX1,7418,0.0277
PDE4B-AS1,935,0.0277
ENSG00000291039,759,0.0277
APOBEC4,503,0.0277
RENO1,7038,0.0277
TSPYL5,4778,0.0277
ENSG00000277007,6974,0.0277
DLL3,6765,0.0277
ENSG00000287269,6719,0.0277
ENSG00000257732,6690,0.0277
ENSG00000288696,2130,0.0277
ENSG00000255730,6886,0.0277
ENSG00000265136,2208,0.0277
SINHCAFP2,3264,0.0277
ENSG00000206028,3249,0.0277
EPB41L3,7512,0.0277
MADCAM1,6030,0.0277
CCDC163,6539,0.0276
ENSG00000267379,6458,0.0276
HMGXB3,7529,0.0276
Y_RNA-581,1634,0.0276
ENSG00000290165,1752,0.0276
KLHL35,6537,0.0276
ENSG00000272555,2201,0.0276
RAI1-AS1,6213,0.0276
ENSG00000285095,5939,0.0276
FNDC5,5228,0.0276
ARG1,6221,0.0276
ENSG00000288732,431,0.0276
ENSG00000280339,3648,0.0276
CNTD1,6995,0.0276
ENSG00000263369,5397,0.0276
LINC01830,2662,0.0276
PCF11,7609,0.0276
CDH13-AS2,5246,0.0276
DPP10-AS1,2980,0.0276
ENSG00000231317,5757,0.0276
NEK5,7066,0.0276
SYT4,4912,0.0276
NUDT14,7165,0.0276
SPRR2B,135,0.0276
LINC02293,2981,0.0276
PIH1D1,7406,0.0276
NAT16,4250,0.0275
LINC02136,5740,0.0275
ENSG00000254367,6082,0.0275
ENSG00000257258,3321,0.0275
EGFLAM-AS2,84,0.0275
TAF12-DT,5499,0.0275
LBX2,6085,0.0275
ENSG00000279817,2596,0.0275
RPL7AP30,662,0.0275
RPL7AP6,1760,0.0275
ZSCAN5A,7494,0.0275
ENSG00000251361,5095,0.0275
DIO1,5752,0.0275
LINC02326,6504,0.0275
LUNAR1,4637,0.0275
ENSG00000257548,5036,0.0275
RNF2,7473,0.0275
COPS7B,7369,0.0275
LINC01944,1111,0.0275
TCTA,7300,0.0275
TACR1,6718,0.0274
RNU6-850P,4310,0.0274
LINC01412,2015,0.0274
CELA2B,5484,0.0274
MAT1A,2987,0.0274
CYP4A22,359,0.0274
WDR86-AS1,481,0.0274
SIGLEC10-AS1,2213,0.0274
LINC01979,5799,0.0274
CPT1A,7492,0.0274
LINC02647,584,0.0274
CNDP1,5925,0.0274
ENSG00000253331,2462,0.0274
CSTF2T,7212,0.0274
ENSG00000284057,6943,0.0274
EDDM13,6949,0.0274
TMEM91,7492,0.0274
ZNF497-AS1,5623,0.0274
LINC02860,1949,0.0274
ENSG00000250777,1505,0.0274
ENSG00000279267,4054,0.0274
BVES-AS1,6253,0.0274
ENSG00000286231,5272,0.0274
BCLAF1P2,4520,0.0273
RTL10,7383,0.0273
PAICSP4,1786,0.0273
TEX28P3,930,0.0273
ENSG00000270324,35,0.0273
ENSG00000287659,102,0.0273
BBLN,7264,0.0273
CLIC4P1,1935,0.0273
ENSG00000286689,2733,0.0273
CRHR2,3221,0.0273
CHCHD10,7360,0.0273
IZUMO4,6434,0.0273
ENSG00000287963,5725,0.0273
ENSG00000287985,3008,0.0273
TMEM121,4494,0.0273
ENSG00000249753,6362,0.0273
Y_RNA-343,180,0.0273
SLITRK1,1674,0.0273
ENSG00000286622,6163,0.0272
RAB33B,7394,0.0272
LINC01058,2752,0.0272
ENSG00000287321,626,0.0272
NRAP,2886,0.0272
ENSG00000244733,6092,0.0272
IPPK,7474,0.0272
USP8P1,2701,0.0272
GTF2A2,7575,0.0272
RASA4B,7228,0.0272
SEC23B,7588,0.0272
MMP11,5850,0.0272
ZNF512,7491,0.0272
EOLA1,6970,0.0272
RAET1K-1,3225,0.0272
ENSG00000256538,6997,0.0272
ENSG00000287246,455,0.0272
RGL3,7446,0.0272
GSTM5,6100,0.0272
ENSG00000290057,6292,0.0272
CREG1,7472,0.0272
OMD,5318,0.0272
ENSG00000289757,6625,0.0272
ENSG00000280176,1330,0.0272
LINC02767,940,0.0271
ENSG00000258162,4954,0.0271
VNN2,3526,0.0271
NECTIN4,7068,0.0271
ENSG00000289075,1140,0.0271
WDR38,264,0.0271
POTEJ,2204,0.0271
TMEM100,2958,0.0271
ENSG00000290995,5753,0.0271
ENSG00000226163,318,0.0271
LIN52,7486,0.0271
ENSG00000265751,6451,0.0271
ENSG00000229242,95,0.0271
NPEPPSP1,7223,0.0271
N4BP2L2,7639,0.0271
MRPL36,7283,0.0271
NUDT11,4881,0.0271
PEX11B,7338,0.0271
ENSG00000236064,6480,0.0271
ECT2L,7294,0.0271
PCK1,6100,0.0271
ENSG00000222031,2672,0.0271
POP7,7303,0.027
LINC00665,7080,0.027
ZNF684,7276,0.027
ENSG00000249863,6656,0.027
ENSG00000249609,1238,0.027
SPACA7,2713,0.027
CBL,7627,0.027
DNAJC9-AS1,5818,0.027
OSGEPL1-AS1,5730,0.027
METTL7B,4585,0.027
SNHG32,7508,0.027
MANBA,7555,0.027
ERVMER34-1,5453,0.027
CYP7B1,5101,0.027
TMPRSS15,7010,0.027
LINC01562,5503,0.027
ENSG00000254277,1369,0.027
ENSG00000253398,3197,0.0269
ZNF45-AS1,6999,0.0269
HAGH,7371,0.0269
HEBP1,7361,0.0269
HEATR5A-DT,6607,0.0269
NBPF21P,1886,0.0269
ENSG00000273711,6585,0.0269
ENSG00000248428,2260,0.0269
EIF4A2P4,4181,0.0269
MAK16,7370,0.0269
ENSG00000254248,5078,0.0269
LINC01516,2685,0.0269
KCNC2,3432,0.0269
ENSG00000261071,2369,0.0269
SELENOO-AS1,3247,0.0269
ENSG00000287616,6110,0.0269
DESI1,7369,0.0269
ARHGEF39,7113,0.0268
GLRX2,7306,0.0268
UTS2,4090,0.0268
ABHD16A,7381,0.0268
SYNE4,6010,0.0268
TPTEP1-1,6729,0.0268
ALG13,7623,0.0268
PSTK,7348,0.0268
ENSG00000268112,4884,0.0268
GCG,4216,0.0268
ENSG00000278842,6311,0.0268
MPPED1,2568,0.0268
ENSG00000251548,128,0.0268
B3GALT2,6377,0.0268
NSUN2,7621,0.0268
ENSG00000262039,6832,0.0268
PSMC1P5,1175,0.0268
ENSG00000267571,7036,0.0268
ENSG00000268650,6380,0.0268
XKR9,7296,0.0268
PCDHB2,5722,0.0268
TTC9B,2377,0.0268
STARD5,6835,0.0268
GPR37,5317,0.0267
ENSG00000285600,3912,0.0267
HMGB1P50,607,0.0267
ENSG00000285966,6572,0.0267
SYT5,6350,0.0267
ENSG00000281955,93,0.0267
ENSG00000287901,230,0.0267
KLC1-AS1,6468,0.0267
LDHBP2,151,0.0267
PDGFRL,7073,0.0267
ENSG00000290947,4608,0.0267
ENSG00000280114,6639,0.0267
LINC02610,799,0.0267
CALHM4,2248,0.0267
TACR2,4914,0.0267
ENSG00000285572,6930,0.0267
ENSG00000290074,3559,0.0267
RPL17P50,6917,0.0267
HYAL3,7040,0.0267
BPGM,7375,0.0267
CPSF6,7625,0.0267
UBE2V1P12,349,0.0267
ENTREP1,6738,0.0267
ENSG00000287088,1943,0.0267
ENSG00000271579,581,0.0267
C1QTNF12,6184,0.0267
ENSG00000260645,5281,0.0267
ENSG00000230649,6917,0.0267
ENSG00000236796,6710,0.0266
ENSG00000234698,3357,0.0266
MYL6B,7381,0.0266
ENSG00000238129,1697,0.0266
ENSG00000245008,3695,0.0266
NDUFA6-DT,7334,0.0266
OR2J1,404,0.0266
ENSG00000226877,5058,0.0266
ENSG00000279048,2972,0.0266
SRCIN1,7308,0.0266
SHARPIN,7376,0.0266
PRR15-DT,6963,0.0266
ENSG00000233138,5925,0.0266
LINC02126,1839,0.0266
GATA6-AS1,4494,0.0266
CHRM2,6336,0.0266
ENSG00000289923,828,0.0266
PRRX1,7234,0.0266
SOSTDC1,3882,0.0266
ENSG00000287931,1831,0.0266
MYOD1,459,0.0266
MRPL57,7335,0.0266
ENSG00000286330,2591,0.0266
ACVR2B-AS1,3944,0.0266
KBTBD4,7310,0.0266
SAT2,7341,0.0265
SPRTN,7342,0.0265
MYB-AS1,32,0.0265
ENSG00000258653,7237,0.0265
ENSG00000267314,5462,0.0265
TMEM119,2066,0.0265
ENSG00000242329,38,0.0265
CORO6,5630,0.0265
RAPGEF4-AS1,5895,0.0265
SPTB,6980,0.0265
TFAP2E,7250,0.0265
PTPN2,7618,0.0265
LINC01849,300,0.0265
FANCD2OS,6775,0.0265
GNRHR,6177,0.0265
SPATA1,7244,0.0265
ENSG00000260926,4896,0.0265
ENSG00000285699,2767,0.0265
XPC-AS1,6987,0.0265
EIF3L,7569,0.0265
C15orf32,1326,0.0265
MAGEC1,2361,0.0265
IZUMO1,4757,0.0265
ENSG00000289121,6787,0.0265
LINC00924,4090,0.0264
ATPAF2,7430,0.0264
CEP192-DT,6702,0.0264
MFSD2B,7269,0.0264
ENSG00000259709,5982,0.0264
ALS2CL,7158,0.0264
ENSG00000231724,3868,0.0264
ENSG00000261357,3544,0.0264
KBTBD11-OT1-1,6817,0.0264
ENSG00000260136,6730,0.0264
ENSG00000285971,2709,0.0264
RAD54L2,7528,0.0264
CSTF2,7348,0.0264
SIPA1L1,7640,0.0264
LHX6,5788,0.0264
ENSG00000264548,1405,0.0264
ENSG00000255476,7275,0.0264
ENSG00000228084,3932,0.0264
MHENCR,6927,0.0264
ARMC7,7255,0.0264
TRPC7,4574,0.0264
LINC02868,616,0.0264
ENSG00000290326,2059,0.0264
G2E3-AS1,7079,0.0264
PTPN20,4229,0.0264
ENSG00000267793,1185,0.0264
TNFRSF10A,7474,0.0264
AVEN,7445,0.0264
ENSG00000289453,366,0.0264
USP9YP34,343,0.0264
ENSG00000236065,7274,0.0263
ENSG00000285807,1346,0.0263
HMGB1P37,2711,0.0263
FUT9,6171,0.0263
TFAP2B,512,0.0263
ENSG00000267601,3238,0.0263
ENSG00000223563,3050,0.0263
RETREG1-AS1,6940,0.0263
CRELD1,7365,0.0263
YRDC,7373,0.0263
ENSG00000256314,592,0.0263
FUNDC2P4,204,0.0263
KCNH5,7011,0.0263
CCDC40,7320,0.0263
AQP10,327,0.0263
ENSG00000226622,5787,0.0263
ENSG00000267073,2935,0.0263
CSNK1A1P1,5704,0.0263
PDYN-AS1,2310,0.0263
A1CF,6248,0.0263
KIF9,7320,0.0263
ENSG00000288010,651,0.0263
METTL27,6987,0.0263
EIF2B5-DT,1868,0.0262
ENSG00000286422,965,0.0262
SLC19A3,5300,0.0262
MYOM2,5844,0.0262
ENSG00000285338,795,0.0262
MFSD1P1,2183,0.0262
VPS9D1-AS1,6495,0.0262
USPL1,7598,0.0262
ENSG00000267984,5479,0.0262
HERC2P4,3924,0.0262
ENSG00000233235,1183,0.0262
ENSG00000259113,6777,0.0262
ZMYND12,5276,0.0262
MOGAT2,808,0.0262
ENSG00000287839,3987,0.0262
NPM1P10,574,0.0262
ZNF773,7123,0.0262
LINC01714,5251,0.0262
ENSG00000230733,5182,0.0262
TMEM64,7393,0.0262
NRL,7058,0.0262
SCAMP4,7412,0.0262
PNMT,3867,0.0262
ENSG00000270050,6891,0.0262
CAPS2-AS1,3788,0.0262
PRSS23-AS1,7169,0.0262
PCDH19,6022,0.0262
RXRB,7387,0.0262
ENSG00000232751,48,0.0262
ENSG00000291264,856,0.0262
GTF2IRD2P1,6081,0.0262
ENSG00000290931,7380,0.0261
ZNF619,6793,0.0261
ENSG00000286642,3623,0.0261
INTU,7446,0.0261
DIP2B,7633,0.0261
SP3,7636,0.0261
ENSG00000258983,6253,0.0261
SUGT1,7600,0.0261
ZNF527,7237,0.0261
ARL10,7340,0.0261
RARA-AS1,5062,0.0261
ENSG00000269915,6711,0.0261
RPL23AP57,204,0.0261
ESRRAP2,6048,0.0261
MSANTD3-TMEFF1,7332,0.0261
ENSG00000224785,288,0.0261
CCDC110,6666,0.0261
ENSG00000291216,2542,0.0261
FAM3B,6526,0.0261
ENSG00000284602,6565,0.0261
NKX2-5,3540,0.0261
ENSG00000237761,1497,0.0261
RPL21P7,5297,0.0261
CDK2,7352,0.026
ENSG00000280064,6749,0.026
ENSG00000284934,2160,0.026
FAIM,7297,0.026
ENSG00000287202,6905,0.026
FGA,5736,0.026
TRIM35,7330,0.026
ZNF710-AS1,7154,0.026
ENSG00000270764,317,0.026
ENSG00000272027,420,0.026
IBA57,7367,0.026
NEXMIF,6966,0.026
ENSG00000271949,6278,0.026
AEBP1,5532,0.026
GASK1A,5879,0.026
ENSG00000270099,6547,0.026
SOD1-DT,4430,0.026
ENSG00000248884,1380,0.026
ENSG00000231297,1389,0.026
RPL23AP7,6733,0.026
ENSG00000244310,1842,0.0259
ARF5,7390,0.0259
MYO1C,7549,0.0259
CCL3,2956,0.0259
ZNF468,7260,0.0259
IFT22,7360,0.0259
ENSG00000248490,3168,0.0259
SLC31A2,7061,0.0259
PTMAP2,6714,0.0259
CCDC190,5720,0.0259
TLE1-DT,6775,0.0259
MAGED1,7550,0.0259
TEX15,6499,0.0259
RNU6-892P,4865,0.0259
ADAM20P1-1,5973,0.0259
ENSG00000285565,6959,0.0259
ENSG00000286615,2252,0.0259
ENSG00000291079,7087,0.0259
DNAAF8,6607,0.0259
ENSG00000261505,6045,0.0258
ENSG00000288957,5547,0.0258
TOMM70,7577,0.0258
CDK13-DT,4656,0.0258
ANKRD65,1506,0.0258
KCNC1,6942,0.0258
GSK3A,7371,0.0258
SCML4,5177,0.0258
KBTBD7,7203,0.0258
PPM1J,5864,0.0258
MID2,7386,0.0258
ZNHIT2,6094,0.0258
LINC02269,6393,0.0258
DNAAF3-AS1,5252,0.0258
NKPD1,5755,0.0258
ENSG00000236572,960,0.0258
MRPS25,7501,0.0258
RNU6-912P,3345,0.0258
SOX2,6718,0.0258
NFE2L3P1,697,0.0258
SERPINB11,6114,0.0258
STX10,7371,0.0258
ENSG00000255595,5871,0.0258
LINC01012,6455,0.0258
SMG8,7309,0.0257
LINC02465,5347,0.0257
ENSG00000291048,3400,0.0257
TJAP1,7504,0.0257
ENSG00000266601,4385,0.0257
ENSG00000263990,7048,0.0257
SDAD1-AS1,5611,0.0257
VWDE,7403,0.0257
TBC1D1,7566,0.0257
ENSG00000285681,5057,0.0257
FMO2,848,0.0257
ENSG00000287193,5103,0.0257
ANKRD30A,5257,0.0257
SLC16A1-AS1,7514,0.0257
HMGXB4,7529,0.0257
LINC03043,2216,0.0257
MKRN6P,5552,0.0257
EPGN,6725,0.0257
KMT5C,7362,0.0257
SHROOM1,7120,0.0257
FOXA2,6964,0.0257
TRABD-AS1,3144,0.0256
DENND1C,5492,0.0256
TCAM1P,4416,0.0256
DCTN4,7615,0.0256
CPZ,3449,0.0256
CNIH3-AS2,3047,0.0256
ENSG00000267077,1377,0.0256
ENSG00000224888,5412,0.0256
LINC00638,2743,0.0256
ENSG00000289512,1558,0.0256
UPK1A-AS1,6232,0.0256
COA1,7633,0.0256
RPSAP8,328,0.0256
HMGB3P31,31,0.0256
ENSG00000291113,7210,0.0256
YPEL3,7008,0.0256
ENSG00000230483,3166,0.0256
LINC00620,4117,0.0256
BPY2DP,152,0.0255
SLC25A30,7350,0.0255
NPEPPSP1-1,6778,0.0255
ENSG00000255233,75,0.0255
SLFN11,7239,0.0255
SPACA9,6934,0.0255
ARHGEF11,7592,0.0255
ENSG00000250909,6819,0.0255
KISS1R,3765,0.0255
ENSG00000249153,183,0.0255
RWDD2A,7264,0.0255
ENSG00000289330,26,0.0255
EP300,7640,0.0255
SFTPA2,2693,0.0255
OSBPL3,7631,0.0255
NEUROG2-AS1,5498,0.0255
CEACAM4,930,0.0255
ZNF189,7397,0.0255
TERF1,7494,0.0255
TAS2R1,5886,0.0255
LINC00200,4882,0.0255
RASGRP2,6218,0.0255
XPNPEP1,7535,0.0255
ENSG00000254246,1128,0.0255
ENSG00000287644,4850,0.0255
MYADML2,1647,0.0255
ENSG00000290841,1214,0.0255
ENSG00000286492,4855,0.0254
LINC01492,6234,0.0254
ENSG00000287081,128,0.0254
VSTM1,3577,0.0254
DIP2C-AS1,6576,0.0254
ENSG00000237861,505,0.0254
ENSG00000290097,170,0.0254
RPP21,7316,0.0254
POLR2J,7359,0.0254
GLIPR2,7060,0.0254
IL9R,3107,0.0254
RANBP3-DT,6839,0.0254
PSG9,5664,0.0254
LRRC52,178,0.0254
ANTXRL,651,0.0254
TMEM52B,5340,0.0254
DNAH9,6729,0.0254
ENSG00000228830,6921,0.0254
RPL7AP45,1398,0.0254
ENSG00000289637,354,0.0254
ENSG00000254143,2169,0.0254
GLRA1,6606,0.0254
HYLS1,7025,0.0254
MTDHP2,29,0.0254
PRDM7,4527,0.0254
NLGN4X,6946,0.0253
ACOT2,7221,0.0253
SLC26A3,3960,0.0253
ENSG00000226578,4442,0.0253
ZSWIM2,548,0.0253
WWP1P1,321,0.0253
HOXA7,5978,0.0253
GGCTP1,4653,0.0253
FAUP4,2304,0.0253
FAM209B,5789,0.0253
ENSG00000259202,6700,0.0253
ENSG00000261823,1988,0.0253
STAU2,7637,0.0253
ENSG00000272542,2020,0.0253
LAIR2,2456,0.0253
LINC01098,7170,0.0253
LINC01622,6632,0.0253
THAP5P1,1194,0.0253
ENSG00000219329,2112,0.0253
LINC02538,1896,0.0253
ENSG00000288563,6257,0.0253
ENSG00000267629,261,0.0253
SLFN14,1259,0.0253
ENSG00000248954,6571,0.0253
CD109-AS1,3596,0.0253
ENSG00000279091,1244,0.0253
ENSG00000254391,1186,0.0253
LINC01891,3428,0.0253
ENSG00000289494,6009,0.0253
ADAL,7366,0.0253
ENSG00000231104,6831,0.0253
SUNO1,1149,0.0253
AGK,7497,0.0253
ZNF607,7235,0.0253
POU2AF3,4661,0.0253
ENSG00000272483,1236,0.0252
HNRNPA1P36,932,0.0252
B4GALNT3,7505,0.0252
NKAIN1,6850,0.0252
ENSG00000235070,3996,0.0252
OGN,6161,0.0252
ZNF689,7268,0.0252
ENSG00000259802,6838,0.0252
ENSG00000250669,108,0.0252
ENSG00000278464,1566,0.0252
ENSG00000274292,6866,0.0252
IQCA1,6364,0.0252
GOLGA6EP,1276,0.0252
ENSG00000233223,5802,0.0252
ENSG00000287005,1870,0.0252
ENSG00000288785,6199,0.0252
SNAPIN,7287,0.0252
ENSG00000241782,2092,0.0252
ANKRD9,6989,0.0252
ENSG00000289530,6386,0.0252
ENSG00000253180,5600,0.0252
FMR1-AS1,3116,0.0252
IUR1,805,0.0252
ENSG00000258698,5201,0.0251
KCTD13,7438,0.0251
XCL2,207,0.0251
ENSG00000283285,80,0.0251
ENSG00000287387,5513,0.0251
CPMER,3316,0.0251
ENSG00000235421,3492,0.0251
GLIPR1L1,6300,0.0251
GDI2P2,637,0.0251
CCDC62,7309,0.0251
ENSG00000286328,4989,0.0251
ENSG00000289178,2993,0.0251
OR7E14P,2451,0.0251
RNF38,7623,0.0251
ENSG00000256632,6517,0.0251
ENSG00000289320,1692,0.0251
ENSG00000272791,3587,0.0251
PCSK1N,5171,0.0251
WHAMMP3,7089,0.0251
PAGE5,2364,0.0251
SHCBP1L,4512,0.0251
ENSG00000258081,7396,0.0251
ASB15,4356,0.025
TMEM198,6470,0.025
ENSG00000287970,400,0.025
ALG1L7P,1029,0.025
NAP1L3,3233,0.025
LINC00519,5937,0.025
GOLGA6L17P,646,0.025
ZNF324B,6955,0.025
GPM6A,6664,0.025
NCBP2AS2,7226,0.025
ZSCAN21,7342,0.025
ZNF227,7373,0.025
LCE1F,66,0.025
LINC02531,426,0.025
GDPD1,7278,0.025
RAP1BP1,175,0.025
HIKESHI,7395,0.025
EIF5B,7632,0.025
LCTL,5137,0.025
ENSG00000228204,6348,0.025
ENSG00000286742,6736,0.0249
TRAPPC6A,7189,0.0249
ENSG00000286067,6480,0.0249
ZDHHC12-DT,6818,0.0249
HDDC3,6926,0.0249
HDHD3,7228,0.0249
PRCD,5581,0.0249
KLKB1,4592,0.0249
ENSG00000256552,6465,0.0249
LHFPL3,7353,0.0249
ENSG00000289297,517,0.0249
HSFY3P,126,0.0249
ENSG00000288095,5720,0.0249
ZBTB26,7351,0.0249
KLRC2,6319,0.0249
ENSG00000277654,5799,0.0249
PROX1-AS1,7244,0.0249
NREP-AS1,3469,0.0248
PP2D1,7229,0.0248
TCF12,7641,0.0248
C6orf58,5660,0.0248
ENSG00000237685,844,0.0248
ENSG00000261067,344,0.0248
AGAP7P,4445,0.0248
NPIPB6,3769,0.0248
ENSG00000271963,4951,0.0248
ISOC1,7332,0.0248
TACC1P1,534,0.0248
ENSG00000214748,80,0.0248
GGT8P,4451,0.0248
PRMT3,7529,0.0248
ENSG00000287125,5864,0.0248
LINC00968,2218,0.0248
PALMD,6002,0.0248
TBL1XR1,7639,0.0248
LINC01312,3773,0.0248
ENSG00000290051,2517,0.0248
TMEM200A,6991,0.0248
DAW1,5870,0.0248
ENSG00000260289,6981,0.0248
ENSG00000251171,6680,0.0247
METTL14-DT,6719,0.0247
PSMC1P3,958,0.0247
ENSG00000289570,4287,0.0247
LINC01982,6215,0.0247
ENSG00000124593,7370,0.0247
ENSG00000291105,6481,0.0247
ULBP1,6586,0.0247
ENSG00000273165,2182,0.0247
ENSG00000287910,6024,0.0247
ENSG00000289174,2613,0.0247
DAAM2,6293,0.0247
KIF16B,7628,0.0247
MIPEP,7470,0.0247
ZGLP1,4934,0.0247
ENSG00000231358,4577,0.0247
ENSG00000272304,266,0.0247
ENSG00000287913,5337,0.0247
CHFR-DT,2789,0.0247
PEX11G,6811,0.0247
PRDM11,7313,0.0247
RMDN3,7463,0.0247
ENSG00000288938,2988,0.0247
LINC01275,6147,0.0246
PYHIN1,2494,0.0246
ENSG00000275016,6729,0.0246
LNX1,7414,0.0246
ENSG00000283317,4262,0.0246
AMPH,6405,0.0246
ENSG00000248733,2078,0.0246
MYH2,933,0.0246
ENSG00000279633,3815,0.0246
FOXE1,2417,0.0246
ENSG00000240890,1031,0.0246
HJV,4959,0.0246
ENSG00000287612,1040,0.0246
ENSG00000230626,588,0.0246
ENSG00000279404,203,0.0246
ENSG00000230074,7179,0.0246
DHFR2,7208,0.0246
ENSG00000290601,3382,0.0246
ENSG00000287603,6558,0.0246
NDN,2063,0.0246
ENSG00000243659,6168,0.0246
ATP4B,676,0.0246
ENSG00000249807,75,0.0246
ENSG00000280561,7180,0.0246
GOLPH3L,7553,0.0246
LINC01537,1208,0.0246
AMH,5763,0.0245
CCDC3,7274,0.0245
RBMY2JP,809,0.0245
ENSG00000258918,3435,0.0245
ENSG00000225417,60,0.0245
EIF5-DT,2842,0.0245
LINC00938,7337,0.0245
MEIOC,7190,0.0245
RAB11A,7560,0.0245
ENSG00000220370,1326,0.0245
ENSG00000248240,6734,0.0245
HSPA5P1,6683,0.0245
ENSG00000283360,6841,0.0245
FMR1NB,4685,0.0245
PTOV1-AS2,6288,0.0245
HLA-K,6423,0.0245
LINC01124,2014,0.0245
API5,7567,0.0245
CAND2,5159,0.0245
IFT43,7539,0.0245
LTO1,7381,0.0245
ENSG00000272576,2809,0.0245
ENSG00000256975,217,0.0245
LINC01010,6486,0.0245
EPC1-AS1,6197,0.0245
ENSG00000287447,1908,0.0245
RIC8A,7407,0.0245
OSBP,7577,0.0245
ENSG00000289116,67,0.0245
RN7SL596P,795,0.0245
ENSG00000287657,4702,0.0245
AMBP,5947,0.0245
ENSG00000287813,148,0.0244
ZNF675,7392,0.0244
AK1,7290,0.0244
ENSG00000238054,7117,0.0244
ENSG00000279364,6231,0.0244
RN7SL574P,2848,0.0244
LINC02298,5245,0.0244
ENSG00000269469,3832,0.0244
FAM242B,49,0.0244
LENG9,6636,0.0244
ALOX12P2,4078,0.0244
NGF-AS1,5262,0.0244
ENSG00000269373,925,0.0244
ENSG00000250723,6019,0.0244
ENSG00000290048,7083,0.0244
ARHGAP40,6268,0.0244
ZRSR2,7523,0.0244
NAPEPLD,7414,0.0244
IPO9,7623,0.0243
MLIP-AS1,5175,0.0243
ERICH6B,5194,0.0243
ENSG00000261436,4920,0.0243
IRX6,1239,0.0243
ENSG00000273748,7397,0.0243
RPS26P55,166,0.0243
STXBP2,7317,0.0243
OR51E2,1108,0.0243
ARL2-SNX15,4778,0.0243
PSME4,7641,0.0243
CCDC103,5798,0.0243
LINC01138,7584,0.0243
ENSG00000257376,2843,0.0243
ENSG00000285780,1562,0.0243
ENSG00000278626,1506,0.0243
ENSG00000286712,1701,0.0243
ENSG00000227769,6573,0.0243
SNX15,7297,0.0243
ENSG00000240477,1795,0.0243
NFATC2IP-AS1,7192,0.0243
STAG3L3,5463,0.0243
FGD5,6893,0.0243
ZC2HC1C,7252,0.0243
DDX3P1,6480,0.0242
ENSG00000238220,1918,0.0242
ENSG00000258842,43,0.0242
MTMR10,7452,0.0242
CERS1,5882,0.0242
LINC00613,1229,0.0242
ENSG00000286648,1866,0.0242
LINC02814,5173,0.0242
RNVU1-7,1180,0.0242
LINC01865,5304,0.0242
ASPA,2119,0.0242
ASPG,1856,0.0242
RSPO4,4846,0.0242
Y_RNA-93,133,0.0242
DDX17,7641,0.0242
ENSG00000257943,6163,0.0242
ENSG00000289214,4555,0.0242
ENSG00000269242,6612,0.0242
NPR1,2579,0.0242
BMS1P1-1,7243,0.0242
ENSG00000236501,5535,0.0242
HAUS6P3,488,0.0242
RBMXP2,379,0.0242
ENSG00000235236,6357,0.0242
SLC13A5,2110,0.0242
MLANA,6608,0.0241
FRAT1,4976,0.0241
IGSF21,4708,0.0241
MTND5P12,31,0.0241
WASL-DT,6762,0.0241
SNORD39-1,2403,0.0241
PROP1,190,0.0241
HOXC8,7195,0.0241
FGF10,3646,0.0241
MCAT,7122,0.0241
OPRD1,5944,0.0241
ENSG00000280132,5226,0.0241
GKN3P,395,0.0241
TUBAP14,52,0.0241
C1QTNF4,4880,0.0241
ENSG00000257514,249,0.0241
SOCAR,5448,0.0241
ENSG00000273297,6140,0.0241
SPDYE12,5504,0.0241
ENSG00000259532,6529,0.0241
TRHR,3793,0.0241
ENSG00000259039,6822,0.0241
AKAP1-DT,6765,0.024
ENSG00000249626,255,0.024
THAP7-AS1,6489,0.024
NDUFA4L2,6988,0.024
ENSG00000269972,1316,0.024
ENSG00000260058,1345,0.024
C10orf88,7416,0.024
WWC2-AS2,3577,0.024
MED7,7270,0.024
ENSG00000258790,7053,0.024
ENSG00000238142,4515,0.024
ENSG00000287232,3433,0.024
ARMCX5,7261,0.024
CCDC121,6533,0.024
HOXA3,7433,0.024
ENSG00000261312,6044,0.024
CTAGE8,967,0.024
DOCK8-AS1,852,0.024
ENSG00000270210,5272,0.024
ENSG00000254783,2848,0.024
BCAS2,7482,0.024
CDK17,7622,0.024
ENSG00000248779,2585,0.024
ECHDC3,5196,0.024
ENSG00000240093,5935,0.024
ENSG00000287782,5477,0.024
STOX1,7127,0.0239
ENSG00000254089,601,0.0239
TMPRSS2,7013,0.0239
IRX4,1700,0.0239
LZTS1,5510,0.0239
ENSG00000259041,389,0.0239
ENSG00000277247,1644,0.0239
ENSG00000276698,3188,0.0239
ENSG00000259149,400,0.0239
LINC00858,4597,0.0239
LINC00471,6248,0.0239
LINC01675,1891,0.0239
RNA5SP513,23,0.0239
ENSG00000289286,401,0.0239
ENSG00000286837,3916,0.0239
LINC02361,5409,0.0239
ENSG00000288826,5372,0.0239
ALX1,3529,0.0239
ENSG00000258789,223,0.0239
CASP5,3224,0.0239
PITX2,6244,0.0238
ENSG00000273391,6003,0.0238
ENSG00000271973,1546,0.0238
ZBTB3,7197,0.0238
GOLGA6L4,1505,0.0238
TIMP3,7556,0.0238
ENSG00000287079,3313,0.0238
HECTD4,7636,0.0238
CCDC63,3219,0.0238
ZNF266,7469,0.0238
AARD,1444,0.0238
NTMT2,1368,0.0238
ENSG00000275005,303,0.0238
LINC01629,6326,0.0238
DUSP9,5484,0.0238
CUX2,6824,0.0238
ENSG00000290344,2089,0.0238
AMHR2,1821,0.0238
CRYAB,5626,0.0238
ENSG00000273580,3756,0.0238
ENSG00000279378,624,0.0238
DSC3,6095,0.0238
ENSG00000253853,3758,0.0238
ZNRD2-DT,6529,0.0237
DOHH,7292,0.0237
PSG1,4233,0.0237
PRSS55,4235,0.0237
FXYD6,5761,0.0237
FLRT1,6992,0.0237
RGSL1,5298,0.0237
EPHA10,6065,0.0237
MACROH2A2,7323,0.0237
POLH-AS1,6542,0.0237
ENSG00000289854,5569,0.0237
NAT1,6788,0.0237
H2AC21,5950,0.0237
PDPK2P,5958,0.0237
WDR64,5763,0.0237
ENSG00000258560,4855,0.0237
MUCL1,4229,0.0237
ZNF586,7494,0.0237
ENSG00000258308,1456,0.0237
ENSG00000291112,7064,0.0237
ENSG00000237316,364,0.0237
COPB2,7618,0.0237
METRN,7152,0.0237
SRGAP2D,7244,0.0237
NAIPP3,1761,0.0237
ENSG00000285581,5709,0.0237
GPR68,6331,0.0237
SLC25A38,7307,0.0237
ENSG00000273211,1425,0.0237
NAB1,7584,0.0237
PUDPP2,4159,0.0237
CDK5RAP1,7481,0.0236
ENSG00000268530,3412,0.0236
BMS1P20,7366,0.0236
ENSG00000228933,7292,0.0236
ENSG00000249142,235,0.0236
LINC01202,3281,0.0236
CSTA,5065,0.0236
MCPH1-DT,5894,0.0236
CBX3P2,5654,0.0236
PRR4,7192,0.0236
MPHOSPH10P3,3018,0.0236
KANSL1L,7607,0.0236
EMSY-DT,7104,0.0236
ENSG00000259865,7185,0.0236
VPS18,7305,0.0236
GHRL,6004,0.0235
LINC02060,4180,0.0235
SNRK-AS1,6995,0.0235
FAM217A,7153,0.0235
LINC01643,4294,0.0235
ENSG00000259985,2006,0.0235
ENSG00000289183,2317,0.0235
ITK,5240,0.0235
ADGRB1,6782,0.0235
ENSG00000285676,5944,0.0235
NAV2-AS5,234,0.0235
LINC00379,58,0.0235
SERBP1P5,5122,0.0235
FER1L5,5614,0.0235
ENSG00000230575,46,0.0235
ZDHHC1,7219,0.0235
GCNT7,7108,0.0235
CST2,747,0.0235
SOX17,1092,0.0234
LINC02556,3811,0.0234
DACH2,6840,0.0234
SLC39A3,7144,0.0234
TMEM68,7461,0.0234
TCERG1L,4469,0.0234
RWDD3-DT,6738,0.0234
ENSG00000228697,6771,0.0234
LINC02809,2806,0.0234
ENSG00000253628,484,0.0234
CHRM3-AS2,5812,0.0234
ENSG00000235038,450,0.0234
MRAP,6270,0.0234
ENSG00000284606,6302,0.0234
NSMCE3,7322,0.0234
PHTF1,7490,0.0234
AMZ2P1,7156,0.0234
PGLYRP1,2578,0.0234
BTBD17,240,0.0234
TAT-AS1,3216,0.0234
FBXW12,5223,0.0234
ENSG00000259103,6760,0.0234
FSD1,6454,0.0234
ENSG00000262721,40,0.0233
ABHD14A-ACY1,3453,0.0233
RPS27AP8,138,0.0233
MAP3K19,6325,0.0233
ECSIT,7363,0.0233
LINC01392,5605,0.0233
ENSG00000241168,6559,0.0233
ENSG00000270019,7064,0.0233
ENSG00000227775,7013,0.0233
RGMA,5238,0.0233
TRAPPC2,7355,0.0233
DHRS4-AS1,7299,0.0233
SHISA7,2037,0.0233
PSPC1,7626,0.0233
ARCN1,7627,0.0233
AIFM3,5449,0.0233
CHKB-DT,7272,0.0233
ENSG00000270257,184,0.0233
ENSG00000243762,6570,0.0233
URM1,7417,0.0233
ENSG00000280607,7052,0.0233
MAP1LC3A,7267,0.0233
BEGAIN,7081,0.0232
UEVLD,7492,0.0232
ENSG00000289616,313,0.0232
ENSG00000258424,6914,0.0232
LINC01720,3001,0.0232
ENSG00000232358,1795,0.0232
ASMT,5733,0.0232
ENSG00000206878,2809,0.0232
ENSG00000259891,7291,0.0232
LINC01911,4849,0.0232
ENSG00000279603,60,0.0232
TMEM33,7538,0.0232
ENSG00000287031,5743,0.0232
ENSG00000257429,394,0.0232
ENSG00000278957,137,0.0232
ENSG00000285614,987,0.0232
ENSG00000249881,5488,0.0232
ENSG00000272008,5664,0.0232
KRT27,420,0.0232
ENSG00000282987,5395,0.0232
CLDN8,387,0.0231
KRT8P7,103,0.0231
ERBIN-DT,999,0.0231
ENSG00000277873,3182,0.0231
LINC01687,7126,0.0231
LINC00529,530,0.0231
ENSG00000273259,5434,0.0231
ENSG00000264869,201,0.0231
LARP6,7336,0.0231
ENSG00000287569,6121,0.0231
HSD11B1L,6365,0.0231
MAP2K4P1,4634,0.0231
LINC01806,5832,0.0231
MRPS26,7345,0.0231
FAM9C,1210,0.0231
GALNT16-AS1,6846,0.0231
ITGA4,6723,0.0231
PCSK1,7115,0.0231
NLRC3,6119,0.0231
ENSG00000265845,6482,0.0231
PAMR1,6163,0.023
ENSG00000234464,5894,0.023
MTERF2,7370,0.023
ENSG00000258982,7108,0.023
TOMT,3089,0.023
ENSG00000225711,1541,0.023
ENSG00000289995,2308,0.023
RPL21P71,448,0.023
ZC3H3,7505,0.023
ATP6V0D1-DT,7393,0.023
ENSG00000276272,615,0.023
CAV3,6866,0.023
RADX,6813,0.023
ENSG00000230707,344,0.023
LINC02896,6055,0.023
CATSPER1,4836,0.023
TUBB8P7,87,0.023
ENSG00000285605,2693,0.023
GSTT2,3885,0.023
ENSG00000288552,1224,0.023
CAMSAP1,7549,0.023
ENSG00000248647,7009,0.023
MAD2L2,7349,0.023
FAM222B,7619,0.023
NEFL,7203,0.0229
ENSG00000226733,2618,0.0229
NLRP3P1,4823,0.0229
RPS6KA1,7313,0.0229
LINC01432,356,0.0229
ZKSCAN5,7448,0.0229
ENSG00000228876,2486,0.0229
TIMM21,7402,0.0229
LINC00867,4500,0.0229
ENSG00000283128,7325,0.0229
LYPD5,6270,0.0229
NAA25,7615,0.0229
TPH1,5810,0.0229
LINC02450,4637,0.0229
CELF2-DT,2187,0.0229
ADO,7266,0.0229
IL10,1271,0.0229
LINC01664,2686,0.0229
LPAR3,6489,0.0229
HTR3C,1018,0.0229
ENSG00000273300,1108,0.0229
LINC00683,6433,0.0229
ENSG00000266283,4688,0.0229
SNX30,7534,0.0229
HDLBP,7641,0.0228
DUSP12P1,1018,0.0228
DAD1,7444,0.0228
ENSG00000258909,77,0.0228
ENSG00000275381,3582,0.0228
AHCTF1P1,5807,0.0228
LINC02278,202,0.0228
ENSG00000267881,5493,0.0228
HMGN5,7386,0.0228
ENSG00000248656,6194,0.0228
TCEANC2,7366,0.0228
ENSG00000260071,6300,0.0228
PRL,298,0.0228
MAN1B1-DT,6621,0.0228
ENSG00000289641,575,0.0227
SCX,5675,0.0227
ENSG00000289316,5960,0.0227
ENG,7246,0.0227
CLIP1-AS1,6448,0.0227
NUFIP1P1,704,0.0227
ENSG00000276968,1376,0.0227
BEX5,4410,0.0227
SLC7A7,6704,0.0227
ENSG00000286212,4083,0.0227
ENSG00000286605,1305,0.0227
B3GAT2,6928,0.0227
ENSG00000248196,2250,0.0227
FGF17,3053,0.0227
SLC9B1P3,271,0.0227
ENSG00000270248,68,0.0227
COX17,7438,0.0227
ENSG00000277283,4415,0.0227
ENSG00000235121,6283,0.0227
ENSG00000285955,6096,0.0227
ENSG00000285718,4035,0.0226
GTF3C2,7496,0.0226
HBD,795,0.0226
TMEM256,7244,0.0226
GUSBP13,6192,0.0226
ENSG00000233230,6835,0.0226
TRIM13,7497,0.0226
HGH1,6854,0.0226
PGLYRP2,4114,0.0226
ENSG00000287086,7022,0.0226
RBBP6,7633,0.0226
ENSG00000234418,6224,0.0226
ENSG00000255686,244,0.0226
ENSG00000231043,6102,0.0226
ENSG00000287029,3299,0.0226
ABHD17B,7522,0.0226
CITED4,5823,0.0226
ENSG00000249664,3822,0.0226
LINC00621,6185,0.0225
ENSG00000287895,1329,0.0225
ENSG00000227712,6235,0.0225
ENSG00000251569,2517,0.0225
IFNL2,1920,0.0225
ENSG00000287645,4477,0.0225
C5orf63,6809,0.0225
GP6,7303,0.0225
ZNF345,7378,0.0225
ENSG00000243071,1555,0.0225
R3HDML,2859,0.0225
ADRA2C,5630,0.0225
ENSG00000287796,5079,0.0225
ARRDC1-AS1,7011,0.0225
SMCHD1,7641,0.0225
PCBD2,7514,0.0225
ENSG00000278730,7414,0.0225
TCP10L2,227,0.0225
LINC01800,1986,0.0225
DGKD,7627,0.0225
AK4P3,6894,0.0225
ENSG00000286781,2498,0.0225
ENSG00000267082,6535,0.0225
PPIG,7609,0.0225
ENSG00000258012,239,0.0225
BLOC1S4,7193,0.0225
GNAS-AS1,7058,0.0225
INHBC,4485,0.0224
ATP6V0E1,7545,0.0224
DPP10-AS3,161,0.0224
ENSG00000228037,3470,0.0224
KLF12,7631,0.0224
MAP3K11,7467,0.0224
ENSG00000261310,1503,0.0224
LRRIQ3,6738,0.0224
LMO7-AS1,7040,0.0224
ENSG00000278665,273,0.0224
SETX,7637,0.0224
DNAJC3,7635,0.0224
LMNB1-DT,6911,0.0224
ENSG00000273230,7027,0.0224
LIMD1-AS1,6876,0.0224
ENSG00000267740,7046,0.0224
STOML1,6655,0.0224
ENSG00000289891,829,0.0224
TLR4,5396,0.0224
ENSG00000285568,375,0.0224
PCYT1B,5552,0.0224
POM121L2,2464,0.0224
ENSG00000231794,5130,0.0224
TRIP12,7640,0.0224
ENSG00000224090,1899,0.0224
ENSG00000291034,6092,0.0224
DMAC1,7288,0.0224
LINC02497,3586,0.0224
INSL6,6304,0.0223
PBDC1,7360,0.0223
ENSG00000286974,2771,0.0223
HNRNPLL,7607,0.0223
ENSG00000237640,4080,0.0223
SDHAP3,7290,0.0223
ANKRD20A21P,5564,0.0223
PAQR6,6969,0.0223
ENSG00000279541,6026,0.0223
ENSG00000288781,3512,0.0223
LINC00280,31,0.0223
RDXP3,1145,0.0223
TM2D2,7309,0.0223
PLA2G10,5336,0.0223
PPAN-P2RY11,280,0.0223
KLK4,1545,0.0223
RPS6KA6,7311,0.0223
LRRC37A7P,4976,0.0223
ENSG00000248367,6760,0.0223
INMT-MINDY4,661,0.0223
SQLE-DT,282,0.0223
KPNA2P3,7283,0.0223
XIST,7248,0.0223
GAPLINC,6964,0.0223
ENSG00000234149,5789,0.0223
PRSS2,1853,0.0223
ARHGEF2-AS1,5025,0.0223
ENSG00000288973,7290,0.0222
CNTNAP3P7,483,0.0222
ENSG00000260884,3322,0.0222
CHST1,3242,0.0222
ENSG00000289744,6178,0.0222
LINC02065,1256,0.0222
SP5,4265,0.0222
ZNF84,7510,0.0222
ENSG00000269807,6884,0.0222
MAJIN,5579,0.0222
SLC6A7,4954,0.0222
ALG1L13P,585,0.0222
USP46,7387,0.0222
ENSG00000284644,6871,0.0222
SLC6A18,2802,0.0222
KCTD2,7412,0.0222
ENSG00000281613,6116,0.0222
ENSG00000267405,6397,0.0221
ZSCAN2,7199,0.0221
ENSG00000268583,6751,0.0221
RPL26P3,1497,0.0221
ENSG00000287459,4749,0.0221
ENSG00000277619,783,0.0221
ENSG00000251393,3792,0.0221
ENSG00000271327,5111,0.0221
UBXN7-AS1,2010,0.0221
TEX49,5023,0.0221
ENSG00000276256,7239,0.0221
ZMAT5,7344,0.0221
PLA2G4D,4139,0.0221
LINC01440,6346,0.0221
CPLX4,5056,0.0221
ENSG00000253286,5838,0.0221
LRRC72,3320,0.0221
ENSG00000265994,5992,0.0221
MRPL46,7232,0.0221
ENSG00000239544,104,0.022
GPR146,7333,0.022
ENSG00000251126,50,0.022
ZFX-AS1,3740,0.022
LINC02973,1741,0.022
BSN-DT,2188,0.022
DHX30,7463,0.022
ENSG00000288098,7382,0.022
HLA-DPB2,655,0.022
ENSG00000250694,145,0.022
MAN2B1,7390,0.022
ENSG00000291299,7320,0.022
ENSG00000287676,4981,0.022
HOXD1,3967,0.022
LRP3,6920,0.022
EXOC3L1,3199,0.022
ITFG2-AS1-1,3950,0.022
ELOVL2-AS1,4256,0.022
NCF1C,1385,0.022
BIK,7033,0.022
TTC23L-AS1,3313,0.022
ENSG00000255227,5844,0.022
ENSG00000271401,2082,0.022
DMAC2,7338,0.0219
TNKS,7641,0.0219
ENSG00000259080,6752,0.0219
ENSG00000286585,5538,0.0219
ENSG00000287720,6801,0.0219
ATG7,7633,0.0219
GOLGA2P3Y,336,0.0219
RPL23AP72,172,0.0219
EIF4G1,7629,0.0219
ENSG00000256469,6234,0.0219
LINC01491,953,0.0219
ENSG00000253270,5132,0.0219
ENSG00000279722,4366,0.0219
DST-AS1,6206,0.0219
ENSG00000283897,2223,0.0219
ENSG00000250509,4952,0.0219
RN7SL832P,5651,0.0219
RPS6P7,70,0.0218
ENSG00000255745,3786,0.0218
ENSG00000260261,1894,0.0218
CIAO1,7484,0.0218
ENSG00000255495,5455,0.0218
ASCC1,7508,0.0218
RRN3P1,6834,0.0218
MRPL45,7401,0.0218
ID2-AS1,6824,0.0218
ENSG00000272218,680,0.0218
MDH1B,5046,0.0218
SNIP1,7520,0.0218
ENSG00000258455,6546,0.0218
CD44-AS1,6682,0.0218
ENSG00000273998,2666,0.0218
Y_RNA-633,539,0.0218
PDGFRB,7019,0.0218
CCRL2,2934,0.0218
NPM1P39,5937,0.0218
ENSG00000248359,3210,0.0218
LINC01072,3062,0.0218
NMNAT1,7420,0.0218
ENSG00000242029,5697,0.0218
C17orf80,7374,0.0218
LINC00376,3738,0.0218
MTA1-DT,6397,0.0218
ENSG00000290853,3066,0.0217
ENSG00000255621,7043,0.0217
TEX2,7415,0.0217
IK,7554,0.0217
ENSG00000258465,7376,0.0217
ENSG00000267426,6739,0.0217
ENSG00000228399,115,0.0217
ENSG00000228395,7112,0.0217
ENSG00000255087,3282,0.0217
SLC6A17,5197,0.0217
RHOBTB2,7265,0.0217
ZNF786,7330,0.0217
CHTF8,7390,0.0217
LINC02552,3837,0.0217
SPTY2D1OS,7302,0.0217
LINC02205,471,0.0217
SKAP1-AS2,4692,0.0217
IPO9-AS1,7373,0.0217
ZNF236-DT,7016,0.0217
ENSG00000280032,1236,0.0217
NRTN,6819,0.0217
GPC1-AS1,3934,0.0217
ENSG00000291126,5239,0.0217
TM9SF2,7603,0.0217
MEI4,5817,0.0217
ENSG00000254084,1920,0.0217
MIR3976HG,4909,0.0217
HEBP2P1,3208,0.0216
LINC01983,5421,0.0216
ZSWIM5P2,72,0.0216
WFDC8,1080,0.0216
ZNF540,7267,0.0216
LINC02321,3267,0.0216
RAB29,7376,0.0216
CTSH,7263,0.0216
HTR5BP,5321,0.0216
ENSG00000289260,2671,0.0216
PHACTR2P1,6700,0.0216
TSPAN12,7032,0.0216
IFT27,7343,0.0216
PENK-AS1,2964,0.0216
LINC02117,573,0.0216
RPL13AP3,5162,0.0216
VDAC2P5,3957,0.0216
MAP3K4-AS1,4010,0.0216
RAMAC,7228,0.0216
C21orf62,4416,0.0216
ENSG00000289506,6039,0.0216
CACNA2D1-AS1,5501,0.0216
FILIP1,7040,0.0216
DERL3,4089,0.0216
FTH1P10,4868,0.0216
LINC02227,3157,0.0216
ZNF271P,7461,0.0216
RSPH10B2,6006,0.0215
LINC02215,1001,0.0215
ENSG00000224409,2444,0.0215
ENSG00000224251,3001,0.0215
H2AZ2-DT,4575,0.0215
SCAND1,7295,0.0215
ENSG00000233064,4889,0.0215
ENSG00000226669,553,0.0215
TMEM128,7355,0.0215
CSAG2,2759,0.0215
GRIK1-AS1,4077,0.0215
SLC20A2,7631,0.0215
ZNF420,7381,0.0215
H2ACP2,204,0.0215
TMEM14B-DT,3569,0.0214
LINC02256-1,5566,0.0214
PSG5,4598,0.0214
FOXD3,2666,0.0214
ENSG00000287166,3025,0.0214
CARD16,5926,0.0214
RIBC2,5538,0.0214
ENSG00000285283,6381,0.0214
SEPTIN7P15,237,0.0214
MPV17L,5354,0.0214
IQCC,6547,0.0214
RABGEF1P1,7521,0.0214
LINC01258,4812,0.0214
PRICKLE2-AS1,4320,0.0214
ENSG00000291170,2771,0.0214
CFAP119,6770,0.0214
RPL21P8,218,0.0214
SPP2,512,0.0214
ENSG00000280299,4745,0.0214
ENSG00000290217,4068,0.0214
ACTL6B,3501,0.0214
ENSG00000267081,73,0.0214
MARCOL,6157,0.0214
SLC16A12,5806,0.0214
LINC00622,2449,0.0214
ENSG00000279333,3975,0.0214
RN7SKP69,193,0.0214
ENSG00000224626,1265,0.0214
ENSG00000288903,4108,0.0213
ENSG00000227930,111,0.0213
ENSG00000286924,6570,0.0213
ENSG00000290123,5086,0.0213
ENSG00000249453,729,0.0213
LINC01936,477,0.0213
ENSG00000288039,2232,0.0213
DLK2,6063,0.0213
ENSG00000205236,7275,0.0213
ENSG00000279022,1155,0.0213
ZNF674-AS1,6691,0.0213
EEF1DP2,1416,0.0213
MORN5,3000,0.0213
TCL1A,112,0.0213
PHOX2B-AS1,3103,0.0213
RPL30P7,51,0.0213
STXBP4,7548,0.0213
PABPC4L,2002,0.0213
ENSG00000257830,4316,0.0213
CLK2P1,1527,0.0213
ENSG00000228274,7013,0.0213
GPR149,2532,0.0213
RPL12P1,307,0.0212
ENSG00000290876,7070,0.0212
ENSG00000232063,6322,0.0212
TRO,3774,0.0212
BCAN-AS2,6949,0.0212
TEFM,7406,0.0212
LYSMD2,7026,0.0212
NAT8L,5819,0.0212
SNORD3A,1323,0.0212
ENSG00000286229,5374,0.0212
ZNF766,7496,0.0212
ENSG00000267070,6161,0.0212
ENSG00000275910,2079,0.0212
APPBP2-DT,7171,0.0212
NAA15,7615,0.0212
ST7-AS2,7057,0.0212
ENSG00000274092,498,0.0212
ENSG00000287252,3364,0.0212
RAE1,7480,0.0212
ENSG00000255306,6457,0.0212
ENSG00000286931,2901,0.0212
MEF2B,7364,0.0212
RAB23,7391,0.0212
ENSG00000273312,427,0.0212
RPS6KB2-AS1,4293,0.0212
TEX33,395,0.0212
LINC01778,894,0.0212
DNAL4,7307,0.0212
ENSG00000268401,6779,0.0212
LINC01611,6225,0.0211
ZNRD2,7321,0.0211
ZNF43,7083,0.0211
SPIN2B,6919,0.0211
LINC00667,7228,0.0211
ENSG00000272347,1444,0.0211
LINC02669,6374,0.0211
LRRC37A17P,5679,0.0211
SEC62,7601,0.0211
RBBP8,7511,0.0211
C17orf50,752,0.0211
ENSG00000224569,349,0.0211
ACTL8,1775,0.0211
GYG1P1,998,0.0211
LINC00888-1,7151,0.0211
ENSG00000273443,1415,0.0211
SPEN-AS1,7258,0.0211
ENSG00000266941,769,0.0211
ENSG00000248358,27,0.0211
CDC42BPA,7639,0.0211
ENSG00000223583,1456,0.0211
NPS,153,0.021
ENSG00000233068,1986,0.021
ENSG00000260990,598,0.021
PCCA-DT,7304,0.021
FSIP2,7048,0.021
WNT9B,1966,0.021
PDE7A,7588,0.021
CLHC1,7396,0.021
MATN1,5418,0.021
HOXB-AS1,7089,0.021
FBXO24,6489,0.021
KCNE1,6723,0.021
WEE2,4172,0.021
LHX5,2436,0.021
TMPRSS11F,2563,0.021
PPM1K,7422,0.021
ZBTB2P1,3739,0.021
NUBP2,7297,0.021
USP2,6730,0.021
FOLR3,3571,0.021
GSTA12P,489,0.0209
COP1,7640,0.0209
ENSG00000274859,442,0.0209
ENSG00000265303,5705,0.0209
SULT6B1,4617,0.0209
NRDC,7592,0.0209
ENSG00000287580,3647,0.0209
GUSBP17,4193,0.0209
GTF2IP12,5674,0.0209
SLC17A7,6356,0.0209
SMPD4BP,7457,0.0209
CRK,7582,0.0209
SPINK6,3144,0.0209
PEX13,7503,0.0209
GANAB,7601,0.0209
VN1R83P,2518,0.0209
RPL12P10,389,0.0209
ENSG00000289429,3697,0.0209
ALOXE3P1,2033,0.0209
OXSM,7264,0.0209
PRKX-AS1,3868,0.0209
RPL19P16,90,0.0209
C6orf163,6926,0.0209
TAPT1,7498,0.0208
TWSG1,7541,0.0208
FBP1,4141,0.0208
FAM241B,6704,0.0208
E2F6P4,214,0.0208
ARL16,7295,0.0208
LINC01297,3795,0.0208
ENSG00000287953,1546,0.0208
SALL1,5135,0.0208
MT-TC,378,0.0208
BACH1-AS1,5705,0.0208
SLC39A12,4106,0.0208
RN7SL44P,2181,0.0208
CZIB,7331,0.0208
APOBR,2209,0.0208
RPL14P3,701,0.0208
CFAP74,5495,0.0208
ENSG00000260934,2595,0.0208
ENSG00000289222,4567,0.0207
ENSG00000233403,1329,0.0207
RRN3P2,5983,0.0207
INO80B-WBP1,5827,0.0207
RAB10,7641,0.0207
UBE2H,7631,0.0207
SPATA12,6406,0.0207
ENSG00000286523,7164,0.0207
ENSG00000286972,2300,0.0207
NT5C3B,7381,0.0207
LIPE,6815,0.0207
LDHAP7,1800,0.0207
LINC01081,5158,0.0207
PABPC5-AS1,1429,0.0207
ENSG00000289858,5467,0.0207
MIER3,7505,0.0207
ENSG00000285800,21,0.0207
PRKCQ-AS1,5814,0.0207
HOMER2P1,343,0.0207
PPIAL4H,29,0.0207
ENSG00000229740,274,0.0207
IL1R1-AS1,3762,0.0207
CLUL1,5376,0.0207
ENSG00000251412,979,0.0206
NUP107-DT,6428,0.0206
NIFKP8,3624,0.0206
DIRAS3,5866,0.0206
ENSG00000232194,1883,0.0206
SERPINA11,984,0.0206
BTF3P12,47,0.0206
ENSG00000268199,5082,0.0206
BNIP3P1,5311,0.0206
XPA,7476,0.0206
STAG2-AS1,5653,0.0206
DPP9-AS1,4821,0.0206
STAB2,6115,0.0206
ENSG00000254865,6612,0.0206
RP9P-1,4644,0.0206
ENSG00000235189,7246,0.0206
ENSG00000215841,1303,0.0206
ENSG00000288764,4716,0.0206
ENSG00000233427,697,0.0206
ENSG00000225913,3994,0.0206
GUSBP7,426,0.0206
DCDC2B,6285,0.0206
ENSG00000250237,4563,0.0206
LINC01550,2946,0.0205
KCNQ5-DT,800,0.0205
ENSG00000272115,929,0.0205
ENSG00000291273,791,0.0205
ENSG00000269446,90,0.0205
NANOGNBP2,56,0.0205
TNNI1,2847,0.0205
AGT,5968,0.0205
OLFM1,6584,0.0205
ENSG00000231207,64,0.0205
ENSG00000236213,7135,0.0205
ENSG00000227834,51,0.0205
NTRK1,6569,0.0205
CTAGE7P,4127,0.0205
GPR37L1,5748,0.0205
COX6A1P2,760,0.0205
ENSG00000287329,2034,0.0205
TRGV4,51,0.0205
SMARCC2,7573,0.0205
CINP,7386,0.0205
ENSG00000233689,794,0.0205
ZNF239,6564,0.0205
SEC1P,6930,0.0205
ENSG00000266155,4706,0.0205
ENSG00000232252,5693,0.0205
ENSG00000285759,481,0.0204
ENSG00000218073,743,0.0204
UBA3,7556,0.0204
MGP,6614,0.0204
ENSG00000280367,3027,0.0204
ZNF214,6772,0.0204
PCGF7P,1194,0.0204
ENSG00000258225,5569,0.0204
LINC02119,5473,0.0204
ENSG00000286092,3769,0.0204
JAGN1,7250,0.0204
TECPR2,7461,0.0204
C1orf185,2613,0.0204
Y_RNA-473,173,0.0204
ERI1,7499,0.0204
ZNF30-AS1,5126,0.0203
DNAAF6,958,0.0203
CERS2,7449,0.0203
RBPMS-AS1,4132,0.0203
ENSG00000250397,6582,0.0203
ENSG00000261019,1317,0.0203
MOXD1,6906,0.0203
ENSG00000257474,3790,0.0203
ATXN7,7632,0.0203
ENSG00000289100,7104,0.0203
TOR1AIP2,7631,0.0203
PLEKHA7,7558,0.0203
ENSG00000285407,5957,0.0203
MTND2P2,4759,0.0203
PKDCC,6255,0.0203
SAMMSON,7160,0.0203
ENSG00000232835,518,0.0203
VPS39-DT,7062,0.0203
MAP9,7388,0.0203
PLP1,3017,0.0203
PGAM4,2609,0.0203
CHRNB1,7338,0.0203
THNSL1,7185,0.0203
GSTT2B,4405,0.0203
LANCL2,7523,0.0203
TBX3-AS1,6827,0.0203
ENSG00000291232,6555,0.0202
SAAL1,7371,0.0202
ENSG00000287825,5985,0.0202
ENSG00000215146,4768,0.0202
ENSG00000233775,560,0.0202
ENSG00000287609,1281,0.0202
RGPD1,3996,0.0202
ENSG00000253287,215,0.0202
ENSG00000285159,4235,0.0202
EIF1AY,6573,0.0202
LINC00877,6428,0.0202
ZDBF2,7502,0.0202
STYX,7506,0.0202
ENSG00000231173,70,0.0202
SEC22B4P,1250,0.0202
ENSG00000279214,196,0.0202
PLIN4,4600,0.0202
MYOZ2,3630,0.0202
ENSG00000287303,1438,0.0202
ENSG00000241525,1310,0.0202
DCAF17,7505,0.0202
ENSG00000228427,1328,0.0202
MRPS14,7349,0.0202
ENSG00000258677,6974,0.0202
ENSG00000285766,26,0.0201
MAD2L1BP,7284,0.0201
ENSG00000290449,2703,0.0201
SEMA3F-AS1,6341,0.0201
EQTN,1700,0.0201
ENSG00000253851,1766,0.0201
ENSG00000291025,6035,0.0201
OR1L8,3267,0.0201
ENSG00000286873,5390,0.0201
TMED1,7232,0.0201
NFX1,7623,0.0201
GARIN5B,2933,0.0201
ENSG00000254340,4083,0.0201
GLYATL1B,115,0.0201
ENSG00000254433,6547,0.0201
OR7E100P,868,0.0201
LINC02031,410,0.0201
ENSG00000234022,1189,0.0201
CTNNA1P1,4212,0.0201
VCPKMT,7368,0.0201
ENSG00000286432,3564,0.0201
ZNF74,7300,0.0201
ENSG00000271916,187,0.02
CACNG7,5792,0.02
GJD2-DT,1463,0.02
LGI4,6309,0.02
SMDT1,7274,0.02
PLA2G5,4603,0.02
ABCC6P1,4515,0.02
RPL35AP20,1245,0.02
EXD3,7463,0.02
SMIM20,7379,0.02
ENSG00000258891,7388,0.02
AJUBA-DT,6925,0.02
ENSG00000274642,5292,0.02
NASPP1,2563,0.02
ENSG00000288718,873,0.02
ENSG00000288007,547,0.02
ENSG00000214999,2081,0.02
ENSG00000259061,2238,0.02
DUSP19,7070,0.0199
ENSG00000261817,691,0.0199
LINC01299,2973,0.0199
ENSG00000254907,7002,0.0199
ENSG00000260755,211,0.0199
ENSG00000261104,1469,0.0199
DPH1,7346,0.0199
PCDHB3,4616,0.0199
ENSG00000286161,5044,0.0199
SMIM11,402,0.0199
TPTEP2-CSNK1E,7585,0.0199
ENSG00000257239,3860,0.0199
ENSG00000284721,4052,0.0199
DHRS13,7225,0.0199
ZNF843,5559,0.0199
LINC01764,6315,0.0198
BRICD5,4302,0.0198
PBRM1,7621,0.0198
ENSG00000260063,1528,0.0198
SLC35E2A,6758,0.0198
ENSG00000251670,4696,0.0198
ENSG00000288045,1597,0.0198
ENSG00000278638,4606,0.0198
BRINP1,5304,0.0198
IQCD,7163,0.0198
HCRTR2,4934,0.0198
ENSG00000241772,6928,0.0198
KBTBD11-OT1,788,0.0198
ENSG00000291166,3971,0.0198
MRPL37,7447,0.0198
ENSG00000268191,690,0.0198
RAP1BL,3195,0.0198
RSPH10B,5480,0.0198
RASGEF1C,7064,0.0198
ENSG00000232581,5596,0.0198
RBMS1P1,1653,0.0198
ENSG00000289982,1110,0.0198
ENSG00000230305,5883,0.0198
FAM182B,7168,0.0198
PAM16,7377,0.0198
LINC00989,3146,0.0197
ZNF774,7057,0.0197
CACNG2-DT,436,0.0197
ENSG00000251294,5879,0.0197
SLC33A1,7527,0.0197
ENSG00000287678,5947,0.0197
RASSF10,4060,0.0197
RN7SL160P,313,0.0197
ENSG00000287400,6863,0.0197
ENSG00000245059,3230,0.0197
ENSG00000287668,125,0.0197
RNASEH1-DT,7284,0.0197
ADAMTS15,5825,0.0197
USP3-AS1,7405,0.0197
AFF4,7640,0.0197
LMO1,3583,0.0197
THUMPD3,7451,0.0197
SLC5A10,6867,0.0197
DBR1,7357,0.0197
LINC01950,7082,0.0197
QPRT,7149,0.0197
PPEF1-AS1,39,0.0197
LRRC37A14P,371,0.0197
HIPK1-AS1,5287,0.0197
SFTPD,4729,0.0197
ENSG00000264015,4887,0.0197
LEFTY2,1035,0.0197
INTS8,7538,0.0197
UBR4,7640,0.0197
RABL2B,7312,0.0197
RHOQ-AS1,6896,0.0196
KRT8P12,6936,0.0196
SNX6,7627,0.0196
MRPL28,7267,0.0196
GAPDHP40,259,0.0196
ENSG00000266947,5405,0.0196
ENSG00000286234,4853,0.0196
ULK4P1-1,32,0.0196
GEMIN4,7274,0.0196
TGM5,2550,0.0196
ZKSCAN7,4579,0.0196
ENSG00000290596,1674,0.0196
C8orf33,7386,0.0196
F10,6104,0.0196
YBX1P1,6106,0.0196
YTHDC2,7541,0.0196
RHEBL1,7146,0.0196
RPS6P12,408,0.0196
SDCBPP3,493,0.0196
ENSG00000286796,320,0.0196
ENSG00000261018,1109,0.0196
ENSG00000260304,4651,0.0196
RAB5A,7618,0.0196
ENSG00000254242,4380,0.0196
CCDC43,7513,0.0196
P2RX7,6744,0.0196
PROK1,85,0.0196
OR51M1,1587,0.0196
TMPRSS11D,6384,0.0196
ARSL,5911,0.0196
ANKRD20A4P,6347,0.0196
TMEM98,6100,0.0196
ENSG00000287211,5211,0.0196
ENSG00000272732,2525,0.0196
ZNF799,7039,0.0195
ENSG00000284994,2037,0.0195
SIAH1,7567,0.0195
ENSG00000270781,3228,0.0195
SMCR5,4838,0.0195
ENSG00000257341,2186,0.0195
L3MBTL2,7314,0.0195
ENSG00000285330,4802,0.0195
HBZ,5858,0.0195
ENSG00000271889,4188,0.0195
ENSG00000250753,263,0.0195
ENSG00000280070,2703,0.0195
MEIS1-AS3,3928,0.0195
ENSG00000271367,65,0.0195
LAMTOR2,7322,0.0195
DPH3P1,32,0.0195
TMEM200C,1101,0.0195
ZNF501,5786,0.0195
ZNF433,7308,0.0195
ENSG00000268981,3770,0.0195
ENSG00000276851,4524,0.0194
FTH1P20,3397,0.0194
ENSG00000288691,6537,0.0194
TBC1D3E,148,0.0194
ENSG00000265334,7295,0.0194
ANKRD30BL,7095,0.0194
RBM39P1,6712,0.0194
SEL1L3,7499,0.0194
ENSG00000268292,731,0.0194
CA5BP1,7309,0.0194
TGM4,5133,0.0194
WDR82,7496,0.0194
POLD3,7511,0.0194
SMARCE1,7551,0.0194
KCNH7-AS1,1087,0.0194
ENSG00000230637,4333,0.0194
ENSG00000280083,1601,0.0194
ENSG00000235427,4737,0.0194
OR4A10P,50,0.0194
ARID1B,7641,0.0194
PPRC1,7427,0.0194
ENSG00000236456,5254,0.0193
ENSG00000276772,479,0.0193
Y_RNA-204,57,0.0193
TRIM6,6355,0.0193
GET3,7352,0.0193
EFHD2-AS1,3679,0.0193
AVPR1B,692,0.0193
TAFA3,3997,0.0193
ROCK2,7640,0.0193
BEST2,2070,0.0193
TMSB4XP2,5585,0.0193
ENSG00000285879,6945,0.0193
SLC9A2,7186,0.0193
ENSG00000291032,6823,0.0193
ZNF687-AS1,5978,0.0193
ENSG00000285996,1796,0.0193
ENSG00000228779,2654,0.0193
CCNYL2,6205,0.0193
ENSG00000286333,1816,0.0193
FABP6-AS1,1302,0.0193
ENSG00000244358,2146,0.0193
ENSG00000290385,5635,0.0193
LINC02731,4589,0.0192
SYCE1L,7159,0.0192
LAMC1-AS1,4778,0.0192
CCDC97,7448,0.0192
ENSG00000253524,3899,0.0192
IRS3P,5482,0.0192
RPTOR,7634,0.0192
ENSG00000287670,4646,0.0192
R3HCC1L,7588,0.0192
ENSG00000279686,3059,0.0192
ENTHD1,6787,0.0192
HSPA8P17,146,0.0192
TUBGCP4,7451,0.0192
ZNF473,7312,0.0192
ENSG00000254033,412,0.0192
VPS52,7380,0.0192
XYLB,7429,0.0192
ENSG00000291024,1630,0.0192
ENSG00000280778,7295,0.0192
ENSG00000287308,1057,0.0192
ENSG00000288823,5344,0.0192
VPS26B,7366,0.0192
ENSG00000286975,5172,0.0192
ENSG00000248795,482,0.0192
PZP,2555,0.0192
THAP12,7480,0.0192
ENSG00000257553,7174,0.0192
SLC25A45,7121,0.0192
GDNF,6298,0.0191
ENSG00000228352,6494,0.0191
EEF1A1P29,229,0.0191
GATA1,682,0.0191
DCAF11,7459,0.0191
TRIM67,3610,0.0191
LPP,7641,0.0191
HNRNPUL2-BSCL2,6700,0.0191
WHAMMP4,6277,0.0191
ENSG00000286353,4815,0.0191
ENSG00000279339,1921,0.0191
EIF3FP3,2470,0.0191
ENSG00000238186,655,0.0191
CLDN9,2818,0.0191
LRTM2,1224,0.0191
ENSG00000254760,687,0.0191
BBS1,7433,0.0191
UBE2L5,3386,0.0191
STEAP1B-AS1,5789,0.0191
ENSG00000290977,277,0.0191
ORM2,438,0.0191
ZFX,7602,0.0191
INTS15,7316,0.0191
ENSG00000233359,4879,0.0191
ENSG00000286627,1027,0.019
NR1I3,2411,0.019
F13A1,4739,0.019
ENSG00000285979,5993,0.019
UTP4,7501,0.019
DNAAF2,7324,0.019
ENSG00000284697,7415,0.019
ENSG00000289545,5657,0.019
ENSG00000287879,3387,0.019
PPM1F-AS1,6820,0.019
BMP2K-DT,4632,0.019
REEP2,6846,0.019
ENSG00000258317,6505,0.019
RPP38-DT,4961,0.019
DENND6A-DT,4295,0.019
UMODL1,3124,0.019
GLDN,6634,0.019
FAM107A,3835,0.019
TSHR,6423,0.019
SLIRP,7473,0.019
DPEP2,1042,0.019
ENSG00000224301,116,0.019
ENSG00000289480,5122,0.019
ENSG00000287236,1558,0.019
SOX10,6253,0.019
PDLIM4,6409,0.019
ENSG00000230650,2753,0.019
ENSG00000288835,1672,0.019
SUFU,7475,0.0189
ENSG00000285632,6067,0.0189
CSPG4BP,1172,0.0189
LINC01847,5638,0.0189
NFE2L1-DT,5945,0.0189
ENSG00000254757,6097,0.0189
TMOD4,6747,0.0189
LINC03047,6805,0.0189
RGPD2,5394,0.0189
GLUD1P2-1,6726,0.0189
SLC1A6,4156,0.0189
PIGL,7541,0.0189
NF1P8,2985,0.0189
DPPA4,1533,0.0189
PCDH12,5594,0.0189
ENSG00000288685,5192,0.0189
WDR5-DT,3146,0.0189
ENSG00000265656,5991,0.0189
ENSG00000243696,5648,0.0189
RPL12P11,75,0.0189
ENSG00000248235,2693,0.0189
ARHGEF15,921,0.0189
PTPRG-AS1,7343,0.0188
NCK1-DT,7385,0.0188
ENSG00000253385,1725,0.0188
TBC1D22B,7495,0.0188
FHIP1A-DT,3492,0.0188
ENSG00000289875,2817,0.0188
RN7SL265P,178,0.0188
LINC01410,4237,0.0188
URB1-AS1,6579,0.0188
HTT,7595,0.0188
PCGF1,7307,0.0188
CNPY1,5170,0.0188
RHEBP3,1091,0.0188
ZNF521,7277,0.0188
ENSG00000287667,138,0.0188
ENSG00000283544,5085,0.0188
CNGB1,5773,0.0188
AHCYL2,7616,0.0188
APOBEC2,5882,0.0188
ZNF446,7126,0.0188
LINC02831,5049,0.0187
ENSG00000270933,1303,0.0187
ENSG00000249803,5639,0.0187
ENSG00000287851,2909,0.0187
ENSG00000272092,3502,0.0187
ENSG00000273760,2125,0.0187
ENSG00000287872,1250,0.0187
ZNF180,7364,0.0187
ENSG00000228434,7312,0.0187
MTCO1P4,60,0.0187
NRK,4455,0.0187
HSD17B2,6861,0.0187
ENSG00000223720,4491,0.0187
SND1-DT,4719,0.0187
LINC02948,2849,0.0187
ITGAL,5426,0.0187
TRPC5,6459,0.0187
PTMAP3,88,0.0187
ENSG00000248335,1323,0.0187
ACY3,2659,0.0187
RAB4B-EGLN2,4383,0.0186
WDR83,7184,0.0186
MRLN,5607,0.0186
SERPINE2,7635,0.0186
ENSG00000224643,3952,0.0186
SH2D2A,6072,0.0186
ENSG00000289278,280,0.0186
ENSG00000288752,6722,0.0186
CAMTA1-DT,5433,0.0186
ENSG00000247810,2979,0.0186
PPP2R1B,7555,0.0186
RPS2P48,134,0.0186
ENSG00000260963,904,0.0186
TNRC18P3,1128,0.0186
ARHGDIG,2526,0.0186
ENSG00000251584,5049,0.0186
LINC02932,6824,0.0186
LINC01397,6095,0.0186
CDIP1,7209,0.0186
HOXA-AS2,6974,0.0186
ENSG00000286638,5142,0.0185
PRDM14,4335,0.0185
LINC01770,1692,0.0185
ENSG00000272209,1892,0.0185
ENSG00000196395,181,0.0185
EIF2S3B,5518,0.0185
ENSG00000251076,3829,0.0185
ENSG00000248458,3461,0.0185
CES3,6446,0.0185
CFAP157,4993,0.0185
STAM-DT,6557,0.0185
LINC02469,572,0.0185
TSPAN18-AS1,1991,0.0185
EGFR-AS1,5185,0.0185
ENSG00000262456,4470,0.0185
ENSG00000289622,2909,0.0185
GPN1,7388,0.0185
NOL10,7582,0.0185
ANKRD6,7364,0.0185
SRRD,7307,0.0185
CCDC195,2913,0.0185
ENSG00000259314,5799,0.0185
HSPD1P1,5286,0.0185
ENSG00000271573,47,0.0184
ERP44,7624,0.0184
COL14A1,6924,0.0184
ENSG00000290879,5617,0.0184
ZNF35,7338,0.0184
ENSG00000267523,7008,0.0184
PDXP,7284,0.0184
GCKR,5883,0.0184
ENSG00000233415,304,0.0184
ENSG00000236408,391,0.0184
SHISA9,7013,0.0184
ASB4,6353,0.0184
ENSG00000235281,3215,0.0184
RPS3AP5,2820,0.0184
DEFB121,40,0.0184
FREM3,5643,0.0184
PM20D2,7363,0.0184
CAMTA2-AS1,374,0.0184
CACNA1B,7059,0.0184
TNFSF14,6360,0.0184
RPL12P12,1888,0.0184
DDX19A,7478,0.0183
EPHA5,7290,0.0183
WDR89,7407,0.0183
DCTN6-DT,6970,0.0183
LINC01193,1894,0.0183
ENSG00000235426,6267,0.0183
PGM5P4,478,0.0183
ENSG00000236255,7416,0.0183
ENSG00000241345,1247,0.0183
ZNF614,7342,0.0183
FASLG,690,0.0183
ENSG00000286352,1126,0.0183
HAGLR,5984,0.0183
LINC01020,2632,0.0183
GNAT3,5731,0.0183
EEF1DP4,690,0.0183
FAM86B1,3130,0.0183
RPS4XP3,514,0.0183
ENSG00000237921,258,0.0183
ENSG00000226664,559,0.0183
ESPNP,2875,0.0183
GHRHR,2446,0.0182
FRG1EP,4876,0.0182
ENSG00000287702,1106,0.0182
DSPP,342,0.0182
BBOX1,6239,0.0182
CTXND2,2665,0.0182
GOLGA2P11,3844,0.0182
ENSG00000258674,1416,0.0182
MUC12-AS1,4556,0.0182
RB1CC1,7630,0.0182
ENSG00000280211,3337,0.0182
ADAMTS4,6026,0.0182
ENSG00000236724,2188,0.0182
GRM3-AS1,3593,0.0182
FITM2,7367,0.0182
LINC00305,1021,0.0182
LINC01956,5455,0.0182
ENSG00000236528,6508,0.0182
ZNF652-AS1,4761,0.0182
ENSG00000291210,7119,0.0182
ENSG00000214243,860,0.0182
SHOX,1211,0.0182
ENSG00000269179,6897,0.0182
THRAP3P1,1822,0.0182
ENSG00000273355,2635,0.0181
ACP4,3963,0.0181
KMT2CP4,136,0.0181
TMIGD2,1970,0.0181
ENSG00000289223,5341,0.0181
Y_RNA-65,2855,0.0181
ENSG00000250455,1227,0.0181
ENSG00000263301,3777,0.0181
MAFA,5799,0.0181
GOLGA2P5,6650,0.0181
GIP,4416,0.0181
BLTP3B,7597,0.0181
ENSG00000273314,4520,0.0181
LINC01201,606,0.0181
SLC10A6,5564,0.0181
ASAP1,7641,0.0181
PHACTR2-AS1,3494,0.0181
ENSG00000260927,7179,0.0181
PCDH10,6584,0.0181
ENSG00000249742,2809,0.018
ENSG00000237126,5842,0.018
PGAP4,6510,0.018
LINC02154,7358,0.018
ANGPTL3,4933,0.018
VIPAS39,7411,0.018
ENSG00000289592,1991,0.018
ASRGL1,7168,0.018
ENSG00000261532,993,0.018
ENSG00000289168,2523,0.018
LINC01857,2439,0.018
ALKBH4,7323,0.018
ASNSP1-1,1641,0.018
MKRN3,7240,0.0179
C18orf21,7340,0.0179
MIOX,2152,0.0179
ENSG00000259201,6755,0.0179
LINC02238,925,0.0179
ENSG00000223884,6224,0.0179
ENSG00000279142,1224,0.0179
ENSG00000238258,3488,0.0179
TMEM17,6361,0.0179
HESX1,7011,0.0179
ENSG00000254092,5954,0.0179
RNU5D-1,85,0.0179
ENSG00000273210,615,0.0179
ATRIP,7337,0.0179
SDR42E1,3802,0.0179
FAM78A,5264,0.0179
ENSG00000243885,1507,0.0179
RNASEH2B-AS1,6208,0.0179
ENSG00000270075,4893,0.0179
FAM86C1P,6223,0.0179
SSC4D,6366,0.0178
EEF1A1-AS1,6532,0.0178
LINC02270,1380,0.0178
TMEM275,821,0.0178
ENSG00000286103,1764,0.0178
POLR2G,7345,0.0178
SCARA5,6512,0.0178
ENSG00000269035,1482,0.0178
ENSG00000272463,2739,0.0178
MIR155HG,6462,0.0178
ENSG00000278041,2829,0.0178
EIF5AL1,7042,0.0178
ENSG00000286647,147,0.0177
ENSG00000257004,5454,0.0177
ENSG00000289261,3536,0.0177
CCDC144A,6693,0.0177
ENSG00000265194,2726,0.0177
ENSG00000239670,230,0.0177
ENSG00000266573,5635,0.0177
SLC44A4,6365,0.0177
ENSG00000285639,6650,0.0177
NKX3-2,1863,0.0177
ENSG00000233571,6132,0.0177
ENSG00000254979,5728,0.0177
KCNJ15,5425,0.0177
TM4SF4,6303,0.0177
ENSG00000283849,3373,0.0177
ENSG00000288049,1511,0.0177
NLRP5,4623,0.0177
CRX,1367,0.0176
DNLZ,7127,0.0176
Y_RNA-127,128,0.0176
SPTSSB,4799,0.0176
ENSG00000268655,1009,0.0176
ENSG00000273455,4565,0.0176
SSBL4P,4646,0.0176
B4GALT1,7608,0.0176
ENSG00000214546,2523,0.0176
ENSG00000285596,7191,0.0176
TIMM8B,7306,0.0176
SYCP1,4195,0.0176
ENSG00000254878,797,0.0176
CNNM1,7006,0.0176
MAST3-AS1,5707,0.0176
URB1,7507,0.0176
RAB3C,6678,0.0176
ANKK1,5097,0.0176
RDH8,962,0.0175
ENSG00000255252,6842,0.0175
ENSG00000254031,4735,0.0175
VDAC1P1,2622,0.0175
ENSG00000287576,6067,0.0175
ENSG00000236837,703,0.0175
ENSG00000254833,1845,0.0175
ATP2A1,7301,0.0175
ENSG00000285860,1084,0.0175
MAGOH-DT,6074,0.0175
STAU2-AS1,4252,0.0175
SYNPO2L,3312,0.0175
RN7SL107P,75,0.0175
CPLX2,6832,0.0175
ENSG00000288873,6273,0.0175
GAL3ST4,6305,0.0175
KRT24,110,0.0175
ENSG00000287129,7002,0.0175
GNGT2,750,0.0174
ENSG00000289496,5089,0.0174
ENSG00000224079,2134,0.0174
GSTA1,130,0.0174
IGSF6,5912,0.0174
SEPTIN7P11-1,3834,0.0174
ENSG00000214970,3046,0.0174
MAGEA3,2800,0.0174
ENSG00000267220,2224,0.0174
ENSG00000237669,2133,0.0174
CDADC1,7431,0.0174
ENSG00000234286,1111,0.0174
SNAI2,6867,0.0174
ENSG00000250869,4621,0.0174
KAT7P1,239,0.0174
ENSG00000224322,6718,0.0174
ENSG00000254664,1351,0.0174
NPM1P21,6419,0.0174
NPM1P24,6567,0.0174
GPX7,2741,0.0174
ENSG00000286216,5450,0.0174
TMEM37,3567,0.0174
TMEM51-AS2,6609,0.0174
RGS10,7338,0.0173
TRIM58,4988,0.0173
AKR1D1,5675,0.0173
EXO5,6523,0.0173
USB1,7329,0.0173
ENSG00000286003,3788,0.0173
ENSG00000291201,7285,0.0173
ENSG00000235215,1081,0.0173
GNG5B,23,0.0173
HECW2-AS1,3659,0.0173
MAP6D1,6834,0.0173
ENSG00000258529,2345,0.0173
TACSTD2,6965,0.0173
ENSG00000228133,71,0.0173
ADAM29,3351,0.0173
LINC01768,4163,0.0173
ENSG00000250775,2192,0.0173
SOX18,2560,0.0173
MRPS35-DT,6100,0.0173
ENSG00000232721,1207,0.0173
TMEM253,5434,0.0173
MTF2,7561,0.0172
NUDT4,7594,0.0172
ENSG00000228172,6422,0.0172
ENSG00000261831,2338,0.0172
LINC00958,6925,0.0172
GLYATL3,4610,0.0172
RAB39A,6288,0.0172
FAM185BP,7291,0.0172
ENSG00000225794,4735,0.0172
YARS2,7513,0.0172
ENSG00000232451,5110,0.0172
ALPL,4200,0.0172
ENSG00000261242,4555,0.0172
MRPS36,7434,0.0172
THORLNC,6959,0.0172
GJD3-AS1,3939,0.0172
SP2-DT,6887,0.0172
ENSG00000289520,6533,0.0172
APCDD1,6283,0.0172
TMEM11,7318,0.0172
ENSG00000225325,3213,0.0172
RN7SL2,6996,0.0171
ENSG00000228170,5650,0.0171
HCP5B,652,0.0171
GSTA4,7073,0.0171
TRIM7-AS1,6367,0.0171
PAFAH1B2P1,218,0.0171
SNORD13,5422,0.0171
C2CD2L,7219,0.0171
INKA1,3144,0.0171
COL5A3,7162,0.0171
RPS8P4,1926,0.0171
RHOD,6618,0.0171
CIRBP-AS1,3096,0.0171
OR1B1,4040,0.0171
MED14OS,3317,0.0171
LINC02594,3038,0.0171
RPL23AP1,4886,0.0171
ENSG00000280122,1174,0.0171
NLRP8,2824,0.017
GATC,7437,0.017
ENSG00000229190,4659,0.017
PLCE1-AS1,1393,0.017
LEP,1527,0.017
SLC25A13,7569,0.017
RPL23AP43,385,0.017
MROH1,7585,0.017
ENSG00000267062,5874,0.017
BORCS5,7422,0.017
ENSG00000285856,4005,0.017
PI15,6019,0.017
ENSG00000268985,707,0.017
ENSG00000236319,1925,0.017
Y_RNA-382,4157,0.017
TRMT12,7089,0.017
ENSG00000287757,1427,0.017
ENSG00000286656,4654,0.017
SLC5A4,6266,0.017
ENSG00000289002,1627,0.017
ENSG00000291026,649,0.017
IGF2R,7636,0.017
ENSG00000285677,7149,0.017
DUSP13,1796,0.017
CPEB1-AS1,5856,0.017
CARNS1,3410,0.017
ENSG00000257359,3660,0.017
GTF3C6P1,645,0.017
PARP4P2,5900,0.017
KIF5A,7160,0.017
POU2AF2,1456,0.017
ENSG00000264339,3240,0.017
DPY19L2P2-1,6414,0.0169
SDHAF4,7373,0.0169
FAM21FP,2652,0.0169
ENSG00000260698,3002,0.0169
ENSG00000289903,249,0.0169
ENSG00000272428,904,0.0169
HMGB1P29,321,0.0169
ENSG00000289340,4286,0.0169
EVC2,6510,0.0169
ENSG00000235419,6787,0.0169
SFRP5,1099,0.0169
ENSG00000213777,3705,0.0169
HIGD1B,3526,0.0169
ZNF575,6377,0.0169
ENSG00000271980,5146,0.0169
TIAM1-AS1,1959,0.0169
SHROOM3-AS1,6691,0.0169
ENSG00000236536,1601,0.0169
ENSG00000285655,5524,0.0169
ENSG00000236864,65,0.0169
CCDC88C-DT,1019,0.0169
RIMBP2,7316,0.0169
SNHG19,7169,0.0169
DOP1B,7508,0.0169
ENSG00000279526,178,0.0169
ENSG00000284377,4016,0.0169
ARRDC2,7461,0.0168
ENSG00000276454,424,0.0168
ASPN,5804,0.0168
CEP19,6963,0.0168
UAP1-DT,728,0.0168
CALY,3805,0.0168
LINC02925,5922,0.0168
ENSG00000275106,2745,0.0168
LINC01710,711,0.0168
ZMAT1,6955,0.0168
ENSG00000287525,340,0.0168
MAGEA10,4986,0.0168
ENSG00000283769,20,0.0168
AR,7109,0.0168
ENSG00000231876,708,0.0168
WFIKKN1,5384,0.0168
ACSM6,5016,0.0168
DDB1,7616,0.0168
ENSG00000271825,1651,0.0168
ENSG00000289241,461,0.0168
LINC02185,1743,0.0168
ERMN,1164,0.0168
XKR3,1673,0.0167
TMEM212,5201,0.0167
ENSG00000237862,3417,0.0167
SLC24A4,5539,0.0167
CD5L,5657,0.0167
DIS3L,7366,0.0167
ENSG00000262528,1462,0.0167
HAPLN4,1712,0.0167
BTLA,5816,0.0167
ENSG00000278923,130,0.0167
ENSG00000286390,729,0.0167
CLC,123,0.0167
GSN-AS1,3594,0.0167
ENSG00000261451,4193,0.0167
UBE3B,7475,0.0167
HDAC11-AS1,3524,0.0167
SLC6A1,2598,0.0167
ACSBG2,5375,0.0167
ENSG00000286004,2105,0.0167
ENSG00000284969,6403,0.0167
ZSWIM7,7377,0.0166
LINC02846,2642,0.0166
ENSG00000285784,5574,0.0166
ECSCR,5449,0.0166
ANGPT4,2553,0.0166
ENSG00000285212,3196,0.0166
ENSG00000267417,1100,0.0166
CCDC22,7249,0.0166
PPP3CA,7641,0.0166
ENSG00000263982,4534,0.0166
ACTG1P17,7027,0.0166
KDR,3248,0.0166
LINC03009,6812,0.0166
ENSG00000227033,6261,0.0166
ENSG00000277693,7370,0.0166
ADCY2,6528,0.0166
MGST1,7593,0.0166
ENSG00000286521,3770,0.0166
ENSG00000269949,3592,0.0166
TAF4,7575,0.0166
ENSG00000285584,4499,0.0165
ENSG00000289860,3959,0.0165
ENSG00000232120,2427,0.0165
GJD4,1765,0.0165
ENSG00000286836,6617,0.0165
ZNF552,7285,0.0165
CCDC65,7256,0.0165
MORN4,7322,0.0165
PPIAP33,159,0.0165
CYP3A4,2390,0.0165
ENSG00000289451,1256,0.0165
STEAP3-AS1,6966,0.0165
ENSG00000265844,3208,0.0165
RPS18P9,7322,0.0165
PSG3,1282,0.0165
ENSG00000240040,638,0.0165
CYB561D1,7347,0.0165
COX10,7509,0.0165
CCDC172,1436,0.0165
ENSG00000244676,4795,0.0165
BBS5,7256,0.0165
TMBIM6,7633,0.0165
ENSG00000230668,911,0.0165
DPP10,7492,0.0165
MRPL23,7226,0.0165
CHKA-DT,4582,0.0164
ENSG00000276542,657,0.0164
TBC1D7,7440,0.0164
ENSG00000264813,2750,0.0164
RBM5,7616,0.0164
LPO,5781,0.0164
ENSG00000285896,418,0.0164
SOX1-OT,947,0.0164
IFT46,7296,0.0164
MEF2A,7641,0.0164
ENSG00000253330,413,0.0164
LINC02894,3489,0.0164
ENSG00000272639,693,0.0164
PCSEAT,938,0.0164
DHX9P1,1352,0.0164
HPN-AS1,5727,0.0164
ADIG,4147,0.0164
ENSG00000282033,85,0.0164
DYM-AS1,5376,0.0164
ENSG00000286034,6695,0.0164
RPL23P10,133,0.0164
ENSG00000288899,7477,0.0164
ENSG00000285731,6976,0.0164
ENSG00000233288,345,0.0164
ENSG00000258811,1812,0.0164
ENSG00000225680,5129,0.0163
ENSG00000229817,1104,0.0163
CASP6,7331,0.0163
DDN,5486,0.0163
UBQLN1,7629,0.0163
TFAP2A-AS1,6711,0.0163
TSPAN14-AS1,4136,0.0163
CRYGA,83,0.0163
ZNF620,7303,0.0163
RPL34P6,1499,0.0163
SPINK4,4833,0.0163
ENSG00000263620,3820,0.0163
ENSG00000260185,5111,0.0163
ENSG00000281566,6215,0.0163
ENSG00000234567,1499,0.0163
CTC1,7325,0.0163
LY6G5C,5557,0.0163
RPL37P11,21,0.0163
SRSF6P2,2316,0.0163
LRRC31,3020,0.0163
ENSG00000259519,6030,0.0163
ENSG00000260604,3402,0.0163
ENSG00000256149,1861,0.0163
ENSG00000273295,6123,0.0163
ENSG00000274315,3899,0.0163
ENSG00000287284,4101,0.0163
ISL1,5541,0.0163
REX1BD,7291,0.0163
ENSG00000232465,607,0.0163
ENSG00000253334,6139,0.0163
ENSG00000253775,2320,0.0163
DNPEP,7503,0.0162
TRA2A,7639,0.0162
MUC21,824,0.0162
POP5,7237,0.0162
ENSG00000254695,2899,0.0162
GJA3,6723,0.0162
ENSG00000272516,493,0.0162
ABCC6,6990,0.0162
LINC02383,767,0.0162
CDIPTOSP,4266,0.0162
ENSG00000268673,152,0.0162
MIMT1,231,0.0162
ENSG00000291181,2630,0.0162
CDO1,4340,0.0162
COL9A2,4790,0.0162
RNU6-79P,2757,0.0162
ENSG00000256442,224,0.0162
ERICH4,4963,0.0162
CYB5R2,5808,0.0162
ODAD1,6456,0.0162
SLC40A1,6695,0.0162
EXOC3-AS1,6971,0.0162
BMPR2,7640,0.0162
ENSG00000285220,6814,0.0162
GDF5,5993,0.0162
BPIFC,3836,0.0162
ZNF177,7143,0.0162
KIFBP,7463,0.0161
ARHGAP4,7326,0.0161
ENSG00000287508,4245,0.0161
ENSG00000286606,1512,0.0161
A2ML1,5604,0.0161
ENSG00000224698,165,0.0161
DDX18P4,99,0.0161
MTCYBP32,3342,0.0161
FUT10,7477,0.0161
ENSG00000269307,553,0.0161
UBR5-DT,7040,0.0161
ADI1P2,64,0.0161
HPSE2,6934,0.0161
NPIPB9,5039,0.0161
PRR11-AS1,3631,0.0161
FIZ1,7268,0.0161
LINC02918,6331,0.0161
AKAP10,7602,0.0161
ENSG00000279069,6330,0.0161
LINC00572,110,0.0161
AFMID,7510,0.0161
EIF3KP1,633,0.0161
ENSG00000289206,1321,0.0161
ENSG00000230387,1394,0.016
LINC00636,6445,0.016
MT-TP,2984,0.016
C15orf40,7361,0.016
CYBRD1,7389,0.016
TCP11,2056,0.016
ENSG00000265218,5287,0.016
LINC00930,1257,0.016
BMS1P10,1729,0.016
ENSG00000261191,5341,0.016
ENSG00000274528,4409,0.016
ENSG00000258177,1282,0.016
IRX5,6759,0.0159
ENSG00000217702,6967,0.0159
ENSG00000255375,822,0.0159
TRIM68,6856,0.0159
ENSG00000224814,5337,0.0159
LINC02098,2546,0.0159
NMRAL1,7391,0.0159
DPF1,6813,0.0159
ENSG00000271737,5082,0.0159
NIPA2,7454,0.0159
TRIM7,6964,0.0159
OLIG2,984,0.0159
ENSG00000256196,5821,0.0159
PRICKLE2-DT,168,0.0159
DIAPH3-AS1,6243,0.0159
ENSG00000287063,1328,0.0159
MAGEB2,4856,0.0159
RAB28,7574,0.0159
ENSG00000253123,307,0.0159
MZB1,2990,0.0159
PI4KA,7578,0.0159
NCBP1,7480,0.0159
CRMP1,7303,0.0159
ENSG00000236234,6092,0.0159
NPY6R,2172,0.0159
JMJD7-PLA2G4B,1418,0.0159
LINC01215,3776,0.0159
ENSG00000285826,2717,0.0159
ENSG00000267024,3761,0.0159
MEX3D,7367,0.0159
FOXL2,2540,0.0158
ENSG00000286480,7104,0.0158
ENSG00000253865,1374,0.0158
CAMK1,7103,0.0158
ENSG00000290114,4120,0.0158
ENSG00000258428,5426,0.0158
TNS1-AS1,1351,0.0158
LINC02617,478,0.0158
FAM220A,7361,0.0158
ENSG00000263272,7006,0.0158
HAR1A,4128,0.0158
ZNF528,6917,0.0158
ENSG00000286420,1416,0.0158
ENSG00000250421,5966,0.0158
ENSG00000286732,1675,0.0158
ENSG00000288002,5193,0.0158
TULP4,7632,0.0158
CDH7,6146,0.0158
ENSG00000287967,1243,0.0158
MSH3,7596,0.0158
ENSG00000234953,3700,0.0158
ENSG00000259242,1742,0.0157
DNAJC5B,3449,0.0157
ZNF286B,7228,0.0157
TRAPPC4,7341,0.0157
RHOH,7008,0.0157
ENSG00000253102,1526,0.0157
LINC01814,7029,0.0157
ENSG00000260046,1694,0.0157
MIX23,7460,0.0157
MYLK3,7239,0.0157
TMEM31,999,0.0157
ATP6AP1L,7489,0.0157
ENSG00000289196,3096,0.0157
RPL4P2,1854,0.0157
ENSG00000283973,4168,0.0157
LINC01563,1266,0.0157
TBXA2R,5098,0.0157
ENSG00000284858,1588,0.0157
FBH1,7572,0.0157
ENSG00000286696,293,0.0157
TF,6997,0.0157
ENSG00000234848,4831,0.0157
PPM1L-DT,2592,0.0157
RNU6-314P,75,0.0157
SOGA3,7244,0.0156
ENSG00000288913,3118,0.0156
BNIPL,7248,0.0156
ENSG00000264058,4603,0.0156
C1orf167,5685,0.0156
ENSG00000287286,4775,0.0156
ENSG00000288879,4495,0.0156
ANKLE1,5166,0.0156
RPL7P9,5119,0.0156
ENSG00000262020,5085,0.0156
EIF4A2P3,3789,0.0156
ENSG00000254812,6296,0.0156
PRR7,7293,0.0156
ENSG00000219445,992,0.0156
ENSG00000285902,6402,0.0156
BMP7,7242,0.0156
LINC01902,1837,0.0156
SLCO4A1-AS2,1891,0.0156
VPS33B-DT,5212,0.0156
LINC02335,5398,0.0156
ENSG00000285948,6727,0.0156
TUBA3D,1987,0.0156
ALDH1L1-AS2,1978,0.0155
ATXN7L3,7493,0.0155
MRPS31P5,657,0.0155
CD6,4468,0.0155
ENSG00000272936,5493,0.0155
Metazoa_SRP-12,2837,0.0155
DUSP15,6280,0.0155
MSANTD7,7044,0.0155
ADGRF5,5152,0.0155
ENSG00000285529,1018,0.0155
ENSG00000264125,4126,0.0155
C16orf92,451,0.0155
ENSG00000254039,5823,0.0155
ENSG00000254786,493,0.0155
SHISA4,6862,0.0155
ENSG00000287462,1224,0.0155
ACKR4,6558,0.0155
PPP1R27,3841,0.0155
LINC01579,6911,0.0154
BARHL2,424,0.0154
ENSG00000231204,5363,0.0154
ENSG00000267219,6718,0.0154
ZBTB46-AS1,3837,0.0154
ENSG00000232949,5457,0.0154
ENSG00000234917,3305,0.0154
METTL13,7365,0.0154
ENSG00000234703,110,0.0154
KLK7,4460,0.0154
ENSG00000260381,3632,0.0154
STX11,6894,0.0154
SEPTIN7P1,1320,0.0154
GNAT2,6312,0.0154
ENSG00000254754,68,0.0154
BANF2,1612,0.0154
RPAP2,7592,0.0154
LINC02237,6028,0.0154
IQCA1-AS1,541,0.0154
RN7SL382P,469,0.0154
ENSG00000287305,1509,0.0153
ENSG00000287237,998,0.0153
DQX1,5916,0.0153
HIRIP3,7337,0.0153
HINT2,7180,0.0153
LINC01560,6770,0.0153
LINC02021,6802,0.0153
INSM1,1314,0.0153
ENSG00000213590,6269,0.0153
SLC2A2,2982,0.0153
ENSG00000251867,5138,0.0153
SIRLNT,6479,0.0153
MINDY4B,1153,0.0153
EDA2R,6407,0.0153
LINC00499,5727,0.0153
ENSG00000259119,408,0.0153
ENSG00000241219,5193,0.0153
ENSG00000288105,1929,0.0153
GPAM,7365,0.0153
NFRKB,7576,0.0153
ENSG00000261369,6364,0.0152
PTMAP4,3453,0.0152
RPS3AP22,467,0.0152
WNK3,7207,0.0152
PRKCA,7640,0.0152
TBX18-AS1,2409,0.0152
SHLD2P3,6546,0.0152
ABHD14A,6944,0.0152
A2ML1-AS1,7041,0.0152
ENSG00000273419,1260,0.0152
DEUP1,4728,0.0152
FRRS1L,4737,0.0152
ENSG00000272864,1523,0.0152
SLC41A3-AS1,5029,0.0152
ENSG00000226084,3775,0.0152
LINC01943,4950,0.0152
OPN1LW,435,0.0152
ENSG00000285847,6571,0.0152
ENSG00000255038,5902,0.0152
CDK20,6489,0.0152
SLC2A8,7144,0.0152
CALCA,6403,0.0152
TRIM45,6738,0.0152
ENSG00000259177,6191,0.0152
PARTICL,5659,0.0151
MMP2-AS1,1007,0.0151
RRAD,6812,0.0151
NOL9,7441,0.0151
NOL12,6611,0.0151
ENSG00000288857,4410,0.0151
RPL26P13,1050,0.0151
TBC1D24,7349,0.0151
MICALL2-DT,2941,0.0151
ENSG00000243389,7181,0.0151
SMG7-AS1,5261,0.0151
SMIM28,1094,0.0151
ENOX2,7476,0.0151
ENSG00000228251,5216,0.0151
ENSG00000225311,6263,0.0151
ENSG00000258642,96,0.0151
JCADP1,266,0.0151
KAZALD1,7140,0.0151
EML4,7628,0.0151
C5AR2,2611,0.0151
EVL,7512,0.0151
ENSG00000283392,1256,0.0151
ENSG00000285934,1230,0.0151
MADD-AS1,995,0.015
ZNF77,7153,0.015
ENSG00000214347,4398,0.015
HMGCLL1,5073,0.015
RPL13AP20,3345,0.015
ENSG00000285829,2541,0.015
METTL18,7049,0.015
SNPH,7312,0.015
ENSG00000270182,310,0.015
ENSG00000225489,6239,0.015
LINC02192,579,0.015
SMARCAL1-AS1,2173,0.015
TMEM82,2660,0.015
ZNF382,6953,0.015
SLC7A5,7561,0.015
ENSG00000234425,724,0.015
ENSG00000264212,107,0.015
LIPC,6376,0.015
TGFBR3L,5652,0.0149
ENSG00000224746,7324,0.0149
ENSG00000289033,1403,0.0149
ENSG00000263331,2798,0.0149
ENSG00000249052,751,0.0149
C10orf55,6231,0.0149
B4GALT3,7337,0.0149
ENSG00000263809,3419,0.0149
ENSG00000258772,2363,0.0149
ENSG00000286244,6980,0.0149
LRRC3C,6010,0.0149
ENSG00000276867,2243,0.0149
YWHAZP5,5087,0.0149
FAM66C,6545,0.0149
ENSG00000261872,1654,0.0149
MYOZ3,5291,0.0149
C15orf61,7146,0.0149
ENSG00000257410,4980,0.0149
MTCH1P2,5294,0.0149
GLTPD2,630,0.0149
SFTA2,3687,0.0148
ETNK2,7005,0.0148
ENSG00000244650,1189,0.0148
ENSG00000273080,6570,0.0148
CYB5D2,7429,0.0148
PDZK1,6932,0.0148
ENSG00000226990,4406,0.0148
ENSG00000239686,206,0.0148
LINC01591,3480,0.0148
ENSG00000235979,7211,0.0148
ENSG00000286550,5494,0.0148
DAP-DT,4375,0.0148
ENSG00000272842,3111,0.0148
CDK5R1,6990,0.0148
SERPINF1,6459,0.0148
ENSG00000265055,3160,0.0148
ENSG00000289597,53,0.0148
OSTM1-AS1,3448,0.0148
C6orf89,7459,0.0148
ENSG00000279349,822,0.0147
STRC,5244,0.0147
NME2P1,326,0.0147
ZNF606,6873,0.0147
RPL21P34,574,0.0147
GNRHR2,6393,0.0147
PEX5L-AS2,1346,0.0147
LINC00407,4570,0.0147
ENSG00000261487,5850,0.0147
ENSG00000277383,3317,0.0147
ENSG00000272541,381,0.0147
ENSG00000189229,7543,0.0147
ENSG00000289030,6074,0.0147
VCX3B,439,0.0147
ENSG00000286843,227,0.0147
GOLGA2P5-1,7065,0.0147
SCN10A,3875,0.0147
ENSG00000254444,5783,0.0147
ENSG00000259589,7016,0.0147
OSBPL11,7444,0.0147
ENSG00000262003,2821,0.0146
ENSG00000269947,6262,0.0146
LINC00575,2460,0.0146
ZNF300P1-1,648,0.0146
HNRNPA3P10,2592,0.0146
GULOP,4750,0.0146
PFN1P6,124,0.0146
RAB39B,4578,0.0146
USP12-AS1,6061,0.0146
AMBRA1,7631,0.0146
ENSG00000275740,7271,0.0146
SMC5,7639,0.0146
Metazoa_SRP-55,38,0.0146
TMEM161A,7295,0.0145
TPTE2P1,3944,0.0145
TMEM121B,3073,0.0145
ENSG00000271763,3786,0.0145
ADAD1,1586,0.0145
ENSG00000264078,4820,0.0145
SLC22A11,1752,0.0145
ENSG00000232667,4386,0.0145
LINC00242,676,0.0145
ENSG00000251170,4112,0.0145
ENSG00000257294,61,0.0145
ENSG00000277290,1891,0.0145
ENSG00000259556,6911,0.0145
TSPAN7,6708,0.0145
LINC01424,4687,0.0145
PRPH,4027,0.0144
ENSG00000235537,2009,0.0144
ERCC2,7303,0.0144
ACTRT3,4560,0.0144
ENSG00000228510,3379,0.0144
ENSG00000263917,5485,0.0144
EPB41L1-AS1,3099,0.0144
ZNF729,782,0.0144
ENSG00000241921,750,0.0144
PFKM,7342,0.0144
PSMC3,7461,0.0144
CARMIL2,6523,0.0144
ENSG00000253675,4285,0.0144
CTRL,5457,0.0143
ENSG00000254991,3554,0.0143
FCGR2B,397,0.0143
RAB25,6062,0.0143
FIS1,7425,0.0143
IGF2BP2-AS1,7030,0.0143
MARK3P3,59,0.0143
DIAPH3-AS2,4921,0.0143
LINC00891,84,0.0143
LINC01843,3890,0.0143
EEF1A1P17,370,0.0143
FEZF1-AS1,4272,0.0143
LINC02952,418,0.0143
ENSG00000273004,5265,0.0143
SNRNP27,7441,0.0143
ACYP1,7348,0.0143
ENSG00000257256,5824,0.0143
RN7SL711P,673,0.0143
ENSG00000287636,3129,0.0142
ENSG00000224500,501,0.0142
ENSG00000228981,683,0.0142
TRPT1,7288,0.0142
LINC02099,6267,0.0142
ENSG00000290397,3169,0.0142
ENSG00000286373,5733,0.0142
ENSG00000255558,3843,0.0142
C3orf86P,4839,0.0142
ENSG00000279286,1963,0.0142
ENSG00000283515,7452,0.0142
ENSG00000287489,648,0.0142
DHRS4L1,6472,0.0142
SUB1P4,62,0.0142
GUSBP16,4854,0.0142
ENSG00000288005,1410,0.0142
GNA14-AS1,5204,0.0142
EIF2AK3-DT,6347,0.0142
ENSG00000248145,2014,0.0142
ENSG00000282221,1805,0.0142
SLF2,7599,0.0142
ENSG00000260296,6456,0.0142
CAPN10-DT,7046,0.0142
POU2F2-AS1,2218,0.0142
ENSG00000229797,654,0.0142
ENSG00000279386,912,0.0141
PELP1-DT,2743,0.0141
TEX48,3275,0.0141
OR10H5,547,0.0141
ENSG00000224174,41,0.0141
CLCN4,7066,0.0141
CAPZA1P5,53,0.0141
TTLL1-AS1,3659,0.0141
HMGB1P10,6643,0.0141
ENSG00000227399,1395,0.0141
WHSC1L2P,3479,0.0141
ENSG00000206898,689,0.0141
ENSG00000291242,3687,0.0141
FGFBP2,1067,0.0141
HS3ST2,5131,0.0141
ENSG00000228021,2980,0.0141
ZNF709,3417,0.0141
PIGS,7392,0.0141
ENSG00000229044,6609,0.0141
MRTFA,7634,0.0141
ENSG00000286040,3498,0.0141
LYG2,4335,0.0141
ENSG00000237234,3120,0.014
NUP54,7571,0.014
ENSG00000290523,6845,0.014
GLE1,7455,0.014
ENSG00000250129,4477,0.014
TRMT2B-AS1,3810,0.014
ENSG00000229750,465,0.014
TCEAL3-AS1,1090,0.014
ENSG00000267968,2369,0.014
CACFD1,7101,0.014
ENSG00000286066,356,0.014
ENSG00000280182,135,0.014
ENSG00000285783,4428,0.014
ENSG00000278593,43,0.014
MRPL27,7420,0.014
SCNN1B,5687,0.014
LARS2-AS1,5772,0.014
ENSG00000285649,3605,0.014
ENSG00000259899,6103,0.014
ENSG00000258050,41,0.014
ENSG00000235523,705,0.014
LINC01963,6244,0.014
ENSG00000286365,1069,0.0139
ENSG00000280310,123,0.0139
C15orf62,4228,0.0139
ENSG00000230563,4718,0.0139
TBCA,7633,0.0139
RNF213-AS1,7501,0.0139
ZNF284,7002,0.0139
LINC00847,6769,0.0139
TMPRSS11A,4797,0.0139
PAICSP7,63,0.0139
SLC26A4-AS1,1986,0.0139
ENSG00000285706,3402,0.0139
ATXN2,7641,0.0139
RPL3P4,4869,0.0139
ENSG00000236920,89,0.0139
CRADD-AS1,6489,0.0139
ENSG00000259945,4579,0.0139
ENSG00000282840,4730,0.0139
TMX2,7584,0.0139
MIR3667HG,7468,0.0139
CYP4F22,3671,0.0138
PDZD3,4969,0.0138
ENSG00000249441,2357,0.0138
NEU3,7432,0.0138
ENSG00000259715,4919,0.0138
METTL21EP,3856,0.0138
GLIPR1-AS1,7204,0.0138
ENSG00000291121,1730,0.0138
C11orf65,7354,0.0138
ENSG00000286443,1398,0.0138
ENSG00000259353,7165,0.0138
ENSG00000248388,6590,0.0138
CEACAMP11,390,0.0138
PLA2G4E,2808,0.0138
TBC1D8-AS1,5594,0.0137
ENSG00000257342,7276,0.0137
C3orf18,6692,0.0137
KLC4,7419,0.0137
CZIB-DT,4200,0.0137
OPN1SW,5516,0.0137
ENSG00000261669,6555,0.0137
RPL31P63,96,0.0137
TBXT,7087,0.0137
ZNF671,5662,0.0137
ZNF837,6334,0.0137
ENSG00000287554,4466,0.0137
HMGN2P25,163,0.0137
ENSG00000279738,6720,0.0137
MAP7-AS1,3203,0.0137
CASTOR1,6752,0.0137
ENSG00000250761,1258,0.0137
ALG13-AS1,6306,0.0137
BCDIN3D-AS1,6326,0.0137
SEPHS1,7382,0.0137
ZNF630,7019,0.0137
HSBP1L1,7128,0.0137
USP30,7437,0.0137
ENSG00000286963,979,0.0137
ENSG00000203496,3273,0.0137
CHRNB4,6061,0.0136
RTL3,218,0.0136
ENSG00000273149,6915,0.0136
EPN2-AS1,6216,0.0136
ENSG00000272030,4140,0.0136
ENSG00000223779,2649,0.0136
ENSG00000233388,249,0.0136
COSMOC,5579,0.0136
ENSG00000251185,3891,0.0136
LINC02843,1892,0.0136
CYP2G1P-1,2790,0.0136
LINC01003,6104,0.0136
ENSG00000279246,4675,0.0136
SMIM21,142,0.0136
ZNF511-PRAP1,6159,0.0136
ENSG00000270036,579,0.0136
LYPD9P,1098,0.0136
MRPL40,7284,0.0136
DOCK8-AS2,4099,0.0135
ENSG00000227197,5234,0.0135
LINC00911,1483,0.0135
RPL5P33,60,0.0135
ENSG00000291258,5835,0.0135
ENSG00000286472,4592,0.0135
ZNF814,7376,0.0135
ENSG00000287476,2271,0.0135
SETP2,1350,0.0135
ENSG00000254409,6780,0.0135
ANK2-AS1,6975,0.0135
KCNAB3,6945,0.0135
ENSG00000285959,1552,0.0135
ENSG00000271670,4820,0.0135
ENSG00000260084,3206,0.0135
ENSG00000271032,4310,0.0135
RFXAP,7241,0.0135
ENSG00000277287,2968,0.0135
LINC01997,665,0.0135
STIMATE,7369,0.0135
CCDC157,7173,0.0134
ENSG00000272892,2709,0.0134
GLT6D1,836,0.0134
ALDH6A1,7376,0.0134
IPMKP1,81,0.0134
SH3BGRL2,7413,0.0134
ENSG00000255506,214,0.0134
PLAAT5,1914,0.0134
ZXDA,6727,0.0134
ENSG00000237529,5054,0.0134
NAPSA,3815,0.0134
UPF3A,7511,0.0134
LINC00687,4283,0.0134
C10orf62,472,0.0134
FBXO34,7612,0.0134
ENSG00000230495,638,0.0134
FAM72A,6674,0.0134
ENSG00000240919,2457,0.0134
ENSG00000270857,405,0.0134
SLC2A9-AS1,1003,0.0133
NAP1L2,3270,0.0133
MMP20,5772,0.0133
ENSG00000235635,5758,0.0133
TMEM273,1393,0.0133
OLR1,6411,0.0133
PAFAH1B2P2,3587,0.0133
TCTN3,7427,0.0133
ZNF19,7296,0.0133
ENSG00000289086,2160,0.0133
ENSG00000278330,2016,0.0133
NPIPB12,6828,0.0133
LINC02261,3155,0.0133
GEMIN6,7261,0.0133
ENSG00000256673,6902,0.0133
AOC3,6602,0.0133
RFC1,7585,0.0133
ENSG00000286101,898,0.0133
TCHHL1,234,0.0133
RPSAP9,460,0.0133
CCR7,1739,0.0133
MRPS16,7396,0.0133
NTF4,3144,0.0132
ADCK1,7213,0.0132
Y_RNA-722,331,0.0132
LYSMD4,7197,0.0132
H4C11,3898,0.0132
ENSG00000254192,732,0.0132
ENSG00000277159,1966,0.0132
ENSG00000257411,2940,0.0132
CATIP-AS2,5987,0.0132
ENSG00000264019,5005,0.0132
ENSG00000234174,323,0.0132
C12orf43,7361,0.0132
ENSG00000285963,1008,0.0132
NBEAP5,5277,0.0132
ENSG00000214942,2976,0.0132
C8B,963,0.0132
ENSG00000227616,3088,0.0132
NAP1L1P3,4241,0.0132
LINC02266,301,0.0132
ENSG00000269155,374,0.0132
PAN3,7640,0.0132
ENSG00000285619,5746,0.0132
ENSG00000285712,3577,0.0132
GPR108,7337,0.0131
ENSG00000285702,1262,0.0131
ENSG00000287918,5837,0.0131
ENSG00000287820,4061,0.0131
LDHAP3,2969,0.0131
POTEH,2633,0.0131
ENSG00000288060,3427,0.0131
ENSG00000254306,1997,0.0131
FBXL3,7594,0.0131
PHF24,2909,0.0131
ENSG00000259322,2492,0.0131
PTGES3P2,185,0.0131
ENSG00000273908,225,0.0131
TMEM80,7255,0.0131
LINC01465,3607,0.0131
ENSG00000289869,1831,0.0131
ENSG00000261924,2685,0.0131
SDAD1,7568,0.0131
ENSG00000232537,4041,0.0131
TICAM2,7481,0.0131
SAP30L,7313,0.0131
RPL21P2,581,0.0131
ZCCHC14-DT,5174,0.0131
PINX1-DT,812,0.0131
MYH13,4351,0.0131
PARL,7536,0.0131
PEAK3,6073,0.013
ENSG00000255931,5549,0.013
GSTA10P,1286,0.013
TRAPPC2L,7331,0.013
GNAS,7640,0.013
ENSG00000259948,1471,0.013
ENSG00000287783,476,0.013
TMEM74,6101,0.013
CDH8-AS1,1839,0.013
ENSG00000235410,3507,0.013
HNRNPRP1,1518,0.013
GPAT4-AS1,7224,0.013
ENSG00000285651,6677,0.013
DLX6-AS1,6165,0.013
LINC02002,393,0.013
ENSG00000272163,1101,0.013
LINC02069,3158,0.013
AJAP1,6146,0.013
ENSG00000240086,7084,0.013
ENSG00000276166,3477,0.013
MYH3,7171,0.013
ENSG00000250532,963,0.013
GP1BB,3696,0.013
PWWP2AP1,310,0.013
KLHL34,169,0.0129
KCND1,6943,0.0129
RNA5SP447,588,0.0129
CIR1P1,346,0.0129
ESYT3,6377,0.0129
DERL2,7419,0.0129
PDXP-DT,6092,0.0129
NSUN5,7323,0.0129
ENSG00000290453,1947,0.0129
ENSG00000290441,3458,0.0129
ENSG00000267007,2678,0.0129
TIMM29,7314,0.0129
LINC01625,2677,0.0129
PPP1R8,7467,0.0129
LINC01788,2926,0.0129
SP140,7016,0.0128
ARFGEF1,7631,0.0128
ENSG00000285848,5535,0.0128
CXCL16,7252,0.0128
ENSG00000273796,2431,0.0128
ENSG00000232271,3159,0.0128
ENSG00000228577,374,0.0128
GJD3,784,0.0128
ENSG00000279039,1443,0.0128
VPS13D,7619,0.0128
ENSG00000267305,1043,0.0128
ENSG00000253092,437,0.0128
RAB5C,7578,0.0128
IGFL1,2279,0.0128
ADGRD1,7322,0.0128
PSMA8,4391,0.0128
PIK3R4,7495,0.0128
SOS2,7590,0.0128
MRPL41,7306,0.0128
ASCL3,552,0.0128
ENSG00000225727,6424,0.0128
ENSG00000289287,260,0.0127
FBXO48,7119,0.0127
STAG3,7088,0.0127
ENSG00000289550,1752,0.0127
DCAF8L2,3844,0.0127
C11orf1,7145,0.0127
ENSG00000280234,1025,0.0127
ZFAND2A,7459,0.0127
CA11,7223,0.0127
LINC02147,6894,0.0127
ENSG00000286489,6841,0.0127
ENSG00000287344,2260,0.0127
LINC02334,6177,0.0127
ENSG00000255585,4911,0.0127
TLCD5,7260,0.0127
LINC02916,4753,0.0127
ENSG00000258402,4405,0.0127
ENSG00000267108,4173,0.0127
ENSG00000287422,5380,0.0127
TAF1A-AS1,5849,0.0127
FOXN3-AS2,204,0.0127
ENSG00000287104,5911,0.0127
C16orf91,7060,0.0126
BBS10,7289,0.0126
PPP1R13B,7610,0.0126
ZNF226,7464,0.0126
ENSG00000273007,5394,0.0126
CYP24A1,7381,0.0126
PACC1,7336,0.0126
ALOX12,6390,0.0126
LINC02438,7130,0.0126
ENSG00000273162,4391,0.0126
ENSG00000261717,6432,0.0126
SHISA6,5846,0.0126
ENSG00000225394,54,0.0126
LINC00547,967,0.0126
ENSG00000262420,5693,0.0126
ENSG00000246477,5779,0.0126
ENSG00000231039,3935,0.0126
BANF1P3,274,0.0126
NPL,7071,0.0125
APH1B,7405,0.0125
MDN1,7601,0.0125
TUSC2,7245,0.0125
LINC02730,964,0.0125
TAF5,7392,0.0125
ENSG00000237498,1948,0.0125
ENSG00000287596,823,0.0125
CIAPIN1P,309,0.0125
FAM242A,2372,0.0125
PROSER2-AS1,6829,0.0125
LINC00927,3023,0.0125
MLF1-DT,6486,0.0125
PLCH1-AS1,656,0.0125
ENSG00000275807,4786,0.0125
ENSG00000275488,3627,0.0125
ENSG00000271741,5479,0.0125
OOEP-AS1,4100,0.0125
ENSG00000284512,7060,0.0124
ENSG00000289946,1657,0.0124
RBM6,7641,0.0124
ENSG00000278998,1442,0.0124
ENSG00000256278,3183,0.0124
CBY2,1125,0.0124
ENSG00000287705,59,0.0124
ZSWIM3,7316,0.0124
TFAP2A-AS2,6544,0.0124
ENSG00000258430,5939,0.0124
ENSG00000259555,20,0.0124
ALPK3,7370,0.0124
BMP8B,6841,0.0124
UGT3A2,1917,0.0124
ENSG00000254373,1346,0.0124
EDRF1-AS1,3607,0.0124
ENSG00000236386,98,0.0124
MED19,7405,0.0123
FRS2,7596,0.0123
NOTCH2NLA,7375,0.0123
YIPF3,7466,0.0123
ENSG00000283108,5644,0.0123
ENSG00000223436,185,0.0123
CYP8B1,1238,0.0123
WFDC13,3190,0.0123
LINC00345,1442,0.0123
APOOP5,952,0.0123
ZNF525,7321,0.0123
TBX18,7033,0.0123
GABRD,2696,0.0123
ENSG00000284803,4305,0.0123
ENSG00000269534,6138,0.0123
SZT2,7557,0.0123
ENSG00000256512,4472,0.0123
ENSG00000273448,6737,0.0123
ENSG00000253530,2184,0.0122
EFCAB3,6854,0.0122
SLC26A10P,1423,0.0122
NME9,7123,0.0122
ENSG00000285907,1661,0.0122
MEI1,7053,0.0122
LINC01892,1191,0.0122
DYNLRB2,2398,0.0122
ENSG00000272895,32,0.0122
ZFP3,5028,0.0122
ENSG00000272944,718,0.0122
LINC01971,1203,0.0122
TAS2R5,2579,0.0122
PRPF39-DT,319,0.0122
ENSG00000271717,6402,0.0122
SERHL2,6914,0.0122
TMEM14EP,3006,0.0121
ENSG00000225272,740,0.0121
C17orf114,5421,0.0121
ENSG00000277797,69,0.0121
FAM83F,6593,0.0121
RIC3,3563,0.0121
ENSG00000257781,2670,0.0121
ENSG00000273306,3318,0.0121
ELAVL4,5332,0.0121
ENSG00000244459,4670,0.0121
PRAMENP-1,2139,0.0121
ENSG00000285354,207,0.0121
ENSG00000288933,3245,0.0121
VAMP9P,4917,0.0121
TMC2,5466,0.0121
GPT,4288,0.0121
ENSG00000239311,1607,0.0121
GABPB1,7566,0.0121
HSD3BP5,5162,0.0121
SERPINB13,2491,0.0121
TBL1Y,3560,0.0121
IL12A,4763,0.0121
ZC3H11B,5014,0.0121
ENSG00000273669,904,0.0121
ENSG00000256176,36,0.0121
MINCR,6670,0.0121
C8G,3223,0.0121
FAM153A,3902,0.012
RC3H1-DT,936,0.012
TNNC2,6670,0.012
GSTA11P,2132,0.012
ENSG00000235726,6464,0.012
ENSG00000286896,4693,0.012
ENSG00000273226,4105,0.012
MBD2,7556,0.012
LINC02372,425,0.012
ENSG00000273428,2179,0.012
PGLYRP3,388,0.012
CIB4,3591,0.012
ENSG00000257407,3481,0.012
MSRB1,7100,0.012
LINC01725,6757,0.012
ENSG00000232130,3798,0.012
CD52,2846,0.012
LINC02262,5147,0.012
SLAMF6,1107,0.012
ENSG00000267547,883,0.012
HSPA8P1,1386,0.012
ENSG00000289322,194,0.012
GPALPP1,7476,0.012
TMEM139-AS1,7131,0.012
NSD3,7634,0.0119
TTC13,7346,0.0119
TFAP2C,7339,0.0119
KRT7-AS,2113,0.0119
ENSG00000271901,3164,0.0119
CYP2D6,4287,0.0119
FLJ13224,320,0.0119
SCTR,3563,0.0119
PAX9,6610,0.0119
PASD1,4555,0.0119
ENSG00000269570,2588,0.0119
ACTN3,5535,0.0119
MEMO1,7617,0.0119
MACO1,7566,0.0119
C1orf52,7536,0.0119
ENSG00000269427,6386,0.0119
ENSG00000261938,2316,0.0119
APOD,5380,0.0119
UBE3D,7564,0.0119
LINC02974,2876,0.0119
MIR365BHG,3753,0.0119
ENSG00000279673,3570,0.0119
ENSG00000266014,1175,0.0119
ENSG00000261407,1355,0.0119
RN7SKP23,2356,0.0119
PREX2,6490,0.0119
ZNF576,7160,0.0119
CA4,2833,0.0119
ENSG00000287666,550,0.0119
FGFR3P5,22,0.0119
ENSG00000267423,443,0.0119
SYT9,6595,0.0119
TPBGL-AS1,5040,0.0119
ENSG00000224132,424,0.0118
DUSP28,6996,0.0118
ENSG00000250155,5064,0.0118
WDR31,7276,0.0118
CX3CR1,642,0.0118
CENPUP1,817,0.0118
THAP3,7296,0.0118
MMGT1,7383,0.0118
ENSG00000253143,189,0.0118
ENSG00000279621,642,0.0118
CCDC8,1941,0.0118
IGFL4,6842,0.0118
ENSG00000288704,6205,0.0118
ENSG00000287156,2213,0.0118
ENSG00000251270,304,0.0118
NEK2P4,1373,0.0118
ENSG00000255528,1320,0.0118
ERCC6L,7307,0.0118
COA8,7340,0.0118
CDA,7394,0.0118
RBM4,7591,0.0118
ENSG00000289003,6605,0.0118
ENSG00000254002,3625,0.0118
C1QTNF7,7042,0.0117
ACER1,3233,0.0117
TTC16,2931,0.0117
PLS1-AS1,316,0.0117
ENSG00000249492,7246,0.0117
GIMAP7,360,0.0117
ENSG00000288073,5702,0.0117
KIAA0753,7512,0.0117
ENSG00000237774,326,0.0117
MACROD2-AS1,4025,0.0117
ENSG00000259605,5210,0.0117
PSMA6,7564,0.0117
ENSG00000287296,387,0.0116
ENOPH1,7416,0.0116
ENSG00000249216,2084,0.0116
RNF111,7622,0.0116
DEFB134,2556,0.0116
HOXC10,7200,0.0116
SHANK2-AS1,3432,0.0116
DNM1P33,2394,0.0116
COPS4,7484,0.0116
MYH1,624,0.0116
MMRN1,4697,0.0116
ENSG00000219023,6487,0.0116
RNF19B,7533,0.0116
LINC00706,2747,0.0116
RPL37AP1,48,0.0115
ENSG00000261549,1819,0.0115
ACAD8,7323,0.0115
ENSG00000291288,2656,0.0115
ENSG00000233365,525,0.0115
LRRC46,3814,0.0115
CRH,2429,0.0115
EIF2S2P3,5656,0.0115
ENSG00000249019,787,0.0115
PGAM1P8,5924,0.0115
RN7SL825P,1313,0.0115
ZNF407-AS1,7253,0.0115
ENSG00000287349,2574,0.0115
NBPF7P,607,0.0115
PARG,7523,0.0115
FAM25E,3893,0.0115
ENSG00000287123,3540,0.0115
FAM161B,7319,0.0115
TRIM63,2040,0.0115
PDCD4-AS1,5270,0.0114
ENSG00000288059,4089,0.0114
ZNF385C,7149,0.0114
ENSG00000228327,4776,0.0114
APOA1-AS,6190,0.0114
ENSG00000265091,1361,0.0114
ENSG00000260669,3185,0.0114
ARHGEF12,7640,0.0114
ZNF716,3775,0.0114
ENSG00000289120,1913,0.0114
ENSG00000285871,1294,0.0114
FAM186A,6088,0.0114
CASP1,5681,0.0114
ZNF114,6718,0.0114
RNU6-319P,1054,0.0113
FTLP10,946,0.0113
ENSG00000237586,28,0.0113
LIMS3,2269,0.0113
PDZD9,3943,0.0113
APOE,7074,0.0113
TRMT61B,7390,0.0113
ZBED8,7155,0.0113
ENSG00000230087,144,0.0113
MKS1,7288,0.0113
WBP11,7602,0.0113
HOXB5,6578,0.0113
POU3F3,5651,0.0112
DBIL5P,4407,0.0112
ENSG00000255655,4675,0.0112
WEE2-AS1,6976,0.0112
HNRNPA1P21,23,0.0112
ARHGAP20,6498,0.0112
ENSG00000287170,3485,0.0112
ZNF701,7377,0.0112
ENSG00000225718,6732,0.0112
SERTAD3-AS1,133,0.0112
LINC01391,1792,0.0112
ENSG00000272905,4260,0.0112
ZNF564,7211,0.0112
ENSG00000287288,1625,0.0112
PDCD6,7567,0.0112
RGL4,4000,0.0112
CCDC102A,7194,0.0112
CLEC18B,4441,0.0112
ENSG00000285690,2285,0.0111
LINC02663,4165,0.0111
ENSG00000236472,4556,0.0111
KLHL13,7248,0.0111
MYHAS,2978,0.0111
CHRM1,1206,0.0111
ASPHD1,7349,0.0111
ENSG00000287030,938,0.0111
CHML,7554,0.0111
ENSG00000282772,4685,0.0111
ENSG00000196566,3950,0.0111
FAM229B,6976,0.0111
RPL34P26,588,0.0111
ENSG00000286241,218,0.0111
SACM1L,7511,0.0111
ENSG00000269482,5180,0.0111
LINC00517,254,0.0111
PLA2G15,7324,0.0111
EXTL3-AS1,4973,0.011
ENSG00000261499,5685,0.011
LINP1,5483,0.011
CACNG3,4688,0.011
ENSG00000276831,334,0.011
LINC01039,3083,0.011
ENSG00000256152,5216,0.011
GSG1,5450,0.011
RAD51B,7641,0.011
ENSG00000254461,4433,0.011
ENSG00000229261,5942,0.011
CIB2,6819,0.011
FOXP3,3512,0.011
TP53I3,7288,0.011
ENSG00000203325,7260,0.011
ENSG00000267273,286,0.011
LPAR4,1354,0.011
RPL34P22,163,0.011
CLEC3A,2886,0.011
NUTM2HP,79,0.011
FRK,7461,0.0109
ENSG00000286880,181,0.0109
KLHDC3,7431,0.0109
ENSG00000263237,153,0.0109
ENSG00000269425,1957,0.0109
ENSG00000280179,121,0.0109
ENSG00000236990,2802,0.0109
ENSG00000259995,4476,0.0109
TMEM258,7484,0.0109
LINC01780,4335,0.0109
ENSG00000228748,6709,0.0109
ZNF223,6777,0.0108
PDLIM7-AS1,5062,0.0108
PTENP1,4595,0.0108
PAIP2B,7089,0.0108
ITFG2-AS1,7264,0.0108
ENSG00000270755,639,0.0108
EMG1,7341,0.0108
CTXN3,39,0.0108
ENSG00000234396,6473,0.0108
SETD7,7486,0.0108
PCDHAC1,2702,0.0108
CAB39,7629,0.0108
ENSG00000261727,2310,0.0108
SLC25A41,4621,0.0107
ENSG00000278266,6723,0.0107
POU3F4,118,0.0107
ENSG00000241577,140,0.0107
C1QTNF1-AS1,6116,0.0107
ZC3H14,7607,0.0107
LINC01686,525,0.0107
SLC22A25,3166,0.0107
ENSG00000236226,134,0.0107
LINC02829,45,0.0107
RN7SL678P,383,0.0107
ENSG00000286447,384,0.0107
ENSG00000242578,4596,0.0107
ENSG00000260328,2823,0.0107
ENSG00000228028,35,0.0107
ENSG00000287046,80,0.0107
FCN1,690,0.0107
ENSG00000266469,6475,0.0107
VSTM2B,2416,0.0107
ZNF567,7361,0.0107
WTIP,7360,0.0106
LINC02525,3003,0.0106
KLF8,5488,0.0106
RNA5S9,32,0.0106
ENSG00000250383,5979,0.0106
ENSG00000250407,2297,0.0106
CCDC28A-AS1,6963,0.0106
RN7SL168P,26,0.0106
RNF125,7062,0.0106
ENSG00000263683,1570,0.0106
OR2T8,1189,0.0106
ENSG00000218813,754,0.0106
RFX4,5685,0.0106
RGS18,1017,0.0106
TYRL,101,0.0106
AKR1C7P,4034,0.0106
PTH1R,4095,0.0106
GTF2H4,7304,0.0105
TMEM151B,5632,0.0105
ENSG00000226829,5984,0.0105
GOT2P2,593,0.0105
LBP,3007,0.0105
ENSG00000254485,163,0.0105
ENSG00000272720,4542,0.0105
ENSG00000234522,39,0.0105
ENSG00000242136,732,0.0105
OR2C3,173,0.0105
RRAS2P1,3610,0.0105
SERPINF2,6348,0.0105
KIT,4295,0.0105
ENSG00000287701,2637,0.0105
ENSG00000265031,68,0.0105
ENSG00000223930,5489,0.0105
ATP6V0E2,7218,0.0105
ENSG00000277938,6761,0.0105
ENSG00000237471,4820,0.0105
INA,5765,0.0104
LACTB2-AS1,6544,0.0104
ENSG00000278925,1067,0.0104
ENSG00000260366,3300,0.0104
FANCD2P2,2446,0.0104
CXCL9,338,0.0104
CES2,7462,0.0104
GUCA1ANB,456,0.0104
ENSG00000227192,5101,0.0104
HMGB3P7,504,0.0104
ENSG00000285923,3927,0.0104
ENSG00000287014,2325,0.0104
ENSG00000286945,3560,0.0104
TNF,4787,0.0104
SLC12A1,4579,0.0103
ENSG00000288670,7251,0.0103
NRDE2,7443,0.0103
ENSG00000285300,3766,0.0103
ENSG00000223642,5749,0.0103
ENSG00000285599,2108,0.0103
TEDC2-AS1,2557,0.0103
CSE1L-DT,3855,0.0103
ENSG00000289483,1560,0.0103
ENSG00000284772,7174,0.0103
ENSG00000275197,327,0.0103
RNVU1-8,45,0.0103
GLUD2,3316,0.0103
ENSG00000290870,6667,0.0103
ENSG00000263063,1656,0.0103
OR7A17,43,0.0103
OR7D2,3202,0.0103
DMC1,6737,0.0103
ACOT6,2894,0.0102
ENSG00000287600,5192,0.0102
LINC02118,5309,0.0102
C11orf16,1046,0.0102
ENSG00000287452,767,0.0102
UGT2B7,6339,0.0102
ENSG00000290073,7356,0.0102
DND1,3689,0.0102
ZNF142,7369,0.0102
DBET,147,0.0102
TMEM184C,7483,0.0102
ENSG00000261187,3445,0.0102
C4orf33,7319,0.0102
GLOD5,4623,0.0102
ENSG00000259097,2945,0.0102
ENSG00000259575,1171,0.0102
ENSG00000280047,7223,0.0101
TLX1,1202,0.0101
RPP25L,7002,0.0101
ENSG00000267372,365,0.0101
ENSG00000251616,37,0.0101
MTRFR,7463,0.0101
MAFTRR,4273,0.0101
TAS1R1,4654,0.0101
PXT1,5559,0.0101
ENSG00000260273,1646,0.0101
SYNGAP1-AS1,7011,0.0101
ACTBP11,4902,0.01
FAM20A,6699,0.01
MDGA2,7541,0.01
ENSG00000253452,6287,0.01
ENSG00000286705,4655,0.01
CHORDC1,7561,0.01
ZNF350,7246,0.01
USP37,7626,0.01
TEX19,2712,0.01
LINC01818,6587,0.01
ENSG00000289885,2071,0.01
GAPDHP33,2293,0.01
ENSG00000291133,4006,0.01
PRKCE,7641,0.01
ENSG00000290318,4375,0.01
LINC00574,4466,0.01
CTXND1,3562,0.01
C7orf57,5430,0.01
ENSG00000280325,983,0.01
ENSG00000280334,1436,0.01
ENSG00000276121,234,0.01
ENSG00000289810,1094,0.01
RRN3P4,518,0.01
ENSG00000286755,3748,0.01
GEMIN2,7346,0.01
ENSG00000268555,1058,0.01
ENSG00000257568,3531,0.01
ENSG00000287809,3801,0.01
ENSG00000232807,5268,0.01
PRDX3P2,400,0.0099
CATIP-AS1,1830,0.0099
ENSG00000258887,853,0.0099
SLC6A20,6952,0.0099
ENSG00000267546,6682,0.0099
NUTM2A,466,0.0099
DUX4L52,26,0.0099
BMS1P7,5224,0.0099
MFFP3,62,0.0099
HMGB3P5,404,0.0099
PNLIPRP1,537,0.0099
ENSG00000249293,3013,0.0099
LINC00629,5390,0.0099
ENSG00000286308,1760,0.0099
ENSG00000239791,6831,0.0099
ENSG00000254536,6962,0.0099
SLC52A1,5432,0.0099
ENSG00000249309,394,0.0098
DNAJC12,7044,0.0098
ENSG00000255839,4446,0.0098
ZNF18,7278,0.0098
GCK,1692,0.0098
ENSG00000289851,645,0.0098
RBBP5,7551,0.0098
LINC01526,142,0.0098
SEPTIN14P24,22,0.0098
PDP2,7379,0.0098
CCDC184,2639,0.0098
ENSG00000256458,488,0.0098
ENSG00000288598,5710,0.0098
ACBD5,7538,0.0098
ENSG00000237481,7001,0.0098
ENSG00000287218,1891,0.0098
SEPTIN7P13,7154,0.0098
ENSG00000272473,1412,0.0098
HOXC-AS3,3067,0.0098
ENSG00000257883,5850,0.0098
SPINK7,432,0.0098
ENSG00000285899,5714,0.0098
ENSG00000222001,1136,0.0097
ENSG00000217455,4092,0.0097
THAP1,7360,0.0097
SMIM36,4930,0.0097
MTND1P9,25,0.0097
PDE2A-AS1,1890,0.0097
ENSG00000237167,2978,0.0097
MTND4P10,82,0.0097
FBXL14,7353,0.0097
MIB1,7621,0.0097
ENSG00000288967,140,0.0097
ENSG00000267765,7313,0.0097
TCF4-AS2,339,0.0097
ENSG00000255045,4138,0.0097
ENSG00000284646,327,0.0097
EFCAB12,7073,0.0097
ENSG00000262529,3584,0.0097
SPINT4,3288,0.0097
FDX2,6838,0.0097
ENSG00000275812,1270,0.0097
RNF5P1,495,0.0097
ENSG00000287126,6580,0.0096
MCAM,6665,0.0096
LINC00113,3083,0.0096
ENSG00000289543,3453,0.0096
ENSG00000272006,1629,0.0096
RPL12P37,1236,0.0096
ENSG00000255395,4623,0.0096
ENSG00000237626,3853,0.0096
PDZRN4,6757,0.0096
LINC02453,4809,0.0096
TCEA2,7393,0.0096
RPL7AP9,112,0.0096
AVL9,7638,0.0096
ENSG00000230676,4794,0.0096
CRPPA-AS1,3616,0.0096
TAF8,7417,0.0096
CHKA,7575,0.0096
ENSG00000286821,453,0.0096
DDX18P1,1057,0.0096
TMED11P,6337,0.0095
PLCD1,7286,0.0095
AVPR2,1398,0.0095
ENPP7P14,2892,0.0095
FAM200B,7347,0.0095
ENSG00000188525,593,0.0095
STX5,7594,0.0095
AMZ2P1-1,7090,0.0095
ENSG00000233367,6880,0.0095
ENSG00000281120,5469,0.0095
CCNB2P1,175,0.0095
HOXD8,5556,0.0095
HEIH,7267,0.0095
OR51D1,334,0.0095
LRAT,7309,0.0095
CDK7P1,87,0.0095
ENSG00000289926,919,0.0095
ENSG00000290426,3956,0.0095
ENSG00000269194,834,0.0095
ENSG00000285931,118,0.0095
ENSG00000287694,5526,0.0095
ENSG00000288669,270,0.0095
CFAP58-DT,1902,0.0095
PPM1D,7583,0.0095
AFDN-DT,6043,0.0095
PCDHB15,3848,0.0094
ENSG00000270575,1009,0.0094
FOXI3,1016,0.0094
ENSG00000261633,1258,0.0094
ZNF594-DT,7342,0.0094
PGLS,7437,0.0094
ENSG00000285545,726,0.0094
NFYAP1,3949,0.0094
ENSG00000282080,2995,0.0094
ENSG00000243486,3652,0.0094
ENSG00000234504,4618,0.0094
CPNE9,6857,0.0094
RFX3,7604,0.0094
CNN1,4303,0.0094
ENSG00000287182,2056,0.0094
VSIG2,3543,0.0093
LINC03018,212,0.0093
LGALS2,5571,0.0093
MELTF-AS1,6242,0.0093
PAXX,7126,0.0093
PANO1,4756,0.0093
VSTM2A,1480,0.0093
BRME1,6813,0.0093
ENSG00000233799,3437,0.0093
MICB,6982,0.0093
EGILA,6219,0.0093
NFKBIL1,7375,0.0093
TMEM135,7570,0.0093
ELN,5084,0.0093
LINC01195,318,0.0093
MAPK6P3,1750,0.0093
FAM66D,5205,0.0093
ENSG00000289346,7480,0.0093
SLC26A11,7403,0.0093
ENSG00000259132,7252,0.0093
CCND2-AS1,4207,0.0092
CNTF,6703,0.0092
FBXO22,7541,0.0092
FABP5P8,63,0.0092
ENSG00000291058,1566,0.0092
HMGA1P3,1114,0.0092
ENSG00000267780,1338,0.0092
ENSG00000229912,1690,0.0092
ENSG00000257910,2509,0.0092
SATB1-AS1,6749,0.0092
CELF2-AS2,5202,0.0092
DNM3OS,4476,0.0092
ENSG00000268886,4425,0.0092
LINC00111,2964,0.0092
ENSG00000260077,5942,0.0092
MUC19,4101,0.0092
ENSG00000223528,6671,0.0092
PAX3,7165,0.0091
ENSG00000272468,3980,0.0091
MS4A14,90,0.0091
CCNJ,7336,0.0091
TIMD4,4654,0.0091
ENSG00000272084,4159,0.0091
ENSG00000266397,6456,0.0091
FOXN1,832,0.0091
CYP3A7-CYP3A51P,3272,0.0091
RPL29P30,1109,0.0091
LINC02944,850,0.0091
ANKRD61,5237,0.0091
CBX3P5,1207,0.0091
RFX5-AS1,1934,0.0091
ENSG00000235085,6871,0.0091
BATF,5389,0.0091
ZNF256,6404,0.0091
SYNPO2L-AS1,4762,0.0091
ENSG00000256723,1365,0.0091
ALKBH2,7181,0.009
P2RY14,5704,0.009
ENSG00000286805,1571,0.009
ENSG00000272108,2829,0.009
C22orf23,6991,0.009
ARL13A,4790,0.009
ENSG00000233536,868,0.009
ENSG00000287688,5519,0.009
SPZ1,31,0.009
ENSG00000277324,3933,0.009
ENSG00000278743,5617,0.009
PLPBP,7430,0.009
FAM9B,5883,0.009
ALDH1L1,6400,0.009
PHLDA1-AS1,6436,0.009
PCDHGA5,5351,0.009
ENSG00000262495,2452,0.0089
RN7SL336P,6321,0.0089
MRO,1450,0.0089
CA7,2606,0.0089
ENSG00000235292,4729,0.0089
TPSAB1,507,0.0089
ENSG00000248794,1991,0.0089
ENSG00000267786,6707,0.0089
ENSG00000260190,3408,0.0089
SCARF1,6950,0.0089
WRAP53,7276,0.0089
FUNDC1,7304,0.0089
ENSG00000230381,2713,0.0089
ENSG00000287231,6578,0.0089
ENSG00000228366,97,0.0089
AP1M2,6682,0.0089
MUSK,6306,0.0089
CERKL,5204,0.0089
ENSG00000272582,2299,0.0088
ENSG00000180458,1130,0.0088
ENSG00000288804,1467,0.0088
LINC02137,5313,0.0088
ENSG00000232363,617,0.0088
MRGPRX3,1290,0.0088
ENSG00000259692,7414,0.0088
CLN8-AS1,6813,0.0088
CES1P1,1924,0.0088
RASSF1-AS1,2035,0.0088
ENSG00000275540,110,0.0088
ENSG00000285091,6984,0.0088
PTPN2P1,708,0.0088
ENSG00000254290,1991,0.0088
ZKSCAN4,7161,0.0088
DDHD1-DT,3785,0.0088
MOCS3,7140,0.0088
CD80,2385,0.0088
ENSG00000242628,5783,0.0088
ARSF,2855,0.0088
ENSG00000255629,4581,0.0088
CHL1-AS1,2246,0.0087
ENSG00000232073,131,0.0087
ENSG00000277453,851,0.0087
ENSG00000288762,3273,0.0087
CEBPA-DT,2292,0.0087
ASXL2,7573,0.0087
SCO1,7401,0.0087
ENSG00000289386,221,0.0087
LY6G6D,898,0.0087
ENSG00000237378,145,0.0087
ENSG00000290935,22,0.0087
REN,4573,0.0087
VIPR1,6446,0.0087
ENSG00000288904,4723,0.0087
ACADL,3092,0.0087
ENSG00000224027,409,0.0087
SERPINA4,1580,0.0087
RMDN2,7307,0.0087
ARPP21,4520,0.0087
GLIS3-AS2,2453,0.0087
ENSG00000231533,6628,0.0087
TWSG1-DT,6087,0.0087
EIF3H,7631,0.0087
HNRNPA3P2,3872,0.0087
ENSG00000258393,521,0.0087
ENSG00000272338,3552,0.0086
STXBP5,7631,0.0086
ARHGAP26-AS1,4110,0.0086
NUP160,7580,0.0086
GPR34,4243,0.0086
MBLAC1,5003,0.0086
ENSG00000259617,5990,0.0086
EFCC1,4730,0.0086
PAN3-AS1,5976,0.0086
ENSG00000285644,2062,0.0086
ENSG00000289505,2224,0.0086
TMEM191C,2174,0.0086
RPL41P2,493,0.0086
TMEM254,7362,0.0086
ARHGAP5-AS1,5697,0.0086
BAGE2,6366,0.0085
CARS1-AS1,6485,0.0085
KCTD19,6249,0.0085
SUOX,7214,0.0085
NPIPA2,139,0.0085
RPL26L1,7351,0.0085
DRC7,3237,0.0085
ENSG00000227083,2327,0.0085
ENSG00000245667,706,0.0085
PRR34,2245,0.0085
KIAA1143P2,34,0.0085
ENSG00000244137,2909,0.0085
ENSG00000257831,7031,0.0084
TMEM259,7449,0.0084
KDM4C,7641,0.0084
C4orf19,7366,0.0084
ENSG00000286565,4867,0.0084
ENSG00000290883,738,0.0084
OR6N1,372,0.0084
C3orf62,7300,0.0084
ENSG00000254054,870,0.0084
SETD9,7263,0.0084
ENSG00000254877,217,0.0084
PSTPIP1,3079,0.0084
ZNF410,7500,0.0084
ENSG00000255050,3355,0.0084
CD19,631,0.0084
SEPTIN1,6958,0.0084
P4HA2-AS1,6605,0.0084
RRAGD,7412,0.0084
MKRN8P,3548,0.0084
PLLP,7053,0.0084
GADL1,3903,0.0083
SLC16A12-AS1,1276,0.0083
CALHM6,3753,0.0083
ENSG00000290079,167,0.0083
ESAM-AS1,4958,0.0083
ENSG00000229382,1318,0.0083
SMC1B,6618,0.0083
FLJ42969,2666,0.0083
ENSG00000274818,1317,0.0083
C1QTNF2,3484,0.0083
ENSG00000232234,6677,0.0083
OGDHL,4620,0.0083
ENSG00000198491,90,0.0083
TUBB1,4304,0.0083
RAD51-AS1,7331,0.0083
FAM135A-AS1,770,0.0083
ENSG00000230186,438,0.0083
ENSG00000227279,6478,0.0082
LINC00608,1283,0.0082
DUSP26,525,0.0082
ZNF321P,5730,0.0082
MTND4P24,1220,0.0082
ZMYM4-AS1,6282,0.0082
ENSG00000271983,1578,0.0082
ENSG00000272004,4563,0.0082
ENSG00000285621,2952,0.0082
ENSG00000228272,1543,0.0082
LINC00469,4063,0.0082
ENSG00000273218,2506,0.0082
MSR1,7354,0.0082
ENSG00000236209,5217,0.0082
ENSG00000270135,5103,0.0082
NCAM1-AS1,413,0.0082
SURF1,7276,0.0082
FAM149A,7013,0.0082
ENSG00000226526,6367,0.0082
ENSG00000254744,923,0.0082
RSPH1,6326,0.0082
ENSG00000261313,1083,0.0082
ENSG00000265399,6045,0.0082
SORBS2-AS1,1793,0.0082
ENSG00000230331,38,0.0082
ENSG00000260740,1089,0.0082
ENSG00000249787,5732,0.0082
ENSG00000263325,5381,0.0082
ENSG00000253336,418,0.0081
ADGRG2,6671,0.0081
NBAT1,4737,0.0081
ENSG00000225963,6656,0.0081
ENSG00000258497,983,0.0081
ENSG00000282381,6485,0.0081
ENSG00000260111,7086,0.0081
ENSG00000272540,5057,0.0081
HSPA8P9,1200,0.0081
ENSG00000286109,3853,0.0081
SSR4P1,3978,0.008
ENSG00000272631,4696,0.008
SEC14L3,3974,0.008
ENSG00000249960,167,0.008
ARF4P2,1113,0.008
VWA8,7593,0.008
ADPRH,4064,0.008
ZNF14,7348,0.008
CBARP-DT,1224,0.008
HOXB-AS3,7218,0.008
ENSG00000237317,247,0.008
ENSG00000287339,5976,0.008
ENSG00000266489,616,0.008
RHBDL2,7111,0.008
ENSG00000260303,292,0.008
ENSG00000250259,1060,0.008
ENSG00000288766,2307,0.008
ETFBKMT,6865,0.008
SMIM1,4024,0.008
ENSG00000259133,5715,0.008
FLJ30679,1485,0.008
LITAFD,1790,0.008
ENSG00000287966,4083,0.008
PRSS16,5923,0.008
LYRM1,7423,0.008
APBB1,7090,0.0079
CA5B,7556,0.0079
ENSG00000262587,6360,0.0079
ENSG00000231698,4270,0.0079
ENSG00000272885,2257,0.0079
SLC4A1APP1,2878,0.0079
GTF2H2,7321,0.0079
KDF1,5009,0.0079
TOR3A,7324,0.0079
ENSG00000267581,6663,0.0079
CICP16,35,0.0079
CST7,3004,0.0079
FAM72D,7078,0.0079
KRT71,172,0.0079
ENSG00000249604,1544,0.0079
ENSG00000288533,1640,0.0079
EXOC4,7641,0.0079
FBXW11,7634,0.0079
UBE4B,7615,0.0079
ENSG00000286883,7037,0.0078
C1orf146,2320,0.0078
AARS2,7353,0.0078
MARK2,7592,0.0078
ENSG00000270941,31,0.0078
THPO,1651,0.0078
ANKRD19P,3713,0.0078
FAM238C,3146,0.0078
LINC00645,4777,0.0078
ENSG00000227934,2409,0.0078
ZNF534,2953,0.0078
RIPPLY2,1244,0.0078
ENSG00000253121,339,0.0078
B4GAT1-DT,7076,0.0078
YY1P1,877,0.0078
ENSG00000270175,4124,0.0078
ENSG00000234139,6471,0.0077
ENSG00000262050,6488,0.0077
OVOL3,3338,0.0077
OR2M4,1871,0.0077
ENSG00000287933,4169,0.0077
ZNF826P,2699,0.0077
SUGT1P4,2055,0.0077
TMEM191A,1759,0.0077
NT5C1B,2668,0.0077
ENSG00000254680,4677,0.0077
ENSG00000261804,1579,0.0077
HMGB1P5,6756,0.0077
LINC02999,4952,0.0077
SAP25,5994,0.0077
FBXL22,5669,0.0077
SYMPK,7538,0.0076
ENSG00000227706,2050,0.0076
FLT3LG,6970,0.0076
RPL7AP73,440,0.0076
PCDHA4,3413,0.0076
ENSG00000268486,722,0.0076
AP4B1-AS1,6315,0.0076
ENSG00000265749,6881,0.0076
LINC01456,6302,0.0076
TAS2R50,3504,0.0076
ENSG00000257253,387,0.0076
LERFS,4845,0.0076
ENSG00000224935,1380,0.0076
XAGE5,229,0.0076
ENSG00000229695,599,0.0076
C1orf87,3196,0.0076
PRODHLP,2011,0.0076
ENSG00000287853,4443,0.0076
DKKL1,4713,0.0076
HDAC4-AS1,5805,0.0076
ENSG00000275322,2544,0.0076
RNPS1P1,3299,0.0075
PDE4DIPP2,7356,0.0075
CYP7A1,662,0.0075
ATR,7619,0.0075
SLC25A2,1819,0.0075
ENSG00000274629,5416,0.0075
MEF2C-AS2,6483,0.0075
ENSG00000255968,7033,0.0075
ENSG00000180019,157,0.0075
ENSG00000264080,1193,0.0075
ENSG00000268230,376,0.0075
ENSG00000288761,1476,0.0075
ZNF257,4899,0.0075
ENSG00000240792,3047,0.0075
PBX1-AS1,594,0.0075
SLC39A11,7592,0.0075
ENSG00000225140,2017,0.0075
SPINT1-AS1,5296,0.0074
LINC02660,3171,0.0074
MYCBP,7266,0.0074
POLR3A,7482,0.0074
ENSG00000261113,3191,0.0074
ENSG00000256757,677,0.0074
LINC01996,771,0.0074
HNRNPK,7638,0.0074
H2BN1,2291,0.0074
SNORA22C,1557,0.0074
CCDC138,7572,0.0074
FRG1JP,6178,0.0074
LINC01509,4003,0.0074
EGFLAM,6184,0.0074
SLC16A4-AS1,6993,0.0074
ENSG00000260367,3751,0.0074
LINC00928,601,0.0074
ENSG00000286938,1395,0.0074
ALKAL1,2225,0.0074
ENSG00000267117,315,0.0074
ENSG00000274776,4722,0.0074
ENSG00000251448,1199,0.0074
ENSG00000235096,5045,0.0074
LOXHD1,3907,0.0074
RNU6-353P,286,0.0074
ENSG00000289584,4327,0.0074
TTLL9,6799,0.0074
CDK10,7378,0.0074
ENSG00000276888,33,0.0074
LRRC19,5514,0.0074
GNAO1-DT,5649,0.0073
TERF2,7559,0.0073
LINC01093,85,0.0073
ENSG00000241520,2875,0.0073
ENSG00000285080,7316,0.0073
ENSG00000287898,465,0.0073
SLC12A5,4891,0.0073
SPATA46,373,0.0073
ACOT8,7359,0.0073
CDK6,7632,0.0073
ENSG00000223842,2267,0.0073
ENSG00000287414,499,0.0073
LINC02040,243,0.0073
LINC01807,6897,0.0073
CCDC201,676,0.0073
ENSG00000269504,936,0.0073
PPIP5K1,7446,0.0073
ENSG00000229962,1431,0.0073
SETP22,264,0.0073
TP73-AS3,2266,0.0073
ENSG00000287275,6625,0.0073
MRPL50,7323,0.0073
MCF2L-AS1,2698,0.0073
RPL36A-HNRNPH2,6703,0.0073
ARL1,7488,0.0073
ENSG00000286375,1866,0.0073
ENSG00000289352,3486,0.0072
RPL5P18,1916,0.0072
AATK,7244,0.0072
ENSG00000286408,2969,0.0072
SHLD2,7570,0.0072
ENSG00000279311,1460,0.0072
ENSG00000267640,327,0.0072
ENSG00000228729,579,0.0072
FAM135B,5861,0.0072
OR2T6,207,0.0072
RPS15AP38,2661,0.0072
HSPB9,359,0.0072
MSANTD4,7398,0.0072
ENSG00000257962,164,0.0072
H3-5,3385,0.0072
HLCS,7579,0.0072
NAT14,7214,0.0072
UCP3,6306,0.0072
ENSG00000264149,3156,0.0072
TRIM71,5260,0.0072
ABCC6P2,827,0.0071
HACD1,7315,0.0071
CDK15,5899,0.0071
SRR,7328,0.0071
ENSG00000280225,336,0.0071
CSPP1,7626,0.0071
ENSG00000267509,2776,0.0071
RPL21P28,5775,0.0071
CASC6,2717,0.0071
KRT14,4271,0.0071
OSR2,6911,0.0071
ENSG00000275339,814,0.0071
ENSG00000229227,812,0.0071
TMEM238L,3511,0.0071
DM1-AS,5814,0.0071
LINC01962,4828,0.0071
ENSG00000259460,5712,0.0071
CHI3L1,2722,0.0071
ENSG00000267714,258,0.0071
ERICH6-AS1,7038,0.0071
ENSG00000268157,2319,0.0071
TMEM26,1500,0.0071
MOB3C,7069,0.007
FBLN1,7270,0.007
BPIFB3,51,0.007
PSMD10P2,5116,0.007
ENSG00000279343,60,0.007
ATXN7L1,7603,0.007
DCAF8-DT,4639,0.007
OC90,503,0.007
MCIDAS,4259,0.007
ENSG00000264514,425,0.007
PET100,7098,0.007
ENSG00000257083,2274,0.007
NPW,6817,0.007
ENSG00000286334,6919,0.007
TUFMP1,1002,0.007
MIR497HG,1985,0.007
ENSG00000220291,159,0.007
APRT,7321,0.007
NPM1P32,468,0.007
ENSG00000285412,1536,0.007
ENSG00000278766,1139,0.007
MGA,7554,0.0069
ENSG00000263986,4646,0.0069
HAPLN1,3120,0.0069
ENSG00000268049,2219,0.0069
ANXA10,6519,0.0069
MS4A2,852,0.0069
NPIPB7,2802,0.0069
LINC02912,2889,0.0069
ERICH2,7010,0.0069
ENSG00000188365,5010,0.0069
PPIAP22,4706,0.0069
ENSG00000255340,5569,0.0069
CASP4LP-1,2286,0.0069
SEC22C,7400,0.0068
ARSDP1,758,0.0068
ZCCHC13,138,0.0068
KANK1,7569,0.0068
ENSG00000261293,616,0.0068
ENSG00000255021,475,0.0068
CCDC153,5129,0.0068
ENSG00000261840,4108,0.0068
RPL7AP63,38,0.0068
ENSG00000286151,479,0.0068
SCAT2,5777,0.0068
PDPK1,7491,0.0068
PPP2R3C,7502,0.0068
ENSG00000267125,2726,0.0068
ENSG00000270482,2973,0.0068
ENSG00000287986,115,0.0068
ENSG00000236364,4917,0.0068
ENSG00000247970,6570,0.0068
ENSG00000289397,2869,0.0068
MNX1-AS2,3159,0.0068
ARHGEF2-AS2,6013,0.0068
SSBP3P1,2412,0.0067
ENSG00000240033,160,0.0067
ENSG00000261070,6067,0.0067
GNMT,3145,0.0067
ENSG00000238279,5991,0.0067
CTCFL,3372,0.0067
ZMYND10-AS1,721,0.0067
ALG1L10P,2236,0.0067
SSX1,3055,0.0067
MBNL1,7641,0.0067
ENSG00000286816,48,0.0067
ZIC1,6269,0.0067
ENSG00000251161,4924,0.0067
CLVS2,2365,0.0067
HCG4B,1283,0.0066
LINC02958,4097,0.0066
MYBPC3,2068,0.0066
ENDOG,6938,0.0066
ENSG00000256594,6322,0.0066
ENSG00000249875,2282,0.0066
ENSG00000289142,1073,0.0066
ENSG00000273619,4644,0.0066
FNDC1,3345,0.0066
CDC42SE1,7512,0.0066
ENSG00000288865,3555,0.0066
ENSG00000265912,4414,0.0066
LINC00508,3315,0.0066
ENSG00000257458,4058,0.0066
EFCAB9,3605,0.0066
BCRP4,25,0.0066
KLHL14,4989,0.0066
MRPL35,7340,0.0066
RPL17P15,3468,0.0066
LRRC51,7109,0.0065
TM4SF19-AS1,6799,0.0065
SRXN1,5601,0.0065
HMGN2P7,1266,0.0065
GDAP1L1,5766,0.0065
OSCP1,7221,0.0065
ENSG00000261172,865,0.0065
PCGF3,7537,0.0065
ENSG00000287679,262,0.0065
PRDM9,4057,0.0065
SPINK8,2807,0.0065
ENSG00000224280,1671,0.0065
ENSG00000266599,4096,0.0065
SLC23A4P,2558,0.0065
TIMM9P2,596,0.0065
ENSG00000271631,1083,0.0065
ENSG00000291176,6614,0.0065
ETHE1,7446,0.0065
ENSG00000235288,4042,0.0065
ENSG00000235415,5375,0.0065
ENSG00000233920,2006,0.0065
ENSG00000255670,7248,0.0064
C1QL3,3974,0.0064
ENSG00000291228,7358,0.0064
HMGN2P18,2787,0.0064
SNX9-AS1,6665,0.0064
ENSG00000244146,86,0.0064
ENSG00000271806,2587,0.0064
SNRPGP10,1753,0.0064
ENSG00000259981,229,0.0064
HYKK,7176,0.0064
WFDC5,2024,0.0064
CEP350,7641,0.0064
ENSG00000289309,6536,0.0064
ATP5PDP1,41,0.0064
ENSG00000283538,5895,0.0064
ENSG00000286701,328,0.0064
PTPN23-DT,7010,0.0064
ENSG00000248545,5236,0.0064
TTC4,7399,0.0064
ZDHHC15,5500,0.0064
TLCD3B,6795,0.0063
ENSG00000230684,1700,0.0063
ENSG00000286037,6659,0.0063
RAPGEF6,7633,0.0063
ENSG00000232072,5341,0.0063
OR6J1,1971,0.0063
ENSG00000275465,2713,0.0063
ENSG00000289296,5422,0.0063
ENSG00000166104,3548,0.0063
RPP14,7435,0.0063
SLC25A17,7492,0.0063
LTK,5719,0.0063
ENSG00000275024,1733,0.0063
LINC01159,378,0.0063
CHEK2P5,37,0.0063
HNF1B,6759,0.0063
ENSG00000287618,6465,0.0063
ENSG00000279594,4058,0.0063
PRPSAP2,7493,0.0063
MCTP1-AS1,59,0.0063
ENSG00000291136,7607,0.0063
LHFPL5,7199,0.0063
TCEAL7,1585,0.0063
ENSG00000271943,6141,0.0063
ENSG00000242488,100,0.0063
ENTPD4-DT,6144,0.0062
MTATP6P17,299,0.0062
ENSG00000280451,61,0.0062
SLC25A14,7412,0.0062
ENSG00000277895,2741,0.0062
GABPAP,566,0.0062
ENSG00000287539,4825,0.0062
ENSG00000283667,3890,0.0062
LINC02774,4866,0.0062
ENSG00000285672,1846,0.0062
ECE2,3272,0.0062
ENSG00000286885,6228,0.0062
LINC01673,4360,0.0062
SMIM19,7378,0.0062
ENSG00000290147,771,0.0062
CNTN3,5623,0.0062
ENSG00000287264,6858,0.0061
TMEM69,7313,0.0061
UBE2L3,7537,0.0061
ENSG00000272236,1280,0.0061
RNU4-52P,853,0.0061
GRASLND,3438,0.0061
ENSG00000259582,3396,0.0061
ENSG00000241882,762,0.0061
ENSG00000264044,3792,0.0061
LINC01763,2217,0.0061
ENSG00000249998,4451,0.0061
ENSG00000270725,2227,0.0061
RDM1,5724,0.0061
ENSG00000255581,1240,0.0061
FOXRED1,7376,0.0061
GRHL2,7458,0.0061
ENSG00000257228,1246,0.0061
ENSG00000288103,1153,0.0061
DMP1,751,0.006
LINC00615,326,0.006
ZNF90,6445,0.006
MTMR8,6918,0.006
ENSG00000285698,1537,0.006
MECR,7407,0.006
CAMK2B,6887,0.006
ATP11B-DT,3439,0.006
ENSG00000258256,2887,0.006
TRDN-AS1,3957,0.006
ENSG00000231955,6133,0.006
ENSG00000266728,4040,0.006
P2RY12,3674,0.006
ENSG00000272632,380,0.006
LINC00545,1833,0.006
ISL2,5422,0.006
SPINT1,7283,0.006
KDM5D,7062,0.006
ENSG00000280161,1862,0.006
CDKN2D,7308,0.006
DNAJC27,7360,0.006
Y_RNA-377,467,0.006
MAG,1253,0.0059
TEX30,7314,0.0059
LINC02875,542,0.0059
ENSG00000276742,1026,0.0059
TTC12-DT,4745,0.0059
LINC02120,2554,0.0059
HSPD1P7,1187,0.0059
ENSG00000290095,2235,0.0059
PSG2,1535,0.0059
TIMM22,7322,0.0059
ENSG00000279569,4547,0.0059
RABL3,7487,0.0059
FBXL4,7560,0.0059
SOWAHB,3700,0.0059
ENSG00000289088,144,0.0059
ZNF396,6171,0.0059
ENSG00000273805,803,0.0059
WHAMMP2,6465,0.0059
FNIP1,7641,0.0059
RAET1G,3267,0.0059
FAM13B-AS1,5328,0.0058
ENSG00000267172,1179,0.0058
NRP1,7585,0.0058
CWF19L1,7471,0.0058
CHST7,7273,0.0058
PNPLA4,6445,0.0058
ZSCAN5B,578,0.0058
MIR200CHG,3941,0.0058
ENSG00000224521,79,0.0058
MMP26,5503,0.0058
B3GALNT1P1,1095,0.0058
SH2D1B,3270,0.0058
ENSG00000282299,50,0.0058
SSX5,206,0.0058
ENSG00000276087,4721,0.0058
ENSG00000251388,5157,0.0058
PIGG,7559,0.0058
MFSD5,7202,0.0057
DRAXIN,5232,0.0057
DCST2,6390,0.0057
ENSG00000288640,6862,0.0057
LINC02272,465,0.0057
ENSG00000253901,6135,0.0057
ANKRD34C-AS1,3975,0.0057
NUCB1-AS1,6157,0.0057
MIR493HG,5207,0.0057
CCN6,1221,0.0057
ENSG00000260194,385,0.0057
HMGA1P1,1821,0.0057
GPR155-DT,3264,0.0057
SHISA8,2284,0.0057
ENSG00000273305,610,0.0057
CNNM3-DT,2545,0.0057
RBM19,7508,0.0057
MORC1,4581,0.0057
CATIP,3518,0.0057
ENSG00000289056,3100,0.0057
FKTN,7487,0.0056
SBSPON,5607,0.0056
ENSG00000233423,1066,0.0056
EIF3CL,7072,0.0056
H2AC19,1935,0.0056
ENSG00000272696,1865,0.0056
ENSG00000261386,7129,0.0056
RAB4A,7421,0.0056
ENSG00000231705,4601,0.0056
ATP6V0E2-AS1,5498,0.0056
ENSG00000257221,5514,0.0056
FCRLB,4284,0.0056
WASH3P,6382,0.0056
ENSG00000288690,793,0.0056
PRKAR2B-AS1,5627,0.0056
ENSG00000268509,525,0.0056
ENSG00000265100,1627,0.0056
PARP1P1,1082,0.0056
DNMT3L,970,0.0056
ENSG00000228703,1314,0.0056
NEDD4,7607,0.0056
ENSG00000256199,2907,0.0056
ENSG00000286682,2385,0.0056
LINC01640,2900,0.0056
HOXC-AS2,3903,0.0056
ENSG00000267559,972,0.0056
ENSG00000234763,3797,0.0055
ENSG00000287061,987,0.0055
TNKS2-DT,2870,0.0055
ENSG00000259620,1755,0.0055
ENSG00000231760,5104,0.0055
F12,7122,0.0055
RPL12P4,5415,0.0055
TGDS,7443,0.0055
C10orf67,4028,0.0055
JAML,3634,0.0055
MIR4307HG,5298,0.0055
RNU4-7P,50,0.0055
DYNLT4,2137,0.0055
ENSG00000227006,5965,0.0055
ENSG00000227215,2359,0.0055
ENSG00000283162,2601,0.0055
ENSG00000287905,362,0.0055
C9orf50,3852,0.0054
NOP56P1,761,0.0054
ENSG00000285518,3105,0.0054
IKZF1,2877,0.0054
ENSG00000269399,5570,0.0054
ENSG00000240898,4469,0.0054
ENSG00000180015,4941,0.0054
ITFG1,7627,0.0054
ENSG00000275649,6735,0.0054
CAPS,6379,0.0054
ENSG00000283886,4041,0.0054
RND2,4778,0.0054
ENSG00000229297,156,0.0054
RASSF10-DT,1759,0.0054
ELK4,7563,0.0054
ENSG00000229263,508,0.0054
SEPTIN14,5908,0.0054
DEFB1,4042,0.0053
SEC63,7641,0.0053
ENSG00000237224,235,0.0053
LINC01549,759,0.0053
ENSG00000236449,7327,0.0053
ENSG00000288088,5900,0.0053
HPGDS,4145,0.0053
ACTE1P,3271,0.0053
LINC02558,5093,0.0053
TRRAP,7623,0.0053
ENSG00000261864,5745,0.0053
FUZ,6609,0.0053
SLC4A9,5056,0.0053
LINC02193,6617,0.0053
ENSG00000272211,5757,0.0053
APOH,5804,0.0053
ENSG00000271418,101,0.0053
CAMTA1-AS2,1087,0.0053
GUSBP4,6042,0.0053
GPR65,1618,0.0053
C6orf62,7615,0.0053
ENSG00000232692,6250,0.0053
HAUS8,7394,0.0053
ENSG00000225107,80,0.0052
HMGN3-AS1,6570,0.0052
ENSG00000260919,3990,0.0052
ENSG00000257522,5387,0.0052
KPNA1,7578,0.0052
CMC4,7239,0.0052
UQCRBP1,696,0.0052
ENSG00000225750,6143,0.0052
KLHL41,5965,0.0052
ENSG00000241231,3032,0.0052
ENSG00000289588,2284,0.0052
ENSG00000253829,1204,0.0052
ENSG00000284618,3579,0.0052
NEURL1-AS1,4383,0.0052
CFI,6823,0.0052
ENSG00000261526,6612,0.0052
SCUBE1,6391,0.0052
ENSG00000231615,4043,0.0051
CC2D2B,6520,0.0051
ENSG00000260891,6204,0.0051
ERCC4,7414,0.0051
ENSG00000262879,7518,0.0051
ENSG00000287432,462,0.0051
DNM1P17,114,0.0051
ANAPC1P2,7263,0.0051
ENSG00000263126,4357,0.0051
ANKRD20A7P,5770,0.0051
ENSG00000234943,804,0.0051
ZNF644,7639,0.0051
POTEM,1770,0.0051
HSP90AA2P,6965,0.0051
ENSG00000286743,2281,0.0051
CD300C,1270,0.0051
ENSG00000213579,762,0.0051
STAU2P1,22,0.005
SMIM31,6665,0.005
WNT7A,4974,0.005
DBX2-AS1,1598,0.005
ENSG00000235154,358,0.005
CLDN18,6698,0.005
LINC02318,1411,0.005
NAV2-AS6,4217,0.005
VDAC1P11,127,0.005
GRHL3,6495,0.005
ZNF816-ZNF321P,7317,0.005
C1D,7432,0.005
FAM47E,6580,0.005
KCNK12,5172,0.005
ENSG00000229294,6443,0.0049
CSRP1-AS1,6943,0.0049
RN7SL170P,633,0.0049
ENSG00000290405,84,0.0049
ENSG00000271500,5643,0.0049
ENSG00000288538,5848,0.0049
IL13,4510,0.0049
RPL23AP81,585,0.0049
DMTF1-AS1,4320,0.0049
ENSG00000234378,3950,0.0049
ENSG00000234223,2625,0.0049
ENSG00000285758,5305,0.0049
LMAN1L,5227,0.0049
P2RY4,1180,0.0049
ENSG00000287643,5745,0.0049
MAB21L1,1691,0.0049
RPL26P30,4250,0.0049
ELAVL1,7529,0.0049
ENSG00000258752,5174,0.0048
CYLC1,2462,0.0048
SUGT1P3-1,7433,0.0048
TMEM191B,767,0.0048
ENSG00000279390,2602,0.0048
NBPF11,7449,0.0048
LGI1,4086,0.0048
ENSG00000285625,1508,0.0048
ZNF654,7634,0.0048
RPS27P25,748,0.0048
MNX1-AS1,4458,0.0048
DENND10,7385,0.0048
CHORDC1P1,995,0.0048
SYNCRIP,7631,0.0048
ENSG00000258881,7219,0.0048
ENSG00000285592,1760,0.0048
LRRTM2,6582,0.0048
TMEM196,1807,0.0047
TMEM239,657,0.0047
ENSG00000291045,950,0.0047
NFASC,7237,0.0047
BTF3P4,31,0.0047
RBM48,7439,0.0047
FTH1P7,3456,0.0047
LTC4S,4417,0.0047
ENSG00000259003,186,0.0047
MMACHC,7221,0.0047
ENSG00000272865,3320,0.0047
ENSG00000261060,400,0.0047
ENSG00000285582,5523,0.0047
ENSG00000242828,6505,0.0047
MIR217HG,3548,0.0047
LINC01523,93,0.0047
TAC4,5634,0.0047
ENSG00000286619,7428,0.0047
ENSG00000253858,691,0.0047
ENSG00000261261,3159,0.0046
MIR30DHG,7220,0.0046
ENSG00000242588,7638,0.0046
ENSG00000286864,5672,0.0046
ADM5,4152,0.0046
LINC02360,5980,0.0046
CYSLTR2,1957,0.0046
ZNF174,7222,0.0046
MAPK6-DT,4670,0.0046
ENSG00000268030,6492,0.0046
C16orf86,2185,0.0046
ESS2,7252,0.0046
IDE,7519,0.0046
C16orf95-DT,3314,0.0046
ENSG00000262151,2680,0.0046
PKD1L2,7140,0.0046
ANKRD20A1,5588,0.0045
TERF1P3,354,0.0045
ENSG00000291243,219,0.0045
ZNF775-AS1,242,0.0045
ENSG00000236504,2263,0.0045
RNU2-27P,135,0.0045
LINC01152,3081,0.0045
HNRNPCL4,3539,0.0045
ENSG00000216781,57,0.0045
ENSG00000279344,5257,0.0045
ADH6,1265,0.0045
KCNA4,245,0.0045
CAGE1,5661,0.0045
SALL4P1,114,0.0045
ENSG00000267001,5471,0.0045
PARD6G,7244,0.0045
KIRREL3-AS2,571,0.0045
ENSG00000223711,4088,0.0044
ENSG00000248559,7317,0.0044
ENSG00000279982,2952,0.0044
ENSG00000267446,1191,0.0044
TSC22D1-AS1,4720,0.0044
ENSG00000242299,3872,0.0044
TUBAP11,2036,0.0044
ENSG00000270554,675,0.0044
ENSG00000230229,2240,0.0044
MON1A,7175,0.0044
ENSG00000289606,4771,0.0044
UBAP2,7641,0.0043
ENSG00000289409,2299,0.0043
ENSG00000223901,4010,0.0043
TSPAN3,7549,0.0043
PROC,4050,0.0043
GHSR,1420,0.0043
BGN,3398,0.0043
CENPS,7225,0.0043
ENSG00000288575,31,0.0043
ENSG00000241954,570,0.0043
ARGFXP2,150,0.0043
ARIH2,7602,0.0043
FSCN3,6929,0.0043
GRHL1,7438,0.0043
SLC66A1L,5622,0.0043
MAP2K1P1,1064,0.0043
ENSG00000284977,4887,0.0043
SLC30A6-DT,4867,0.0043
ENSG00000257663,4168,0.0043
SFTPB,2159,0.0043
FAHD2CP,7101,0.0043
ENSG00000251259,6430,0.0043
ARHGAP11A-SCG5,6527,0.0043
GPR87,4837,0.0043
ENSG00000289382,4243,0.0042
DUSP16,7608,0.0042
B3GALNT1,6406,0.0042
GBAP1-1,6893,0.0042
FGL1,5763,0.0042
MRPL19,7517,0.0042
SYT3,3742,0.0042
CD302,7266,0.0042
KIAA2026,7609,0.0042
EGLN1P1,4343,0.0042
ENSG00000287351,7153,0.0042
ENSG00000235204,1759,0.0042
DMRT1,3449,0.0042
GOLGA6L7,2596,0.0042
SVIL-AS1,5867,0.0042
LINC01029,4269,0.0042
ENSG00000272990,6245,0.0041
ENSG00000288996,3205,0.0041
ENSG00000285878,6138,0.0041
EMSY,7604,0.0041
LINC02848,4120,0.0041
EXD1,5961,0.0041
NPIPP1,7328,0.0041
CHP1P1,366,0.0041
ENSG00000272009,6980,0.0041
ENSG00000227482,3811,0.0041
LINC02733,3499,0.0041
LPP-AS1,2580,0.0041
SLC25A28-DT,834,0.0041
ENSG00000263089,3218,0.0041
ENSG00000271725,4218,0.0041
LINC00824,7598,0.0041
ENSG00000239381,6100,0.0041
TPTE2P3,4338,0.0041
ENSG00000289888,1561,0.0041
RGPD4,5611,0.004
TARS1,7621,0.004
ENSG00000260981,1456,0.004
PPHLN1,7624,0.004
ENSG00000290538,4465,0.004
ENSG00000290957,6837,0.004
PRKAG1,7493,0.004
OTOR,754,0.004
CSNK2A1,7626,0.004
NUP133-DT,2271,0.004
ENSG00000285570,5822,0.004
OR7E38P,6957,0.004
ENSG00000286853,4268,0.004
ZBTB20-AS2,3804,0.0039
IFI27L2,7127,0.0039
ENSG00000285819,4262,0.0039
LPL,4791,0.0039
ENSG00000277206,438,0.0039
HCG18,7606,0.0039
ENSG00000258592,4807,0.0039
ENSG00000214917,2791,0.0039
ENSG00000290127,5144,0.0039
ENSG00000289589,3980,0.0039
LINC00863,6794,0.0039
SORD2P-1,4439,0.0039
ENSG00000288600,312,0.0038
UNC93A,3256,0.0038
ENSG00000286910,369,0.0038
ENSG00000236352,1076,0.0038
ENSG00000230205,609,0.0038
SPATC1,7055,0.0038
ENSG00000249839,3066,0.0038
PHLDA1-DT,6020,0.0038
LACTB,7494,0.0038
ENSG00000287578,2780,0.0038
ENSG00000288043,6459,0.0037
ENSG00000212664,5907,0.0037
CCL27,1892,0.0037
LINC02802,3656,0.0037
PLA2G4C-AS1,805,0.0037
VAX2,7213,0.0037
ENSG00000203520,2469,0.0037
ENSG00000290065,3747,0.0037
IVD,7465,0.0037
OGG1,7410,0.0037
LINC02791,543,0.0037
IRX2-DT,4006,0.0037
ENSG00000248170,533,0.0037
LRRC8C-DT,7045,0.0037
ENSG00000270728,2425,0.0037
ENSG00000235749,5256,0.0037
ODF2-AS1,4365,0.0037
LINC02212,916,0.0037
MED4-AS1,4906,0.0037
ENSG00000259048,4135,0.0037
HTR3B,2053,0.0036
ENSG00000285853,341,0.0036
RLBP1,1842,0.0036
ENSG00000276407,1126,0.0036
BMI1,7507,0.0036
ACTBP8,382,0.0036
IRF4,5553,0.0036
ZFAND4,7308,0.0036
ENSG00000206549,5612,0.0036
ENSG00000230991,770,0.0036
ENSG00000290807,987,0.0036
ENSG00000268797,7420,0.0036
CHST5,3276,0.0036
SIX3-AS1,599,0.0036
ZDHHC17,7590,0.0036
ENSG00000260206,1747,0.0036
INSIG1-DT,6652,0.0036
ENSG00000228925,7066,0.0035
C7orf25,7075,0.0035
ENSG00000248968,3493,0.0035
TEX50,40,0.0035
ENSG00000260874,6449,0.0035
MEP1B,5835,0.0035
ADGRB3-DT,1418,0.0035
ENSG00000251196,3568,0.0035
RPS4Y1,7449,0.0035
CLIP2,7626,0.0035
ENSG00000271795,3250,0.0035
TGFBRAP1,7392,0.0035
ENSG00000274893,438,0.0035
ENSG00000260643,5862,0.0035
SCYL3,7405,0.0035
ZZZ3,7634,0.0035
ENSG00000226530,1668,0.0035
ENSG00000254592,374,0.0035
ENSG00000264924,4338,0.0035
BTD,7443,0.0034
SLC25A46,7459,0.0034
PLAC9P1,157,0.0034
PCDHGB3,3974,0.0034
ENSG00000270490,561,0.0034
HSP90AA5P,3184,0.0034
ENSG00000289519,5215,0.0034
LINC02461,933,0.0034
FAM193B-DT,2019,0.0034
ENSG00000278895,41,0.0034
ENSG00000285820,2766,0.0034
RPL10P16,1182,0.0034
ENSG00000250781,5525,0.0033
SLC34A3,1873,0.0033
ENSG00000228782,7121,0.0033
MCCD1P1,301,0.0033
ENSG00000279701,374,0.0033
LINC02355,3898,0.0033
GNL3L,7592,0.0033
BARX1-DT,2202,0.0033
ENSG00000267563,260,0.0033
ENSG00000288698,6870,0.0033
CD69,2710,0.0033
TMEM183A,7423,0.0033
FLJ20021,5895,0.0033
SEPSECS,7382,0.0033
VENTXP1,6627,0.0033
ENSG00000279530,3443,0.0032
ENSG00000286320,2179,0.0032
TEDDM1,67,0.0032
HNRNPA1P32,108,0.0032
PPP1R35,7140,0.0032
MSX2,6655,0.0032
ENSG00000267940,5700,0.0032
MRPS7,7373,0.0032
ENSG00000273102,1745,0.0032
TUBB2BP1,1130,0.0032
PNOC,3431,0.0032
POP4,7345,0.0032
ENSG00000235743,4578,0.0032
ENSG00000262999,1956,0.0031
DPRXP5,184,0.0031
LINC00538,1224,0.0031
LINC00676,320,0.0031
TMEM276,6831,0.0031
LINC02231,3165,0.0031
ENSG00000258471,4246,0.0031
ENSG00000287040,946,0.0031
ENSG00000259067,1133,0.0031
RBMXP5,655,0.0031
INAFM2,7049,0.0031
ZFAND2B,7320,0.0031
CCDC152,6109,0.0031
ZNF354B,7359,0.0031
ENSG00000287405,935,0.0031
CTAGE9,3334,0.0031
ENSG00000269535,6665,0.0031
CCL8,195,0.003
ENSG00000289510,6378,0.003
ENSG00000287948,215,0.003
ENSG00000286357,161,0.003
SP2,7436,0.003
SYNDIG1L,3782,0.003
SPDYE22P,3132,0.003
ENSG00000270578,2646,0.003
ENSG00000230698,2510,0.003
ENSG00000230536,1937,0.003
ECI1,7469,0.003
CBY3,2832,0.003
ENSG00000248200,354,0.003
ENSG00000234203,2407,0.003
LETR1,4684,0.003
ENSG00000267136,1289,0.003
MUC17,6971,0.0029
ENSG00000290737,6458,0.0029
ENSG00000286567,1778,0.0029
ADAMTS20,6043,0.0029
MEIOB,5891,0.0029
PROZ,3764,0.0029
Metazoa_SRP-138,868,0.0029
LINC01052,1300,0.0029
ENSG00000267140,3590,0.0029
CREB1,7615,0.0029
ENSG00000250614,3833,0.0029
CALCB,6494,0.0029
ALB,6705,0.0029
AKNAD1,6762,0.0028
LINC02018,7265,0.0028
ENSG00000275897,3725,0.0028
ENSG00000273112,5585,0.0028
SCRG1,6871,0.0028
NSMCE1,7362,0.0028
TRIM52-AS1,7054,0.0028
ZNF32-AS2,1510,0.0028
PGAP3,7104,0.0028
FOXG1,4557,0.0028
ENSG00000267105,46,0.0028
TPRN,7358,0.0028
ENSG00000289828,4822,0.0028
DOCK9-AS1,652,0.0027
ENSG00000258732,5785,0.0027
TMEM216,7025,0.0027
ENSG00000289446,3206,0.0027
APOC1P1,682,0.0027
RPH3A,6567,0.0027
NPLOC4,7627,0.0027
SNX19P1,614,0.0027
ENSG00000261124,5116,0.0027
LINC01713,26,0.0027
CERS6-AS1,6709,0.0027
SLC27A6,6642,0.0027
COG1,7485,0.0027
MSTN,1971,0.0027
SOX11,6704,0.0027
RPS3AP46,953,0.0026
C1orf216,7079,0.0026
SPDYE10,6093,0.0026
ENSG00000289079,2724,0.0026
ENSG00000289895,2037,0.0026
IARS2P1,1577,0.0026
Metazoa_SRP-40,538,0.0026
CLCN3P1,878,0.0026
ENSG00000290490,2654,0.0026
NPRL2,7318,0.0026
RPL26L1-AS1,6583,0.0026
LINC03024,820,0.0026
ENSG00000228804,6689,0.0026
ENSG00000232978,1716,0.0026
PTK2,7641,0.0026
TMEM175,7280,0.0026
NBPF1,7367,0.0026
ENSG00000215838,5125,0.0026
H3-3A-DT,7081,0.0026
SHE,2860,0.0026
TMEM262,3970,0.0026
LINC02050,5897,0.0025
IL6STP1,882,0.0025
ENSG00000204620,5658,0.0025
NLRP13,1675,0.0025
FAM153CP,6670,0.0025
FMO10P,229,0.0025
ENSG00000289521,1552,0.0025
MNX1,7201,0.0025
ENSG00000242282,4050,0.0025
MRPS31P2,4863,0.0025
ENSG00000267396,1124,0.0025
ENSG00000290414,268,0.0025
FOXD3-AS1,4425,0.0025
CYP2F2P,3768,0.0025
RPL6P19,6186,0.0025
FMC1,7115,0.0025
ENSG00000263708,6776,0.0024
DYRK3-AS1,1953,0.0024
RAET1E,4879,0.0024
LINCMD1,95,0.0024
ENSG00000274718,907,0.0024
ENSG00000287785,147,0.0024
ENSG00000258695,6847,0.0024
MYH4,1034,0.0024
ENSG00000282199,290,0.0024
PHYHIPL,6153,0.0024
MTFMT,7410,0.0024
ENSG00000267335,955,0.0024
YWHAQ,7630,0.0024
ENSG00000225620,862,0.0024
ZNF232-AS1,6872,0.0024
ZC3HC1,7432,0.0024
MIR4422HG,5467,0.0024
TMPRSS11BNL,508,0.0023
HMGB1P40,2804,0.0023
ENSG00000213078,196,0.0023
CD14,4197,0.0023
NUDT5,7425,0.0023
DMXL2,7578,0.0023
ENSG00000284820,4306,0.0023
CA15P1,3661,0.0023
MESTP3,20,0.0023
ENSG00000288945,4966,0.0023
ABHD2,7584,0.0023
ENSG00000286679,3852,0.0023
KATNBL1P2,947,0.0023
ENSG00000272049,372,0.0023
ENSG00000275479,4371,0.0022
ENSG00000236733,2201,0.0022
ENSG00000273507,7236,0.0022
ST7-AS1,2329,0.0022
CPA5,1858,0.0022
LINC00308,3461,0.0022
C3orf33,7311,0.0022
FOXN3-AS1,3214,0.0022
ENSG00000275944,596,0.0022
ENSG00000236426,1932,0.0022
ENSG00000288950,129,0.0022
KRT8P4,1311,0.0022
ENSG00000286923,2091,0.0022
ZNF593,7089,0.0022
ENSG00000279879,1430,0.0022
C10orf95-AS1,7035,0.0022
ENSG00000287494,4641,0.0022
ENSG00000267004,995,0.0022
ENSG00000275371,1261,0.0021
PMM1,7370,0.0021
SLC25A21-AS1,4612,0.0021
DHRS4,7200,0.0021
ENSG00000287399,94,0.0021
LINC02188,3388,0.0021
SRRM4,5489,0.0021
NIN,7564,0.0021
ENSG00000229569,1267,0.0021
HOXB13,5091,0.0021
RNA5SP427,1511,0.0021
KNOP1P2,1790,0.0021
ENSG00000231296,20,0.0021
PDE4DIPP4-1,1709,0.0021
ENSG00000256813,4649,0.0021
STARD10,7327,0.002
EFEMP1,7246,0.002
KIF9-AS1,7499,0.002
LINC00462,638,0.002
ENSG00000286834,5085,0.002
HISLA,2690,0.002
ENSG00000226375,789,0.002
LRIT3,4497,0.002
ENSG00000217181,288,0.002
ENSG00000254307,2822,0.002
ENSG00000285103,3341,0.002
SPATA41,1120,0.002
PRECSIT,6179,0.002
ENSG00000182376,3319,0.002
ENSG00000271597,249,0.0019
SNX25P1,1115,0.0019
PARGP1,7431,0.0019
ENSG00000226349,4257,0.0019
ENSG00000254404,1278,0.0019
ENSG00000289190,3324,0.0019
MRPL20,7453,0.0019
ENSG00000253539,1444,0.0019
BEND3P1,3369,0.0019
JAKMIP2,7065,0.0019
QKILA,2321,0.0019
ENSG00000257159,1963,0.0019
ALOX12B,4761,0.0019
CES1,7206,0.0019
ENSG00000278206,2355,0.0019
EXOC6,7611,0.0018
TASP1,7597,0.0018
ENSG00000235912,3337,0.0018
LINC02267,6755,0.0018
HLA-DRB1,5394,0.0018
PKHD1L1,5741,0.0018
ENSG00000284743,438,0.0018
ENSG00000273483,1326,0.0018
C16orf89,2533,0.0018
ENSG00000264449,4017,0.0018
RTBDN,2459,0.0018
ENSG00000288769,1325,0.0018
ENSG00000290590,6647,0.0018
RPL21P31,1597,0.0018
PHKB,7620,0.0018
ENSG00000279684,480,0.0017
ORC4,7573,0.0017
PRSS36,4066,0.0017
ACTN4P1,577,0.0017
LINC00635,2232,0.0017
ZNF30,7244,0.0017
PTTG4P,121,0.0017
OR52A5,352,0.0017
R3HCC1,7314,0.0017
MAP3K5-AS2,2643,0.0017
H2AC18,1842,0.0017
MAGEA6,2797,0.0017
OTOP1,641,0.0017
CPVL-AS1,222,0.0017
TTC32-DT,2364,0.0017
WDR36,7540,0.0016
SMARCA2-AS1,4301,0.0016
DYNC1H1,7641,0.0016
ENSG00000232862,2203,0.0016
LINC01873,1348,0.0016
LINC02691,4975,0.0016
SRSF10P1,4231,0.0016
ENSG00000290642,1016,0.0016
ENSG00000223368,268,0.0016
VRTN,5178,0.0016
ENSG00000258028,7239,0.0015
ZNF567-DT,6812,0.0015
ENSG00000253730,3730,0.0015
ENSG00000285165,132,0.0015
LINC01697,5744,0.0015
MTARC2,7258,0.0015
Y_RNA-68,628,0.0015
PIWIL3,2213,0.0015
RPS7P14,182,0.0015
ENSG00000267653,1813,0.0015
HOXD4,3327,0.0015
CES4A,5140,0.0015
ENSG00000275438,885,0.0014
PDE6C,3852,0.0014
RPL21P3,3535,0.0014
TLE7,165,0.0014
ENSG00000286307,3103,0.0014
RAMP2,1270,0.0014
LRPPRC,7632,0.0014
ENSG00000283413,3539,0.0014
ENSG00000286371,4558,0.0014
TNPO1,7635,0.0014
NXPE2,3906,0.0014
ENSG00000259209,6569,0.0014
ENSG00000232140,257,0.0014
LUC7L,7585,0.0014
NPHS2,1434,0.0013
ETV2,3632,0.0013
ENSG00000291075,7296,0.0013
ENSG00000254639,467,0.0013
VMO1,1871,0.0013
ENSG00000265205,5736,0.0013
CHIAP3,848,0.0013
ENSG00000279844,37,0.0013
ENSG00000272831,7134,0.0013
LINC03044,5469,0.0013
ENSG00000272267,1418,0.0013
RP9P,7455,0.0013
ENSG00000230958,151,0.0013
ENSG00000253164,491,0.0013
SF1,7619,0.0013
ENSG00000268833,6811,0.0013
DOCK11P1,772,0.0013
ENSG00000267039,6416,0.0013
EEF1B2P5,1026,0.0013
HNRNPA1P10,4260,0.0013
CACNA2D3-AS1,2119,0.0013
ATG4A,7363,0.0013
ENSG00000253634,4862,0.0012
POGLUT2,7131,0.0012
ENSG00000278002,4352,0.0012
ENSG00000272912,207,0.0012
ENSG00000237311,2504,0.0012
LEAP2,6094,0.0012
DRD3,4430,0.0012
DYNC1LI2-DT,3118,0.0012
GLCCI1-DT,5057,0.0012
HDHD5-AS1,5952,0.0012
ENSG00000286703,2378,0.0012
DCPS,7407,0.0012
ENSG00000280171,434,0.0012
FAM76A,7406,0.0012
ENSG00000289221,1974,0.0012
MDC1-AS1,6623,0.0012
TDRD1,1089,0.0012
DMTF1,7591,0.0012
MTX1,6871,0.0012
RCAN3AS,6753,0.0012
RPL7P22,52,0.0012
ENSG00000289473,1470,0.0011
ENSG00000273521,6092,0.0011
SH2B1,7395,0.0011
ENSG00000284808,1712,0.0011
ENSG00000287112,217,0.0011
RPL4P4,5692,0.0011
ENSG00000251186,208,0.0011
ENSG00000286013,1128,0.0011
RPL23AP35,502,0.0011
DLX6,5527,0.0011
UBE3C,7640,0.0011
ZMYND15,5527,0.0011
LINC02838,92,0.0011
ENSG00000254846,5562,0.0011
ARMCX1,5694,0.0011
ENSG00000287183,410,0.0011
SPINK13,6464,0.0011
ATAD3B,7353,0.0011
GRHPR,7380,0.0011
TMEM138,7342,0.001
ENSG00000227365,765,0.001
HPS4,7482,0.001
ENSG00000289492,3263,0.001
ZDHHC12,7021,0.001
ENSG00000274902,305,0.001
CSF3R,2244,0.001
MUTYH,7257,0.001
ENSG00000203258,871,0.001
ENSG00000201807,132,0.001
TROAP-AS1,5660,0.001
MEIOSIN,3445,0.001
ENSG00000291259,7205,0.001
LINC02129,3202,0.001
MFF,7597,0.0009
LCA5L,7131,0.0009
ENSG00000261063,6206,0.0009
SEPTIN12,4579,0.0009
RIOX1,6403,0.0009
STK10,7572,0.0009
ZNF154,5969,0.0009
ENSG00000275400,5861,0.0009
OR8G3P,357,0.0009
ENSG00000274653,977,0.0009
FASTKD3,7281,0.0009
ENSG00000249036,5648,0.0009
UBE2V2P4,43,0.0009
GTF2IP5,7170,0.0009
C1orf35,7357,0.0009
NATD1,7087,0.0009
ARPP19P2,2835,0.0009
GTF2IP2,2011,0.0009
RPL5P24,423,0.0009
NRBP1,7521,0.0009
ENSG00000262708,83,0.0008
ENSG00000277270,523,0.0008
FAM111A-DT,6852,0.0008
HLA-DRB6,444,0.0008
LINC01235,2019,0.0008
ENSG00000276791,4669,0.0008
ENSG00000260914,2552,0.0008
ENSG00000285569,4910,0.0008
JOSD1,7506,0.0008
ENSG00000289087,123,0.0008
ENSG00000272509,1673,0.0008
ST13P12,3840,0.0008
LHFPL4,7032,0.0008
ZNF722,1408,0.0008
ENSG00000269110,4769,0.0008
NLRP12,4910,0.0007
ENSG00000250418,30,0.0007
RHOG,7362,0.0007
SIX3,3329,0.0007
PSPC1-AS2,3047,0.0007
AFTPH-DT,3932,0.0007
RAD50,7609,0.0007
ENSG00000247679,7285,0.0007
PHOX2A,741,0.0007
PAXIP1-DT,7201,0.0007
RPL6P2,2562,0.0007
DSP-AS1,4526,0.0007
UPK1A,5904,0.0007
ENSG00000291229,20,0.0007
ENSG00000273445,1590,0.0007
ATP13A4,6738,0.0007
NKX2-3,745,0.0007
ATP4A,1006,0.0007
KLC2-AS2,33,0.0006
ENSG00000271788,892,0.0006
H1-8,886,0.0006
YWHAZP7,41,0.0006
ENSG00000228563,1964,0.0006
TWF2-DT,2884,0.0006
PRDM10-DT,2200,0.0006
HNRNPA1P27,1105,0.0006
TRAPPC9,7631,0.0006
ENSG00000249429,1014,0.0006
FAM163A,3242,0.0006
RPL24P4,3122,0.0006
ALOX15,2912,0.0006
ENSG00000289339,3678,0.0006
ENSG00000289996,882,0.0006
PPP2R5C,7631,0.0006
ZNF793-AS1,2816,0.0006
ENSG00000272736,4746,0.0006
LINC00674,7306,0.0005
SUB1P1,725,0.0005
ENSG00000230746,4856,0.0005
CRLF3,7519,0.0005
ENSG00000277978,1805,0.0005
ENSG00000262966,1131,0.0005
CPSF7,7545,0.0005
ENSG00000255478,5356,0.0005
PCDH9-AS2,5091,0.0005
ENSG00000274695,3254,0.0005
ENSG00000261211,4778,0.0005
ENSG00000290285,4705,0.0005
ENSG00000274351,542,0.0005
ENSG00000227748,545,0.0005
ENSG00000233472,1627,0.0005
SLC38A3,3222,0.0005
CLEC9A,1747,0.0005
NR1H3,7332,0.0005
C17orf75,7390,0.0005
ENSG00000257329,3553,0.0005
VSTM5,4730,0.0004
ACSL6,4002,0.0004
CIB3,5419,0.0004
ENSG00000289128,1932,0.0004
DCAF10,7607,0.0004
ENSG00000289081,497,0.0004
SPDYE17,4105,0.0004
ENSG00000238267,70,0.0004
EHD4-AS1,5383,0.0004
ENSG00000272970,6421,0.0004
HHIPL1,5154,0.0004
OR52H1,3703,0.0004
TNK1,6101,0.0004
ENSG00000267207,6278,0.0004
ENSG00000267644,337,0.0004
LINC02346,4464,0.0004
STMND1,1355,0.0004
ENSG00000260750,482,0.0004
PPA2,7592,0.0004
ENSG00000287094,2543,0.0004
ENSG00000249149,2862,0.0004
ENSG00000234190,73,0.0004
E2F5-DT,4326,0.0004
LINC01126,3588,0.0003
FSIP2LP,3895,0.0003
GCNAP1,184,0.0003
CRIM1-DT,4848,0.0003
SEMA6C,7095,0.0003
DNAJB3,44,0.0003
LINC01436,1492,0.0003
AMER1,7204,0.0003
RBM34,6701,0.0003
UGT2A1,1186,0.0002
LINC01606,3922,0.0002
WAC,7639,0.0002
TMEM256-PLSCR3,6921,0.0002
ENSG00000258837,5441,0.0002
ENSG00000288037,1764,0.0002
MRPS31P5-1,7085,0.0002
OXLD1,7027,0.0002
LINC00320,2677,0.0002
ENSG00000287221,2959,0.0002
LINC01538,2965,0.0002
ENSG00000241754,1831,0.0002
ENSG00000289555,1101,0.0002
CRLF2,7075,0.0002
ADH4,2512,0.0002
ENSG00000273248,2682,0.0002
ENSG00000236079,146,0.0002
SRBD1,7596,0.0002
OR4K2,22,0.0002
ENSG00000251488,5026,0.0002
A2M-AS1,3559,0.0002
RNU5F-1,1551,0.0001
METTL24,4769,0.0001
NECTIN4-AS1,607,0.0001
ENSG00000236540,6196,0.0001
SLC39A14,7577,0.0001
TIPARP-AS1,5065,0.0001
PPFIA1P1,240,0.0001
ENSG00000280431,1142,0.0001
TRIM77,27,0.0001
SOCS5,7563,0.0001
TBC1D22A-DT,7154,0.0001
TRAPPC10,7596,0.0001
NDUFC2-KCTD14,6846,0.0001
PSG11,2043,0.0001
ENSG00000279447,298,-0.0
ENSG00000276846,1250,0.0
PABPC1P1,912,0.0
MS4A12,464,-0.0
RPL5P23,183,-0.0
PPIAP29,948,-0.0
PTPN5,2772,0.0
ENSG00000271926,59,-0.0
LINC00904,528,0.0
ENSG00000286842,788,-0.0
ENSG00000259760,2631,0.0
GEMIN8P4,1115,0.0
C9orf57,2139,-0.0
OPRK1,1011,0.0
ENSG00000265618,3057,0.0
ENSG00000264660,4861,0.0
EEF1A1P4,3961,-0.0
ENSG00000286535,4859,0.0
ENSG00000287024,2134,-0.0
ENSG00000285824,3252,0.0
UBL4A,7298,0.0
TMEM190,1549,-0.0
P2RX5,6443,0.0
LRRC37A3,7287,-0.0001
SKP1P2,431,-0.0001
RPL5P3,746,-0.0001
SIGLEC1,3096,-0.0001
LINC02435,1718,-0.0001
RAMACL,5287,-0.0001
ENSG00000269984,5295,-0.0001
LINC01731,2334,-0.0001
NAP1L1P1,4045,-0.0001
ENSG00000272334,278,-0.0001
CMTM4,7571,-0.0001
ENSG00000268635,677,-0.0001
LCNL1,809,-0.0001
CDK5R2,4448,-0.0001
ENSG00000283201,7180,-0.0002
ENSG00000287157,329,-0.0002
ENSG00000280296,98,-0.0002
ENSG00000251139,2248,-0.0002
ENSG00000256897,3304,-0.0002
RPL13AP5,5854,-0.0002
LINC02939,5860,-0.0002
MTCO1P40,2116,-0.0002
ATP6V1G3,385,-0.0002
ENSG00000288753,571,-0.0002
BCAN,6164,-0.0002
LIPT1,7318,-0.0002
ENSG00000265670,1118,-0.0002
NUP62CL,6546,-0.0002
PARD3-DT,1863,-0.0002
ENSG00000257658,452,-0.0002
VPS13C-DT,1065,-0.0002
GSTT4,641,-0.0002
ENSG00000287530,5909,-0.0002
LINC01079,23,-0.0003
CDC34,7360,-0.0003
ENSG00000254057,3246,-0.0003
MPHOSPH6-DT,985,-0.0003
SREBF2-AS1,6674,-0.0003
PTRHD1,7133,-0.0003
ALPK2,7365,-0.0003
FAM156B,4116,-0.0003
STARD6,4646,-0.0003
ZNF790,7274,-0.0003
TUBA8,7181,-0.0003
ENSG00000259813,921,-0.0003
HRG,773,-0.0003
ENSG00000289108,6245,-0.0003
CLDN20,6574,-0.0004
LRRC37A,6409,-0.0004
LINC02527,347,-0.0004
SLC11A1,4786,-0.0004
PADI4,3164,-0.0004
PHF14,7639,-0.0004
CARHSP1-DT,4451,-0.0004
ENSG00000287359,777,-0.0004
ENSG00000249318,467,-0.0004
TSTD1,6488,-0.0004
ENSG00000285601,5092,-0.0004
ENSG00000287016,5331,-0.0004
MYMK,156,-0.0004
ENSG00000258380,5990,-0.0004
GLYATL2,6128,-0.0004
ENSG00000234540,4229,-0.0004
ENSG00000286429,6533,-0.0004
GTF2F2,7582,-0.0004
LINGO1-AS1,193,-0.0004
USP1,7523,-0.0004
A2M,7062,-0.0004
ENSG00000268983,3601,-0.0004
ZNF506,7412,-0.0004
ENSG00000223492,1402,-0.0004
CD53,3435,-0.0004
DYDC2,2690,-0.0004
ENSG00000289135,4962,-0.0004
ENSG00000289294,6596,-0.0004
LIX1,3582,-0.0005
ENSG00000253961,4706,-0.0005
ENSG00000272948,685,-0.0005
ZNF621,7531,-0.0005
RTL5,5977,-0.0005
ENSG00000242816,3957,-0.0005
SUMO1P4,144,-0.0005
ENSG00000259548,1417,-0.0005
ZNF443,7087,-0.0005
ENSG00000170409,437,-0.0005
ENSG00000276707,317,-0.0005
ENSG00000279642,555,-0.0005
ENSG00000287804,2169,-0.0005
ENSG00000290955,4350,-0.0005
LINC00836,2221,-0.0005
ENSG00000269980,70,-0.0005
ENSG00000290848,5288,-0.0006
ENSG00000286886,5297,-0.0006
BPNT1,7376,-0.0006
KIAA1671-AS1,5778,-0.0006
CEP170,7610,-0.0006
YTHDF2P1,958,-0.0006
LINC02161,2123,-0.0006
ENSG00000234750,22,-0.0006
RPL38P2,1235,-0.0006
WEE1P2,62,-0.0006
ENSG00000287684,1618,-0.0006
LINC01668,365,-0.0006
LINC01494,6079,-0.0007
ENSG00000276488,2727,-0.0007
ENSG00000288818,7207,-0.0007
GOLM2,7631,-0.0007
CENPN-AS1,2438,-0.0007
UBE2QL1,6215,-0.0007
ENSG00000244932,6088,-0.0007
LAT,7148,-0.0007
SLC6A15,6693,-0.0007
ENSG00000244176,168,-0.0007
ENSG00000259655,74,-0.0007
ABCC8,5337,-0.0007
NT5ELP,1330,-0.0007
ENSG00000264956,662,-0.0007
RPL9P2,362,-0.0007
VAMP8,7268,-0.0007
RTN4IP1,7280,-0.0007
ENSG00000261630,155,-0.0008
MIR3150BHG,1671,-0.0008
LRP1-AS,627,-0.0008
THAP9,7319,-0.0008
ATXN7L3B,7481,-0.0008
ENSG00000237729,598,-0.0008
ENSG00000284430,3424,-0.0008
PPT2-EGFL8,6674,-0.0008
RYK,7626,-0.0008
ENSG00000253266,65,-0.0008
RNFT2,7324,-0.0008
PCDHB14,6282,-0.0008
LINC01719,3300,-0.0008
KLHL31,5508,-0.0008
ENSG00000228625,2971,-0.0008
ENSG00000288803,373,-0.0008
ENSG00000266944,2464,-0.0009
ACTG1P24,220,-0.0009
CD33,3806,-0.0009
EPN2,7618,-0.0009
CYP2C23P,4562,-0.0009
ENSG00000253572,1156,-0.0009
APOA5,136,-0.0009
ENSG00000283175,344,-0.0009
ENSG00000255101,2657,-0.0009
MUC7,2157,-0.0009
MOG,3057,-0.0009
ENSG00000244349,2502,-0.0009
HAND2-AS1,6740,-0.0009
HNRNPKP3,2719,-0.0009
ENSG00000219992,2464,-0.001
LRRC55,192,-0.001
ENSG00000287861,6379,-0.001
ZMPSTE24-DT,6464,-0.001
ENSG00000288003,98,-0.001
ENSG00000279118,4235,-0.001
CCER2,5360,-0.001
RPS3AP54,2292,-0.001
POLR1D,7523,-0.001
ENSG00000262768,1281,-0.001
CDK5,7127,-0.001
ENSG00000223612,605,-0.001
NSRP1,7639,-0.0011
ENSG00000288534,4453,-0.0011
ENSG00000256982,5981,-0.0011
NAA50,7623,-0.0011
LCE1B,145,-0.0011
TRIM75,216,-0.0011
JARID2-DT,2285,-0.0011
JMJD1C-AS1,4482,-0.0011
DKK4,1379,-0.0011
ENSG00000231873,6550,-0.0011
LRRC26,3834,-0.0011
RECK,7364,-0.0011
HMGB1P51,4195,-0.0011
KRT18P33,317,-0.0011
ENSG00000289481,331,-0.0011
HOOK1,7454,-0.0012
ZNF707,7313,-0.0012
ENSG00000255330,5648,-0.0012
CSKMT,7282,-0.0012
ST8SIA2,3142,-0.0012
SH3GL3,7143,-0.0012
ENSG00000262831,6917,-0.0012
ENSG00000288856,367,-0.0012
PA2G4P2,2699,-0.0012
LINC02740,1793,-0.0012
DNAJA2-DT,5506,-0.0012
TAS2R14,7641,-0.0012
CYP4F9P,235,-0.0012
MYCBPAP,6317,-0.0012
ENSG00000254135,3660,-0.0013
ENSG00000289515,3871,-0.0013
B3GALT9,6973,-0.0013
ZUP1,7503,-0.0013
ENSG00000286580,343,-0.0013
ENSG00000227857,3682,-0.0013
ENSG00000261996,585,-0.0013
DUXB,1055,-0.0013
ENSG00000287651,1675,-0.0013
CYYR1,2763,-0.0013
SUGT1P1,5309,-0.0013
ENSG00000271780,6290,-0.0013
ENSG00000271380,3427,-0.0013
BICDL3P,4091,-0.0013
ARX,2241,-0.0013
WDFY1,7619,-0.0014
ENSG00000251520,1696,-0.0014
COG4,7496,-0.0014
ENSG00000270890,295,-0.0014
ENSG00000261848,2422,-0.0014
MKI67P1,519,-0.0014
ENSG00000276855,2762,-0.0014
PMS2P2,3068,-0.0014
GABRG1,2102,-0.0014
ENSG00000176349,2035,-0.0014
LINC01918,758,-0.0014
LINC01938,2366,-0.0014
AGAP2-AS1,1555,-0.0014
TAOK3,7614,-0.0014
CHN1,7457,-0.0014
Y_RNA-684,474,-0.0014
ANKRD55,6486,-0.0014
LINC01926,3021,-0.0014
LINC01605-1,1535,-0.0014
TRPV6,2540,-0.0014
ANKRD26P3,1729,-0.0015
C16orf96,6380,-0.0015
LINC02009,1175,-0.0015
ENSG00000223390,6814,-0.0015
HNRNPLP1,259,-0.0015
ENSG00000270681,4989,-0.0015
ADCYAP1R1,1890,-0.0015
FADS2B,1941,-0.0015
ENSG00000254692,7409,-0.0015
ENSG00000273155,2226,-0.0015
PAFAH1B1P2,867,-0.0015
OSTCP1,3857,-0.0016
ENSG00000258534,5299,-0.0016
ENSG00000284914,103,-0.0016
GRAMD4P3,204,-0.0016
VPS28,7304,-0.0016
TCF4-AS1,3979,-0.0016
ZNF880,6482,-0.0016
SLC9A3R1-AS1,348,-0.0016
ANAPC15,7249,-0.0016
IL23R,4556,-0.0016
SDHAF1,7159,-0.0016
ENSG00000286470,2414,-0.0016
LINC02428,6816,-0.0016
SPATC1L,6709,-0.0016
LINC01878,998,-0.0016
TRAPPC3L,3153,-0.0016
PAPOLB,2074,-0.0016
ENSG00000287083,3519,-0.0016
RHOXF1-AS1,6474,-0.0017
SRP68P1,54,-0.0017
STAG3L5P,6161,-0.0017
TEX56P,6269,-0.0017
ENSG00000288754,4188,-0.0017
BDNF,7402,-0.0017
ENSG00000260005,1204,-0.0017
LINC03013,1004,-0.0017
ENSG00000204971,4077,-0.0017
ENSG00000258323,3254,-0.0017
ENSG00000236936,285,-0.0017
ENSG00000254821,4695,-0.0017
SLC28A2,3557,-0.0017
HLA-F-AS1,7331,-0.0017
ZNRF2,7547,-0.0017
ENSG00000183171,1378,-0.0017
LINC01637,6429,-0.0017
HSDL1,7393,-0.0017
ETNK1,7640,-0.0017
HNRNPA1L2,5301,-0.0017
ENSG00000260288,3871,-0.0017
ENSG00000287591,2078,-0.0018
GABRR1,3166,-0.0018
C1QL2,399,-0.0018
ENSG00000285908,2581,-0.0018
ENSG00000289123,4438,-0.0018
SUV39H1,7110,-0.0018
ENSG00000270174,6075,-0.0018
ANO3-AS1,1065,-0.0018
ENSG00000233848,6712,-0.0018
LINC02387,2273,-0.0018
ENSG00000291111,897,-0.0018
RTL9,5011,-0.0018
ENSG00000213939,3043,-0.0018
NPM1P22,208,-0.0018
ENSG00000255566,3543,-0.0018
ENSG00000291205,5000,-0.0019
AQP4,928,-0.0019
SEC31B,7422,-0.0019
DDX31,7518,-0.0019
ENSG00000289315,1684,-0.0019
ENSG00000259269,581,-0.0019
IL17D,6109,-0.002
CYP51A1P1,1371,-0.002
RHO,904,-0.002
ENSG00000289629,4449,-0.002
ZNF665,6375,-0.002
MAPRE3-AS1,3560,-0.002
NECTIN1-DT,5242,-0.002
TSPAN11,6081,-0.002
USP12PY,132,-0.0021
RNPC3,7467,-0.0021
CARD11-AS1,204,-0.0021
SLC23A3,7220,-0.0021
RBM33-DT,2770,-0.0021
ZNF252P-AS1,2994,-0.0021
ENSG00000285648,642,-0.0021
NOC2LP1,1482,-0.0021
ENSG00000237312,4014,-0.0021
ENSG00000226816,1706,-0.0021
KIF4B,3249,-0.0021
TAS2R46,4373,-0.0021
PSMD5,7567,-0.0021
HNRNPA1P33,106,-0.0021
ENSG00000243116,606,-0.0021
ENSG00000279033,4651,-0.0021
PAH,5186,-0.0021
ZNF785,7312,-0.0021
ENSG00000288934,5251,-0.0021
SLC47A2,6129,-0.0021
ENSG00000260612,470,-0.0022
UBE2D4,7346,-0.0022
LINC02182,2386,-0.0022
SMC3P1,796,-0.0022
AFM,655,-0.0022
ENSG00000254197,4232,-0.0022
LARP4,7626,-0.0022
ENSG00000272087,278,-0.0022
ENSG00000287178,1161,-0.0022
ENSG00000238272,3094,-0.0022
ENSG00000286672,3350,-0.0022
CUTALP,7446,-0.0022
ENSG00000287533,4100,-0.0022
ENSG00000269758,106,-0.0022
WASF1,7493,-0.0022
PNN-AS1,1194,-0.0022
ENSG00000253980,2532,-0.0022
HLA-DRA,5075,-0.0023
PNLIP,2410,-0.0023
ENSG00000286795,825,-0.0023
TFF3,5906,-0.0023
HNRNPKP2,3563,-0.0023
ENSG00000269903,497,-0.0023
ZEB2-AS1,2067,-0.0023
RELA-DT,6902,-0.0023
MSRB2,7271,-0.0023
ENSG00000259541,1337,-0.0023
ENSG00000248802,3789,-0.0023
GTF3C2-AS1,4871,-0.0023
BUD13P1,2921,-0.0023
COA6,7381,-0.0024
SVOP,5058,-0.0024
DGUOK,7530,-0.0024
HSPA6,5017,-0.0024
ENSG00000259846,4778,-0.0024
ENSG00000231081,1112,-0.0024
LINC01565,2263,-0.0024
ENSG00000256072,650,-0.0024
LINC01580,4488,-0.0024
ZNF641,7237,-0.0024
ENSG00000230472,324,-0.0024
CIDEB,5066,-0.0024
CACNG1,1877,-0.0024
ENSG00000286380,6342,-0.0024
ENSG00000287404,4244,-0.0024
LINC02810,3223,-0.0024
ENSG00000231193,2391,-0.0024
KLHL10,2910,-0.0024
ENSG00000258927,4539,-0.0024
ENSG00000277423,3181,-0.0024
RPH3AL-AS2,4191,-0.0025
CCDC60,6159,-0.0025
ENSG00000255339,7161,-0.0025
USH1G,794,-0.0025
ENSG00000286197,2489,-0.0025
ENSG00000262339,1574,-0.0025
ENSG00000274767,4410,-0.0025
ENSG00000233085,1591,-0.0025
LINC02812,182,-0.0025
OXSR1,7635,-0.0025
ENSG00000289832,2388,-0.0025
A1BG-AS1,6983,-0.0025
PLXNB3-AS1,6694,-0.0025
MAPK4,6326,-0.0025
ENSG00000286213,2005,-0.0025
OR6C74,289,-0.0025
FUNDC2,7342,-0.0025
ENSG00000287072,1059,-0.0025
ENSG00000286376,4736,-0.0025
ENSG00000271662,451,-0.0026
ZNF800,7620,-0.0026
COQ10A,7162,-0.0026
MAPKAP1,7624,-0.0026
GIMAP4,1531,-0.0026
PMVK,7272,-0.0026
ENSG00000257449,5809,-0.0026
ANKRD33B-AS1,380,-0.0026
ENSG00000286391,2580,-0.0026
NCKAP5-AS2,5030,-0.0026
KY,3842,-0.0026
LINC02713,2215,-0.0026
L1TD1,2859,-0.0026
ASB1,7418,-0.0026
C19orf44,7290,-0.0026
RFPL3S,7231,-0.0026
ENSG00000250333,1919,-0.0027
ZNF79,7334,-0.0027
ENSG00000274678,1824,-0.0027
ENSG00000254975,863,-0.0027
ENSG00000281974,2302,-0.0027
NEDD8-MDP1,5802,-0.0027
ENSG00000269559,4638,-0.0027
IFITM3P6,3079,-0.0027
MAP3K2-DT,6984,-0.0027
ENSG00000288786,143,-0.0027
DPH3,7370,-0.0027
ENSG00000228634,4209,-0.0027
ELOF1,7308,-0.0027
TMEM235,1062,-0.0027
ZNF775,7364,-0.0027
ENSG00000287974,590,-0.0027
CLEC12B,319,-0.0027
TLX1NB,2587,-0.0027
NMUR2,3041,-0.0027
CFAP61-AS1,1673,-0.0027
APOC1,6499,-0.0027
ENSG00000230569,731,-0.0028
ENSG00000256001,4175,-0.0028
ERICH5,4739,-0.0028
CUL5,7600,-0.0028
LINC01981,680,-0.0028
VTRNA2-1,739,-0.0028
LRRC39,7273,-0.0028
ENSG00000266976,5260,-0.0028
ENSG00000266850,1542,-0.0028
IPO7P1,1931,-0.0028
CACNG8,7350,-0.0028
ENSG00000259118,6896,-0.0028
ZAR1,1021,-0.0028
ENSG00000286302,4704,-0.0029
ENSG00000250379,4179,-0.0029
RUNX3,7113,-0.0029
RAB2A,7639,-0.0029
ENSG00000288757,3092,-0.0029
ZNF688,6934,-0.0029
GSTM4,7038,-0.0029
PKMP1,1962,-0.0029
SLC25A3P3,332,-0.0029
ENSG00000274104,2944,-0.0029
CHCHD5,7268,-0.0029
Y_RNA-717,1772,-0.0029
PHACTR2,7604,-0.0029
ENSG00000287120,202,-0.0029
CCAR1,7611,-0.0029
ENSG00000269161,865,-0.0029
ST6GALNAC4P1,1591,-0.003
ENSG00000242078,625,-0.003
LINC02965,2437,-0.003
ENSG00000280022,3436,-0.003
ENSG00000285883,85,-0.003
TMEM35A,2193,-0.003
ENSG00000233739,6132,-0.003
ENSG00000283627,1987,-0.003
ENSG00000288172,758,-0.003
ENSG00000269836,3619,-0.003
ENSG00000283549,1160,-0.003
ENSG00000283566,2168,-0.003
SENP3-EIF4A1,3069,-0.003
CCR2,185,-0.003
ACSBG1,6535,-0.003
ENSG00000250815,515,-0.003
ENSG00000286995,2931,-0.0031
PSENEN,7249,-0.0031
ENSG00000287503,6400,-0.0031
ENSG00000274758,1461,-0.0031
ENSG00000286692,478,-0.0031
CLEC2L,3992,-0.0031
LINC02797,3679,-0.0031
CLMAT3,5684,-0.0031
ENSG00000254573,653,-0.0031
ENSG00000228538,1239,-0.0031
COG8,7424,-0.0031
LINC01986,452,-0.0032
LINC02674,190,-0.0032
ENSG00000271536,351,-0.0032
ENSG00000215464,752,-0.0032
ENSG00000289244,2338,-0.0032
TMOD3,7629,-0.0032
ANKRD63,682,-0.0032
VNN1,6415,-0.0032
ENSG00000236627,3755,-0.0032
MKNK1,7441,-0.0032
HNRNPA1P42,237,-0.0032
RN7SKP196,399,-0.0032
ENSG00000257955,2530,-0.0032
ENSG00000286869,5399,-0.0033
TM6SF2,5561,-0.0033
PTTG2,1487,-0.0033
ENSG00000288064,3079,-0.0033
NLRP11,4058,-0.0033
ENSG00000243777,3127,-0.0033
ENSG00000256705,5641,-0.0033
ENSG00000235795,4654,-0.0033
ENSG00000279332,295,-0.0033
ENSG00000279652,5700,-0.0033
LINC02242,370,-0.0033
ENSG00000267924,6213,-0.0033
LINC02226,6563,-0.0033
SUGP1,7463,-0.0033
ENSG00000289031,4780,-0.0033
ZNF790-AS1,6999,-0.0033
ENSG00000251148,6529,-0.0033
ENSG00000267424,3817,-0.0033
MEPE,439,-0.0033
ZC3H11C,5357,-0.0034
ENSG00000250612,88,-0.0034
ENSG00000273702,6386,-0.0034
ENSG00000273325,1771,-0.0034
ENSG00000222043,1846,-0.0034
ENSG00000289069,3101,-0.0034
RPS8P6,31,-0.0034
RIBC1,6205,-0.0034
BBS12,6817,-0.0034
ZIC4,3766,-0.0034
THRB-AS1,5378,-0.0034
ENSG00000290119,2107,-0.0034
ENSG00000284989,2789,-0.0034
ILDR1,5300,-0.0034
ENSG00000267098,5730,-0.0035
NAP1L5,6142,-0.0035
MED11,7177,-0.0035
IDSP1,78,-0.0035
GUCA1A,281,-0.0035
ENSG00000260714,5003,-0.0035
ENSG00000286561,6593,-0.0035
RN7SL610P,1268,-0.0035
ENSG00000285911,3879,-0.0035
ENSG00000289548,1761,-0.0035
MT-TD,2519,-0.0035
ENSG00000286529,300,-0.0035
MUSTN1,1165,-0.0035
PTPRD-AS1,734,-0.0035
ZNF676,2678,-0.0035
ENSG00000262777,4008,-0.0035
LDHAL6A,6323,-0.0036
ZNF90P2,457,-0.0036
ENSG00000279456,2003,-0.0036
ENSG00000287201,1607,-0.0036
KRT8P3,2450,-0.0036
ENSG00000273618,944,-0.0036
THTPA,6934,-0.0036
ENSG00000229494,5322,-0.0036
ENSG00000254365,343,-0.0036
LINC00507,1568,-0.0036
SON,7637,-0.0036
XGY2,3326,-0.0036
PCDHA11,1635,-0.0036
FAM83A-AS1,5725,-0.0036
ENSG00000279159,7166,-0.0037
CBX8,7364,-0.0037
PRDX2,7380,-0.0037
LINC01793,1481,-0.0037
Metazoa_SRP-95,173,-0.0037
ENSG00000227291,338,-0.0037
CATSPER4,2464,-0.0037
ENSG00000254171,4481,-0.0037
ENSG00000287937,5363,-0.0037
ENSG00000201701,591,-0.0037
ENSG00000254861,681,-0.0037
LINC01271,5930,-0.0037
PEG3,7014,-0.0037
GRIN3A,5453,-0.0037
MCHR2-AS1,4178,-0.0037
TTC21B-AS1,6143,-0.0037
TMEM114,3214,-0.0037
ENSG00000231704,2751,-0.0038
NOL4L-DT,1339,-0.0038
ENSG00000230404,141,-0.0038
ADORA2A-AS1,6069,-0.0038
CHIA,1042,-0.0038
ENSG00000275263,569,-0.0038
SMARCE1P2,903,-0.0038
GLRA2,6553,-0.0038
AHSG,6476,-0.0038
MAGEB17,1793,-0.0038
ARAP1-AS1,1876,-0.0038
TAS2R10,3398,-0.0038
SPANXN4,867,-0.0038
CPN2,1011,-0.0038
LINC01842,3136,-0.0039
KLF2P4,185,-0.0039
TRPV5,3222,-0.0039
ENSG00000271009,4920,-0.0039
ENSG00000260855,5602,-0.0039
FAHD2B,7171,-0.0039
KLHL1,6094,-0.0039
BTBD3-AS1,6602,-0.0039
OR9Q2,1133,-0.0039
ATG4D,7324,-0.0039
ENSG00000278668,2838,-0.0039
LINC02883,4551,-0.0039
ENSG00000258637,6397,-0.0039
GMEB1,7491,-0.004
ENSG00000286604,414,-0.004
NAA35,7608,-0.004
ENSG00000267282,5867,-0.004
ENSG00000261049,4958,-0.004
RPS23P8,3623,-0.004
PSG10P,1324,-0.004
ENSG00000258895,913,-0.004
BMS1P23,6807,-0.004
TPI1P1,4876,-0.004
ENSG00000242951,1108,-0.004
ENSG00000291179,2368,-0.004
Metazoa_SRP-20,2549,-0.004
LINC01097,558,-0.004
Y_RNA-594,39,-0.004
PCDHGB4,2648,-0.004
ENSG00000260618,6671,-0.004
CNOT6LP1,1505,-0.004
PRRT1,7171,-0.004
HPS1,7374,-0.0041
ENSG00000225335,2282,-0.0041
MTMR7,7046,-0.0041
CATSPER3,1715,-0.0041
GLYCTK-AS1,1813,-0.0041
ENSG00000274922,2349,-0.0041
INPP4A,7577,-0.0041
ZNF251,7550,-0.0041
RTTN,7496,-0.0041
ENSG00000250031,1610,-0.0041
ENSG00000260810,2495,-0.0041
FAM153B,4975,-0.0041
NODAL,2215,-0.0041
ENSG00000249175,1186,-0.0041
ENSG00000233569,933,-0.0042
ENSG00000285287,155,-0.0042
HOXC5,4191,-0.0042
MGC16275,3949,-0.0042
LINC01102,2954,-0.0042
ENSG00000261693,1927,-0.0042
RNY4P25,29,-0.0042
GUSBP5,4314,-0.0042
WDR53,7343,-0.0042
ENSG00000272100,2361,-0.0042
SORL1-AS1,1521,-0.0043
ZNF304,7110,-0.0043
TOGARAM1,7598,-0.0043
ENSG00000286018,2630,-0.0043
GK4P,1008,-0.0043
ENSG00000279302,608,-0.0043
YBX1P4,1356,-0.0043
UBE2A,7543,-0.0043
MED8-AS1,5582,-0.0043
SLC7A14,4439,-0.0043
KRTAP1-5,572,-0.0043
ACAA2P1,3535,-0.0043
ENSG00000286901,2507,-0.0043
ANAPC1,7474,-0.0043
ENSG00000270727,171,-0.0043
ENSG00000286010,4158,-0.0044
C3AR1,2576,-0.0044
ENSG00000226706,2716,-0.0044
ASB2,5651,-0.0044
CACNA2D2,6161,-0.0044
ENSG00000290612,1490,-0.0044
ENSG00000213642,75,-0.0044
MIS18A-AS1,3637,-0.0044
C1orf147,5002,-0.0044
MIR3147HG,1171,-0.0044
ENSG00000281938,118,-0.0044
ENSG00000234134,774,-0.0044
ENSG00000260958,5724,-0.0044
ENSG00000258044,3373,-0.0044
ENSG00000263765,2162,-0.0044
PCA3,6502,-0.0044
ENSG00000224018,970,-0.0044
ENSG00000260593,3292,-0.0044
ENSG00000271930,462,-0.0044
CT66,553,-0.0044
ENSG00000288726,268,-0.0044
ENSG00000226599,281,-0.0045
SLCO1A2,5167,-0.0045
ENSG00000287737,6205,-0.0045
ENSG00000286337,609,-0.0045
LINC01248,3356,-0.0045
ENSG00000278765,2939,-0.0045
TSPY26P,6019,-0.0045
KANK3,6961,-0.0045
UBE2CP2,214,-0.0045
MDP1,7188,-0.0045
EEF1A1P25,521,-0.0045
MTCO2P27,320,-0.0045
LINC00972,1690,-0.0045
NBL1,7582,-0.0046
SLC12A5-AS1,3947,-0.0046
HSPE1P22,210,-0.0046
ENSG00000287197,45,-0.0046
DDX3ILA1,4843,-0.0046
ENSG00000279231,1035,-0.0046
ENSG00000228343,1019,-0.0046
ENSG00000287957,4899,-0.0046
TEX55,1306,-0.0046
RASSF9,4800,-0.0046
ENSG00000278305,286,-0.0046
SPATA42,46,-0.0046
ENSG00000290835,7385,-0.0046
ENSG00000288911,2747,-0.0046
ENSG00000285694,639,-0.0047
ZNF727,5200,-0.0047
ENSG00000287385,2934,-0.0047
ENSG00000227615,2772,-0.0047
ENSG00000286840,1281,-0.0047
LINC01162,5436,-0.0047
TUT1,7311,-0.0047
EGFL8,7223,-0.0047
ENSG00000263105,3898,-0.0047
ETV3L,3452,-0.0047
CD300LB,833,-0.0047
ENSG00000273444,184,-0.0047
DUSP12,7401,-0.0047
CCK,3924,-0.0047
TEDC2,6837,-0.0047
ENSG00000289575,2252,-0.0047
PIRT,1184,-0.0048
EXOG,7460,-0.0048
ENSG00000289009,4878,-0.0048
SLC6A5,796,-0.0048
CECR7,4419,-0.0048
ENSG00000229308,1744,-0.0048
LMOD2,3740,-0.0048
ENSG00000286662,3543,-0.0048
FEZ1,7260,-0.0048
MPP1,7279,-0.0048
DOK5,6628,-0.0048
ENSG00000289953,1534,-0.0048
LINC00710,3710,-0.0048
LINC02233,3425,-0.0049
AIPL1,2470,-0.0049
LINC00330,201,-0.0049
ENSG00000253875,5913,-0.0049
ENSG00000253389,859,-0.0049
DDX3Y,7412,-0.0049
GRM3,5670,-0.0049
ENSG00000288896,2024,-0.0049
ENSG00000282951,6227,-0.0049
ENSG00000271904,2398,-0.0049
PPIAP51,300,-0.0049
ENSG00000232328,1035,-0.0049
ENSG00000290163,731,-0.005
SRGAP3-AS4,956,-0.005
ENSG00000290396,6162,-0.005
GTF2H3,7430,-0.005
TTC39C-AS1,2762,-0.005
OSTN-AS1,847,-0.005
KARS1P3,244,-0.005
ZNF566-AS1,2514,-0.005
ENSG00000254545,286,-0.005
KLC2-AS1,1100,-0.005
ENSG00000272625,1811,-0.005
COBLP1,1238,-0.005
LHX9,4619,-0.005
COL8A2,4308,-0.005
BRWD1-AS2,2154,-0.005
ST13P19,865,-0.005
ENSG00000261522,313,-0.005
HMGN2P41,127,-0.005
LINC02698,4513,-0.005
ENSG00000286623,1120,-0.0051
CYB5R1,7323,-0.0051
TRGC2,565,-0.0051
HIPK3,7608,-0.0051
ENSG00000289358,1973,-0.0051
ENSG00000289745,2225,-0.0051
LINC00381,930,-0.0051
LINC02384,6083,-0.0051
NMNAT1P3,818,-0.0051
ENSG00000207022,785,-0.0052
ENSG00000288720,6541,-0.0052
GCHFR,6422,-0.0052
TBX10,2736,-0.0052
ENSG00000277511,4942,-0.0052
ENSG00000235122,2662,-0.0052
CDHR1,1334,-0.0052
TEX12,5397,-0.0052
SKAP1-AS1,5178,-0.0052
ENSG00000279083,23,-0.0052
GLYAT,4478,-0.0052
LINC02048,2575,-0.0052
RNU6-733P,281,-0.0052
HOXA-AS3,6492,-0.0052
KCNS1,1942,-0.0052
ENSG00000273565,4242,-0.0052
SMAD5-AS1,2415,-0.0052
COX7A1,871,-0.0052
ARVCF,7148,-0.0053
ENSG00000238009,6441,-0.0053
ENSG00000269802,4505,-0.0053
TNFAIP8L3,6622,-0.0053
ECH1,7394,-0.0053
CCDC83,5649,-0.0053
BTF3-DT,3126,-0.0053
GPR22,5760,-0.0053
EPHX4,6122,-0.0053
GRM7,6916,-0.0053
FAAP20,7380,-0.0053
TRAK2,7509,-0.0053
ENSG00000260042,596,-0.0053
CWF19L2,7583,-0.0053
CACYBPP2,6726,-0.0054
ENSG00000272770,6194,-0.0054
TM4SF1-AS1,6387,-0.0054
ENSG00000247903,7017,-0.0054
SRI-AS1,2389,-0.0054
ENSG00000280571,7202,-0.0054
ASAH2B,7238,-0.0054
ENSG00000255046,5752,-0.0054
ENSG00000290999,4525,-0.0054
SRP54,7611,-0.0054
SPATS2,7629,-0.0054
ENSG00000229188,169,-0.0054
NIPA2P4,1580,-0.0054
MEIS2,7631,-0.0054
TAS2R8,978,-0.0055
ENSG00000291132,4859,-0.0055
IQSEC3,4267,-0.0055
BHMT2,4883,-0.0055
ZNF503-AS2,6407,-0.0055
ENSG00000255663,7463,-0.0055
SUCLG2P2,531,-0.0055
TTI1,7433,-0.0055
ENSG00000274270,2300,-0.0055
ENSG00000287475,453,-0.0055
ENSG00000267006,462,-0.0055
ARHGAP15-AS1,2988,-0.0055
HAUS4,7308,-0.0055
ENSG00000257953,3784,-0.0055
ENSG00000235991,6127,-0.0055
OGFR-AS1,2733,-0.0056
RPL6P31,686,-0.0056
EIF4A1P10,3741,-0.0056
ENSG00000258520,5479,-0.0056
ENSG00000254163,1627,-0.0056
ENSG00000285778,4213,-0.0056
UBE2E3-DT,466,-0.0056
ENSG00000288887,391,-0.0056
RHBG,2540,-0.0056
ENSG00000254707,174,-0.0056
CEP72-DT,4882,-0.0056
PAK5,5587,-0.0056
KU-MEL-3,186,-0.0056
OVCH1-AS1,6054,-0.0056
DOCK9-DT,1406,-0.0056
CLP1,7309,-0.0056
OR8G1,677,-0.0056
ENSG00000288523,144,-0.0056
ENSG00000257283,4871,-0.0057
PDZK1P1,6004,-0.0057
ENSG00000276702,1905,-0.0057
SRSF4,7633,-0.0057
ENSG00000287928,5152,-0.0057
LY96,6885,-0.0057
ENSG00000259362,951,-0.0057
ENSG00000235071,762,-0.0057
ENSG00000285997,61,-0.0057
FZD9,1919,-0.0057
ELOVL3,2857,-0.0057
SETP17,3051,-0.0057
RNF135,7259,-0.0057
ENSG00000285754,4473,-0.0057
PALM3,5530,-0.0057
ENSG00000272149,4079,-0.0057
SLC7A13,4318,-0.0057
VIRMA-DT,6832,-0.0057
ENSG00000287766,2012,-0.0057
ENSG00000288871,4396,-0.0057
ENSG00000247134,7097,-0.0057
ENSG00000251012,1353,-0.0058
YEATS4,7394,-0.0058
ENPP7P8,5374,-0.0058
ENSG00000224799,112,-0.0058
KRT18P25,33,-0.0058
ENSG00000232377,5179,-0.0058
TERF1P5,2469,-0.0058
LINC02277,1994,-0.0059
STIP1P3,258,-0.0059
ENSG00000286123,3820,-0.0059
MPC2,7376,-0.0059
PSMC1P2,981,-0.0059
RNU6-147P,2579,-0.0059
ENSG00000228142,3921,-0.0059
ENSG00000264829,879,-0.0059
JAK2,7600,-0.0059
CELF4,6666,-0.0059
APOBEC3A,7184,-0.0059
ENSG00000251461,2239,-0.0059
ENSG00000290749,706,-0.0059
YME1L1,7634,-0.0059
CD84,932,-0.0059
ENSG00000278981,368,-0.0059
MED13L,7638,-0.006
RPS7P15,1592,-0.006
PLEKHF2,7497,-0.006
ENSG00000259434,4685,-0.006
ENSG00000227218,6149,-0.006
ENSG00000286575,5178,-0.006
ENSG00000224794,2583,-0.006
ENSG00000237115,72,-0.006
ENSG00000228809,3616,-0.006
LINC01701,3604,-0.006
ZSCAN18,7014,-0.006
IGFBPL1,4067,-0.006
ENSG00000264701,3257,-0.006
ENSG00000290101,2770,-0.006
ENSG00000287581,3048,-0.006
OR7A10,176,-0.006
STAG3L4,7016,-0.006
ENSG00000270591,392,-0.0061
ENSG00000230423,1204,-0.0061
LINC00216,2975,-0.0061
STIM2-AS1,1719,-0.0061
ENSG00000266369,383,-0.0061
CSNK2B,7452,-0.0061
ZBTB40,7523,-0.0061
NME1-NME2,6750,-0.0061
ENSG00000275720,528,-0.0061
SLC15A5,4607,-0.0061
RPS24P8,5545,-0.0061
MTND5P42,533,-0.0061
ENSG00000263680,5346,-0.0061
DND1P1,210,-0.0061
VN1R1,3794,-0.0061
PRKAA2,7570,-0.0062
CXCR6,1260,-0.0062
ENSG00000204684,2820,-0.0062
KRT78,1872,-0.0062
MED30,7362,-0.0062
HSPA8P11,1557,-0.0062
CDC20-DT,7127,-0.0062
MRPL55,7272,-0.0062
ENSG00000289440,5053,-0.0062
LRRN1,5790,-0.0062
ENSG00000286338,5090,-0.0062
FGB,6669,-0.0062
PDE6B,3037,-0.0062
RIOX2,7348,-0.0062
CPLANE1-AS1,4961,-0.0062
CIBAR1P1,2956,-0.0062
MPZL3,7307,-0.0063
NPM1P20,174,-0.0063
ENSG00000288090,40,-0.0063
ENSG00000288046,874,-0.0063
ENSG00000254653,1006,-0.0063
ENSG00000288843,5554,-0.0063
TRPC2,1022,-0.0063
ENSG00000258924,983,-0.0063
SLAIN2,7595,-0.0063
ENSG00000234918,163,-0.0063
ENSG00000287463,665,-0.0063
ENSG00000266821,2918,-0.0063
BTNL3,1411,-0.0063
TMEM270,1176,-0.0063
ENSG00000290689,4102,-0.0064
TRNAU1AP,7547,-0.0064
ENSG00000287799,5922,-0.0064
ZNF347,7143,-0.0064
ENSG00000287660,691,-0.0064
ENSG00000267815,3004,-0.0064
CDX2,5388,-0.0064
ENSG00000259762,3332,-0.0064
OR9I1,264,-0.0064
ANKS1A,7607,-0.0064
ENSG00000272341,6368,-0.0064
UBE2V1P5,469,-0.0064
ENSG00000237251,4675,-0.0064
ENSG00000250111,1702,-0.0064
AZGP1,6364,-0.0065
RAB14,7589,-0.0065
LINC02754,3384,-0.0065
ZNF835,595,-0.0065
SCNM1,7353,-0.0065
ENSG00000274863,1218,-0.0065
RPSAP15,791,-0.0065
ENSG00000249782,1698,-0.0065
LINC02311,87,-0.0065
LRRCC1,7306,-0.0065
ENSG00000253339,881,-0.0065
ENSG00000286326,1537,-0.0065
MTPAP,7433,-0.0065
ENSG00000229727,4822,-0.0065
TECRL,1801,-0.0065
KEL,6384,-0.0065
AKR1E2,6561,-0.0065
ENSG00000279086,6090,-0.0066
LINC02029,3544,-0.0066
ENSG00000236814,2793,-0.0066
LINC00850,2509,-0.0066
ENSG00000250993,2987,-0.0066
ENSG00000268326,480,-0.0066
ENSG00000254756,3222,-0.0066
ENSG00000265204,6123,-0.0066
HMMR-AS1,6230,-0.0066
STK24-AS1,4430,-0.0066
ENSG00000279494,239,-0.0066
ENSG00000255000,124,-0.0066
TRHDE-AS1,4049,-0.0066
NBEAP4,3366,-0.0066
UBTF,7473,-0.0066
LINC01872,1399,-0.0066
ENSG00000285715,810,-0.0066
LINC00888,6610,-0.0066
IRF5,5741,-0.0066
LINC01315,4727,-0.0067
ATP5F1CP1,114,-0.0067
RPL29P12,35,-0.0067
ZMYM4,7626,-0.0067
APOC2,3179,-0.0067
ENSG00000289291,3524,-0.0067
ENSG00000224733,56,-0.0067
ENSG00000287376,321,-0.0067
ENSG00000268756,2649,-0.0067
PCDHB17P,891,-0.0067
ENSG00000268729,1189,-0.0068
NSMAF,7532,-0.0068
FCAMR,751,-0.0068
LRRC9,5152,-0.0068
FCSK,7253,-0.0068
ENSG00000287018,771,-0.0068
MISP3,6137,-0.0068
LINC01349,1593,-0.0068
ENSG00000272609,1098,-0.0068
ENSG00000267312,1523,-0.0068
NPM1P50,1122,-0.0068
NHIP,1915,-0.0068
ENSG00000287877,5023,-0.0068
ENSG00000273090,2350,-0.0068
ENSG00000249041,2406,-0.0068
LINC01932,195,-0.0068
ENSG00000276170,3405,-0.0068
AACS,7505,-0.0068
RPS2P46,2148,-0.0068
ENSG00000279914,43,-0.0068
ENSG00000288659,2527,-0.0068
WASHC5,7591,-0.0068
CFAP52,4822,-0.0068
ENSG00000257456,361,-0.0069
ANGEL1,7301,-0.0069
S1PR5,3382,-0.0069
ENSG00000279908,371,-0.0069
ENSG00000258504,5690,-0.0069
RAB19,5435,-0.0069
ENSG00000225850,4389,-0.0069
DENND3-AS1,6975,-0.0069
CASKP1,2686,-0.0069
PEX16,7298,-0.0069
ENSG00000289342,2213,-0.0069
ENSG00000228686,2046,-0.0069
TEN1-CDK3,725,-0.0069
ENSG00000236676,3262,-0.0069
ENSG00000243613,4520,-0.0069
ENSG00000229969,977,-0.0069
HBS1L,7584,-0.007
OR13A1,1629,-0.007
ENSG00000257997,265,-0.007
ENSG00000223742,257,-0.007
ENSG00000274425,5012,-0.007
FAM133DP,5280,-0.007
LNMICC,1507,-0.007
ENSG00000290036,1424,-0.007
ENSG00000288031,4022,-0.007
EID2B,6919,-0.007
ENSG00000250286,4541,-0.007
ENSG00000286891,3947,-0.007
SAC3D1,7139,-0.007
ENSG00000226756,4080,-0.007
VCL,7641,-0.007
ENSG00000250081,4232,-0.0071
CLDND2,4350,-0.0071
DENND2D,6212,-0.0071
SHROOM4,7113,-0.0071
RPL5P32,134,-0.0071
ENSG00000276571,1893,-0.0071
ENSG00000235852,5389,-0.0071
RBMXL2,569,-0.0072
ENSG00000272148,1761,-0.0072
ENSG00000286660,248,-0.0072
ZNF496-DT,338,-0.0072
ENSG00000286266,4970,-0.0072
ENSG00000251330,754,-0.0072
ENSG00000273821,608,-0.0072
ENSG00000272911,1582,-0.0072
CORO1A,2383,-0.0072
TRIM54,5138,-0.0072
ENSG00000225864,1259,-0.0072
LIN7A,7095,-0.0072
ENSG00000269148,799,-0.0072
ENSG00000273107,1100,-0.0072
ZMYM6,7530,-0.0072
ENSG00000257587,898,-0.0073
LINC01241,1915,-0.0073
ENSG00000290796,6897,-0.0073
KLHL20,7551,-0.0073
AIMP1,7530,-0.0073
ENSG00000268266,4456,-0.0073
ENSG00000250619,6140,-0.0073
ENSG00000230826,6239,-0.0073
OPTC,716,-0.0073
ENSG00000280852,3701,-0.0073
ENSG00000275871,4598,-0.0073
RPL5P27,476,-0.0073
ENSG00000228386,6068,-0.0073
MSI1,5685,-0.0073
ZNF230-DT,3151,-0.0073
ENSG00000229915,309,-0.0073
PSMG3,7364,-0.0074
TMEM204,5727,-0.0074
NFS1,7357,-0.0074
CD3G,4001,-0.0074
ENSG00000258908,2962,-0.0074
CEACAM3,916,-0.0074
ENSG00000289934,101,-0.0074
ACR,1986,-0.0074
LINC00474,1412,-0.0074
ENSG00000287786,391,-0.0074
ENSG00000272182,3296,-0.0074
C17orf78,3940,-0.0074
MTND4LP30,199,-0.0074
SRPK2P,5732,-0.0074
HECTD1,7632,-0.0075
ENSG00000253926,766,-0.0075
PLN,5304,-0.0075
ENSG00000231443,2144,-0.0075
ENSG00000272037,2689,-0.0075
Y_RNA-446,785,-0.0075
ENSG00000289238,4436,-0.0075
ENSG00000286757,6603,-0.0075
EVX1,927,-0.0075
VIPR2,6040,-0.0075
ENSG00000288778,1134,-0.0075
SBNO1-AS1,5418,-0.0075
ENSG00000234173,4779,-0.0075
MRPL1,7545,-0.0075
NOXRED1,7361,-0.0075
PPP2R2A,7630,-0.0075
LINC01958,1304,-0.0075
CEP164P1,7266,-0.0075
ENSG00000255410,1998,-0.0075
UCHL5,7552,-0.0075
EFTUD2,7587,-0.0075
ADGRD2,1310,-0.0076
ENSG00000287270,2441,-0.0076
ENSG00000255114,6970,-0.0076
ENSG00000287735,1359,-0.0076
ENSG00000286982,1947,-0.0076
ENSG00000286258,397,-0.0076
KASH5,3823,-0.0076
LSM10,7087,-0.0076
CCNYL3,458,-0.0076
NXNL2,6548,-0.0076
ENSG00000251099,85,-0.0076
LINC01168,369,-0.0076
ENSG00000289106,7021,-0.0076
RAI14-DT,314,-0.0076
ENSG00000235939,6870,-0.0076
ENSG00000287448,2227,-0.0076
ENSG00000261347,106,-0.0076
C1orf100,5834,-0.0076
ENSG00000253474,5280,-0.0076
ENSG00000268742,554,-0.0076
GPR82,5312,-0.0076
MAGEA3-DT,7056,-0.0077
ENSG00000267102,3826,-0.0077
ENSG00000286401,5620,-0.0077
RNF113A,7285,-0.0077
FGF14-AS2,2384,-0.0077
LINC01451,522,-0.0077
ENSG00000286745,3145,-0.0077
RPL36P7,195,-0.0077
ZNF445,7433,-0.0077
ENSG00000290319,5464,-0.0077
RGPD3,5907,-0.0078
GRXCR1,2758,-0.0078
ENSG00000283010,2122,-0.0078
RNASE11,1111,-0.0078
BAG3,7517,-0.0078
TXLNGY-1,6272,-0.0078
TNS2-AS1,7370,-0.0078
ABHD8,7288,-0.0078
SLX1A-SULT1A3,44,-0.0078
ENSG00000272910,2352,-0.0078
ARSH,1660,-0.0079
ENSG00000277597,1942,-0.0079
SLC7A10,1347,-0.0079
ENSG00000279622,66,-0.0079
ENSG00000266824,3924,-0.0079
YBEY,7294,-0.0079
ENSG00000280445,177,-0.0079
PSORS1C2,941,-0.0079
WDR95P,2108,-0.0079
BTBD6,6381,-0.0079
WASF4P,2656,-0.0079
ENSG00000273637,4455,-0.0079
ENSG00000255085,557,-0.0079
HAUS3,7377,-0.008
ENSG00000259540,297,-0.008
LINC01280,1722,-0.008
PIEZO1P2,2240,-0.008
CKM,5903,-0.008
CD8B,1953,-0.008
ENSG00000241493,303,-0.008
GPRASP2,6283,-0.008
ENSG00000250032,40,-0.008
ENSG00000279641,4319,-0.008
ENSG00000272104,7008,-0.008
ENSG00000257797,57,-0.0081
ENSG00000259238,1677,-0.0081
LINC01480,1520,-0.0081
ENSG00000289193,305,-0.0081
ENSG00000273374,1961,-0.0081
EPHB3,7102,-0.0081
SRSF12,6770,-0.0081
CPT2,7301,-0.0081
LINC01980,6234,-0.0081
ENSG00000254568,2869,-0.0081
NECTIN1-AS1,4118,-0.0082
NANS,7471,-0.0082
HNRNPA1P67,582,-0.0082
ENSG00000229422,411,-0.0082
PSME2P3,185,-0.0082
ENSG00000228404,1248,-0.0082
PRKAR1B-AS2,297,-0.0082
ENSG00000286086,4201,-0.0082
ENSG00000270139,116,-0.0083
ENSG00000283118,1856,-0.0083
ENSG00000290091,4945,-0.0083
PROX1,7538,-0.0083
RAD23B,7630,-0.0083
ENSG00000285741,4415,-0.0083
PAPPA-AS2,1189,-0.0083
HAUS1P1,1703,-0.0083
ENSG00000270726,743,-0.0083
ENSG00000233706,4193,-0.0084
UBA52P6,1027,-0.0084
ENSG00000288683,6616,-0.0084
PRMT5-DT,7198,-0.0084
ENSG00000250511,764,-0.0084
SH3BGR,7275,-0.0084
LINC00348,3936,-0.0084
UPK1B,5918,-0.0084
VHLL,213,-0.0084
ENSG00000284653,496,-0.0084
ENSG00000286900,1944,-0.0084
ITPRID1,4635,-0.0084
PURB,7579,-0.0084
KRT75,1132,-0.0084
ENSG00000289303,1784,-0.0085
ENSG00000262560,6894,-0.0085
ENSG00000206731,1754,-0.0085
ENSG00000229528,2049,-0.0085
YWHAEP5,3689,-0.0085
BTNL2,960,-0.0085
INCA1,5764,-0.0085
SAE1,7538,-0.0085
TEPP,1354,-0.0085
HGFAC,3517,-0.0085
NOSIP,7511,-0.0085
ENSG00000290357,6185,-0.0085
GCSH,7135,-0.0085
ENSG00000259481,5002,-0.0085
ENSG00000259312,201,-0.0085
SHROOM2,7273,-0.0085
ENSG00000236948,3986,-0.0085
ERVFRD-1,1831,-0.0085
PCDHAC2,2553,-0.0085
ENSG00000290124,5553,-0.0086
SPINK2,1763,-0.0086
LINC01447,2180,-0.0086
SPIC,2029,-0.0086
PTGES3L-AARSD1,2772,-0.0086
ZBTB32,5060,-0.0086
ENSG00000232019,2982,-0.0086
ZNF470-DT,6600,-0.0086
ENSG00000223542,1635,-0.0086
S1PR4,2767,-0.0086
ENSG00000267469,6365,-0.0086
UFSP1,2319,-0.0086
ENSG00000238260,3243,-0.0086
ELOCP33,596,-0.0086
ENSG00000261790,2024,-0.0086
ENSG00000287242,6548,-0.0086
ENSG00000244268,3515,-0.0086
GPATCH2,7607,-0.0086
ENSG00000205644,199,-0.0086
ENSG00000288851,6332,-0.0086
ENSG00000286293,101,-0.0086
LINC02659,163,-0.0087
PTPN2P2,25,-0.0087
ENSG00000253204,268,-0.0087
ENSG00000291096,836,-0.0087
RPL35AP16,1569,-0.0087
SPATA3,2174,-0.0087
APOB,6997,-0.0087
HLA-DPA1,4253,-0.0087
MPIG6B,4298,-0.0087
GAPDHP60,640,-0.0087
ARHGEF35,4430,-0.0087
ENSG00000287033,4443,-0.0087
THG1L,7336,-0.0087
ENSG00000259463,3329,-0.0087
EEF1A1P48,830,-0.0087
FAM167B,2825,-0.0087
IGSF22-AS1,4378,-0.0087
ENSG00000279598,7130,-0.0087
ENSG00000237689,85,-0.0087
RPL12P14,842,-0.0088
ZNF648,1549,-0.0088
ENSG00000278001,2490,-0.0088
LINC01964,1172,-0.0088
SMIM24,3627,-0.0088
ENSG00000261766,7022,-0.0088
ENSG00000227733,2648,-0.0088
RBPMSLP,561,-0.0088
ENSG00000259277,2071,-0.0088
ENSG00000233820,1612,-0.0088
ENSG00000232597,42,-0.0088
ENSG00000250934,3531,-0.0088
RBMS3-AS1,1326,-0.0088
LRRC37A5P-1,5466,-0.0089
LINC02714,1484,-0.0089
KRT8P45,997,-0.0089
ENSG00000254638,471,-0.0089
F5,5989,-0.0089
ENSG00000259321,3502,-0.0089
ENSG00000219201,4221,-0.0089
ENSG00000251200,207,-0.0089
ENSG00000212187,148,-0.0089
RPL6P10,6242,-0.0089
RNU6-1008P,32,-0.0089
ENSG00000280157,3584,-0.0089
MTARC1,6922,-0.0089
SEPTIN10P1,2990,-0.009
ENSG00000286666,801,-0.009
CRYGN,1685,-0.009
MINDY2-DT,4377,-0.009
CDC27P3,217,-0.009
ENSG00000239219,2813,-0.009
LYZL6,218,-0.009
ENSG00000279753,5868,-0.009
FLRT2,7333,-0.009
ENSG00000286708,3901,-0.009
FN1-DT,657,-0.009
HEXA-AS1,3340,-0.009
ENSG00000288084,1028,-0.009
LINC02924,700,-0.009
LLPH-DT,5993,-0.009
TAS2R43,4312,-0.009
SYN2,6903,-0.009
PDLIM3,6946,-0.009
ATP1B4,187,-0.0091
ENSG00000285960,1871,-0.0091
GGTLC2,1936,-0.0091
ZDHHC19,4673,-0.0091
KRT87P,3250,-0.0091
PAPOLA-DT,3630,-0.0091
LINC01513,4436,-0.0091
CYP2C58P,80,-0.0091
ENSG00000274895,2121,-0.0091
RPSAP41,792,-0.0091
ENSG00000286887,2491,-0.0091
ENSG00000272735,3046,-0.0091
ENSG00000273076,6407,-0.0091
KRTAP4-1,539,-0.0091
ENSG00000283103,7273,-0.0091
HLTF-AS1,2435,-0.0091
METTL22,7418,-0.0091
ENSG00000279628,3360,-0.0091
CALML3-AS1,3239,-0.0091
ENSG00000244429,126,-0.0091
LINC02160,4362,-0.0091
ENSG00000285525,838,-0.0091
ENSG00000287455,833,-0.0092
C11orf52,5172,-0.0092
NARS1P2,1496,-0.0092
ENSG00000255449,2219,-0.0092
LINC01450,588,-0.0092
ENSG00000226724,1311,-0.0092
ENSG00000278275,4077,-0.0092
ENSG00000183562,3021,-0.0092
ZNF530,6550,-0.0092
USP24P1,1115,-0.0092
LINC02622,1598,-0.0092
ENSG00000234282,24,-0.0092
ENSG00000276527,3821,-0.0093
LAMA1,7409,-0.0093
CCDC154,6049,-0.0093
HSPE1P27,2441,-0.0093
EIF1P3,4249,-0.0093
PHOSPHO1,1538,-0.0093
HNRNPA1P55,1220,-0.0093
ENSG00000287189,313,-0.0094
BFSP2,6081,-0.0094
ENSG00000237718,1670,-0.0094
ENSG00000272810,335,-0.0094
ENSG00000276972,827,-0.0094
ENSG00000286349,4302,-0.0094
ENSG00000268836,2837,-0.0094
MIF4GD,7155,-0.0094
ENSG00000272114,5876,-0.0094
ENSG00000271426,890,-0.0094
ENSG00000288537,81,-0.0094
ENSG00000259182,1868,-0.0094
RUNX2-AS1,2212,-0.0095
RRP7BP,7187,-0.0095
KRT222,867,-0.0095
TMEM251,7065,-0.0095
ENSG00000240096,90,-0.0095
ENSG00000260619,532,-0.0095
ENSG00000232909,161,-0.0095
ENSG00000285809,278,-0.0095
TMPRSS11CP,3279,-0.0095
ZFAND2A-DT,6861,-0.0095
JDP2-AS1,1468,-0.0096
TGIF2LX,430,-0.0096
ENSG00000230736,3308,-0.0096
PJA1,7335,-0.0096
PYDC5,1092,-0.0096
RN7SL697P,736,-0.0096
F7,3070,-0.0096
ENSG00000287611,395,-0.0096
STK3,7641,-0.0096
HNRNPKP4,2785,-0.0096
ZNF582-DT,2002,-0.0096
CDHR4,5056,-0.0096
KCTD4,3783,-0.0097
NUBP1,7405,-0.0097
ENSG00000282740,264,-0.0097
ZNF734P,36,-0.0097
ENSG00000277959,5601,-0.0097
TMEM242-DT,300,-0.0097
CTAGE6,2020,-0.0097
STK16,7280,-0.0098
TMEM81,6761,-0.0098
ENSG00000254321,174,-0.0098
PMS2P7,6231,-0.0098
ENSG00000277214,689,-0.0098
ENSG00000287041,3078,-0.0098
CAMTA1,7639,-0.0098
SAPCD1,6716,-0.0098
GVINP1,5133,-0.0098
SNX30-DT,988,-0.0098
ENSG00000287330,6613,-0.0098
MRC1,6359,-0.0098
DPPA2,2481,-0.0098
STX8P1,100,-0.0098
MTATP6P19,2098,-0.0098
GNG13,421,-0.0098
ENSG00000289853,2415,-0.0098
ENSG00000290015,1253,-0.0099
TMSB4XP1,399,-0.0099
ENSG00000279345,2972,-0.0099
LDLRAD2,5318,-0.0099
FAM133EP,3436,-0.0099
LINC00442,3916,-0.0099
ENSG00000267748,6545,-0.0099
ENSG00000289482,34,-0.0099
LINC00903,842,-0.0099
ENSG00000260495,4343,-0.0099
PPP1R2,7568,-0.0099
VPS36,7525,-0.0099
ENSG00000287683,6455,-0.0099
ENSG00000231102,2684,-0.0099
ENSG00000225297,125,-0.0099
ENSG00000289045,6808,-0.0099
PYCARD,4825,-0.0099
ENSG00000284957,1204,-0.0099
ENSG00000251423,4257,-0.0099
ICE2,7597,-0.01
ENSG00000286530,2257,-0.01
ENSG00000258763,4182,-0.01
ENSG00000289336,120,-0.01
GRAMD1A-AS1,1959,-0.01
ZXDC,7613,-0.01
RNY3P16,1669,-0.01
ENSG00000255188,1054,-0.01
LINC01324,3624,-0.01
LINC01555,2168,-0.01
FRG1CP,7337,-0.01
ENSG00000259607,1935,-0.01
ENSG00000257711,1047,-0.01
ENSG00000285981,337,-0.01
ENSG00000278901,547,-0.0101
ENSG00000289317,1073,-0.0101
DNAJA1P3,1808,-0.0101
LAMP5,1981,-0.0101
ENSG00000266535,338,-0.0101
RBP2,5270,-0.0101
ENSG00000254222,731,-0.0101
DRP2,6284,-0.0101
DRGX,1312,-0.0101
ENSG00000287629,3060,-0.0101
SSX2B,236,-0.0101
ZNF473CR,7013,-0.0101
GPR15,3402,-0.0101
THBS2-AS1,6971,-0.0101
ZFP82,7088,-0.0101
MPRIPP1,3717,-0.0101
WBP1LP2,838,-0.0101
CT45A11P,3746,-0.0101
ENSG00000287939,428,-0.0102
ENSG00000279063,504,-0.0102
RNASEK-C17orf49,41,-0.0102
LINC02993,834,-0.0102
AP4B1,7378,-0.0102
TSIX,6654,-0.0102
LINC02611,1052,-0.0102
ENSG00000286997,6574,-0.0102
LRRC3B,1589,-0.0102
FTH1P8,3777,-0.0102
RPL21P132,329,-0.0102
ENSG00000269935,449,-0.0102
ENSG00000276375,89,-0.0102
ENSG00000261573,2061,-0.0102
ENSG00000287642,1693,-0.0102
EMP2P1,3696,-0.0102
ENSG00000228384,1713,-0.0102
ENSG00000260409,4484,-0.0102
ENSG00000269151,4927,-0.0103
ENSG00000277688,6400,-0.0103
MIR503HG,5504,-0.0103
LINC02373,5841,-0.0103
ENSG00000250371,6667,-0.0103
RGS7BP,4284,-0.0103
MRPL39,7409,-0.0103
ENSG00000272447,257,-0.0103
ENSG00000267299,4597,-0.0103
LINC01915,4072,-0.0103
PLA2G1B,414,-0.0103
NHS-AS1,2392,-0.0103
ENSG00000237713,5225,-0.0103
LINC02468,241,-0.0103
ENSG00000288833,5747,-0.0103
ENPP7P15,4831,-0.0103
MARCHF11,3965,-0.0104
FNDC8,2706,-0.0104
HAR1B,4586,-0.0104
ENSG00000259940,1747,-0.0104
PRRC2B,7641,-0.0104
RPL21P136,1468,-0.0104
ENSG00000269480,197,-0.0104
ENSG00000277397,73,-0.0104
EFL1P2,324,-0.0104
ENSG00000235804,64,-0.0104
CEACAMP8,215,-0.0104
CGB2,593,-0.0104
DAOA-AS1,1310,-0.0104
CDR2-DT,5069,-0.0104
ZPBP,4591,-0.0105
CYFIP1,7614,-0.0105
PIERCE2,6482,-0.0105
LINC02834,1006,-0.0105
EMC8,7409,-0.0105
IMPDH1P8,1147,-0.0105
LINC00222,6482,-0.0105
ENSG00000280193,2910,-0.0105
ENSG00000279278,4099,-0.0106
CA14,2797,-0.0106
ENSG00000286366,6886,-0.0106
IFNA17,54,-0.0106
ENSG00000255847,4799,-0.0106
ENSG00000254236,1228,-0.0106
SLC24A1,7403,-0.0106
SLA,3477,-0.0106
ENSG00000267580,598,-0.0106
TMEM247,141,-0.0106
LINC00900,611,-0.0106
OR56B1,550,-0.0106
ENSG00000188512,2518,-0.0106
ENSG00000273747,650,-0.0107
PCBP2P2,3257,-0.0107
ENSG00000259276,4315,-0.0107
ENSG00000236115,2963,-0.0107
SCG3,6049,-0.0107
ENSG00000280187,6826,-0.0107
ENSG00000279884,991,-0.0107
LILRB4,634,-0.0107
OR7E99P,29,-0.0107
LINC02401,1014,-0.0107
ENSG00000267515,928,-0.0107
ELL3,6345,-0.0107
ENSG00000269032,143,-0.0107
FKBP1AP1,810,-0.0107
PSMD14-DT,7174,-0.0107
ENSG00000286809,1315,-0.0107
ENSG00000275759,3107,-0.0107
ENSG00000268361,4562,-0.0107
ENSG00000236514,5511,-0.0107
ENSG00000288872,3225,-0.0107
SEPTIN7P10,3246,-0.0107
GABRR3,2560,-0.0108
ENSG00000289285,3250,-0.0108
ENSG00000266910,4393,-0.0108
DBF4P1,5520,-0.0108
ENSG00000264876,1185,-0.0108
ENSG00000237268,4270,-0.0108
FAM151A,3895,-0.0109
MKLN1,7641,-0.0109
CCDC27,2271,-0.0109
TBX15,6933,-0.0109
ENSG00000224049,462,-0.0109
KCNT1,3318,-0.0109
LINC02692,704,-0.0109
ENSG00000223754,2387,-0.0109
POU2F1,7639,-0.0109
ENSG00000254605,2397,-0.0109
ENSG00000285857,4748,-0.011
CD5,4439,-0.011
CROCCP3,7040,-0.011
ENSG00000223430,52,-0.011
PPP6C,7491,-0.011
ENSG00000253567,3726,-0.011
CAPN14,6242,-0.011
ENSG00000285947,1129,-0.011
ENSG00000260814,466,-0.011
GBX1,6379,-0.011
TM4SF20,4659,-0.011
ENSG00000258448,1992,-0.0111
KIAA0895LP1,599,-0.0111
ARMC8,7602,-0.0111
ENSG00000286409,5074,-0.0111
TM9SF4,7620,-0.0111
LINC02765,3950,-0.0111
ENSG00000276627,1259,-0.0111
SERBP1P4,443,-0.0111
ZNF354C,6666,-0.0111
PPP1R16B,5820,-0.0111
CAMSAP1-DT,7308,-0.0111
ENSG00000287425,4553,-0.0111
ENSG00000251062,2877,-0.0111
ENSG00000288935,4828,-0.0111
GATAD2B,7614,-0.0111
ENSG00000262213,5192,-0.0111
OR4A11P,115,-0.0111
ENSG00000230499,5460,-0.0111
ENSG00000255271,2573,-0.0111
ENSG00000237734,408,-0.0111
RPL12P40,140,-0.0111
ENSG00000256101,2809,-0.0112
ENSG00000273472,1339,-0.0112
JRKL-AS1,1361,-0.0112
ENSG00000223446,628,-0.0112
SH3D19,7640,-0.0112
MTCYBP21,647,-0.0112
LINC02780,2245,-0.0112
BLACE,489,-0.0112
ENSG00000289852,4410,-0.0112
PAGE2B,3037,-0.0112
ENSG00000262429,5256,-0.0112
RPL35AP35,709,-0.0112
NFYBP1,196,-0.0112
ENSG00000288983,6487,-0.0112
ENSG00000228160,273,-0.0112
VGLL4,7632,-0.0112
LINC00317,1505,-0.0112
ENSG00000287680,716,-0.0112
C1GALT1C1L,1703,-0.0113
GKN1,638,-0.0113
ENSG00000229857,920,-0.0113
ENSG00000254595,1791,-0.0113
KRT9,600,-0.0113
PDCD6-DT,5343,-0.0113
ENSG00000265139,210,-0.0113
ENSG00000276991,830,-0.0113
GTF2H1,7515,-0.0113
RBPJP6,253,-0.0113
ENSG00000270110,4826,-0.0113
ENSG00000287219,5706,-0.0113
RNF128,7362,-0.0113
LINC01160,811,-0.0114
ENSG00000287167,313,-0.0114
SEC24A,7629,-0.0114
ENSG00000272572,3035,-0.0114
FBXL21P,2703,-0.0114
SMYD3-AS1,3092,-0.0114
SIM1,4996,-0.0114
ENSG00000261285,1844,-0.0114
ENSG00000260197,1777,-0.0114
ENSG00000289878,2546,-0.0114
ENSG00000214797,188,-0.0114
DGAT2L7P,2268,-0.0114
LINC01375,1252,-0.0114
ENSG00000287251,911,-0.0115
ENSG00000260798,5987,-0.0115
ENSG00000283376,1657,-0.0115
FPR2,977,-0.0115
ENSG00000249359,1417,-0.0115
ATP9B,7624,-0.0115
RPRD2,7628,-0.0115
MTMR2,7547,-0.0115
ENSG00000289516,6599,-0.0115
GPR45,48,-0.0115
STEEP1,7383,-0.0115
SLC9A9-AS1,359,-0.0115
FAM201A,4830,-0.0116
GABRG3-AS1,3230,-0.0116
ENSG00000265125,1146,-0.0116
DSG1-AS1,4681,-0.0116
ENSG00000288921,1897,-0.0116
RANGRF,7188,-0.0116
ENSG00000272072,4808,-0.0116
RN7SL835P,129,-0.0116
LINC02027,4256,-0.0116
LINC02788,2864,-0.0116
PSMA1,7535,-0.0116
CDKN2AIPNL,7302,-0.0116
PBOV1,2597,-0.0116
HTR1E,3506,-0.0117
ENSG00000287724,4098,-0.0117
ENSG00000286160,724,-0.0117
NPM1P31,759,-0.0117
ENSG00000262815,132,-0.0117
ITGAE,7360,-0.0117
DNAJC13,7610,-0.0117
KLHDC9,4263,-0.0117
STT3B,7635,-0.0117
SNORA72-3,41,-0.0117
SNRNP25,7158,-0.0117
ANAPC10,7552,-0.0117
LINC00316,651,-0.0117
ENSG00000289302,700,-0.0117
ENSG00000288694,4336,-0.0117
ENSG00000288746,2638,-0.0117
ENSG00000287011,920,-0.0118
ENSG00000234780,47,-0.0118
INTS6L-AS1,52,-0.0118
ENSG00000261335,4952,-0.0118
Metazoa_SRP-16,110,-0.0118
RPL26P27,475,-0.0118
XGY1,2193,-0.0118
PLPPR5-AS1,5208,-0.0118
PMS2P12,165,-0.0119
ARFGAP2,7394,-0.0119
ENSG00000253774,404,-0.0119
LINC01219,970,-0.0119
ENSG00000261723,5432,-0.0119
ENSG00000282034,2176,-0.0119
TMEM161BP1,357,-0.0119
METTL2A,7417,-0.0119
ENSG00000279087,144,-0.0119
LINC00528,1001,-0.0119
ENSG00000226849,6087,-0.012
ENSG00000236308,548,-0.012
SMTNL1,4071,-0.012
ENSG00000255692,409,-0.012
DNAJC10,7562,-0.012
ENSG00000261691,3300,-0.012
MTND6P18,1310,-0.012
ENSG00000288953,5974,-0.012
UBE2Q2P11,236,-0.012
STX19,6590,-0.012
LINC02141,5512,-0.012
ENTPD1-AS1,7544,-0.0121
ENSG00000288853,3673,-0.0121
ENSG00000258449,1901,-0.0121
GOLGA6FP,1104,-0.0121
POTEI,1995,-0.0121
ENSG00000224077,1881,-0.0121
ERVK-28,2651,-0.0121
ENSG00000285519,5740,-0.0121
DNAJC19P9,1091,-0.0121
LINC02963,1873,-0.0121
ENSG00000286970,4164,-0.0121
ENSG00000235945,6264,-0.0121
ENSG00000273014,6910,-0.0121
ENSG00000253484,29,-0.0121
ST13P7,3392,-0.0121
TAF9BP2,102,-0.0122
ENSG00000283431,428,-0.0122
RN7SKP91,1694,-0.0122
RPSAP4,204,-0.0122
SPATA4,2238,-0.0122
ENSG00000240376,3893,-0.0122
SLC17A4,638,-0.0122
KMT5AP1,2101,-0.0122
ENSG00000278673,3324,-0.0122
MALT1-AS1,1738,-0.0122
RNU6-176P,314,-0.0122
USP32P3,2925,-0.0122
PLCXD2-AS1,108,-0.0122
GABRG2,6114,-0.0123
ODAPH,4840,-0.0123
NAP1L4P3,850,-0.0123
ENSG00000284601,158,-0.0123
ENSG00000280348,228,-0.0123
CBFA2T2,7635,-0.0123
ENSG00000281386,3733,-0.0123
ENSG00000289028,3004,-0.0124
PART1,6505,-0.0124
ENSG00000203620,3471,-0.0124
OR2J2,1480,-0.0124
ENSG00000287824,570,-0.0124
ENSG00000223522,6406,-0.0124
LINC02446,2370,-0.0124
ENSG00000279073,6018,-0.0124
ENSG00000270154,891,-0.0124
ENSG00000261572,2958,-0.0125
ENSG00000287134,6762,-0.0125
C11orf42,2507,-0.0125
AK2P2,943,-0.0125
TAL2,1691,-0.0125
ENSG00000231092,2017,-0.0125
ZNF17,7286,-0.0125
CPB2,3618,-0.0125
ENSG00000277879,5339,-0.0125
ENSG00000286928,324,-0.0125
TMEM191A-1,6219,-0.0126
ENSG00000270076,446,-0.0126
TRIM15,5231,-0.0126
ENSG00000260051,665,-0.0126
RPS15AP1,5037,-0.0126
ENSG00000260558,1499,-0.0126
ZFHX3,7637,-0.0126
ENSG00000272971,1372,-0.0126
METTL15,7632,-0.0126
LINC00364,1239,-0.0126
ENSG00000290677,102,-0.0126
ENSG00000288949,754,-0.0126
ENSG00000288717,1347,-0.0127
ENSG00000289274,293,-0.0127
ENSG00000272434,1295,-0.0127
CTU1,7114,-0.0127
ENSG00000258587,284,-0.0127
GPIHBP1,778,-0.0127
FGFR2,7443,-0.0127
LINC02897,897,-0.0127
ENSG00000245651,3232,-0.0127
BZW1P1,1366,-0.0127
ENSG00000227413,138,-0.0127
ENSG00000269043,6338,-0.0127
ZNF517,6752,-0.0127
DMXL1-DT,7202,-0.0127
ENSG00000285177,2162,-0.0127
VDAC1P3,494,-0.0127
ENSG00000279208,1883,-0.0127
LINC01581,1061,-0.0128
ENSG00000261546,362,-0.0128
C8orf74,991,-0.0128
FAM32BP,31,-0.0128
MROH7-TTC4,2456,-0.0128
HNRNPA1P1,26,-0.0128
GLO1,7533,-0.0128
ENSG00000272953,4682,-0.0128
ENSG00000288795,2351,-0.0128
ENSG00000261140,3336,-0.0128
LCDR,5531,-0.0128
ADGRE4P,4692,-0.0128
PHKA1-AS1,3537,-0.0128
ENSG00000289529,3015,-0.0128
ENSG00000239465,1370,-0.0128
LINC01149,2072,-0.0129
ENSG00000256646,6544,-0.0129
WASHC5-AS1,4104,-0.0129
KIF26B-AS1,5624,-0.0129
ENSG00000275826,563,-0.0129
GLDC,7100,-0.0129
ST13P4,2465,-0.0129
LINC02412,1163,-0.0129
ENSG00000225236,132,-0.0129
CNTNAP2-AS1,797,-0.0129
GOLGA8N,6519,-0.0129
ANKRD33BP2,70,-0.0129
SCIMP,5747,-0.0129
ENSG00000267762,4057,-0.0129
SERP2,4618,-0.0129
STOML3,702,-0.0129
ENSG00000279658,6419,-0.013
PUDPP1,523,-0.013
TRNT1,7470,-0.013
ENSG00000260983,3876,-0.013
KLRF2,722,-0.013
ENSG00000287047,1681,-0.013
ENSG00000223697,5266,-0.013
EIF4A1P4,2015,-0.013
MAPKBP1,7497,-0.013
BORCS6,6599,-0.013
ENSG00000287518,462,-0.013
NCOA4P4,235,-0.013
ENSG00000289200,4672,-0.013
ENSG00000265008,1005,-0.0131
ENSG00000229178,1969,-0.0131
RPL12P42,2896,-0.0131
UBL7,7328,-0.0131
PITRM1,7545,-0.0131
ENSG00000272183,3166,-0.0131
LINC01744,703,-0.0131
ENSG00000279711,116,-0.0131
EHMT2-AS1,3903,-0.0131
C1orf50,7344,-0.0131
ENSG00000288536,852,-0.0131
LINGO4,498,-0.0131
KCNJ16,4616,-0.0131
RPL7P52,432,-0.0131
ENSG00000287875,5876,-0.0132
RNF138P2,193,-0.0132
LINC02931,147,-0.0132
FAM240C,411,-0.0132
ENSG00000235840,4414,-0.0132
ENSG00000222000,1463,-0.0132
KLRG2,5562,-0.0132
NT5DC4,6194,-0.0132
ENSG00000268458,2615,-0.0132
RPL23AP97,863,-0.0132
RPL34P19,1767,-0.0132
ENSG00000286444,628,-0.0132
ENSG00000286831,164,-0.0132
ENSG00000282742,2135,-0.0132
ENSG00000279905,549,-0.0132
ENSG00000213750,283,-0.0133
LINC00463,387,-0.0133
SNRPD3,7514,-0.0133
ENSG00000288952,3401,-0.0133
PRPH2,6047,-0.0133
C19orf67,2147,-0.0133
ENSG00000225528,1681,-0.0133
FMR1,7607,-0.0133
ENSG00000249678,4029,-0.0133
LINC02206,2527,-0.0133
CDK3,7075,-0.0134
HAGLROS,1983,-0.0134
LIN28A,1552,-0.0134
MAGOH3P,1195,-0.0134
LINC02539,5128,-0.0134
GTF2IP4,7138,-0.0134
BOLA2-SMG1P6,4205,-0.0134
HNRNPA3P1,640,-0.0134
DEFB131A,114,-0.0134
PGR,5364,-0.0135
ENSG00000287495,193,-0.0135
FARP1,7607,-0.0135
SLC25A20,7131,-0.0135
RNF224,754,-0.0135
FOCAD-AS1,536,-0.0135
ENSG00000287398,2493,-0.0135
ENSG00000236452,207,-0.0135
NPIPB1P,4453,-0.0135
ENSG00000255959,1645,-0.0135
ENSG00000289566,4199,-0.0135
TTPAL,7329,-0.0135
GDI2,7635,-0.0135
MYL6P4,1908,-0.0135
NPM1P8,2491,-0.0136
RAD21L1,5371,-0.0136
FGF10-AS1,3026,-0.0136
ST13P3,1353,-0.0136
RPS24P19,6023,-0.0136
INO80D-AS2,6870,-0.0136
ENSG00000286518,659,-0.0136
ENSG00000251661,6613,-0.0136
LHFPL7,1560,-0.0136
ENSG00000272858,4492,-0.0136
ENSG00000258064,3648,-0.0136
ENSG00000290026,214,-0.0136
ENSG00000249690,1564,-0.0136
ENSG00000232471,397,-0.0137
ENSG00000276724,639,-0.0137
UBE2F,7485,-0.0137
ENSG00000254422,6480,-0.0137
ENSG00000273264,312,-0.0137
ENSG00000283457,155,-0.0137
LINC01726,1730,-0.0137
RPL13AP7,6684,-0.0137
LINC01853,714,-0.0137
ENSG00000278932,4907,-0.0137
ENSG00000287256,2484,-0.0137
ENSG00000276391,21,-0.0138
ENSG00000287763,2787,-0.0138
ENSG00000248912,378,-0.0138
ENSG00000287153,668,-0.0138
OR2L2,2053,-0.0138
ENSG00000286389,4253,-0.0138
HAS1,1730,-0.0138
ZNF346,7426,-0.0138
ENSG00000233021,1443,-0.0138
TCAF2P1,2376,-0.0138
ENSG00000274554,1524,-0.0138
POGZ,7628,-0.0138
CDC5L,7576,-0.0138
ENSG00000233969,514,-0.0138
HIGD1C,4977,-0.0138
PMS2P3,7164,-0.0139
WSCD2,3215,-0.0139
HSP90AA6P,1272,-0.0139
ENSG00000271761,589,-0.0139
ENSG00000255882,1966,-0.0139
ENSG00000258676,1750,-0.0139
ENSG00000227716,241,-0.0139
ENSG00000234185,7259,-0.014
GNG3,1037,-0.014
ENSG00000263280,3338,-0.014
ENSG00000250866,3174,-0.014
ENSG00000248973,7166,-0.014
NF1P10,190,-0.014
ENSG00000270883,1053,-0.014
ENSG00000247130,2069,-0.014
ENSG00000226455,170,-0.014
RPL34P31,4012,-0.0141
ENSG00000276188,155,-0.0141
ENSG00000289444,2169,-0.0141
MT-TH,334,-0.0141
ENSG00000235902,2318,-0.0141
MAGEA1,4938,-0.0141
ABCC13,2973,-0.0141
ENSG00000286117,273,-0.0141
ENSG00000269921,2350,-0.0141
SPTLC1,7569,-0.0141
CLEC4A,7302,-0.0141
ENSG00000229306,74,-0.0141
ENSG00000264587,337,-0.0141
STK4-DT,2937,-0.0141
ENSG00000237874,41,-0.0141
TDRKH-AS1,6096,-0.0142
TMEM44-AS2,6633,-0.0142
CA5A,5327,-0.0142
LINC01783,377,-0.0142
ENSG00000278531,1336,-0.0142
EXOSC10,7515,-0.0142
NCOA3,7639,-0.0142
RET,5619,-0.0142
DNAJC30,7254,-0.0142
ENSG00000248896,4525,-0.0142
ENSG00000274987,2901,-0.0142
ZMYND10,6349,-0.0142
ENSG00000286171,3266,-0.0142
ENSG00000285544,1492,-0.0143
LINC02143,4486,-0.0143
RSL24D1P11,424,-0.0143
ENSG00000275645,2538,-0.0143
ENSG00000249419,494,-0.0143
ENSG00000289124,1337,-0.0143
ENSG00000276445,3571,-0.0143
RPAP2P1,1304,-0.0143
ENSG00000257653,1472,-0.0143
SSBP3-AS1,2292,-0.0143
ENSG00000273289,417,-0.0144
ENSG00000274363,440,-0.0144
ENSG00000279491,6076,-0.0144
ENSG00000264057,5948,-0.0144
RPE65,4838,-0.0144
ENSG00000287492,438,-0.0144
ENSG00000279179,3793,-0.0144
ENSG00000249109,90,-0.0144
DEFB119,208,-0.0144
GYPE,2187,-0.0144
EIF1AXP1,3545,-0.0145
NXPH2,3384,-0.0145
TRPM1,5094,-0.0145
LINC01147,95,-0.0145
ENSG00000287258,3327,-0.0145
ENSG00000286542,1215,-0.0145
ENSG00000260443,96,-0.0145
ENSG00000285803,5589,-0.0145
ENSG00000229588,4917,-0.0145
LINC01259,130,-0.0145
C5orf22,7464,-0.0145
MTERF4,7478,-0.0145
SYP,7179,-0.0145
ENSG00000240238,489,-0.0146
CNOT10,7540,-0.0146
ENSG00000254177,4801,-0.0146
ENSG00000259704,3907,-0.0146
CFL1P1-1,6821,-0.0146
ENSG00000287511,6490,-0.0146
ENSG00000260611,249,-0.0146
LL22NC03-63E9.3,674,-0.0146
ENPP7,546,-0.0146
ENSG00000287836,4711,-0.0146
ENSG00000261671,249,-0.0146
ENSG00000286508,50,-0.0146
G6PC2,385,-0.0146
ENSG00000279771,128,-0.0147
FAM230E,90,-0.0147
ENSG00000267784,1908,-0.0147
HEPHL1,5914,-0.0147
ENSG00000258985,1595,-0.0147
C4orf48,7242,-0.0147
ENSG00000249166,294,-0.0147
LINC00582,4975,-0.0147
PTBP1P,58,-0.0147
PCMTD1P3,700,-0.0147
FFAR4,4675,-0.0147
ENSG00000277602,989,-0.0147
ENSG00000289893,1382,-0.0147
LINC02351,2983,-0.0147
ATP11A-AS1,5187,-0.0147
ENSG00000269621,2614,-0.0147
ENSG00000286810,2945,-0.0147
ENSG00000248113,929,-0.0147
ENSG00000260176,831,-0.0147
ENSG00000197815,3013,-0.0148
ENSG00000270071,3340,-0.0148
ENSG00000231271,33,-0.0148
ENSG00000229846,3325,-0.0148
ENSG00000278477,62,-0.0148
LINC01845,1988,-0.0148
ENSG00000234742,2788,-0.0148
RDH16,4034,-0.0148
HMGB1P6,5996,-0.0148
ENSG00000216285,1049,-0.0148
MPHOSPH10P2,2882,-0.0148
TMEM132C,6120,-0.0148
PTENP1-AS,2917,-0.0149
PRSS57,2024,-0.0149
ENSG00000286325,160,-0.0149
ENSG00000260351,30,-0.0149
CNTNAP5-DT,145,-0.0149
ENSG00000260744,4311,-0.0149
ENSG00000265425,70,-0.0149
ENSG00000274904,1021,-0.0149
RN7SKP36,40,-0.0149
ACSM4,3702,-0.0149
PADI6,1480,-0.015
OR4F28P,116,-0.015
SEPTIN7P9,4237,-0.015
ENSG00000291212,5411,-0.015
C10orf95,4222,-0.015
ENSG00000270244,82,-0.015
PCDHA8,478,-0.015
ENSG00000288850,3152,-0.015
ENSG00000197550,4347,-0.015
ENSG00000287077,4117,-0.015
ENSG00000258039,247,-0.015
LINC02199,1543,-0.015
ENSG00000285668,2928,-0.015
DNAJC21,7561,-0.015
ENSG00000249180,5734,-0.015
LINC02345,2570,-0.015
ENSG00000287347,1914,-0.015
ENSG00000289097,310,-0.0151
HMGN2P8,2071,-0.0151
ENSG00000233044,4380,-0.0151
ENSG00000258663,5325,-0.0151
ENSG00000276759,1632,-0.0151
RB1,7632,-0.0151
ARMCX3-AS1,865,-0.0151
MESP2,3296,-0.0151
ENSG00000290839,84,-0.0151
ENSG00000232642,736,-0.0151
ENSG00000259570,100,-0.0151
LINC02020,682,-0.0151
C1orf141,5475,-0.0151
SOX5-AS1,4133,-0.0151
ENSG00000286693,1207,-0.0151
HSPA12A-AS1,518,-0.0151
ENSG00000240739,133,-0.0151
ENSG00000288539,4509,-0.0151
OPA1,7620,-0.0151
ENSG00000286290,1601,-0.0151
CD28,1257,-0.0151
AFP,6562,-0.0151
DACT3,6385,-0.0152
ENSG00000236206,5181,-0.0152
ENSG00000234961,6733,-0.0152
SCAF11,7628,-0.0152
ENSG00000254509,31,-0.0152
CYP4F24P,470,-0.0152
SMIM13,7377,-0.0152
ENSG00000234692,771,-0.0152
ENSG00000276406,121,-0.0152
HMGB3P8,106,-0.0152
LOH12CR2,4204,-0.0152
DNAJC4,7188,-0.0152
RPS27AP16,6776,-0.0152
ENSG00000237633,1929,-0.0152
ENSG00000238004,121,-0.0153
LLPHP3,3438,-0.0153
RN7SL778P,1251,-0.0153
ENSG00000289257,1029,-0.0153
ENSG00000250267,5150,-0.0153
ENSG00000266651,1839,-0.0153
ENSG00000276805,4029,-0.0153
GFAP,1146,-0.0153
HSPA9P1,3543,-0.0153
MTND1P4,51,-0.0153
LINC01584,1972,-0.0153
TMEM30B,6197,-0.0153
SNX14,7637,-0.0153
EYA3,7556,-0.0153
RASSF3-DT,1720,-0.0153
ENSG00000224404,533,-0.0154
ENSG00000287176,6851,-0.0154
ENSG00000249746,768,-0.0154
ENSG00000249541,1320,-0.0154
DYNLT2,6955,-0.0154
ZNF2,7283,-0.0154
PATJ-DT,3266,-0.0154
MRPS18C,7396,-0.0154
ENSG00000232085,5243,-0.0154
LINC01899,962,-0.0154
SCOC-AS1,6709,-0.0154
POU2F1-DT,1683,-0.0154
UPF3AP2,4470,-0.0154
CFAP44,7541,-0.0155
ENSG00000291095,1723,-0.0155
LINC01994,2025,-0.0155
ENSG00000260970,712,-0.0155
FAAP24,7201,-0.0155
ENSG00000204003,47,-0.0155
COX20P2,1316,-0.0155
ENSG00000286478,6060,-0.0155
IRAIN,2497,-0.0155
ENSG00000271858,2444,-0.0155
LY6G6C,6005,-0.0155
ENSG00000287058,4292,-0.0155
EIF4BP7,3684,-0.0156
ENSG00000253361,3152,-0.0156
TSKS,3560,-0.0156
ENSG00000288040,1292,-0.0156
ENSG00000253897,5255,-0.0156
ENSG00000261978,147,-0.0156
ENSG00000290563,163,-0.0156
LINC01666,384,-0.0156
ENSG00000258088,2417,-0.0156
ENSG00000261460,7178,-0.0156
ENSG00000279548,319,-0.0156
ENSG00000237971,388,-0.0156
ENSG00000269901,3885,-0.0157
LYPD2,280,-0.0157
ENSG00000272754,6451,-0.0157
ENSG00000273454,2270,-0.0157
ENSG00000256500,212,-0.0157
ANKRD17,7641,-0.0157
LINC01900,3759,-0.0157
ENSG00000268287,131,-0.0157
TEX26-AS1,2709,-0.0157
COL6A5,3473,-0.0157
ENSG00000242775,72,-0.0157
ENSG00000269388,4356,-0.0157
ENSG00000288699,3713,-0.0157
USP15,7635,-0.0157
ENSG00000236989,605,-0.0158
MIR302CHG,5092,-0.0158
GAPDHP72,1090,-0.0158
ENSG00000272417,748,-0.0158
XRCC6P1,459,-0.0158
FABP5P1,205,-0.0158
ENSG00000254400,1896,-0.0158
LINC00708,42,-0.0158
ENSG00000285549,3458,-0.0158
ARID1A,7607,-0.0158
ENSG00000260861,844,-0.0158
LINC02003,3954,-0.0159
BPIFB9P,3726,-0.0159
ENSG00000258773,1427,-0.0159
IHH,2892,-0.0159
LINC01545,5121,-0.0159
ENSG00000223486,447,-0.0159
LEMD1-DT,2132,-0.0159
RN7SL306P,146,-0.0159
ENSG00000224431,2434,-0.0159
RABGAP1,7635,-0.0159
QRSL1,7495,-0.0159
ENSG00000288989,3154,-0.016
SPRN,767,-0.016
ZNF32-AS1,134,-0.016
ENSG00000288008,549,-0.016
ENSG00000266995,136,-0.016
UBE2D2,7606,-0.016
SOCS7,7500,-0.016
NAT2,315,-0.016
MYOSLID,6630,-0.016
ENSG00000258234,3953,-0.016
GAPDHP45,127,-0.016
ENSG00000289373,263,-0.016
ENSG00000233516,268,-0.0161
ENSG00000280134,1075,-0.0161
NSA2P2,3842,-0.0161
RN7SL664P,23,-0.0161
ENSG00000287646,934,-0.0161
ENSG00000287795,5507,-0.0161
LRRC38,2918,-0.0161
IGHVIII-38-1,186,-0.0161
ENSG00000183154,691,-0.0161
GRM7-AS1,1468,-0.0161
RN7SL338P,462,-0.0162
ENSG00000269172,4585,-0.0162
LINC00933,2181,-0.0162
SLC25A30-AS1,2664,-0.0162
INKA2-AS1,3316,-0.0162
CD72,7201,-0.0162
HMGB3P1,646,-0.0162
ENSG00000231864,826,-0.0162
DDX10P2,289,-0.0162
NPB,2892,-0.0162
PM20D1,4583,-0.0162
APBB2,7621,-0.0162
LUADT1,453,-0.0163
ENSG00000263756,4684,-0.0163
GCSAM,5487,-0.0163
ENSG00000255084,5440,-0.0163
ENSG00000229269,2169,-0.0163
ENSG00000255753,138,-0.0163
ENSG00000249284,67,-0.0164
ENSG00000259522,1438,-0.0164
PF4,884,-0.0164
RASAL2-AS1,4854,-0.0164
LINC00987,3460,-0.0164
NKX2-8,1565,-0.0164
OSBPL10-AS1,4905,-0.0164
PCBP2P1,2549,-0.0164
ENSG00000267711,3539,-0.0164
HBQ1,1039,-0.0164
ENSG00000262267,2220,-0.0164
ENSG00000270021,2557,-0.0164
TRAPPC2B,6977,-0.0165
ENSG00000232895,814,-0.0165
PTN,6867,-0.0165
PRSS22,7066,-0.0165
LCN1,1687,-0.0165
ENSG00000266677,5819,-0.0165
ENSG00000285627,6033,-0.0165
GPRIN1,7166,-0.0165
ENSG00000285961,2465,-0.0165
SACS-AS1,506,-0.0165
FNDC3CP,3483,-0.0165
ACTG1P9,158,-0.0165
NANOGNB,389,-0.0165
VTN,2543,-0.0166
SIRT4,7055,-0.0166
LINC00221,2875,-0.0166
MTCO2P19,6218,-0.0166
VDAC1P2,3257,-0.0166
ENSG00000220256,1557,-0.0166
GOLGA8H,5098,-0.0166
ENSG00000267279,2817,-0.0166
ENSG00000266149,401,-0.0167
ENSG00000275869,39,-0.0167
CENPCP1,1065,-0.0167
CFAP418,7263,-0.0167
SYCE3,5542,-0.0167
P2RY8,4732,-0.0167
STAB1,3770,-0.0167
ENSG00000286009,4805,-0.0167
LRRC57,7417,-0.0168
RNU4ATAC15P,254,-0.0168
ENSG00000288813,895,-0.0168
LINC00440,2224,-0.0168
ENSG00000271443,242,-0.0168
E2F3,7612,-0.0168
ENSG00000253139,71,-0.0168
ENSG00000197665,275,-0.0168
LINC01132,3466,-0.0168
WWC2,7639,-0.0168
ENSG00000279862,3749,-0.0168
ENSG00000279147,5376,-0.0168
CYB5R4,7554,-0.0168
ENSG00000254361,3713,-0.0168
ENSG00000285556,588,-0.0168
FMO8P,109,-0.0168
ZIM2,1721,-0.0168
ENSG00000285701,3198,-0.0168
LINC01645,1993,-0.0169
ENSG00000250905,1413,-0.0169
NDUFB9P1,592,-0.0169
HOXD13,1843,-0.0169
EEF1A1P50,4083,-0.0169
MTCO1P30,888,-0.0169
LINC00114,2614,-0.0169
ENSG00000260122,718,-0.0169
ARR3,3694,-0.0169
BPI,2325,-0.0169
ENSG00000226636,2336,-0.0169
ENSG00000232944,144,-0.017
PABPC1P8,22,-0.017
ENSG00000290184,2811,-0.017
ENSG00000290412,1251,-0.017
ENSG00000285527,44,-0.017
UCMA,637,-0.017
MAGEB6,190,-0.017
CDY4P,194,-0.017
ENSG00000291100,7332,-0.017
ENSG00000274238,614,-0.017
CHL1,7282,-0.017
PRG3,214,-0.017
ZBTB20-AS4,3327,-0.017
LINC01822,2422,-0.017
FXYD1,2814,-0.017
CCDC160,1667,-0.017
RPL14P1,6553,-0.017
HSPB3,522,-0.017
APOBEC3H,2255,-0.0171
ECE1-AS1,4656,-0.0171
ENSG00000260183,1229,-0.0171
ENSG00000236391,2081,-0.0171
ENSG00000228627,1430,-0.0171
CHAD,1671,-0.0171
LINC01791,3841,-0.0171
FIGLA,1925,-0.0171
LMLN-AS1,1880,-0.0171
ENSG00000286465,548,-0.0172
ENSG00000258623,1879,-0.0172
SYP-AS1,1286,-0.0172
ENSG00000243517,2341,-0.0172
TSNAXIP1,6220,-0.0172
LINC00479,3876,-0.0172
ENSG00000269813,2527,-0.0172
FKTN-AS1,2932,-0.0172
ERICD,2421,-0.0172
ENSG00000260166,3408,-0.0172
RPL36AP25,387,-0.0172
PCP4,4842,-0.0172
ENSG00000228137,2453,-0.0172
ENSG00000256312,212,-0.0172
SMARCE1P5,1011,-0.0173
VAV3-AS1,690,-0.0173
TPM3P5,5840,-0.0173
HNRNPMP1,336,-0.0173
ENSG00000241640,800,-0.0173
STAG1,7641,-0.0173
ENSG00000233340,5472,-0.0173
ENSG00000291222,281,-0.0173
ENSG00000274825,4545,-0.0173
ENSG00000232334,859,-0.0173
DAO,3924,-0.0173
USP39,7435,-0.0174
NCR1,1991,-0.0174
SDS,5209,-0.0174
ENSG00000285636,6327,-0.0174
ENSG00000278627,3503,-0.0174
ENSG00000267705,4255,-0.0174
ALG1L8P,309,-0.0174
DGAT2-DT,441,-0.0174
ENSG00000217334,2239,-0.0174
FGD1,7313,-0.0174
LINC01445,3412,-0.0174
ENSG00000237531,2754,-0.0174
ADAM7,3122,-0.0175
ENSG00000250038,5508,-0.0175
ENSG00000279382,1276,-0.0175
PHACTR3,6122,-0.0175
LINC01287,4605,-0.0175
FAM53B-AS1,1812,-0.0175
SEPTIN14P4,2447,-0.0175
TMPRSS11E,3326,-0.0175
ENSG00000274721,2116,-0.0175
ENSG00000267811,1577,-0.0175
ENSG00000271855,3751,-0.0175
LINC00350,2861,-0.0175
ENSG00000247311,4937,-0.0175
ENSG00000236004,41,-0.0175
PABPC5,1180,-0.0175
ENSG00000269014,271,-0.0176
ENSG00000239593,1157,-0.0176
ENSG00000272954,1360,-0.0176
RAB26,6610,-0.0176
GPC5-AS2,1338,-0.0176
ENSG00000287965,6928,-0.0176
ENSG00000242308,476,-0.0176
ENSG00000272763,6944,-0.0176
ENSG00000247765,2978,-0.0176
LINC01431,2608,-0.0176
ZNF80,607,-0.0176
CAMSAP3,7056,-0.0176
CDH18-AS1,1550,-0.0176
ENSG00000269779,280,-0.0176
LINC02741,4667,-0.0177
ADAM3A,983,-0.0177
SYT15B,2642,-0.0177
LINC01750,750,-0.0177
ENSG00000273132,4113,-0.0177
SLC35D1,7435,-0.0177
HES3,143,-0.0177
USP27X-DT,3080,-0.0177
STATH,89,-0.0177
FOXL2NB,2180,-0.0177
ENSG00000278060,824,-0.0177
RGS13,3695,-0.0177
ENO1-AS1,603,-0.0177
ENSG00000241593,5775,-0.0177
HBE1,2206,-0.0177
ENSG00000279923,3076,-0.0178
LINC02926,1063,-0.0178
EIF4BP3,4141,-0.0178
ENSG00000257884,582,-0.0178
LINC01069,1193,-0.0179
ENSG00000289952,1771,-0.0179
ENSG00000227017,549,-0.0179
FMO6P,869,-0.0179
NXPE1,2778,-0.0179
LINC02488,1046,-0.0179
APOA4,183,-0.0179
SULT1A4,2667,-0.0179
ST20-AS1,5119,-0.0179
ANO1-AS1,1527,-0.0179
CORT,5416,-0.0179
RPGR,7541,-0.0179
CCT6P2,374,-0.0179
ENSG00000287384,695,-0.0179
LINC02042,2840,-0.0179
TET2-AS1,4011,-0.018
SETSIP,786,-0.018
PPP3R1,7634,-0.018
LINC01692,4950,-0.018
ENSG00000242431,77,-0.018
IL22RA2,795,-0.018
ENSG00000261195,2164,-0.018
ENSG00000282885,6094,-0.018
LSM1,7373,-0.018
ENSG00000288848,2866,-0.018
MTND4P31,750,-0.018
PCDHGC4,1923,-0.018
ENSG00000256218,78,-0.018
ENSG00000244151,4756,-0.018
ENSG00000271366,2575,-0.018
ENSG00000273399,731,-0.018
NAA38,7425,-0.018
MPC1-DT,3541,-0.0181
ENSG00000231519,4960,-0.0181
DLG5-AS1,3317,-0.0181
ENSG00000290427,709,-0.0181
ENSG00000228302,4293,-0.0181
COL25A1-DT,145,-0.0181
LY86,1512,-0.0181
ZRANB2,7619,-0.0181
ENSG00000288941,245,-0.0181
ENSG00000286274,4940,-0.0181
IFNA11P,65,-0.0181
LINC02702,241,-0.0182
KMT2A,7637,-0.0182
ENSG00000251484,1725,-0.0182
ENSG00000274444,313,-0.0182
TNFRSF13B,2279,-0.0182
LINC01556,1701,-0.0182
FGF20,4712,-0.0182
ENSG00000288671,4187,-0.0182
ENSG00000278367,992,-0.0182
ZACN,5073,-0.0182
ENSG00000256399,2940,-0.0182
ENSG00000250882,351,-0.0182
ALG1L3P,243,-0.0182
ENSG00000220685,1714,-0.0182
KIF18B-DT,1298,-0.0182
ENSG00000255404,2517,-0.0183
ZPLD2P,3105,-0.0183
CLDN24,55,-0.0183
ENSG00000237639,225,-0.0183
ENSG00000268739,1741,-0.0183
GOLGA8K,2393,-0.0183
MAGEB1,926,-0.0183
ENSG00000266990,1418,-0.0183
B3GNT2,7460,-0.0183
ENSG00000288656,6251,-0.0183
ENSG00000271551,3330,-0.0184
PAPOLG,7504,-0.0184
ANKRD20A11P-1,981,-0.0184
LINC02606,3861,-0.0184
OLA1P3,1153,-0.0184
ENSG00000289831,194,-0.0184
ENSG00000253196,744,-0.0184
ENSG00000235277,4380,-0.0184
GMFG,6636,-0.0185
FRMPD2B,2649,-0.0185
NCKAP5-AS1,2090,-0.0185
ENSG00000288071,3898,-0.0185
ENSG00000286686,3536,-0.0185
INHBA-AS1,6574,-0.0185
NHLRC1,2818,-0.0185
LINC02255,1208,-0.0186
RN7SL15P,137,-0.0186
LINC02509,4318,-0.0186
ENSG00000229399,103,-0.0186
LINC02354,2486,-0.0186
C1QTNF9-AS1,107,-0.0186
ENSG00000261248,678,-0.0186
ENSG00000256861,3885,-0.0186
COMMD1,7620,-0.0186
ENSG00000260908,3676,-0.0186
ENSG00000286285,4613,-0.0186
ENSG00000258383,456,-0.0186
ENSG00000228852,4743,-0.0186
ENSG00000278847,1001,-0.0186
RAP1GDS1,7581,-0.0186
ENSG00000287697,6862,-0.0187
ENSG00000287627,250,-0.0187
ZBED9-AS1,1999,-0.0187
MORF4L1P5,155,-0.0187
ENSG00000267198,1997,-0.0187
ZNF148,7639,-0.0187
SPACA1,299,-0.0187
ENSG00000269365,5221,-0.0187
CCDC105,200,-0.0188
ENSG00000279714,102,-0.0188
PA2G4P1,1193,-0.0188
COX7CP1,67,-0.0188
RPL23AP58,122,-0.0188
ENSG00000287317,1191,-0.0188
SLC36A3,1190,-0.0188
GPM6A-DT,293,-0.0188
ENSG00000255321,3864,-0.0188
POLR2MP1,3061,-0.0189
ENSG00000264148,2185,-0.0189
ENSG00000231466,6633,-0.0189
VPS37D,7109,-0.0189
LRRC74A,2480,-0.0189
FASTKD5,7343,-0.0189
FLJ43315,2883,-0.0189
ENSG00000229172,249,-0.0189
OR2I1P,1144,-0.0189
ENSG00000219784,877,-0.0189
ENSG00000286074,7316,-0.0189
ENSG00000257682,620,-0.0189
ENSG00000261442,4008,-0.0189
ENSG00000227673,1786,-0.0189
KCTD6,7217,-0.0189
MGST2,7293,-0.019
ENSG00000287708,2836,-0.019
LINC02265,3000,-0.019
HPD,5405,-0.019
ENSG00000228030,208,-0.019
ATP1B3-AS1,4416,-0.019
ENSG00000267688,6973,-0.019
ENSG00000289038,1832,-0.019
ENSG00000289845,2390,-0.0191
MAP3K9-DT,7146,-0.0191
USP42,7515,-0.0191
HTR5A-AS1,205,-0.0191
ENSG00000228373,69,-0.0191
ENSG00000289074,3596,-0.0191
LINC00374,129,-0.0191
UGGT2,7627,-0.0191
DNAJC28,6586,-0.0191
ENSG00000285571,253,-0.0191
ENSG00000267016,5651,-0.0192
OAZ3,4473,-0.0192
TIMMDC1-DT,1849,-0.0192
ENSG00000258729,1751,-0.0192
PGBP,446,-0.0192
ENSG00000250829,1534,-0.0192
IFNL3,1845,-0.0192
TMEM277P,5018,-0.0192
ENSG00000229607,976,-0.0192
UBQLN1-AS1,5469,-0.0192
ZDHHC24,7314,-0.0192
ENSG00000279894,1646,-0.0193
ENSG00000289586,7185,-0.0193
ENSG00000277997,41,-0.0193
HOXC-AS1,2592,-0.0193
ENSG00000204398,2359,-0.0193
ANKRD20A19P,679,-0.0193
ENSG00000260000,5508,-0.0193
ENSG00000230834,149,-0.0193
SYT15-AS1,5607,-0.0193
SLC28A2-AS1,6970,-0.0193
FOXC2,5958,-0.0193
GLIDR,3039,-0.0193
ENSG00000260978,1895,-0.0193
RBM12B,7509,-0.0193
GPR27,2920,-0.0193
ENSG00000272121,1443,-0.0193
GTSCR1,919,-0.0193
CD207,702,-0.0193
KCNH6,3098,-0.0193
EIF4A1P9,158,-0.0193
ENSG00000283663,2161,-0.0194
ENSG00000289535,3242,-0.0194
RPL5P30,3616,-0.0194
ARHGEF3-AS1,5028,-0.0194
ZBTB8OS,7546,-0.0194
ENSG00000253832,587,-0.0194
MYOZ1,2410,-0.0194
IL10RB-DT,4858,-0.0194
TOR1B,7428,-0.0194
LINC01018,4402,-0.0195
ENSG00000229486,61,-0.0195
JTB-DT,2606,-0.0195
OCM2,821,-0.0195
LUC7L2,7634,-0.0195
ENSG00000286479,3204,-0.0195
GABRA4,690,-0.0195
ENSG00000277228,3172,-0.0195
EWSR1,7609,-0.0195
AMZ2P3,104,-0.0195
SERBP1P6,2802,-0.0195
ENSG00000235934,2298,-0.0195
NMT1,7575,-0.0195
ENSG00000270978,259,-0.0195
ENSG00000275936,220,-0.0195
SLC16A8,2290,-0.0195
ZNF818P,5519,-0.0196
HTR7P1,6315,-0.0196
ENSG00000224647,2894,-0.0196
MED15P9-1,4371,-0.0196
ENSG00000279412,1681,-0.0196
NLGN1-AS1,1721,-0.0196
BOLL,3178,-0.0196
LINC00363,777,-0.0197
ENSG00000288663,1190,-0.0197
MIR133A1HG,4291,-0.0197
GTF2IP7,5516,-0.0197
SMAD1,7411,-0.0197
IL2RA,3221,-0.0198
ENSG00000250189,2037,-0.0198
ENSG00000277998,2423,-0.0198
SLC17A6-DT,1997,-0.0198
SUN5,689,-0.0198
ENSG00000269489,326,-0.0198
ENSG00000285801,3777,-0.0198
ENSG00000250015,1406,-0.0198
GFI1B,4177,-0.0198
ENSG00000274525,945,-0.0198
LINC01288,2099,-0.0199
TRIM61,1956,-0.0199
ENSG00000267044,178,-0.0199
THNSL2,6045,-0.0199
ENSG00000234586,149,-0.0199
ENSG00000271871,2063,-0.0199
IGFL3,773,-0.0199
LINC00885,1422,-0.0199
RPL30P11,1943,-0.0199
ABCG4,2378,-0.02
ENSG00000288635,4812,-0.02
ENSG00000260132,1477,-0.02
RPL5P22,1574,-0.02
ENSG00000268713,325,-0.02
ENSG00000287192,1030,-0.02
ENSG00000254905,930,-0.02
ENSG00000254263,6750,-0.02
CFAP97,7503,-0.02
ANAPC1P1,4773,-0.02
Metazoa_SRP-23,439,-0.02
LRRC37BP1,327,-0.02
LINC01824,22,-0.0201
GLRX5,7364,-0.0201
ENSG00000269091,4703,-0.0201
NPPA,3278,-0.0201
NPM1P48,526,-0.0201
LINC01256,2630,-0.0201
ENSG00000231830,1106,-0.0201
STPG2-AS1,3936,-0.0201
ENSG00000289159,4427,-0.0202
NPM1P12,1674,-0.0202
LIN37,5501,-0.0202
PIF1,7307,-0.0202
ENSG00000277748,44,-0.0202
CPN1,4972,-0.0202
SELENOOLP,3822,-0.0202
LLPHP2,362,-0.0202
C1orf232,85,-0.0203
ENSG00000272702,4616,-0.0203
ENSG00000232806,501,-0.0203
THRSP,645,-0.0203
TEX52,5586,-0.0203
ENSG00000279021,2125,-0.0203
ENSG00000286097,1658,-0.0203
ENSG00000256928,3020,-0.0203
ENSG00000215765,2665,-0.0204
PGLYRP4,642,-0.0204
ENSG00000229728,6840,-0.0204
RIMKLBP2,194,-0.0204
ENSG00000279240,586,-0.0204
ENSG00000289311,5189,-0.0204
PCDHGC5,2985,-0.0204
CACUL1,7628,-0.0204
TMIGD3,3011,-0.0204
LINC02625,1543,-0.0204
ENSG00000228604,5482,-0.0204
ENSG00000286874,2441,-0.0204
SMARCA5-AS1,2719,-0.0204
FOXH1,2646,-0.0204
CYSRT1,2684,-0.0204
ATP5MKP1,78,-0.0204
ENSG00000259742,350,-0.0204
IRX2,5901,-0.0205
VTA1P1,586,-0.0205
ENSG00000167774,7301,-0.0205
KCNMA1-AS3,5488,-0.0205
ENSG00000254366,2496,-0.0205
LINC01804,2493,-0.0205
ENSG00000261385,1672,-0.0205
SERPINA12,675,-0.0205
ENSG00000287593,3023,-0.0205
PHACTR4,7631,-0.0205
ENSG00000260989,6000,-0.0205
EMILIN3,1321,-0.0205
ACTG1P25,4476,-0.0205
ENSG00000287620,3932,-0.0206
ENSG00000275454,535,-0.0206
RPL7P23,1031,-0.0206
ENSG00000282418,2063,-0.0206
ENSG00000251585,62,-0.0206
ENSG00000253551,163,-0.0206
GALNTL5,2481,-0.0206
MICOS10P2,83,-0.0206
ENSG00000225282,1434,-0.0206
OR11A1,420,-0.0206
DEFB131B,3657,-0.0206
GPR55,3960,-0.0206
NDUFA7,6901,-0.0206
ENSG00000290805,1758,-0.0206
DHX33-DT,83,-0.0207
NACA3P,1285,-0.0207
NPIPB10P,1005,-0.0207
CCL15,2274,-0.0207
ENSG00000270808,1866,-0.0207
ENSG00000254162,2786,-0.0208
ENSG00000287532,5130,-0.0208
ENSG00000258466,3254,-0.0208
UMLILO,2828,-0.0208
APOA2,5929,-0.0208
BCRP7,344,-0.0208
ENSG00000277701,3959,-0.0208
ENSG00000286985,444,-0.0208
ENSG00000280116,388,-0.0208
IQCB1,7568,-0.0208
CYB5RL,7285,-0.0208
ENSG00000260059,486,-0.0208
ENSG00000232043,4787,-0.0209
ENSG00000273179,669,-0.0209
ENSG00000289377,509,-0.0209
ENSG00000254787,4270,-0.0209
GABRQ,3782,-0.0209
MPL,4168,-0.0209
CDR2,7600,-0.0209
ENSG00000185839,3141,-0.0209
ENSG00000284675,464,-0.0209
NAP1L1P2,584,-0.021
ENSG00000214888,147,-0.021
ENSG00000253888,448,-0.021
RPL37P6,4585,-0.021
ENSG00000232259,3913,-0.021
ENSG00000273840,2020,-0.021
ENSG00000231505,2341,-0.021
HSPD1P12,1524,-0.021
THAP12P3,558,-0.021
ENSG00000251101,50,-0.021
ATOX1-AS1,3310,-0.021
ENSG00000291262,510,-0.0211
IRGC,166,-0.0211
DNAJB6P3,2047,-0.0211
TPMTP1,88,-0.0211
LCN6,46,-0.0211
C19orf81,5424,-0.0211
OSBPL8,7632,-0.0211
C17orf100,7043,-0.0211
TTC39A-AS1,2676,-0.0211
ENSG00000277369,2660,-0.0211
ARF4-AS1,6915,-0.0211
PMPCB,7523,-0.0211
CAPN6,935,-0.0211
ENSG00000225594,65,-0.0211
ENSG00000289564,6796,-0.0211
ENSG00000279430,1790,-0.0212
CACNA1C-AS1,1359,-0.0212
ENSG00000267042,4130,-0.0212
ENSG00000263684,225,-0.0212
UBE2R2,7632,-0.0212
MORF4L1P3,469,-0.0212
ENSG00000269910,1083,-0.0212
NNAT,5183,-0.0212
ATP10A-DT,197,-0.0212
ENSG00000249971,5863,-0.0212
OR7A19P,4875,-0.0212
LINC03021-1,1394,-0.0212
LINC01682,2405,-0.0212
KRT16P6,622,-0.0212
CCDC28B,7088,-0.0213
ENSG00000268896,1534,-0.0213
LINC02682,293,-0.0213
ENSG00000286335,2638,-0.0213
ENSG00000254867,479,-0.0213
LINC00853,2728,-0.0213
ZNF91,7503,-0.0213
LEXM,4083,-0.0213
TMEM237,7365,-0.0213
CENPS-CORT,6304,-0.0213
PPP1R26P1,201,-0.0214
ENSG00000251567,4160,-0.0214
ATRN,7600,-0.0214
ENSG00000289145,6570,-0.0214
ENSG00000268108,849,-0.0214
ENSG00000259814,198,-0.0214
ENSG00000248965,503,-0.0214
ZNF200,7369,-0.0214
C8orf17,218,-0.0214
ENSG00000278954,396,-0.0215
WNT3A,3718,-0.0215
SLC4A8-AS1,105,-0.0215
TGM6,2774,-0.0215
ENSG00000290047,5260,-0.0215
LINC01639,301,-0.0215
DSG4,4618,-0.0215
BICD1-AS1,3314,-0.0215
ENSG00000260951,1111,-0.0215
LINC02393,360,-0.0215
TRMT61A-DT,5985,-0.0215
DIRAS2,2789,-0.0216
FAM50B,4044,-0.0216
SMIM10L2B,2724,-0.0216
UMOD,1141,-0.0216
ENSG00000236109,1405,-0.0216
GTF2IP1-1,2518,-0.0216
ENSG00000279085,2428,-0.0216
PTMAP10,2101,-0.0216
LINC02759,2053,-0.0216
ENSG00000257512,3337,-0.0216
DIRC1,2402,-0.0216
PANCR,2989,-0.0216
MAPK8IP2,6161,-0.0216
BEND5,4536,-0.0217
CLRN1,1850,-0.0217
DBIL5P2,3272,-0.0217
ENSG00000260871,286,-0.0217
RPL21P90,1406,-0.0217
SEPTIN7P11,1439,-0.0217
ENSG00000243062,940,-0.0217
ENSG00000289112,2147,-0.0217
METTL16,7586,-0.0217
ENSG00000291044,2680,-0.0217
ENSG00000287003,5611,-0.0218
ACP6,7369,-0.0218
ZNF615,7249,-0.0218
ENSG00000285952,6364,-0.0218
ENSG00000264693,50,-0.0218
CABP7-DT,1763,-0.0218
RPSAP49,929,-0.0218
ENSG00000285577,2058,-0.0218
UNC5CL,6726,-0.0219
PHYH,7341,-0.0219
MR1,7346,-0.0219
ANGPTL8,3574,-0.0219
ENSG00000257277,5176,-0.0219
ENSG00000250497,539,-0.0219
IL27,1714,-0.0219
LINC02046,4579,-0.0219
SLC47A1P1,2864,-0.0219
NSMCE2,7640,-0.0219
GSG1L2,4784,-0.0219
ENSG00000256311,1263,-0.022
ENSG00000279663,278,-0.022
ENSG00000289399,967,-0.022
ENSG00000269694,3149,-0.022
ENSG00000288874,105,-0.022
ENSG00000287843,224,-0.022
ENSG00000233981,597,-0.022
H2BP1-1,1340,-0.022
LINC01858,1328,-0.022
LHB,1220,-0.022
ENSG00000234136,1475,-0.022
RPL12P15,3387,-0.0221
ENSG00000259499,2034,-0.0221
RASL11B,2688,-0.0221
MBOAT4,3014,-0.0221
ENSG00000273108,1972,-0.0221
FOXR2,917,-0.0221
LINC00525,2955,-0.0221
SLC35F3-AS1,851,-0.0221
ZNF436-AS1,6580,-0.0221
IFITM3P8,56,-0.0221
CRB3,4625,-0.0221
ENSG00000258199,4567,-0.0221
ZNF98,6019,-0.0221
GLIPR1L2,6260,-0.0221
ITIH3,1791,-0.0221
RPL17P22,2814,-0.0222
ENSG00000205682,72,-0.0222
ENSG00000237464,645,-0.0222
ENSG00000286741,4500,-0.0222
ENSG00000288760,89,-0.0222
DNAJC16,7432,-0.0223
CBX3P9,3672,-0.0223
ENSG00000267651,734,-0.0223
MBL2,394,-0.0223
AP5M1,7424,-0.0223
PCSK6-AS1,469,-0.0223
PAFAH1B1,7633,-0.0223
ENSG00000289963,2220,-0.0223
ENSG00000247324,2949,-0.0223
NDUFAF1,7327,-0.0223
ENSG00000287858,276,-0.0223
ENSG00000265128,3613,-0.0223
ZSCAN5DP,180,-0.0223
FOXC2-AS1,1489,-0.0223
RPL17-C18orf32,5064,-0.0223
HMGB1P14,1798,-0.0224
ENSG00000287762,1234,-0.0224
HNRNPA3P5,2077,-0.0224
ANKRD62P1,1042,-0.0224
BCL2L13,7529,-0.0224
MYDGF,7500,-0.0224
RNF225,759,-0.0224
ENSG00000273171,1704,-0.0224
LINC01413,1745,-0.0224
ENSG00000269978,126,-0.0224
ENSG00000261816,305,-0.0224
SNRPCP3,149,-0.0224
ZNNT1,7234,-0.0225
ENSG00000266718,2185,-0.0225
ENSG00000288109,709,-0.0225
ENSG00000254566,23,-0.0225
SUMO1P3,857,-0.0225
LINC02297,56,-0.0226
ENSG00000225156,2434,-0.0226
ENSG00000286370,77,-0.0226
LINC01609,3806,-0.0226
ENSG00000272167,451,-0.0226
ENSG00000233478,1184,-0.0226
LINC03037,2599,-0.0227
LATS2-AS1,6571,-0.0227
ENSG00000270956,2231,-0.0227
CDCP2,2594,-0.0227
ENSG00000272501,5928,-0.0227
LINC02620,544,-0.0227
ENSG00000234862,336,-0.0227
CYTH1P1,1077,-0.0227
HMGN2P35,984,-0.0227
ENSG00000225703,3152,-0.0228
LRRC52-AS1,3562,-0.0228
FRMPD3-AS1,1181,-0.0228
ENSG00000271002,1145,-0.0228
FLJ40288,3617,-0.0228
ZNF516-AS1,2675,-0.0228
MYL11,2523,-0.0228
ENSG00000251216,2403,-0.0228
OR4F21,26,-0.0228
PLPP7,6415,-0.0228
SMCO3,3632,-0.0228
MCM8-AS1,6287,-0.0228
ENSG00000225050,1535,-0.0229
NACA2,4236,-0.0229
SFRP4,7046,-0.0229
ENSG00000234818,6197,-0.0229
ENSG00000231119,3497,-0.0229
SLX1A,1317,-0.0229
LRRC8D-DT,723,-0.0229
ENSG00000261898,42,-0.0229
ENSG00000272106,6173,-0.0229
COL5A1-AS1,632,-0.0229
CLEC17A,2939,-0.0229
ENSG00000280163,4991,-0.0229
ENSG00000288926,2764,-0.023
ENSG00000286586,1895,-0.023
ATE1,7596,-0.023
ENSG00000241280,2356,-0.023
ENSG00000254559,4184,-0.023
RPL23AP3,4500,-0.023
RNASEH1,7467,-0.023
PARD6A,4938,-0.023
ACRV1,4692,-0.023
ENSG00000255130,1937,-0.023
ENSG00000286437,2016,-0.023
ENSG00000253706,6193,-0.0231
RPS7P4,2480,-0.0231
FPGT-TNNI3K,3617,-0.0231
ENSG00000231756,1282,-0.0231
CETN4P,3311,-0.0231
ENSG00000280148,510,-0.0231
ENSG00000273192,3851,-0.0231
KCNJ5,3591,-0.0231
MEIS3P1,1206,-0.0231
ENSG00000184115,353,-0.0231
HOXC9,7334,-0.0231
ENSG00000260594,985,-0.0232
LINC00456,5210,-0.0232
ALAS2,3373,-0.0232
CHD8,7585,-0.0232
ENSG00000287791,1020,-0.0232
LINC02633,24,-0.0232
DDX3P3,668,-0.0232
ENSG00000249102,4126,-0.0232
ENSG00000257438,457,-0.0232
RNF17,5507,-0.0232
ENSG00000222007,5837,-0.0232
LINC01794,451,-0.0232
ENSG00000276663,629,-0.0233
ENSG00000255539,280,-0.0233
ZNF385D-AS1,1668,-0.0233
ENSG00000285641,6723,-0.0233
GSC,1024,-0.0233
MLNR,256,-0.0233
PDCD1,377,-0.0234
GTF2IP8,456,-0.0234
ENSG00000214708,2255,-0.0234
ENSG00000289971,4654,-0.0234
ENSG00000283156,5855,-0.0234
ENSG00000275091,306,-0.0234
ENSG00000285347,556,-0.0234
ENSG00000289132,5351,-0.0234
WWC2-AS1,3556,-0.0234
ENSG00000260029,1751,-0.0235
ENSG00000226097,1483,-0.0235
LINC01935,697,-0.0235
ENSG00000234172,2636,-0.0235
ENSG00000259388,1949,-0.0235
GRIK3,4474,-0.0235
CACNA1S,2868,-0.0235
ENSG00000290937,3944,-0.0235
LINC01756,2248,-0.0235
ENSG00000275963,3806,-0.0235
ENSG00000256056,2411,-0.0235
VIPR1-AS1,4618,-0.0236
RPS24P13,617,-0.0236
ENSG00000228086,3948,-0.0236
WDR93,6531,-0.0236
ENSG00000286569,324,-0.0236
C6orf226,5980,-0.0236
STX17,7509,-0.0236
LINC02084,417,-0.0236
TACO1,7287,-0.0236
ORM1,1590,-0.0236
ENSG00000250202,627,-0.0236
ENSG00000260403,105,-0.0236
ENSG00000287990,811,-0.0237
ENSG00000288012,2547,-0.0237
THAP8,7150,-0.0237
ENSG00000235586,70,-0.0237
ST13P6,2054,-0.0237
MIR1302-9HG,138,-0.0237
ENSG00000263065,548,-0.0237
ENSG00000286129,7327,-0.0238
LINC00290,2923,-0.0238
SCAANT1,1511,-0.0238
LINC02758,850,-0.0238
ENSG00000236018,1267,-0.0238
VTI1A,7633,-0.0238
ARIH2OS,5384,-0.0238
CLRN3,5363,-0.0238
SYNE1-AS1,166,-0.0238
BRD7P3,456,-0.0238
ABCG5,3565,-0.0238
ENSG00000256972,2944,-0.0238
SLC16A6P1,1293,-0.0238
ENSG00000283877,3597,-0.0238
PPP1R12BP1,3497,-0.0239
ENSG00000283183,2594,-0.0239
ENSG00000289059,4105,-0.0239
ENSG00000262732,1793,-0.0239
LINC01832,700,-0.0239
ENSG00000198358,1303,-0.0239
SUPT20HL2,68,-0.0239
FER,7638,-0.0239
ENSG00000232286,37,-0.0239
MRM3,7275,-0.0239
PYY2-1,1402,-0.0239
RBMX2P1,2671,-0.024
LIVAR,2283,-0.024
SHISAL2B,1444,-0.024
ENSG00000288321,5530,-0.024
POU4F3,717,-0.024
CHRNG,2700,-0.024
XPNPEP3,7565,-0.024
RPL35AP26,29,-0.024
ENSG00000231781,356,-0.024
NSA2P1,881,-0.024
ENSG00000278399,2702,-0.024
EXOC5P1,3750,-0.024
PDE6A,5406,-0.024
ENSG00000229116,384,-0.0241
GAST,2377,-0.0241
PEDS1-UBE2V1,3944,-0.0241
ENSG00000259523,3028,-0.0241
ENSG00000265750,5030,-0.0241
ENSG00000260832,5098,-0.0241
TMEM221,4910,-0.0241
ENSG00000254609,99,-0.0241
ZNF32,7152,-0.0241
RPL6P24,1067,-0.0241
ENSG00000258745,2346,-0.0241
ENSG00000227303,4670,-0.0241
RPS26P43,1462,-0.0242
LINC01347-1,6347,-0.0242
BNIP3P11,5795,-0.0242
GRM8-AS1,935,-0.0242
OR14A16,104,-0.0242
ENSG00000277971,2302,-0.0242
PTMAP8,2261,-0.0242
ENSG00000288783,367,-0.0243
ENSG00000253362,35,-0.0243
ENSG00000287159,2891,-0.0243
ENSG00000285717,828,-0.0243
ENSG00000254261,5458,-0.0243
ENSG00000274340,2052,-0.0243
SRP14P2,2236,-0.0243
ATXN2-AS,1809,-0.0243
ASB11,4019,-0.0243
MTND6P21,1753,-0.0244
ENSG00000232682,3759,-0.0244
TPM3P1,1281,-0.0244
ENSG00000279900,3366,-0.0244
POLR2J4,7548,-0.0244
BOD1L2,94,-0.0244
ENSG00000268536,2261,-0.0244
PCP4L1,4413,-0.0244
ENSG00000284391,3400,-0.0244
ENSG00000275582,5019,-0.0244
CREB3L2-AS1,1633,-0.0244
ENSG00000287756,450,-0.0244
FAM95A,5029,-0.0244
IL10RA,3947,-0.0244
LINC02299,1775,-0.0245
ENSG00000283072,3091,-0.0245
ENSG00000279956,3430,-0.0245
LINC00526,4709,-0.0245
LINC02295,403,-0.0245
ENSG00000230912,2357,-0.0245
SNX18P26,130,-0.0245
WASH2P,6852,-0.0245
ENSG00000236299,208,-0.0245
SDHC,7452,-0.0245
PRDM13,703,-0.0245
ENSG00000257740,1611,-0.0246
ENSG00000231990,383,-0.0246
TMIGD1,1511,-0.0246
RPS2P32,452,-0.0246
ENSG00000260995,4026,-0.0246
LINC01502,391,-0.0246
RPSAP24,41,-0.0246
JADE3,7485,-0.0247
SAGE1,3604,-0.0247
ENSG00000272817,239,-0.0247
AGGF1P2,2286,-0.0247
ENSG00000238171,5159,-0.0247
ENSG00000204117,379,-0.0247
LINC02012,658,-0.0247
ENSG00000232896,267,-0.0248
SERTAD4-AS1,4420,-0.0248
ENSG00000280414,500,-0.0248
LINC02900,312,-0.0248
ENSG00000285709,699,-0.0248
ENSG00000272682,1505,-0.0248
ENSG00000261095,1360,-0.0248
ENSG00000236347,1577,-0.0249
CCDC74A,5621,-0.0249
IGSF22,2360,-0.0249
ENSG00000276101,2547,-0.0249
HTR3E-AS1,1090,-0.0249
ENSG00000258249,92,-0.0249
LINC00703,684,-0.0249
CALR4P,3237,-0.0249
ENSG00000289532,3800,-0.0249
ENSG00000286078,6130,-0.0249
YIPF6,7552,-0.0249
ITIH1,340,-0.0249
Metazoa_SRP-51,3090,-0.0249
ENSG00000224194,711,-0.0249
CSPG4P11,266,-0.025
ENSG00000231901,1044,-0.025
ENSG00000255487,3648,-0.025
ENSG00000249379,4052,-0.025
ENSG00000286680,3660,-0.025
TRIM60,1929,-0.025
ENSG00000283517,3299,-0.025
ENSG00000260253,1597,-0.025
RNU6-1141P,35,-0.0251
SEMA3G,4791,-0.0251
LINC01396,2389,-0.0251
ENSG00000275778,838,-0.0251
HSD3BP3,311,-0.0251
ENSG00000286792,4740,-0.0251
ENSG00000285633,2850,-0.0251
HNRNPKP1,733,-0.0251
ENSG00000263585,3730,-0.0251
ENSG00000248605,4474,-0.0251
ENSG00000233581,5363,-0.0252
PHKA1P1,1381,-0.0252
KLB,4877,-0.0252
SHMT1P1,47,-0.0252
LPCAT2BP,38,-0.0252
ENSG00000287169,1337,-0.0252
ENSG00000229312,2279,-0.0252
ENSG00000287595,989,-0.0252
LINC00587,4433,-0.0252
C1GALT1P2,1000,-0.0252
MT-TS2,2668,-0.0253
STYXL2,3966,-0.0253
ENSG00000228216,1567,-0.0253
LINC02501,861,-0.0253
ENSG00000275185,4090,-0.0253
ENSG00000225170,1151,-0.0254
DNAJA4,6913,-0.0254
ENSG00000289904,3951,-0.0254
CKLF-CMTM1,1243,-0.0254
ENSG00000287776,1781,-0.0254
ENSG00000230728,510,-0.0254
ENSG00000253562,678,-0.0254
ENSG00000224000,251,-0.0254
MYADML,2994,-0.0254
YWHAEP1,1591,-0.0254
ENSG00000285643,50,-0.0255
IDI2,5697,-0.0255
ENSG00000228368,3497,-0.0255
ZNF667-AS1,5007,-0.0255
NEUROD2,695,-0.0255
ENSG00000266560,2981,-0.0255
PORCN-DT,4377,-0.0255
CELF3,997,-0.0255
ANKRD60,2404,-0.0255
ENSG00000285673,3619,-0.0255
ENSG00000279672,1768,-0.0255
ENSG00000279805,649,-0.0255
ENSG00000261729,1908,-0.0255
SNX11,7374,-0.0255
LINC01610,5739,-0.0255
HOXB-AS2,1233,-0.0255
KDM5A,7625,-0.0256
ENSG00000230926,65,-0.0256
ENSG00000225002,248,-0.0256
LINC01551,4733,-0.0256
LDHBP3,286,-0.0256
LINC02479,1045,-0.0256
TNIK,7615,-0.0256
NRSN1,2073,-0.0256
SLC22A6,3690,-0.0256
MTDHP1,1356,-0.0256
GNB1-DT,1957,-0.0256
ENSG00000273254,3056,-0.0256
ENSG00000289428,2590,-0.0256
LINC02175,6857,-0.0257
ENSG00000255672,3083,-0.0257
RBP4,4279,-0.0257
RPS12P20,50,-0.0257
OTP,1083,-0.0258
ENSG00000268119,6054,-0.0258
MTX1P1,1516,-0.0258
ENSG00000249028,3420,-0.0258
ENSG00000235350,3009,-0.0258
ENSG00000287536,31,-0.0258
ENSG00000237429,2565,-0.0258
ENSG00000228120,178,-0.0258
RPL7P59,35,-0.0258
DCLRE1CP1,609,-0.0258
DCTN6,7401,-0.0258
ENSG00000279561,1897,-0.0258
ENSG00000225230,3005,-0.0258
ENSG00000289280,3713,-0.0259
ADCK2,7272,-0.0259
KHSRPP1,245,-0.0259
ENSG00000283446,614,-0.0259
ENSG00000260635,3627,-0.0259
ENSG00000272829,2542,-0.0259
ENSG00000257964,324,-0.0259
ENSG00000265474,2883,-0.0259
RNU6-83P,24,-0.0259
SP3P,377,-0.0259
NPPB,2856,-0.0259
RBBP4P5,832,-0.0259
Y_RNA-7,36,-0.026
ENSG00000186244,1550,-0.026
LARGE-AS1,4699,-0.026
TMEM151A,3798,-0.026
CPHXL,1766,-0.026
SETD4-AS1,1176,-0.026
TBL1XR1-AS1,6241,-0.026
ENSG00000229229,1864,-0.0261
SPACA3,1209,-0.0261
VPS53,7631,-0.0261
SMN1,7271,-0.0261
ENSG00000259773,2441,-0.0261
LINC01919,2596,-0.0261
ENSG00000259221,621,-0.0261
ENSG00000273901,411,-0.0262
TRIM50,3163,-0.0262
GNB1,7639,-0.0262
ENSG00000226782,2289,-0.0262
ENSG00000238178,5591,-0.0262
DNM1P51,1193,-0.0262
TAF2,7613,-0.0262
SLC6A11,5271,-0.0262
ENSG00000258090,582,-0.0262
SLC4A1APP2,232,-0.0262
HIBADH,7629,-0.0263
ENSG00000287710,3846,-0.0263
CFAP44-AS1,6401,-0.0263
RALBP1P1,2044,-0.0263
ENSG00000286224,3716,-0.0263
LINC02181,385,-0.0263
DIPK1C,1519,-0.0263
PSMC2P1,1100,-0.0263
ENSG00000265401,4586,-0.0264
ENSG00000285968,3262,-0.0264
MOGAT1,4342,-0.0264
ENSG00000259881,548,-0.0264
ENSG00000261714,2119,-0.0264
ENSG00000219492,157,-0.0264
ENSG00000287617,680,-0.0264
SMIM27,7001,-0.0264
RPL17P34,4595,-0.0265
ENSG00000280399,3048,-0.0265
ENSG00000250098,2540,-0.0265
VSTM2B-DT,3228,-0.0265
DGKH,7636,-0.0265
ENSG00000287857,1242,-0.0265
GRM6,405,-0.0265
ENSG00000289374,432,-0.0265
ENSG00000241269,853,-0.0265
GOSR2-DT,4029,-0.0265
MS4A6E,2853,-0.0265
TYW1,7562,-0.0265
DAP3P2,1704,-0.0266
RPS27AP5,3639,-0.0266
ENSG00000288737,2572,-0.0266
CCL3-AS1,834,-0.0266
MARK2P8,393,-0.0266
ABCC5-AS1,2626,-0.0266
ENSG00000288878,2035,-0.0266
NUP93-DT,4949,-0.0267
ENSG00000238358,1431,-0.0267
ENSG00000272010,4017,-0.0267
OTUD4P1,2635,-0.0267
CCDC144NL,1483,-0.0267
ENSG00000287397,518,-0.0267
PITPNA-AS1,6891,-0.0267
LINC02584,192,-0.0267
LINC01603,2155,-0.0267
LINC01485,1655,-0.0267
GRAMD4P2,611,-0.0267
PRH1,7586,-0.0267
ENSG00000229257,3595,-0.0267
SNX5,7555,-0.0268
RARRES2P10,34,-0.0268
ENSG00000259447,1517,-0.0268
ENSG00000289809,6975,-0.0268
LINC03011,6549,-0.0268
ENSG00000272844,3779,-0.0268
CHMP3,7611,-0.0268
ARL6IP1P3,515,-0.0268
ENSG00000249198,135,-0.0269
ADGRL3-AS1,6865,-0.0269
RPL21P88,423,-0.0269
NLRP9P1,26,-0.0269
ENSG00000237377,461,-0.0269
ENSG00000257878,5732,-0.0269
ENSG00000266379,169,-0.0269
CTAG2,886,-0.0269
TAAR1,1369,-0.0269
CHN2-AS1,3178,-0.0269
HOXA5,6877,-0.027
ENSG00000235981,1504,-0.027
LINC01877,4332,-0.027
ENSG00000259076,4344,-0.027
AMIGO3,2731,-0.027
ENSG00000248928,58,-0.027
ZNF287,6553,-0.027
ENSG00000276250,1790,-0.0271
LYRM9,7107,-0.0271
ENSG00000280169,3960,-0.0271
ENSG00000249955,1524,-0.0271
DHX15,7616,-0.0271
CNN2P4,22,-0.0271
ENSG00000217139,411,-0.0271
ENSG00000265717,783,-0.0271
ENSG00000261762,743,-0.0271
PRMT5-AS1,5468,-0.0271
VGLL1,1365,-0.0271
CPHXL2,4260,-0.0271
ENSG00000284699,2308,-0.0272
KHDC1L,531,-0.0272
ENSG00000253108,5213,-0.0272
ENSG00000252800,45,-0.0272
LINC02790,1079,-0.0272
LINC02773,1001,-0.0272
PANX3,571,-0.0272
PRF1,1774,-0.0272
ENSG00000272755,1694,-0.0272
ENSG00000230258,6031,-0.0272
HSPE1P8,123,-0.0272
ENSG00000289866,1879,-0.0272
SMURF1,7636,-0.0273
ENSG00000265179,510,-0.0273
ENSG00000264772,2689,-0.0273
ENSG00000272277,2813,-0.0273
CNFN,4964,-0.0273
RGPD6,3298,-0.0273
RPS6P4,226,-0.0273
ENSG00000264622,1314,-0.0274
INSL3,2930,-0.0274
HMX3,2103,-0.0274
ENSG00000149656,3768,-0.0274
ODF3L1,855,-0.0274
Metazoa_SRP-41,3931,-0.0274
ENSG00000255565,2779,-0.0275
LRRC10B,1188,-0.0275
ENSG00000269177,556,-0.0275
SMKR1,5973,-0.0275
ENSG00000289065,4057,-0.0275
GPKOW,7337,-0.0275
XCR1,1897,-0.0275
ENSG00000284380,55,-0.0275
GOLM2P1,2340,-0.0275
OR2A12,327,-0.0275
KRT83,803,-0.0275
LASP1,7625,-0.0276
RCC2-AS1,1015,-0.0276
PAX2,6714,-0.0276
LINC01173,2543,-0.0276
RPL36AP54,2859,-0.0276
LRRC3-DT,1398,-0.0276
C18orf25,7551,-0.0276
ENSG00000203469,2824,-0.0277
ENSG00000266767,2785,-0.0277
ENSG00000271185,364,-0.0277
ENSG00000287141,547,-0.0277
RPL7P28,515,-0.0277
KDM3B,7591,-0.0277
ATP1A4,2413,-0.0277
GOT2P3,637,-0.0277
ENSG00000224375,2439,-0.0277
BSPH1,1612,-0.0277
ENSG00000272360,468,-0.0277
LINC00844,2256,-0.0277
ENSG00000272426,943,-0.0277
CRYBA1,3376,-0.0278
ENSG00000228665,501,-0.0278
ENSG00000289599,206,-0.0278
ENSG00000260947,1563,-0.0278
ENSG00000263847,6912,-0.0278
RAD51AP1P1,1003,-0.0278
ENSG00000266460,102,-0.0278
ENSG00000279297,239,-0.0278
ENSG00000273375,1424,-0.0278
ENSG00000260634,89,-0.0278
RPS24P16,1099,-0.0278
ENSG00000227914,2993,-0.0278
ATP5F1AP2,122,-0.0278
ENSG00000261367,1484,-0.0278
ENSG00000277544,1144,-0.0278
UHRF2P1,1434,-0.0279
PIK3C2A,7641,-0.0279
ENSG00000287012,3676,-0.0279
ENSG00000279341,281,-0.0279
TRIM7-AS2,7189,-0.0279
CCR9,4410,-0.0279
WNT10A,5216,-0.0279
ENSG00000288177,1613,-0.0279
TSKU-AS1,4935,-0.0279
LINC02485,1787,-0.0279
SPANXD,823,-0.028
TMEM260,7568,-0.028
ENSG00000289141,1755,-0.028
ENSG00000288858,1016,-0.028
DNAJB6P2,1555,-0.028
RPL23AP42,5278,-0.028
ENSG00000286894,635,-0.028
GOLGA6L3,3550,-0.028
TXNDC8,3495,-0.0281
ENSG00000279699,2331,-0.0281
TRIM51,271,-0.0281
TUBBP9,1893,-0.0281
ENSG00000261012,166,-0.0281
ENSG00000229672,4432,-0.0281
SND1,7641,-0.0281
FAM238A-1,321,-0.0281
SENP6,7640,-0.0282
ENSG00000215156,721,-0.0282
LINC01428,3201,-0.0282
LINC01572,7622,-0.0282
PDE9A-AS1,918,-0.0282
ENSG00000244260,145,-0.0282
UOX,3135,-0.0282
ENSG00000279465,489,-0.0282
DNAJB14,7593,-0.0282
ENSG00000289615,277,-0.0282
ENSG00000289341,4258,-0.0282
ENSG00000286725,42,-0.0283
ENSG00000249930,230,-0.0283
ST7L,7446,-0.0283
ENSG00000290592,165,-0.0283
OSBPL9P1,86,-0.0283
H2BP9,27,-0.0283
TSGA13,1715,-0.0284
ENSG00000288918,208,-0.0284
ACE2-DT,466,-0.0284
ENSG00000271755,3689,-0.0284
ENSG00000253585,1523,-0.0284
CADM2-AS2,942,-0.0284
HYAL4,2476,-0.0284
ENSG00000272741,3690,-0.0284
LINC02570,917,-0.0284
SULT1C3,2233,-0.0284
BRWD1-AS1,5557,-0.0285
RWDD4P2,2276,-0.0285
RNU105C,59,-0.0285
ENSG00000271379,596,-0.0285
CYP3A43,4883,-0.0285
STRCP1,5945,-0.0285
ADH5P4,1056,-0.0285
ENSG00000239480,5776,-0.0285
ENSG00000216307,151,-0.0286
MAPK6P1,212,-0.0286
ENSG00000251532,4416,-0.0286
WNK1,7638,-0.0286
ENSG00000289414,132,-0.0286
LINC00906,1403,-0.0286
TMA16P2,495,-0.0286
PMS2P5,3729,-0.0286
ENSG00000224628,211,-0.0286
LINC02489,1177,-0.0287
EEF1A1P22,4763,-0.0287
ENSG00000228829,172,-0.0287
ENSG00000276278,4210,-0.0287
ENSG00000251523,4003,-0.0287
LINC00387,3057,-0.0287
ENSG00000288986,331,-0.0287
ENSG00000290695,524,-0.0287
PMS2P1,7094,-0.0287
ENSG00000289447,2355,-0.0288
ENSG00000261832,4492,-0.0288
ENSG00000249094,720,-0.0288
ANKRD62P1-PARP4P3,1067,-0.0288
ENSG00000260179,1825,-0.0288
ENSG00000226239,4446,-0.0288
ENSG00000288035,4731,-0.0288
CDC42P6,2000,-0.0288
LINC02359,1593,-0.0288
KLHL33,1001,-0.0288
GAD2,2841,-0.0288
ENSG00000272425,623,-0.0289
ARHGAP5,7639,-0.0289
RN7SKP106,545,-0.0289
ENSG00000250735,1787,-0.0289
GOLGA8O,997,-0.0289
ENSG00000275348,1993,-0.0289
ENSG00000260011,4961,-0.0289
ENSG00000254741,2309,-0.0289
SYNM-AS2,3822,-0.0289
RPS19P1,178,-0.0289
MIR4290HG,436,-0.0289
CCDC15-DT,5844,-0.029
LINC01614,264,-0.029
CSMD2-AS1,599,-0.029
PCBP3-AS1,1025,-0.029
ENSG00000259162,342,-0.029
RPL4P3,3223,-0.029
ENSG00000235772,814,-0.029
MUPP,1057,-0.0291
ARPIN-AP3S2,1682,-0.0291
SENP2,7566,-0.0291
NAALADL2-AS3,2178,-0.0292
LINC02149,3369,-0.0292
FAM91A2P,837,-0.0292
ENSG00000231143,398,-0.0292
ENSG00000265671,816,-0.0292
ENSG00000263171,4615,-0.0292
MIR4458HG,7046,-0.0292
ENSG00000250659,3342,-0.0292
MIR4453HG,6847,-0.0292
SLC25A5-AS1,3520,-0.0292
DTNB-AS1,2784,-0.0292
ENSG00000273464,1077,-0.0292
GDF7,2505,-0.0293
ENSG00000248484,495,-0.0293
RGPD5,2659,-0.0293
CAMK2N2,5511,-0.0293
SYNJ2,7596,-0.0293
PIP5K1A,7617,-0.0293
ENSG00000283629,2120,-0.0293
POMC,432,-0.0293
HCRT,1060,-0.0293
ENSG00000238140,585,-0.0294
ZNF649-AS1,2740,-0.0294
PACSIN2,7635,-0.0294
DYM,7626,-0.0294
ENSG00000248268,2621,-0.0294
ENSG00000275516,170,-0.0294
UPF3AP1,686,-0.0294
ENSG00000237301,3682,-0.0294
DMRTC2,281,-0.0294
ENSG00000286126,126,-0.0294
ENSG00000253976,434,-0.0294
ENSG00000234686,259,-0.0294
XPOTP1,3075,-0.0294
NAV2-AS2,4120,-0.0295
FKBP4P1,290,-0.0295
ENSG00000267239,247,-0.0295
ENSG00000288909,2405,-0.0295
CFAP276,2283,-0.0295
ENSG00000277767,5291,-0.0295
FERP1,1060,-0.0295
ENSG00000290593,187,-0.0295
ENSG00000285486,1530,-0.0295
ENSG00000260555,554,-0.0296
SIRT6,7337,-0.0296
ERC1,7641,-0.0296
ENSG00000259137,1670,-0.0296
PDGFD,6168,-0.0296
ENSG00000257464,281,-0.0296
CLEC19A,3123,-0.0296
SPATA8-AS1,96,-0.0296
CCDC66,7501,-0.0296
ENSG00000285612,4377,-0.0296
ENSG00000288866,1175,-0.0296
ENSG00000266111,5773,-0.0296
PREP,7574,-0.0296
PGK1P2,1361,-0.0296
TRAF3IP3,4125,-0.0297
ENSG00000264273,1899,-0.0297
ENSG00000213549,492,-0.0297
DPPA3,110,-0.0297
ABHD1,3741,-0.0297
UFC1,7413,-0.0297
CES5AP1,3856,-0.0297
ENSG00000249330,2624,-0.0297
DYNC2I2,7322,-0.0297
MRFAP1P1,4748,-0.0297
SETP15,82,-0.0298
BSN-AS1,332,-0.0298
ENSG00000228781,913,-0.0298
ENSG00000287574,3433,-0.0298
LINC01107,2251,-0.0298
KBTBD11-AS1,1137,-0.0298
LINC01103,298,-0.0298
ENSG00000291157,70,-0.0298
SLC13A2,677,-0.0298
DOCK4-AS1,4349,-0.0298
RCCD1-AS1,4424,-0.0298
ENSG00000259821,1737,-0.0298
ENSG00000224612,1011,-0.0299
ENSG00000270117,4222,-0.0299
ENSG00000285642,2271,-0.0299
MTND2P40,684,-0.0299
TBX2,7236,-0.0299
ENSG00000257808,253,-0.0299
GSPT1,7594,-0.0299
ENSG00000187186,5126,-0.0299
IFNK,148,-0.0299
ENSG00000285852,186,-0.0299
GIMAP1,831,-0.03
CLIP3,7198,-0.03
RPS2P6,570,-0.03
ENSG00000289147,785,-0.03
FOXD4,741,-0.03
ENSG00000287950,6287,-0.03
TEKT1,3851,-0.03
ENSG00000259621,6083,-0.03
ENSG00000253445,1525,-0.0301
ENSG00000285880,1885,-0.0301
ENSG00000244086,51,-0.0301
ENSG00000253536,50,-0.0301
ARSD-AS1,1508,-0.0301
LINC01488,135,-0.0301
ENSG00000221245,992,-0.0302
ACOD1,537,-0.0302
ENSG00000232335,1721,-0.0302
RPS20P20,232,-0.0302
TBC1D27P,25,-0.0302
ENSG00000273010,2088,-0.0302
ENSG00000225209,880,-0.0303
ENSG00000285567,5386,-0.0303
ENSG00000222044,455,-0.0303
ENSG00000264695,605,-0.0303
PRKCIP1,687,-0.0303
TP53TG3D,846,-0.0304
ENSG00000259677,1675,-0.0304
ABCC6P1-1,1971,-0.0304
UBE2I,7560,-0.0304
ENSG00000290597,550,-0.0304
ENSG00000222185,278,-0.0305
ENSG00000254278,983,-0.0305
ZPR1P1,364,-0.0305
LINC01077,162,-0.0305
ARL2BPP10,143,-0.0305
MDFIC2,3875,-0.0305
GTSF1,4966,-0.0306
CLEC6A,1236,-0.0306
ENSG00000254712,4552,-0.0306
ENSG00000291236,185,-0.0306
ENSG00000289247,356,-0.0306
ENSG00000287445,2082,-0.0306
ENSG00000287822,468,-0.0306
MAGI2-AS1,204,-0.0306
ENSG00000289070,3048,-0.0306
ENSG00000256984,429,-0.0306
FXYD7,3160,-0.0306
OR4F13P,444,-0.0306
API5P1,997,-0.0307
ENSG00000262147,4684,-0.0307
ENSG00000223461,2433,-0.0307
SLC6A1-AS1,217,-0.0307
L3MBTL4-AS1,504,-0.0307
PCED1B-AS1,3729,-0.0307
ENSG00000232494,1303,-0.0307
ENSG00000289150,1196,-0.0307
C20orf144,2540,-0.0307
LINC01213,1179,-0.0307
ENSG00000279314,1318,-0.0307
ENSG00000289155,5359,-0.0308
ENSG00000273729,3544,-0.0308
CEACAMP6,222,-0.0308
ENSG00000259882,1146,-0.0308
CCDC87,2140,-0.0308
ENSG00000229721,2299,-0.0308
RAB7A,7641,-0.0308
ENSG00000272660,1807,-0.0308
ENSG00000286655,4241,-0.0308
ENSG00000267564,2021,-0.0308
ENSG00000248514,3621,-0.0309
ENSG00000248827,1247,-0.0309
ENSG00000284677,2696,-0.0309
F2RL3,3475,-0.0309
ENSG00000287248,1809,-0.0309
NEFM,5207,-0.0309
SHLD3,4688,-0.0309
ENSG00000271437,1389,-0.0309
FAM78B-AS1,1700,-0.0309
FAM86B3P,5571,-0.0309
TTTY22,34,-0.0309
RERE,7641,-0.0309
ENSG00000235271,1401,-0.0309
NRXN2-AS1,329,-0.031
ENSG00000289067,3710,-0.031
ENSG00000265678,431,-0.031
ENSG00000234859,2858,-0.031
PITPNM2-AS1,1144,-0.031
LINC02419,182,-0.031
RPL7AP75,2449,-0.031
ENSG00000253183,1488,-0.031
MT-TI,635,-0.0311
COX4I2,670,-0.0311
ENSG00000289979,1637,-0.0311
RN7SKP130,374,-0.0311
SUMO2P19,3010,-0.0311
FAM245B,21,-0.0311
LINC00498,1122,-0.0311
ENSG00000290809,225,-0.0311
ENSG00000280119,2464,-0.0311
ENSG00000290460,2403,-0.0311
ENSG00000250865,60,-0.0312
ENSG00000261472,91,-0.0312
TCEAL2,894,-0.0312
ENSG00000225836,1356,-0.0312
OR2A20P,40,-0.0312
ENSG00000260277,5040,-0.0313
LINC01525,2530,-0.0313
ENSG00000259955,2176,-0.0313
CSE1L,7585,-0.0313
ZNF658B,5604,-0.0313
CASQ2,1492,-0.0313
RN7SL151P,1263,-0.0313
GOLGA6L10,5637,-0.0313
LINC02221,2751,-0.0313
HNRNPA1P14,1395,-0.0313
ENSG00000254021,198,-0.0313
TFPT,7293,-0.0313
ANAPC1P6,234,-0.0313
RAP1A,7592,-0.0313
ENSG00000274447,139,-0.0313
RUNDC3A,4066,-0.0313
ENSG00000226939,947,-0.0314
RNU2-63P,992,-0.0314
YWHAZ,7640,-0.0314
ENSG00000224361,3135,-0.0314
ENSG00000287714,1205,-0.0315
ZNF702P,6812,-0.0315
ENSG00000250848,3920,-0.0315
ST13P18,1205,-0.0315
ENSG00000273341,1295,-0.0315
LINC02414,1204,-0.0315
LINC02583,2597,-0.0315
ENSG00000272862,838,-0.0316
ENSG00000261731,1240,-0.0316
ABCF2-H2BK1,1931,-0.0316
ENSG00000221060,47,-0.0316
ENSG00000289149,1629,-0.0316
ENSG00000271370,415,-0.0316
ENSG00000271151,1783,-0.0316
RPL5P11,703,-0.0316
PSMA2P2,1482,-0.0316
LINC00336,2574,-0.0316
PLEKHB2,7628,-0.0317
ENSG00000225947,417,-0.0317
TMED8,7457,-0.0317
ENSG00000254041,1448,-0.0317
AQR,7596,-0.0317
LINC02202,1362,-0.0317
ENSG00000250253,778,-0.0317
CAPZA2,7625,-0.0318
DIPK2B,2005,-0.0318
ENSG00000169164,61,-0.0318
RPL5P16,190,-0.0318
TCHH,4697,-0.0318
BOLA3P3,71,-0.0318
LIM2,684,-0.0318
ENSG00000253335,5777,-0.0318
ENSG00000286898,1055,-0.0319
RGS1,2147,-0.0319
OR3D1P,165,-0.0319
UCN,5867,-0.0319
ENSG00000256569,2835,-0.0319
MTX2,7571,-0.0319
ENSG00000280336,493,-0.0319
ENSG00000269191,2727,-0.0319
GPR119,198,-0.0319
BTNL10P,183,-0.0319
ENSG00000287832,1103,-0.0319
HTR2A-AS1,210,-0.0319
ENSG00000233219,878,-0.0319
ENSG00000290003,6867,-0.0319
ENSG00000255627,67,-0.0319
ENSG00000278383,1640,-0.032
RPL3P2,3141,-0.032
ENSG00000262412,3302,-0.032
LINC02743,352,-0.032
ENSG00000230987,771,-0.032
ZNF461,7441,-0.032
ENSG00000257654,1230,-0.032
RTF2,7602,-0.0321
ENSG00000237016,103,-0.0321
ENSG00000224722,2709,-0.0321
ENSG00000255296,247,-0.0321
ENSG00000264067,2552,-0.0321
TRIML1,540,-0.0321
ENSG00000289415,563,-0.0321
LINC00488,5414,-0.0321
AKAP17BP,959,-0.0321
ENSG00000274501,439,-0.0321
ENSG00000287480,165,-0.0322
CAMK2G-AS1,3848,-0.0322
INS,33,-0.0322
PRDM12,2071,-0.0322
ENSG00000272172,1284,-0.0322
HSD17B1,6089,-0.0322
ENSG00000244730,988,-0.0322
ENSG00000286360,2147,-0.0322
ENSG00000286445,2447,-0.0322
RPL22P11,22,-0.0323
FGF22,3645,-0.0323
ENSG00000263424,3905,-0.0323
ENSG00000237480,3399,-0.0323
ENSG00000285928,743,-0.0323
LINC00492,2794,-0.0323
LINC00612,2079,-0.0323
ENSG00000270659,2483,-0.0323
ENSG00000286467,191,-0.0323
ENSG00000259792,240,-0.0324
DAZAP2,7535,-0.0324
MUC12,6304,-0.0324
Metazoa_SRP-27,360,-0.0324
GHET1,4013,-0.0324
LINC02445,5332,-0.0324
ITGB2-AS1,2974,-0.0324
RPL35AP17,252,-0.0324
DDN-AS1,6990,-0.0324
LCE3D,373,-0.0324
ENSG00000267769,851,-0.0325
TUBB8P1,192,-0.0325
ENSG00000223374,6005,-0.0325
GSTZ1,7180,-0.0325
ENSG00000289531,2638,-0.0325
ENSG00000270016,91,-0.0325
ENSG00000249012,2255,-0.0325
ENSG00000250375,564,-0.0325
ENSG00000248155,1597,-0.0325
LINC02871,2048,-0.0325
ENSG00000259418,3936,-0.0326
DCTN1-AS1,1709,-0.0326
CD1A,20,-0.0326
PAICSP1,2499,-0.0326
CST9,274,-0.0326
OR5K1,177,-0.0326
ENSG00000272768,5115,-0.0326
RAB11FIP1P1,2266,-0.0326
GPR158-AS1,782,-0.0326
ENSG00000226400,62,-0.0327
ENSG00000261754,159,-0.0327
GP1BA,2969,-0.0327
XAGE1A,244,-0.0327
ENSG00000287227,632,-0.0327
ENSG00000234542,718,-0.0327
EAF1-AS1,7009,-0.0328
ENSG00000289091,1176,-0.0328
LINC01717,134,-0.0328
ALG14-AS1,1102,-0.0328
ENSG00000290049,6036,-0.0328
ENSG00000274272,1624,-0.0328
CKAP2-DT,5055,-0.0328
LINC01676,282,-0.0328
ALX3,2896,-0.0329
EXOC5,7579,-0.0329
ENSG00000283991,52,-0.0329
TAS2R6P,2070,-0.0329
ENSG00000257058,3767,-0.0329
ENSG00000272729,414,-0.0329
WNT6,4195,-0.033
FAM88B,702,-0.033
SZT2-AS1,782,-0.033
ENSG00000257181,4828,-0.033
SLC36A2,786,-0.033
ENSG00000280767,1268,-0.033
ANKHD1,7639,-0.033
OR4D2,1081,-0.033
ODF3,1159,-0.0331
SPDYE19P,4318,-0.0331
RNU6-801P,47,-0.0331
SPDYE7P,1116,-0.0331
ENSG00000267223,201,-0.0331
ENSG00000250256,1760,-0.0331
ENSG00000286934,95,-0.0331
HSPA8P13,1149,-0.0331
SNORA75B,89,-0.0331
CHCHD3P3,1178,-0.0331
PCP2,3862,-0.0331
PGGT1BP2,34,-0.0331
CEP83-DT,2852,-0.0331
LINC01360,1835,-0.0332
ENSG00000250541,3122,-0.0332
IQCJ-SCHIP1-AS1,4151,-0.0332
ENSG00000268129,3848,-0.0332
ENSG00000287108,659,-0.0332
BTF3P13,897,-0.0332
FAM43B,1927,-0.0333
FOXF2,4496,-0.0333
ENSG00000213155,237,-0.0333
PPP2CA-DT,3087,-0.0333
PRPF31-AS1,4371,-0.0333
SP7,1493,-0.0333
ENSG00000225970,1653,-0.0333
MTOR-AS1,1931,-0.0333
ENSG00000257094,1603,-0.0333
MRPL53,2204,-0.0333
GAPDHS,3513,-0.0334
ENSG00000286317,1905,-0.0334
ENSG00000260041,536,-0.0335
ENSG00000287050,1375,-0.0335
ENSG00000236356,552,-0.0335
ENSG00000257746,1326,-0.0335
LAX1,3718,-0.0335
Y_RNA-10,48,-0.0335
ENSG00000231492,681,-0.0335
LINC01143,548,-0.0335
ENSG00000260488,572,-0.0336
ENSG00000235435,781,-0.0336
ENSG00000278601,2718,-0.0336
LRRTM4-AS1,1523,-0.0336
KCNE5,3381,-0.0336
RPL19P20,50,-0.0336
ENSG00000283773,2214,-0.0336
ENSG00000288080,5667,-0.0336
ENSG00000288531,3610,-0.0337
ENSG00000272667,1785,-0.0337
LINC02273,1564,-0.0337
OR11G2,343,-0.0337
UBE2Q2P13-1,2124,-0.0337
ENSG00000287548,2764,-0.0337
ENSG00000237705,6134,-0.0337
PTP4A1P2,494,-0.0337
ENSG00000250186,1606,-0.0337
ENSG00000230051,2289,-0.0337
KCNMB1,676,-0.0337
ENSG00000279910,63,-0.0337
RPL36AP41,706,-0.0338
Y_RNA-292,919,-0.0338
AGAP14P,1416,-0.0338
ENSG00000290827,1768,-0.0338
ENSG00000279452,194,-0.0338
LINC01852,1340,-0.0338
ENSG00000291221,26,-0.0338
HTR2C,6230,-0.0338
CT45A10,1969,-0.0338
RN7SL218P,109,-0.0338
RPL23AP67,330,-0.0339
ENSG00000251257,3062,-0.0339
ENSG00000289225,1202,-0.0339
ENSG00000277498,901,-0.0339
MAPK10-AS1,5249,-0.0339
CCIN,427,-0.0339
RASL10A,5190,-0.0339
FUS,7636,-0.0339
ENSG00000256407,5715,-0.0339
ENSG00000288721,7252,-0.0339
ENSG00000231903,2258,-0.0339
PABPN1P2,167,-0.034
ENSG00000234758,1015,-0.034
LINC01602,5127,-0.034
TCP1P3,764,-0.034
ENSG00000279584,283,-0.034
ENSG00000223969,2212,-0.034
EBLN1,989,-0.034
ART1,2950,-0.034
ZNF56P,1012,-0.034
ULK4P2-1,571,-0.0341
ACOT4,3899,-0.0341
ODCP,2079,-0.0341
NTN3,237,-0.0341
CAP1P2,708,-0.0341
ENSG00000231748,2085,-0.0341
ENSG00000284612,576,-0.0341
CUL1,7612,-0.0341
ENSG00000230160,138,-0.0341
ENSG00000274400,921,-0.0342
ENSG00000253519,2305,-0.0342
KLHL6,3704,-0.0342
RPL6P28,44,-0.0342
ENSG00000288816,2629,-0.0342
GAS5-AS1,4749,-0.0342
ENSG00000269085,5439,-0.0342
RN7SL239P,352,-0.0342
NUP214,7605,-0.0342
ENSG00000290564,1332,-0.0342
PCDHB10,4405,-0.0342
ENSG00000244266,332,-0.0342
SMARCAD1-DT,3307,-0.0342
LINC01803,43,-0.0343
ENSG00000259920,1499,-0.0343
ENSG00000237299,972,-0.0343
ENSG00000287505,3356,-0.0343
GGA2,7586,-0.0343
LINC02250,4537,-0.0343
RCOR1,7637,-0.0343
ENSG00000286827,3573,-0.0343
LINC00437,610,-0.0344
COX7B2,5640,-0.0344
LINC01054,163,-0.0344
NDUFB8P2,278,-0.0344
ENSG00000249050,710,-0.0344
POTEF,6906,-0.0344
ENSG00000290162,980,-0.0344
CASC22,43,-0.0344
NRIP2,6201,-0.0344
ENSG00000213875,654,-0.0344
ENSG00000248881,3892,-0.0345
QRICH1,7603,-0.0345
ENSG00000287838,528,-0.0345
TMEM78,106,-0.0345
ENSG00000287037,2352,-0.0345
COMMD5,7272,-0.0345
DNAJA4-DT,2511,-0.0345
ARHGEF18-AS1,6307,-0.0345
ENSG00000290112,1147,-0.0345
LINC02819,734,-0.0346
ENSG00000259631,5741,-0.0346
ENSG00000264577,4463,-0.0346
ENSG00000288846,170,-0.0346
ENSG00000227910,642,-0.0346
LCE5A,108,-0.0346
OTC,2658,-0.0346
PHB1P7,106,-0.0347
ENSG00000270638,3160,-0.0347
LINC01691,350,-0.0347
EFCAB14P1,2618,-0.0347
CCDC192,6554,-0.0347
ENSG00000259375,2762,-0.0347
NR5A1,5439,-0.0347
ENSG00000287772,87,-0.0347
KRT8P43,242,-0.0348
ENSG00000286248,2745,-0.0348
PSMC1P4,293,-0.0348
RPL22P20,75,-0.0348
PLEKHA3P1,1134,-0.0348
UBE2W,7606,-0.0348
ENSG00000226410,1339,-0.0348
POLG,7490,-0.0348
SEPTIN7P7,3552,-0.0348
LINC02213,1682,-0.0348
ENSG00000257647,3507,-0.0348
ENSG00000272195,3515,-0.0349
ENSG00000287293,2228,-0.0349
ENSG00000269125,1383,-0.0349
ENSG00000203472,4320,-0.0349
ENSG00000287829,4061,-0.0349
SPG7,7607,-0.0349
ENSG00000287142,2259,-0.0349
ATP6V1G2-DDX39B,2293,-0.035
ENSG00000273664,285,-0.035
ENSG00000258958,359,-0.035
TNN,5165,-0.035
ENSG00000286771,3635,-0.035
LINC02880,2744,-0.035
ENSG00000263823,3023,-0.035
ENSG00000261819,533,-0.0351
ENSG00000268595,567,-0.0351
KRT8P14,94,-0.0351
ENSG00000289334,1410,-0.0351
ENSG00000254076,20,-0.0351
ENSG00000286487,356,-0.0351
OCSTAMP,4260,-0.0351
EEF1E1P1,1671,-0.0351
SSBL3P,462,-0.0351
ENSG00000289021,5026,-0.0351
CD40LG,63,-0.0351
SLC25A5P1,1176,-0.0352
ENSG00000269050,1078,-0.0352
ENSG00000286406,2001,-0.0352
RSL24D1P1,749,-0.0352
ENSG00000250501,2443,-0.0352
U3-16,352,-0.0352
SULT1A3,4466,-0.0352
ENSG00000250698,2814,-0.0352
PITX3,1888,-0.0352
ENSG00000273363,734,-0.0352
ENSG00000270583,859,-0.0353
ENSG00000261314,157,-0.0353
ENSG00000259211,1339,-0.0353
Y_RNA-527,597,-0.0353
ENSG00000248778,270,-0.0353
ENSG00000286944,306,-0.0353
NRBF2P5,717,-0.0353
KRT8P10,872,-0.0353
CST6,4172,-0.0353
ENSG00000260706,2640,-0.0353
LHCGR,3276,-0.0353
ENSG00000290885,533,-0.0354
ACOT1,4231,-0.0354
ZBTB7C-AS1,2042,-0.0354
UGT2B17,789,-0.0354
GOLGA2P7,255,-0.0354
SNORA80C,2286,-0.0354
ENSG00000260805,2601,-0.0354
ASPHD2,6740,-0.0355
LINC02855,2622,-0.0355
CNOT9,7555,-0.0355
ENSG00000289544,1012,-0.0355
TBC1D29P,4714,-0.0355
IDH3B-DT,3389,-0.0355
ENSG00000235862,31,-0.0355
ENSG00000288658,1264,-0.0356
RNF130,7615,-0.0356
PFKP-DT,1664,-0.0356
CADM1-AS1,1907,-0.0356
ENSG00000262098,813,-0.0356
ENSG00000289032,507,-0.0356
ENSG00000248839,2289,-0.0356
ENSG00000287587,2539,-0.0356
ENSG00000268309,3109,-0.0356
DIS3L-AS1,5331,-0.0357
SNHG20,508,-0.0357
VPS35P1,889,-0.0357
LINC02508,1233,-0.0357
ENSG00000286527,615,-0.0357
ZCCHC7,7641,-0.0357
COMMD8,7308,-0.0357
XPNPEP2,2329,-0.0357
RAD21P1,2557,-0.0357
SOCS4,7459,-0.0357
ENSG00000279852,2698,-0.0358
MRE11,7480,-0.0358
ENSG00000285602,1588,-0.0358
ENSG00000267063,3685,-0.0358
HBM,1164,-0.0358
DPPA2P3,271,-0.0358
TESC-AS1,5157,-0.0359
LINC02097,2709,-0.0359
ENSG00000226899,1161,-0.0359
ENSG00000248991,325,-0.0359
ENSG00000212930,98,-0.0359
FBN1-DT,1647,-0.0359
ENSG00000259670,144,-0.0359
RBP7,5254,-0.036
IGFL1P1,651,-0.036
GNG8,903,-0.036
AGGF1P3,1312,-0.036
ENSG00000268189,2598,-0.036
TRIM11,7442,-0.0361
LINC02953,449,-0.0361
LINC02207,2914,-0.0361
ENSG00000236817,2864,-0.0361
LILRB3,3370,-0.0361
ENSG00000256542,1060,-0.0361
PPP1R2P6,550,-0.0361
ENSG00000287523,3766,-0.0362
BMPR1AP1,121,-0.0362
ENSG00000275630,947,-0.0362
ENSG00000272843,929,-0.0362
ENSG00000268884,252,-0.0362
ENSG00000236434,2016,-0.0362
FBXO11,7641,-0.0363
ENSG00000290666,880,-0.0363
CCS,7387,-0.0363
LINC02174,1537,-0.0363
TOMM40L,6916,-0.0363
ENSG00000235140,2498,-0.0363
ENSG00000289998,445,-0.0363
ENSG00000289992,674,-0.0363
SPATA13-AS1,1251,-0.0364
ENSG00000273272,2884,-0.0364
ENSG00000290705,1931,-0.0364
ZNF587P1,240,-0.0364
TASOR,7564,-0.0365
PRDX3P1,570,-0.0365
ENSG00000219682,864,-0.0365
RHOXF1P1,142,-0.0366
ENSG00000270880,810,-0.0366
ANKRD20A3P,2643,-0.0366
FGF14-AS1,378,-0.0366
SETD6P1,450,-0.0366
ENSG00000228561,84,-0.0366
ENSG00000258736,605,-0.0366
ENSG00000254927,3118,-0.0366
NUTM2G,3504,-0.0366
ENSG00000226079,386,-0.0367
EHHADH-AS1,2395,-0.0367
ENSG00000226883,3824,-0.0367
LINC01425,3664,-0.0367
EXT2,7537,-0.0367
LINC01706,84,-0.0367
ENSG00000286269,230,-0.0367
RNF148,1847,-0.0367
ENSG00000266708,894,-0.0367
ENSG00000288817,349,-0.0367
APOC1P1-1,500,-0.0368
ALDOB,1808,-0.0368
QRFP,2021,-0.0368
PSMA6P2,4413,-0.0368
SLC25A3P1,4427,-0.0368
ENSG00000253214,3876,-0.0368
ENSG00000226838,435,-0.0369
ENSG00000253925,4757,-0.0369
ENSG00000232294,1810,-0.0369
ENSG00000264012,421,-0.0369
NEDD1,7536,-0.037
ENSG00000289350,1941,-0.037
FBXO46,7457,-0.037
ENSG00000277559,1260,-0.037
PTP4A2P1,1002,-0.037
DHX40P1,5229,-0.037
HSPA8P8,888,-0.037
ENSG00000290415,3251,-0.037
DYNC2I1,7621,-0.037
ATP1A2,1369,-0.0371
PMS2P8,969,-0.0371
MGC15885,679,-0.0371
GPHB5,1567,-0.0371
SLC30A7,7611,-0.0371
C19orf73,2656,-0.0371
ANKH-DT,698,-0.0372
DLG2-AS2,5402,-0.0372
CGA,5339,-0.0372
IFIT1B,1332,-0.0372
RPSAP31,283,-0.0372
SSTR5-AS1,3118,-0.0372
SETP20,404,-0.0373
DNAJB6P1,5417,-0.0373
DAZ2,21,-0.0373
ENSG00000258687,4156,-0.0373
ENSG00000248709,79,-0.0373
ENSG00000259017,23,-0.0374
TNNI3,6190,-0.0374
ARL6IP1P2,652,-0.0374
TAAR3P-1,49,-0.0374
LCE3E,156,-0.0374
FRG2,79,-0.0374
MDN1-AS1,1190,-0.0374
PMS2P9,2630,-0.0374
RPL7P8,887,-0.0375
CRYZP1,1974,-0.0375
CS,7547,-0.0375
ENSG00000271715,185,-0.0375
LINC01284,5337,-0.0376
LINC02200,2320,-0.0376
ENSG00000288555,2546,-0.0376
ENSG00000290088,2632,-0.0376
ENSG00000257165,2361,-0.0376
ENSG00000273219,4963,-0.0376
ENSG00000228505,891,-0.0376
CIROP,528,-0.0376
PPIAP72,6624,-0.0376
ACVR1,7586,-0.0376
TIGD3,4504,-0.0376
ENSG00000261829,2683,-0.0376
DCXR-DT,852,-0.0376
ENSG00000272973,3591,-0.0377
ENSG00000289136,625,-0.0377
CENPNP1,3995,-0.0377
ENSG00000235779,2870,-0.0377
ENSG00000259072,3270,-0.0377
ELOCP31,2299,-0.0378
LIF-AS1,2262,-0.0378
SRP72P2,1879,-0.0378
GABARAPL1-AS1,1945,-0.0378
SPARCL1,5851,-0.0378
ENSG00000273198,55,-0.0378
MACC1-DT,3037,-0.0379
TMPRSS6,4350,-0.0379
RPL21P1,436,-0.0379
ENSG00000259111,200,-0.0379
C10orf105,2159,-0.0379
RAG2,1484,-0.0379
ENSG00000276524,959,-0.0379
ENSG00000256159,25,-0.0379
TMEM109-DT,166,-0.0379
ENSG00000286000,3426,-0.038
ENSG00000271127,1070,-0.038
ENSG00000250855,3081,-0.038
ENSG00000258703,523,-0.038
CLEC4E,1423,-0.038
DLX2-DT,1459,-0.038
ENSG00000278467,1201,-0.038
WIPF2,7623,-0.038
ENSG00000290660,3657,-0.038
ENSG00000290025,422,-0.038
CMIP,7640,-0.038
ENSG00000241255,1842,-0.038
LDLRAD4-AS1,340,-0.038
RPL9P5,62,-0.0381
LINC02922,561,-0.0381
ENSG00000289950,2390,-0.0381
ENSG00000266100,1472,-0.0381
HMGB1P1,4688,-0.0381
ENSG00000250629,1479,-0.0381
CCDC74B,4947,-0.0381
ENSG00000264475,224,-0.0381
ENSG00000289073,1714,-0.0382
HTATSF1P1,144,-0.0382
LINC02572,3607,-0.0382
CST13P,692,-0.0382
IGSF23,5522,-0.0382
ENSG00000287379,1618,-0.0382
PPIAP31,270,-0.0382
ENSG00000224256,101,-0.0382
ATP2A1-AS1,6311,-0.0383
GNAQ,7633,-0.0383
OPA3,7474,-0.0383
ENSG00000235119,3431,-0.0383
ENSG00000234255,3585,-0.0383
ENSG00000280432,601,-0.0383
PROK2,487,-0.0383
ENSG00000261136,5352,-0.0383
MTCO1P22,2058,-0.0383
C17orf97,6462,-0.0384
RNVU1-31,1610,-0.0384
ENSG00000225720,87,-0.0384
RN7SL804P,2435,-0.0384
MESP1,5099,-0.0384
CT45A9,321,-0.0384
SCGB1A1,3789,-0.0384
ENSG00000267565,1641,-0.0384
RPS11P7,56,-0.0385
ENSG00000268636,2700,-0.0385
ENSG00000218175,3571,-0.0385
LIPM,490,-0.0385
HTR3D,60,-0.0385
SUMO1,7501,-0.0385
ENSG00000279036,49,-0.0385
ENSG00000247033,2998,-0.0386
RPL26P37,261,-0.0386
ENSG00000289018,2058,-0.0386
KRR1P1,2912,-0.0386
ENSG00000284734,986,-0.0386
GOLGA8IP,748,-0.0386
ENSG00000291078,7146,-0.0386
ENSG00000272824,2405,-0.0387
NIFKP6,802,-0.0387
TRIM80P,1358,-0.0387
ENSG00000254662,5863,-0.0387
SURF2,7206,-0.0387
TCAP,5861,-0.0387
ENSG00000289063,886,-0.0387
MICD,2203,-0.0387
ENSG00000231521,5661,-0.0387
ENSG00000287204,98,-0.0387
RGMB-AS1,4169,-0.0387
YAP1,7640,-0.0387
ENSG00000280344,431,-0.0388
ENSG00000289837,6137,-0.0388
ENSG00000249112,1822,-0.0388
MT1L,465,-0.0388
RPS12P23,601,-0.0388
ENSG00000230260,237,-0.0388
MS4A19P,1449,-0.0388
RBMX2P2,212,-0.0388
PCDHB1,349,-0.0388
ENSG00000234361,1360,-0.0388
ENSG00000288776,469,-0.0389
LINC01671,2394,-0.0389
ENSG00000224988,225,-0.0389
RBM28,7572,-0.0389
ENSG00000286374,432,-0.0389
ENSG00000275055,4444,-0.0389
PTBP3,7638,-0.0389
ENSG00000274833,1337,-0.0389
CHRNB3,2872,-0.0389
TMPRSS11GP,1919,-0.0389
LINC02039,406,-0.0391
ENSG00000276945,98,-0.0391
ENSG00000261575,2484,-0.0391
MFSD4A,6452,-0.0391
ENSG00000264300,2516,-0.0391
ENSG00000263435,39,-0.0391
EEF1A1P7,456,-0.0391
LINC01635,2107,-0.0391
ENSG00000286400,119,-0.0391
ENSG00000229990,3328,-0.0391
ENSG00000267283,4571,-0.0392
ZNF840P,530,-0.0392
RAB3GAP1,7638,-0.0392
GALP,1265,-0.0392
CFHR4,2651,-0.0392
TBC1D3P2-1,90,-0.0392
LINC02817,1020,-0.0392
DPPA5P2,566,-0.0392
ENSG00000177596,73,-0.0392
ENSG00000278952,2147,-0.0392
ENSG00000275494,2672,-0.0392
ENSG00000287172,5277,-0.0392
PSMD12P1,194,-0.0393
ENSG00000267934,2172,-0.0393
ENSG00000278131,1197,-0.0393
IL36G,2646,-0.0393
ENSG00000287537,817,-0.0393
ENSG00000255219,403,-0.0393
HMGB1P13,523,-0.0393
ENSG00000286897,2103,-0.0393
SPRR2E,347,-0.0393
ENSG00000286758,37,-0.0394
CYP3A7,4539,-0.0394
SRD5A2,3115,-0.0394
ENSG00000289226,2898,-0.0394
ENSG00000228064,1535,-0.0394
MORC1-AS1,958,-0.0394
ENSG00000276071,3252,-0.0394
NTM-AS1,1662,-0.0394
ENSG00000281655,2239,-0.0394
SLC22A8,1146,-0.0394
ENSG00000228351,2633,-0.0394
ITCH-AS1,3078,-0.0395
ENSG00000286943,3509,-0.0395
ENSG00000280273,943,-0.0395
ENSG00000250990,4514,-0.0395
PMS2P4,5798,-0.0395
ENSG00000259055,251,-0.0395
ENSG00000249547,4371,-0.0395
ENSG00000287259,539,-0.0396
ENSG00000271329,2556,-0.0396
ENSG00000253672,336,-0.0396
LRRC4,4219,-0.0396
ATP13A5,3872,-0.0396
RAB5C-AS1,481,-0.0396
RPL6P6,286,-0.0396
ENSG00000288940,479,-0.0396
ENSG00000286661,316,-0.0397
NPM1P30,4774,-0.0397
GUSBP3,6113,-0.0397
RN7SL769P,421,-0.0397
SEC62-AS1,6066,-0.0397
ENSG00000260290,3763,-0.0397
THAP6,7394,-0.0398
ENSG00000226680,2029,-0.0398
CTNNA2-AS1,682,-0.0398
PRKAG2-AS2,492,-0.0398
ENSG00000275390,1736,-0.0398
FARP2,7609,-0.0398
OR7E22P,85,-0.0398
NMRK2,3554,-0.0398
CYCSP40,896,-0.0398
TCEAL5,811,-0.0399
ENSG00000258203,174,-0.0399
CCDC13-AS1,3208,-0.0399
NPAS4,1465,-0.0399
OR1L6,406,-0.0399
UGT2B4,1632,-0.0399
ENSG00000234141,457,-0.0399
RPS2P15,41,-0.0399
LINC02443,1839,-0.0399
ENSG00000250597,163,-0.04
BMP10,5465,-0.04
ENSG00000287894,1292,-0.04
DMRT3,887,-0.04
FCRL1,2648,-0.04
LINC01677,2407,-0.0401
RAF1,7583,-0.0401
SLC5A9,2579,-0.0401
ENSG00000213985,2993,-0.0401
SNCA-AS1,932,-0.0401
ENSG00000287568,95,-0.0401
ENSG00000270605,4261,-0.0401
GAU1,4003,-0.0401
ENSG00000258107,1922,-0.0401
LINC02684,246,-0.0401
MTND2P12,107,-0.0401
PHOX2B,1420,-0.0402
PMS2P14,42,-0.0402
ENSG00000231255,259,-0.0402
ENSG00000276957,173,-0.0402
ENSG00000248525,1335,-0.0402
ENSG00000230291,1250,-0.0402
ENSG00000258761,2858,-0.0402
RNVU1-25,281,-0.0402
EIF4BP5,848,-0.0402
BCL2L10,2406,-0.0402
SERF1B,4235,-0.0403
ENSG00000225085,62,-0.0403
ENSG00000257183,486,-0.0403
ENSG00000280136,2848,-0.0403
SERF1A,2178,-0.0403
UGT3A1,1745,-0.0403
OR10K1,147,-0.0403
PSG8,1906,-0.0404
TOLLIP-DT,3154,-0.0404
MACC1-AS1,5025,-0.0404
NXF2,1614,-0.0404
RBM39,7639,-0.0404
LINC01893,719,-0.0404
ENSG00000254237,2621,-0.0404
ENSG00000234718,1979,-0.0405
ENSG00000258214,611,-0.0405
ENSG00000274213,6066,-0.0405
ENSG00000267345,4611,-0.0405
ENSG00000290116,245,-0.0405
LINC00564,31,-0.0405
ENSG00000285973,4351,-0.0405
NDUFAF5,7457,-0.0406
INSL4,1040,-0.0406
HNRNPA3P11,518,-0.0406
ENSG00000254019,1842,-0.0406
TPTE2P2,170,-0.0406
RN7SKP185,483,-0.0406
CYP2AB1P,1131,-0.0406
KCNV2,3098,-0.0406
ENSG00000288907,4619,-0.0407
LINC02712,1826,-0.0407
GPR101,133,-0.0407
ENSG00000263393,3208,-0.0407
HOXA6,6310,-0.0407
ENSG00000289253,2894,-0.0407
LINC02447,5582,-0.0407
KRBOX1-AS1,199,-0.0408
MGARP,2648,-0.0408
SLC25A36,7635,-0.0408
ENSG00000249008,216,-0.0408
ENSG00000249000,1268,-0.0408
MOB1A,7524,-0.0408
RN7SL672P,92,-0.0409
NEBL-AS1,1044,-0.0409
ARHGAP28-AS1,462,-0.0409
ENSG00000283743,1617,-0.0409
ENSG00000258345,697,-0.0409
ENSG00000232037,633,-0.0409
ENSG00000224138,855,-0.0409
ENSG00000231604,60,-0.041
ENSG00000260569,2481,-0.041
ENSG00000248125,6508,-0.041
ARHGAP42-AS1,1790,-0.041
LINC02386,1001,-0.041
ENSG00000255026,4069,-0.041
ENSG00000232524,217,-0.041
LINC02439,1455,-0.041
ACSL3-AS1,3097,-0.041
ENSG00000288751,1996,-0.041
RPL6P11,290,-0.0411
ENSG00000216718,855,-0.0411
ENSG00000231073,2765,-0.0411
ENSG00000291269,1013,-0.0411
ENSG00000261216,712,-0.0411
TCERG1P2,649,-0.0411
ENSG00000264739,967,-0.0411
ENSG00000253688,316,-0.0411
DCX,1690,-0.0412
LINC02979,152,-0.0412
WFDC1,3637,-0.0412
HMG20A,7548,-0.0412
ETV6,7616,-0.0412
ENSG00000254347,1034,-0.0412
ENSG00000254297,217,-0.0412
ENSG00000252236,319,-0.0412
ENSG00000260441,3298,-0.0412
MTCO3P19,344,-0.0413
LIN28AP2,600,-0.0413
ENSG00000257270,4960,-0.0413
ENSG00000289367,1028,-0.0413
ENSG00000223559,1383,-0.0413
SMLR1,1477,-0.0413
ENSG00000273006,42,-0.0413
ENSG00000275956,137,-0.0414
ENSG00000287026,1152,-0.0414
ENSG00000237655,3428,-0.0414
ENSG00000261839,2546,-0.0414
ENSG00000228085,25,-0.0414
ENSG00000267101,2585,-0.0415
ENSG00000287244,450,-0.0415
ARAP1-AS2,2767,-0.0415
LINC00869-1,7247,-0.0415
NQO2-AS1,4546,-0.0415
ENSG00000255214,74,-0.0415
ENSG00000261646,180,-0.0415
ENSG00000277803,513,-0.0415
ZNF311,5848,-0.0415
DLGAP1-AS4,2502,-0.0416
ADAM33,1896,-0.0416
ENSG00000289434,2308,-0.0416
AHCY,7478,-0.0416
ENSG00000277763,423,-0.0417
ENSG00000259668,5020,-0.0417
ENSG00000236961,896,-0.0417
ENSG00000272173,3869,-0.0417
TPM1-AS,4233,-0.0417
CXADRP1,119,-0.0417
ENSG00000225656,366,-0.0417
HMGN1P26,48,-0.0418
LINC01281,104,-0.0418
STIM1-AS1,695,-0.0418
TOE1,7169,-0.0418
ENSG00000267734,2019,-0.0418
ENSG00000265168,4757,-0.0418
ENSG00000250330,222,-0.0418
LINC00395,3146,-0.0419
ENSG00000233902,136,-0.0419
ENSG00000273654,6133,-0.0419
ENSG00000262112,5745,-0.0419
ZNF451,7589,-0.0419
ZNF407,7624,-0.0419
ENSG00000254702,484,-0.0419
HBG1,306,-0.0419
ENSG00000266365,1407,-0.0419
ENSG00000237365,643,-0.042
BMS1P15,507,-0.042
ATP8A1-DT,93,-0.042
ZBED10P,312,-0.042
HNRNPA3P4,1865,-0.042
ARID3C,1203,-0.042
LINC01063,2515,-0.042
ENSG00000235573,596,-0.042
ENSG00000272384,1562,-0.042
ENSG00000288814,4339,-0.0421
LINC00315,560,-0.0421
ENSG00000284607,2736,-0.0421
ENSG00000272235,1365,-0.0421
ENSG00000286890,497,-0.0421
EIF2S2P6,2029,-0.0421
SPDYE2,3654,-0.0422
ENSG00000267409,65,-0.0422
ENSG00000273388,2512,-0.0422
DTNBP1,7461,-0.0422
ENSG00000227632,2721,-0.0422
RN7SKP175,1052,-0.0422
FNDC9,833,-0.0422
RXYLT1-AS1,2334,-0.0422
ENSG00000206249,1218,-0.0422
MTCO3P43,241,-0.0422
OTOF,4542,-0.0422
RPL39L,6932,-0.0423
ENSG00000254847,89,-0.0423
ENSG00000248452,22,-0.0423
ENSG00000235219,202,-0.0423
RPL36AP39,42,-0.0423
ENSG00000287007,961,-0.0423
WBP11P2,811,-0.0423
RN7SL55P,680,-0.0423
ENSG00000231054,661,-0.0423
ZFP28-DT,1576,-0.0423
ENSG00000228392,771,-0.0424
CLEC3B,1026,-0.0424
DPYD-AS2,769,-0.0424
RPL36AP11,471,-0.0424
ENSG00000287391,4016,-0.0424
ENSG00000250037,214,-0.0425
ENSG00000235806,613,-0.0425
SH3RF3-AS1,600,-0.0425
LINC02287,916,-0.0425
ENSG00000290090,533,-0.0425
ENSG00000289987,1593,-0.0425
ENSG00000185641,689,-0.0426
NOX3,3224,-0.0426
TATDN1P1,1851,-0.0426
ENSG00000256343,1301,-0.0426
TGFB2-AS1,1729,-0.0426
ENSG00000261184,28,-0.0426
ENSG00000289827,1200,-0.0426
ENSG00000236046,426,-0.0427
ENSG00000289430,2814,-0.0427
ENSG00000287727,399,-0.0427
DHRS7C,826,-0.0428
C12orf42-AS1,573,-0.0428
ENSG00000273113,1855,-0.0428
ENSG00000288820,3761,-0.0428
ENSG00000261722,636,-0.0428
Metazoa_SRP-65,1456,-0.0428
ENSG00000264578,5397,-0.0429
CHRND,2260,-0.0429
ENSG00000286559,1706,-0.0429
ENSG00000260252,4951,-0.0429
VN2R10P,739,-0.043
AFG3L2P1,721,-0.043
SULT2A1,3275,-0.043
IGHV3-35,113,-0.043
ENSG00000277350,152,-0.043
SETP14,5718,-0.043
ENSG00000235267,2686,-0.0431
ENSG00000261419,5430,-0.0431
SLC6A2,2478,-0.0431
SCFD1,7640,-0.0431
ENSG00000286588,1594,-0.0431
ENSG00000286723,2987,-0.0431
RNF169,7618,-0.0431
LINC01455,1177,-0.0431
ENSG00000237324,2885,-0.0431
RPL36AP26,358,-0.0432
PRSS54,2640,-0.0432
ENSG00000289931,344,-0.0432
ENSG00000289738,4717,-0.0432
GPAT2P1,146,-0.0432
PDPN,2091,-0.0432
TMCO5A,1542,-0.0432
GJA1P1,748,-0.0432
TBC1D14,7534,-0.0432
IGBP1P4,231,-0.0432
ARF1,7625,-0.0432
ENSG00000250637,163,-0.0432
MED21,7484,-0.0432
ENSG00000225505,1948,-0.0432
ERVV-2,692,-0.0433
ENSG00000237271,757,-0.0433
ENSG00000274918,221,-0.0433
SEPTIN7P9-1,4619,-0.0433
ENSG00000272444,1819,-0.0433
ENSG00000289046,6514,-0.0433
ENSG00000269403,664,-0.0433
CDKAL1,7637,-0.0433
ENSG00000279446,166,-0.0434
DUX4L34,36,-0.0434
RAD17P2,3247,-0.0434
ENSG00000218313,3956,-0.0434
TECTB,1766,-0.0434
RN7SKP153,160,-0.0434
ENSG00000286595,1123,-0.0434
ADK,7640,-0.0434
UNC45B,3611,-0.0434
ENSG00000279581,59,-0.0435
URAHP,1597,-0.0435
TXNDC2,1354,-0.0435
ENSG00000289173,234,-0.0435
SOWAHD,2159,-0.0435
Y_RNA-79,28,-0.0435
ENSG00000235480,1731,-0.0435
LINC02457,4210,-0.0435
ENSG00000273063,177,-0.0436
ENSG00000288951,7059,-0.0436
LINC00293,2420,-0.0436
LINC02041,158,-0.0436
MYL1,555,-0.0436
ENSG00000248482,141,-0.0437
ENSG00000280162,1756,-0.0437
Y_RNA-439,259,-0.0437
CST8,386,-0.0437
ENSG00000286164,1420,-0.0437
TMEM184C-DT,1980,-0.0438
ENSG00000273189,981,-0.0438
ENSG00000284490,2737,-0.0438
ENSG00000264472,109,-0.0438
ENSG00000236045,670,-0.0438
ILRUN-AS1,5692,-0.0438
ENSG00000286688,6306,-0.0438
NKX6-1,4011,-0.0438
VN2R3P,662,-0.0438
LINC02909,1761,-0.0438
ENSG00000277425,2555,-0.0438
DCUN1D2-AS,4355,-0.0438
LINC01680,53,-0.0438
ENSG00000287513,692,-0.0439
SNTN,2940,-0.0439
RNU1-57P,50,-0.0439
ENSG00000244998,904,-0.044
SUGT1-DT,3618,-0.044
ENSG00000289096,261,-0.044
U3-31,149,-0.044
PDYN,91,-0.044
GCSAML,2039,-0.044
XRCC6P2,4121,-0.044
ENSG00000290697,163,-0.044
ENSG00000251354,239,-0.044
DYDC1,1120,-0.044
Metazoa_SRP-62,39,-0.0441
ENSG00000273059,883,-0.0441
GRK1,2239,-0.0441
ENSG00000260254,28,-0.0441
ENSG00000233339,3427,-0.0441
CTBP2P7,403,-0.0441
ENSG00000236119,2392,-0.0441
ENSG00000290821,284,-0.0442
RNU6-603P,675,-0.0442
ENSG00000258690,963,-0.0442
ENSG00000223576,4070,-0.0442
MT4,1845,-0.0442
TNFAIP8L2,1309,-0.0442
OR3A3,419,-0.0442
LINC01765,349,-0.0443
ENSG00000290052,1115,-0.0443
ENSG00000250332,834,-0.0443
CNGA4,5830,-0.0443
ENSG00000233849,536,-0.0443
ENSG00000290739,940,-0.0443
ENSG00000258945,785,-0.0443
ENSG00000254775,1099,-0.0443
ENSG00000288741,4721,-0.0443
ENSG00000289000,4286,-0.0444
LINC02108,1121,-0.0444
GJA4,271,-0.0444
SIGLEC11,1561,-0.0444
ENSG00000254432,1046,-0.0444
PCMTD1P7,289,-0.0444
CLEC18C,944,-0.0444
ENSG00000236841,1101,-0.0444
HMGB3P6,2074,-0.0444
ENSG00000267033,2345,-0.0444
ROCK1P1,3171,-0.0445
KLHL40,179,-0.0445
UBE2Q2P16,469,-0.0445
ENSG00000287311,669,-0.0445
RPL24P2,1333,-0.0445
UBE2Q2P12,226,-0.0445
ENSG00000248939,1607,-0.0445
ENSG00000239739,384,-0.0446
LINC02823,1907,-0.0446
OR6K3,57,-0.0446
RPL10AP1,130,-0.0446
PPP1R2P1,665,-0.0446
ENSG00000253911,2562,-0.0446
FAM66E,1206,-0.0446
CDPF1P1,424,-0.0446
ENSG00000260223,1185,-0.0446
LINC02071,1969,-0.0446
IMPDH1P5,2387,-0.0446
MYH8,904,-0.0446
LINC02579,3990,-0.0447
SELENOO,7431,-0.0447
ENSG00000275025,84,-0.0447
CRYGEP,1465,-0.0447
ARPP19P1,792,-0.0448
ENSG00000286186,2377,-0.0448
OR5H3P,73,-0.0448
VPREB3,1077,-0.0448
ENSG00000287732,3021,-0.0448
FAM133A,5376,-0.0448
SPDYE16,1859,-0.0448
ABCA17P,7033,-0.0449
ENSG00000250105,51,-0.0449
ENSG00000256658,3516,-0.0449
ENSG00000249474,1104,-0.0449
ENSG00000278920,2798,-0.0449
ENSG00000225356,1118,-0.045
WWOX-AS1,1048,-0.045
NPM1P52,76,-0.045
ENSG00000286484,38,-0.045
GALR1,1765,-0.0451
DIDO1,7632,-0.0451
ENSG00000253174,5088,-0.0451
ENSG00000235303,1615,-0.0451
HSD3BP4,613,-0.0451
ENSG00000288832,197,-0.0451
ENSG00000288473,500,-0.0451
TAF1L,2325,-0.0451
ENSG00000259468,3552,-0.0451
ENSG00000275552,581,-0.0452
MIF4GD-DT,5304,-0.0452
LINC02087,3608,-0.0452
ENSG00000261707,413,-0.0452
ENSG00000279853,897,-0.0452
ENSG00000285957,917,-0.0452
RNU6-306P,207,-0.0452
ENSG00000253172,1738,-0.0452
NKX6-3,699,-0.0452
Y_RNA-522,76,-0.0452
ENSG00000253613,2166,-0.0453
LINC02654,469,-0.0453
LINC02462,4444,-0.0453
ENSG00000261606,36,-0.0454
ENSG00000290653,916,-0.0454
CALM2P1,50,-0.0454
ENSG00000270094,2681,-0.0454
ENSG00000253574,522,-0.0454
CHCHD2P6,989,-0.0454
ENSG00000224700,367,-0.0454
ENSG00000270412,48,-0.0454
PLEKHA3,7446,-0.0454
ENSG00000283138,545,-0.0454
ISCA1P1,140,-0.0454
HNRNPA3P9,568,-0.0455
ENSG00000280194,1758,-0.0455
TYR,5159,-0.0455
H3P4,372,-0.0455
ENSG00000287230,2165,-0.0455
GTF2E1,7397,-0.0455
CHODL-AS1,1699,-0.0456
ENSG00000289826,1007,-0.0456
ENSG00000288072,1341,-0.0456
DEFB130C,354,-0.0456
LINC02064,1644,-0.0456
TNRC6B-DT,484,-0.0456
VEZTP1,1743,-0.0456
RPL7P42,4298,-0.0457
ENSG00000244251,191,-0.0457
OFD1P17,2437,-0.0457
ENSG00000279298,100,-0.0458
ENSG00000287132,3160,-0.0458
RPS23P3,76,-0.0458
ENSG00000259351,2199,-0.0458
NKAPD1,7425,-0.0459
ENSG00000226484,1857,-0.0459
ENSG00000278370,104,-0.0459
AGGF1P1,2324,-0.0459
LINC02249,1548,-0.0459
ENSG00000230955,822,-0.0459
HNRNPCP7,1975,-0.046
OR2B11,217,-0.046
UNC5B-AS1,4214,-0.046
ENSG00000241456,361,-0.046
ZNF479,602,-0.046
ENSG00000258026,1714,-0.046
ENSG00000290902,753,-0.046
HNRNPDLP1,291,-0.0461
MRPL20-DT,4625,-0.0461
MYCBP2-AS1,86,-0.0461
ENSG00000277186,1244,-0.0461
RPSAP54,26,-0.0461
ENSG00000286664,3851,-0.0461
ZNF426-DT,2009,-0.0461
TTC4P1,239,-0.0461
ENSG00000228361,24,-0.0461
ENSG00000289692,198,-0.0462
ENSG00000286341,1955,-0.0462
LINC02172,507,-0.0462
MTND4P30,145,-0.0462
MIR34BHG,65,-0.0463
ENSG00000286639,1726,-0.0463
ENSG00000254557,670,-0.0463
ENSG00000288999,4757,-0.0463
IREB2,7606,-0.0463
EHMT1,7637,-0.0463
C10orf71,207,-0.0463
ATP6V1E1,7477,-0.0463
ENSG00000229177,131,-0.0464
ADPRM,7360,-0.0464
ANKRD13C,7568,-0.0464
ENSG00000175604,613,-0.0464
ENSG00000272112,2511,-0.0464
ASIC5,1784,-0.0464
ENSG00000227360,139,-0.0464
ENSG00000283765,6892,-0.0464
HNRNPA1P2,746,-0.0464
ENSG00000234084,4752,-0.0464
SPATA45,3046,-0.0465
ENSG00000249150,325,-0.0465
YWHAB,7614,-0.0465
ENSG00000287896,2404,-0.0465
LINC01754,3033,-0.0465
ENSG00000271996,1676,-0.0465
ENSG00000281538,3357,-0.0466
PLG,2558,-0.0466
ENSG00000287978,4105,-0.0466
ENSG00000266466,2214,-0.0466
ENSG00000253561,2188,-0.0466
GPR182,262,-0.0466
TSACC,6090,-0.0466
ABCC6P2-1,830,-0.0467
MRPS36P2,820,-0.0467
LINC02851,1462,-0.0467
ENSG00000273447,1342,-0.0467
GPR171,746,-0.0467
ENSG00000258385,643,-0.0467
ENSG00000242411,737,-0.0467
PPDPFL,3179,-0.0467
NHLRC4,1554,-0.0467
ENSG00000224649,2150,-0.0467
ENSG00000289275,1431,-0.0468
ENSG00000260660,390,-0.0468
ENSG00000279431,492,-0.0468
ENSG00000248585,2316,-0.0468
ENSG00000229986,29,-0.0468
ENSG00000273551,43,-0.0468
ENSG00000259594,145,-0.0468
ENSG00000264421,816,-0.0468
PTGDR2,1153,-0.0468
ENSG00000253923,2167,-0.0469
LINC02385,1129,-0.0469
ENSG00000280485,139,-0.0469
CLEC20A,4626,-0.047
CES1P2,840,-0.047
PANK1-AS1,3784,-0.047
ENSG00000267341,2455,-0.047
ENSG00000287561,119,-0.047
ENSG00000289892,178,-0.0471
ENSG00000287027,3292,-0.0471
IST1,7609,-0.0471
TRARG1,1378,-0.0471
COA6-AS1,5455,-0.0471
ENSG00000236883,4001,-0.0471
FAM172BP,460,-0.0471
LDHAP1,64,-0.0471
ETF1P1,284,-0.0472
ENSG00000290263,1895,-0.0472
LINC02515,336,-0.0472
ENSG00000286488,951,-0.0472
ENSG00000274798,911,-0.0473
PACS1,7631,-0.0473
ENSG00000227163,125,-0.0473
ENSG00000270236,31,-0.0474
ENSG00000279080,4129,-0.0474
ENSG00000254718,5323,-0.0474
ENSG00000279232,6252,-0.0474
ENSG00000280181,1165,-0.0474
MTA3P1,68,-0.0474
LINC01941,868,-0.0474
ENSG00000263635,847,-0.0474
LINC00933-1,2009,-0.0474
ENSG00000285849,1772,-0.0474
HELT,78,-0.0474
HLA-T,683,-0.0475
LINC01501,4161,-0.0475
ENSG00000290166,2065,-0.0475
ENSG00000261025,205,-0.0475
RPL5P12,4810,-0.0475
ENSG00000279438,93,-0.0475
FAM218A,2773,-0.0476
RNF14P3,889,-0.0476
ENSG00000227933,53,-0.0476
TBCE,7518,-0.0476
C16orf78,756,-0.0476
SETP8,1022,-0.0476
GP2,552,-0.0476
RPL12P44,22,-0.0477
HELZ,7640,-0.0477
UBA52P8,285,-0.0477
ENSG00000287551,1814,-0.0477
LINC00251,255,-0.0477
RN7SL815P,1142,-0.0478
DEFB115,33,-0.0478
PRKAR2A,7587,-0.0478
ENSG00000253836,2478,-0.0478
CYP4X1,2449,-0.0478
HCG15,1968,-0.0478
ENSG00000285813,1511,-0.0478
LINC03006,51,-0.0478
ENSG00000288728,3456,-0.0479
FTH1P5,500,-0.0479
GNRH2,4406,-0.0479
CRIP3,1382,-0.0479
ENSG00000287949,1820,-0.0479
AMZ2P2,198,-0.0479
ATAD1,7585,-0.0479
HNRNPA1P47,73,-0.0479
ENSG00000267560,134,-0.048
ENSG00000230621,32,-0.048
ENSG00000248254,780,-0.048
ENSG00000254974,818,-0.048
ENSG00000285970,2073,-0.048
ENSG00000232876,1247,-0.048
ENSG00000256013,4235,-0.048
OR2BH1P,139,-0.0481
PRSS1,1549,-0.0481
SETBP1-DT,336,-0.0481
ENSG00000253374,865,-0.0481
ENSG00000287962,4000,-0.0481
ENSG00000254428,2493,-0.0481
C11orf94,690,-0.0482
ENSG00000249945,1035,-0.0482
ENSG00000285595,987,-0.0482
UBBP4,2351,-0.0482
ENSG00000241026,1104,-0.0482
UBE2V2P3,301,-0.0482
PPIAL4G,1314,-0.0483
ENSG00000248540,450,-0.0483
ENSG00000288819,3038,-0.0483
PRAC2,651,-0.0483
ENSG00000287496,2040,-0.0483
RPL37P1,97,-0.0484
ENSG00000254551,5786,-0.0484
ENSG00000290803,1944,-0.0484
ENSG00000263952,2348,-0.0484
OVAAL,4251,-0.0484
ZNF733P,180,-0.0484
ENSG00000269765,2036,-0.0485
ENSG00000219553,4761,-0.0485
LINC02560,865,-0.0485
ENSG00000286062,4215,-0.0485
ENSG00000272366,252,-0.0485
ENSG00000279006,1346,-0.0485
RAET1E-AS1,5632,-0.0485
GSK3B,7641,-0.0486
PCMTD1P2,50,-0.0486
ENSG00000260022,116,-0.0486
ACTR3P2,51,-0.0487
CLPSL1,2178,-0.0487
LINC02219,48,-0.0487
PIGO-AS1,2521,-0.0487
RN7SKP230,2196,-0.0487
HOXB-AS4,4263,-0.0487
ENSG00000237654,987,-0.0487
MMADHCP1,468,-0.0487
ENSG00000241409,4849,-0.0487
FAM204CP,227,-0.0488
ITCH,7640,-0.0488
ENSG00000286669,1996,-0.0488
FCGR2A,4149,-0.0488
LINC01405,1524,-0.0488
ENSG00000289977,916,-0.0488
HSD17B1P1,967,-0.0488
ENSG00000266268,4268,-0.0489
ENSG00000272642,339,-0.0489
IRF2-DT,1900,-0.0489
H3C9P,39,-0.0489
ENSG00000273338,4699,-0.049
TEX13C,389,-0.049
ENSG00000259296,918,-0.049
C1orf94,899,-0.049
ENSG00000256609,65,-0.049
ARPC3P2,348,-0.049
NUTM1,1946,-0.0491
ENSG00000239254,747,-0.0491
SMAD1-AS2,1514,-0.0491
ENSG00000280068,195,-0.0491
ENSG00000286286,801,-0.0491
ENSG00000275441,3428,-0.0491
ENSG00000270802,1821,-0.0492
ENSG00000254790,841,-0.0492
LINC01989,2977,-0.0492
ENSG00000224645,2478,-0.0492
ENSG00000289887,2204,-0.0492
RPS2P1,137,-0.0492
ENSG00000273204,4114,-0.0492
ENSG00000272719,790,-0.0492
ENSG00000226376,546,-0.0493
ENSG00000272769,551,-0.0493
ENSG00000259327,4738,-0.0493
HEPN1,786,-0.0493
ENSG00000287210,379,-0.0493
ENSG00000259756,437,-0.0493
OGDH,7606,-0.0493
USP30-AS1,2158,-0.0493
ENSG00000289957,2318,-0.0493
ENSG00000271938,1004,-0.0494
LINC02191,311,-0.0494
TMEM26-AS1,428,-0.0494
ENSG00000286752,1552,-0.0494
TTC17,7640,-0.0494
FRY-AS1,3270,-0.0494
GLIS2-AS1,3805,-0.0494
Metazoa_SRP-96,160,-0.0494
ENSG00000279607,650,-0.0494
TMSB4XP8,963,-0.0495
LINC01345,296,-0.0495
ENSG00000262052,1555,-0.0495
ENSG00000234182,44,-0.0495
SLC9A7P1,1228,-0.0495
RPL6P20,172,-0.0495
ENSG00000232622,627,-0.0495
ENSG00000289501,118,-0.0496
ENSG00000231985,195,-0.0496
ENSG00000279669,199,-0.0496
CA5AP1,800,-0.0497
ENSG00000284070,147,-0.0497
SPTLC2,7597,-0.0497
PRR13P5,512,-0.0497
LINC01796,3158,-0.0497
ENSG00000263279,117,-0.0498
TUBAP13,322,-0.0498
ENSG00000284649,109,-0.0498
SLC35F5,7621,-0.0499
ENSG00000260378,3375,-0.0499
EXOC3,7571,-0.0499
ENSG00000224127,51,-0.0499
ENSG00000241556,244,-0.0499
ENSG00000258035,747,-0.0499
ENSG00000229454,1194,-0.0499
ENSG00000231010,2610,-0.05
ENSG00000291240,2226,-0.05
SLURP2,712,-0.05
POLG-DT,2213,-0.05
CEP95,7615,-0.0501
ENSG00000279985,989,-0.0501
PDPR,7546,-0.0501
ENSG00000279137,643,-0.0501
HNRNPCP4,2440,-0.0501
ENSG00000286584,2504,-0.0501
ENSG00000286399,2846,-0.0502
ENSG00000287147,1999,-0.0502
RNU6-949P,145,-0.0503
ENSG00000223989,322,-0.0503
RXFP4,862,-0.0503
NRBF2P4,128,-0.0503
NDEL1,7613,-0.0504
RPS25P9,234,-0.0504
RAC1P2,3089,-0.0504
GBP7,2673,-0.0504
ENSG00000227131,92,-0.0504
SCML2P2,1462,-0.0504
RBM12B-DT,2985,-0.0504
ENSG00000268677,424,-0.0504
LINC00032-1,1299,-0.0505
ENSG00000272158,278,-0.0505
DSTNP3,1684,-0.0505
ENSG00000267232,392,-0.0506
ENSG00000280027,839,-0.0506
LINC02915,615,-0.0506
ENSG00000273167,813,-0.0506
RPL26P35,1910,-0.0506
ENSG00000254851,192,-0.0506
RPL12P17,88,-0.0506
CLEC1A,1078,-0.0506
ENSG00000286189,1547,-0.0507
ENSG00000272908,812,-0.0507
ENSG00000286158,318,-0.0507
TPM3P2,71,-0.0508
CD209,250,-0.0508
ENSG00000231977,1281,-0.0508
PABPC1P4,2893,-0.0508
CDRT15P3,71,-0.0508
LINC02218,1318,-0.0508
PNMA8B,701,-0.0508
ATP8A2P2,207,-0.0509
ENSG00000255206,276,-0.0509
ENSG00000258260,3690,-0.0509
OR51I2,2670,-0.0509
HRC,2125,-0.0509
ENSG00000261519,2103,-0.0509
GUSBP14,1139,-0.0509
MAEL,4231,-0.051
ENSG00000257120,878,-0.051
FKBP1C,1843,-0.051
ENSG00000261346,1685,-0.051
FAM25E-1,94,-0.051
GSTM3P2,236,-0.051
ENSG00000253894,660,-0.0511
KLF2P1,441,-0.0511
ANGPTL5,2714,-0.0511
ENSG00000272123,1848,-0.0511
ACTA1,2501,-0.0512
ENSG00000235021,1881,-0.0512
HNRNPCP8,1465,-0.0512
ENSG00000232897,387,-0.0513
EIF4A1P2,3014,-0.0513
R3HDM1,7564,-0.0513
MSNP1,2158,-0.0513
ENSG00000290787,601,-0.0514
ENSG00000232389,2360,-0.0514
ENSG00000275413,5168,-0.0515
ENSG00000279119,2239,-0.0515
LINC02370,513,-0.0515
PCNPP3,490,-0.0515
ENSG00000220949,546,-0.0515
ENSG00000287919,914,-0.0516
EPB42,3329,-0.0517
ZNF723,1197,-0.0517
ZNF736P7Y,248,-0.0517
ENSG00000272397,191,-0.0517
ARMC10P1,598,-0.0518
ENSG00000228528,33,-0.0518
ENSG00000253653,884,-0.0518
ENSG00000289569,4185,-0.0518
ENSG00000289019,2982,-0.0518
TMEM108-AS1,666,-0.0518
ENSG00000287395,110,-0.0519
ENSG00000286468,187,-0.0519
ENSG00000288976,2613,-0.0519
ENSG00000256747,357,-0.052
SSX9P-1,64,-0.052
ENSG00000278890,1185,-0.052
ENSG00000249022,1780,-0.0521
ECPAS,7624,-0.0521
ENSG00000229309,1148,-0.0521
ENSG00000286670,2959,-0.0522
ENSG00000235351,519,-0.0522
ENSG00000285528,553,-0.0522
RPS8P3,46,-0.0522
VSIG10L2,1794,-0.0522
VSX2,1023,-0.0522
CT45A1,323,-0.0522
ENSG00000278817,2643,-0.0522
CARS2,7547,-0.0522
MIX23P1,174,-0.0522
EEF1A1P24,1094,-0.0523
LINC00332,1724,-0.0523
H4C12,939,-0.0523
RNU1-101P,54,-0.0523
RYKP1,850,-0.0523
ENSG00000270760,5748,-0.0523
PRB4,161,-0.0523
ENSG00000279467,1453,-0.0523
ENSG00000272854,783,-0.0523
CERS3-AS1,2533,-0.0523
ENSG00000266936,2197,-0.0524
ENSG00000289043,4251,-0.0524
HLA-DRB5,2052,-0.0524
PGA5,140,-0.0524
ENSG00000260782,459,-0.0524
ENSG00000273576,4020,-0.0524
ENSG00000248984,384,-0.0524
KIAA1143P1,1091,-0.0524
ENSG00000289259,1085,-0.0525
LDHAP2,1494,-0.0525
ENSG00000253785,1932,-0.0525
ENSG00000289235,207,-0.0526
ENSG00000264304,813,-0.0526
ENSG00000260796,6960,-0.0526
ENSG00000225956,1707,-0.0526
ENSG00000261159,1085,-0.0526
ENSG00000280189,235,-0.0526
ENSG00000269986,593,-0.0526
ENSG00000281348,330,-0.0526
ENSG00000228487,1757,-0.0526
ENSG00000270460,1648,-0.0527
ENSG00000272175,489,-0.0527
SLC39A9,7621,-0.0527
OR2A4,68,-0.0527
ENSG00000260621,3247,-0.0527
LINC02876,44,-0.0527
ENSG00000229774,1480,-0.0527
ENSG00000239835,750,-0.0528
AQP8,3043,-0.0528
CAHM,4115,-0.0528
ENSG00000253354,1550,-0.0528
KRTAP4-16,129,-0.0528
PPP2R5E,7618,-0.0528
ENSG00000287338,2056,-0.0528
ADCY6-DT,1092,-0.0528
ENSG00000279196,2227,-0.0529
EFR3A,7575,-0.0529
ZNF285DP,266,-0.053
ENSG00000205537,3064,-0.053
ENSG00000236838,362,-0.053
SNX1,7575,-0.053
CYP4Z1,3753,-0.053
EPYC,427,-0.0531
UGT2B11,27,-0.0531
RPL11P1,2041,-0.0531
ENSG00000237026,321,-0.0531
ENSG00000278922,408,-0.0531
ENSG00000229393,634,-0.0531
ENSG00000231509,1676,-0.0531
ENSG00000285850,1294,-0.0531
LIX1L-AS1,1574,-0.0531
CYP17A1,479,-0.0531
PRR18,1032,-0.0532
ENSG00000277715,4680,-0.0532
ENSG00000286800,2006,-0.0532
ENSG00000228838,476,-0.0532
FOLH1B,600,-0.0533
ENSG00000265664,780,-0.0533
GOT2P6,836,-0.0533
ENSG00000287456,4337,-0.0533
BEND7P1,1301,-0.0533
ENSG00000290033,4110,-0.0533
ENSG00000290897,23,-0.0534
ATXN8OS,1123,-0.0534
ENSG00000287749,2731,-0.0534
ALKBH3-AS1,4324,-0.0534
BGLAP,5304,-0.0534
ENSG00000217239,398,-0.0535
ENSG00000228151,211,-0.0535
ABRA,3133,-0.0535
PIN1-DT,141,-0.0535
KCNG4,1899,-0.0535
RN7SL738P,1688,-0.0535
LINC01347,2596,-0.0536
TNXA,24,-0.0536
RPSAP76,187,-0.0536
EIF4A1P1,54,-0.0537
LINC00390,6367,-0.0537
ENSG00000289984,103,-0.0537
ENSG00000259077,626,-0.0537
ENSG00000258850,136,-0.0537
ENSG00000289596,480,-0.0537
LINC02217,1603,-0.0538
FAM240A,339,-0.0538
ENSG00000233668,3011,-0.0538
CGB1,126,-0.0538
OR14A2,1415,-0.0538
SRP72,7606,-0.0538
ENSG00000287374,80,-0.0538
ENSG00000289299,372,-0.0538
ENSG00000259294,4202,-0.0538
ENSG00000272849,4450,-0.0539
RPS3AP51,204,-0.0539
RN7SL752P,46,-0.0539
ENSG00000279334,71,-0.0539
SCDP1,877,-0.0539
ENSG00000254230,1425,-0.0539
TGIF2P1,1097,-0.054
LINC00092,386,-0.054
RPL27AP,1570,-0.054
LINC02452,593,-0.054
ADCYAP1,1184,-0.054
ENSG00000270434,375,-0.054
NLRP7,2935,-0.054
RNASEH1P1,293,-0.0541
GIMAP5,2717,-0.0541
CCDC39-AS1,509,-0.0541
LINC01777,133,-0.0541
OSBPL9P2,199,-0.0541
CPA3,2017,-0.0541
ENSG00000244255,26,-0.0541
AGGF1P10,794,-0.0541
TAOK1,7638,-0.0541
VENTXP2,65,-0.0542
NSA2P5,1398,-0.0542
ENSG00000259952,3351,-0.0542
ENSG00000279964,85,-0.0542
ENSG00000234050,719,-0.0543
PTGER4P2,37,-0.0543
ENSG00000278990,136,-0.0543
ENSG00000233577,530,-0.0543
ENSG00000271958,450,-0.0543
LINC02756,841,-0.0543
SEC23IP,7611,-0.0544
ENSG00000256452,1789,-0.0544
ENSG00000227330,1831,-0.0544
C6,3312,-0.0544
QRFPR,4006,-0.0544
ENSG00000269066,4764,-0.0544
GOLGA8T,849,-0.0544
ENSG00000288993,6962,-0.0544
TMX2P1,1172,-0.0545
ENSG00000272256,2599,-0.0545
ENSG00000228417,4807,-0.0545
ENSG00000289348,211,-0.0545
ENSG00000289730,392,-0.0545
TCERG1L-AS1,646,-0.0545
ENSG00000260761,332,-0.0545
HNRNPA3P6,4948,-0.0545
CYP2F1,1861,-0.0546
SYT15,709,-0.0546
ZNF571-AS1,439,-0.0546
NUCKS1P1,865,-0.0546
ENSG00000270372,1470,-0.0546
CLEC5A,2012,-0.0547
ENSG00000267834,1208,-0.0547
ENSG00000276578,1612,-0.0547
ENSG00000286650,582,-0.0547
ENSG00000213414,943,-0.0547
MTND3P17,40,-0.0547
ENSG00000288982,3161,-0.0548
ENSG00000255860,163,-0.0548
DEFB109F,786,-0.0548
TBCAP2,934,-0.0548
ENSG00000290976,497,-0.0548
ENSG00000289324,971,-0.0548
PRSS29P,323,-0.0548
ENSG00000288844,1859,-0.0549
ENSG00000262362,563,-0.0549
ENSG00000279149,105,-0.0549
ENSG00000287085,2434,-0.0549
ENSG00000254988,5864,-0.055
ENSG00000257729,1911,-0.055
ENSG00000271810,1989,-0.055
ENSG00000259878,340,-0.0551
HNRNPA1P23,240,-0.0551
RPL36AP7,1484,-0.0551
C1QTNF8,342,-0.0551
IGFLR1,5343,-0.0551
AGBL4-AS1,497,-0.0551
ENSG00000288063,203,-0.0552
ENSG00000235224,51,-0.0552
PSIP1P1,3349,-0.0552
TPRX1,1090,-0.0552
ENSG00000263466,1452,-0.0552
TMSB15A,3931,-0.0552
BMX,5333,-0.0553
ENSG00000271253,22,-0.0553
ENSG00000287053,394,-0.0553
ABCA11P,5600,-0.0553
SELENOKP3,3196,-0.0554
ENSG00000242140,3568,-0.0554
ENSG00000260733,3790,-0.0554
ENSG00000284431,3559,-0.0554
NEK2-DT,4747,-0.0554
ENSG00000273816,891,-0.0555
CALHM1,273,-0.0555
PLCE1-AS2,2059,-0.0555
ENSG00000226772,3252,-0.0555
PDHA1P1,225,-0.0555
FAM180B,554,-0.0555
ENSG00000255498,870,-0.0556
PRR27,1495,-0.0556
TSSK5P,183,-0.0556
ENSG00000254645,906,-0.0556
ZNF679,2372,-0.0556
D21S2088E,1164,-0.0556
KANSL1,7641,-0.0556
ENSG00000269889,2070,-0.0556
ENSG00000275636,1030,-0.0556
ENSG00000237477,989,-0.0557
ENSG00000226698,2596,-0.0557
ENSG00000265254,2434,-0.0557
ACKR1,185,-0.0557
ENSG00000231811,257,-0.0557
ENSG00000289057,1222,-0.0558
ENSG00000268747,1328,-0.0558
ENSG00000256028,443,-0.0558
SLC22A7,83,-0.0558
ENSG00000233817,159,-0.0558
ENSG00000233825,532,-0.0559
LINC00331,1119,-0.0559
RPL12P13,900,-0.0559
NAP1L6P,591,-0.0559
ENSG00000284739,54,-0.056
ENSG00000282924,919,-0.056
ENSG00000257275,1226,-0.056
ENSG00000265298,299,-0.056
HMGB1P7,3370,-0.056
ENSG00000280265,1296,-0.056
LINC02771,259,-0.056
ENSG00000280430,219,-0.056
ENSG00000275578,64,-0.056
ENSG00000228157,22,-0.0561
ENSG00000288023,1935,-0.0561
MYSM1,7610,-0.0561
ENSG00000260879,1645,-0.0561
ENSG00000287812,400,-0.0561
HSPA8P5,1227,-0.0561
ENSG00000271981,140,-0.0561
DUSP29,1924,-0.0561
NPM1P35,1758,-0.0561
HYAL6P,661,-0.0562
RN7SL798P,98,-0.0562
ENSG00000276523,1226,-0.0562
ENSG00000204049,126,-0.0562
LGALS8-AS1,2003,-0.0562
ENSG00000269590,1303,-0.0562
CLECL1P,2249,-0.0562
ENSG00000258072,544,-0.0562
CNMD,4305,-0.0563
CLEC1B,887,-0.0563
ENSG00000234675,307,-0.0563
RPSAP19,1797,-0.0563
ENSG00000240579,21,-0.0563
ENSG00000226169,484,-0.0564
ENSG00000179038,4557,-0.0564
LINC00210,452,-0.0564
RCN1P2,4375,-0.0564
U6-26,58,-0.0564
H3P16,203,-0.0564
ENSG00000261127,29,-0.0564
ENSG00000272691,600,-0.0565
ENSG00000279833,3723,-0.0565
ENSG00000287138,274,-0.0565
ENSG00000256967,3408,-0.0566
RNU1-56P,1256,-0.0566
FMO11P,323,-0.0566
SSH1,7595,-0.0566
TMX4-AS1,838,-0.0566
LINC02402,1534,-0.0567
ENSG00000275613,1313,-0.0567
ENSG00000264272,618,-0.0567
LINC00385,587,-0.0568
C1orf53,5067,-0.0568
ENSG00000272554,964,-0.0568
ENSG00000279807,30,-0.0568
ENSG00000251408,240,-0.0568
ENSG00000228554,2488,-0.0568
ENSG00000258521,790,-0.0568
HMGA1P2,940,-0.0568
ENSG00000271427,1173,-0.0568
ENSG00000285171,2286,-0.0569
OR2A14,697,-0.0569
ENSG00000264150,359,-0.0569
PMCH,3215,-0.057
ENSG00000261638,1824,-0.057
TMSB4Y,1629,-0.057
RPL36AP44,1981,-0.057
ENSG00000277913,3070,-0.057
ENSG00000270442,1236,-0.057
ENSG00000274492,981,-0.057
OR2B8P,75,-0.057
SNF8,7393,-0.0571
ENSG00000275038,280,-0.0571
APOA1,4645,-0.0571
ENSG00000285915,495,-0.0571
ENSG00000234238,2111,-0.0571
ENSG00000265490,2674,-0.0571
ENSG00000260583,1157,-0.0571
RN7SL316P,94,-0.0571
ITM2A,1056,-0.0571
TEX53,1244,-0.0572
RN7SL811P,199,-0.0572
ENSG00000267214,113,-0.0572
ENSG00000266527,933,-0.0572
ENSG00000225655,1504,-0.0573
GSTA8P,409,-0.0573
ENSG00000265257,3129,-0.0573
ENSG00000286971,329,-0.0573
ENSG00000267002,2467,-0.0574
ENSG00000273972,1891,-0.0574
UBL4B,76,-0.0574
RFLNA,7584,-0.0574
TUBA3C,550,-0.0574
SLIT3-AS1,1956,-0.0574
LINC00237,882,-0.0574
ENSG00000279405,419,-0.0574
ENSG00000287362,3149,-0.0574
COL18A1-AS2,130,-0.0574
SPATA3-AS1,1824,-0.0575
ENSG00000223665,2854,-0.0575
ENSG00000286073,431,-0.0575
ENSG00000286730,3198,-0.0575
HMGB1P27,124,-0.0575
FCF1P7,1927,-0.0575
ENSG00000286342,1576,-0.0576
ENSG00000289104,69,-0.0576
HOPX,4674,-0.0576
ENSG00000277504,532,-0.0576
ENSG00000273550,2819,-0.0576
RN7SL384P,504,-0.0576
MROH2B,1391,-0.0576
SCT,835,-0.0577
ZNF849P,901,-0.0577
UBE2HP1,20,-0.0577
ENSG00000280416,1526,-0.0577
ENSG00000261146,412,-0.0578
ENSG00000223634,84,-0.0578
LBX1,196,-0.0578
GPAT2P2,43,-0.0578
FTH1P13,32,-0.0578
FAF1-AS1,4266,-0.0578
ENSG00000289146,4084,-0.0579
ENSG00000280417,1782,-0.0579
ENSG00000226521,2061,-0.0579
ENSG00000237993,491,-0.0579
ENSG00000253263,3715,-0.0579
RETNLB,371,-0.0579
ENSG00000289436,130,-0.058
TILRLS,37,-0.058
ENSG00000288972,1181,-0.0581
ENSG00000271259,956,-0.0581
ENSG00000260628,1358,-0.0581
ENSG00000290754,25,-0.0581
RAB40C,7586,-0.0581
GHRH,530,-0.0581
ADIPOR2,7598,-0.0581
ENSG00000248468,4165,-0.0581
SPDYE9,24,-0.0582
OR10A2,1994,-0.0582
ZNF25-DT,1163,-0.0582
ENSG00000243433,1412,-0.0582
ENSG00000286433,4296,-0.0582
FAM224B,99,-0.0583
ENSG00000224901,1565,-0.0583
ENSG00000285169,126,-0.0583
HNRNPA1P61,1343,-0.0583
ACTG1P1,1112,-0.0583
ENSG00000259563,1640,-0.0583
ENSG00000286031,370,-0.0583
ENSG00000232306,651,-0.0583
ALS2,7542,-0.0584
ENSG00000271922,28,-0.0584
ENSG00000290765,1216,-0.0584
ENSG00000268723,452,-0.0584
ENSG00000288937,2392,-0.0585
PDE7A-DT,1631,-0.0585
ENSG00000278902,272,-0.0585
ENSG00000262833,460,-0.0585
PRR29,1112,-0.0586
ENSG00000287209,85,-0.0586
ENSG00000284703,209,-0.0586
ENSG00000228814,34,-0.0586
RLN2,977,-0.0587
ENSG00000253407,81,-0.0587
ENSG00000253772,468,-0.0587
MON2,7640,-0.0587
RHOQP2,874,-0.0587
ENSG00000227370,407,-0.0587
ENSG00000267122,1450,-0.0587
ENSG00000229853,3041,-0.0587
ENSG00000287968,757,-0.0587
WWC3-AS1,3898,-0.0588
LINC02248,2190,-0.0588
ENSG00000290983,662,-0.0588
HMGN1P7,1340,-0.0588
ENSG00000267052,702,-0.0588
ENSG00000258792,2662,-0.0589
AP3S1,7610,-0.0589
HMGN1P38,5940,-0.0589
MIA2-AS1,1645,-0.0589
STRN3,7632,-0.0589
ANXA2P1,1452,-0.059
ENSG00000278899,1072,-0.059
ENSG00000179253,29,-0.059
TMPOP1,283,-0.0591
ENSG00000234938,571,-0.0591
ENSG00000229886,646,-0.0591
ENSG00000235612,121,-0.0591
RAB6C,3419,-0.0591
SEC11A,7568,-0.0591
ENSG00000226842,2260,-0.0592
RPL22P10,29,-0.0592
SEMA3B-AS1,954,-0.0592
OR51B4,336,-0.0592
ENSG00000272181,1525,-0.0592
ENSG00000240751,981,-0.0592
SST,34,-0.0592
ENSG00000261728,37,-0.0592
CLEC4C,2507,-0.0592
CD2AP-DT,3552,-0.0593
PPP4R3C,341,-0.0593
ENSG00000286398,109,-0.0593
CD27,3886,-0.0593
HSP90B3P,2296,-0.0593
ENSG00000253596,87,-0.0593
ENSG00000287731,145,-0.0593
SEPTIN14P6,343,-0.0593
DPY19L2P3-1,2125,-0.0594
ENSG00000269839,1300,-0.0594
ENSG00000258747,1209,-0.0594
RTP3,31,-0.0594
LIN28AP1,418,-0.0594
ENSG00000272967,386,-0.0594
NKX1-1,20,-0.0595
ENSG00000251325,23,-0.0595
ENSG00000289886,132,-0.0595
ETF1P2,3579,-0.0595
CLLU1-AS1,123,-0.0595
ENSG00000255532,1818,-0.0595
ARHGAP23P1,478,-0.0595
ENSG00000262791,3789,-0.0596
LINC02493,894,-0.0596
PPP5D1P,189,-0.0596
CYB5B,7584,-0.0596
ENSG00000270184,1892,-0.0596
ENSG00000285817,3380,-0.0597
ENSG00000290068,5089,-0.0597
OR6D1P,450,-0.0597
C5orf58,754,-0.0597
ENSG00000267448,769,-0.0597
ENSG00000245869,2490,-0.0598
KRTAP3-1,1022,-0.0598
WNT5A-AS1,323,-0.0598
ENSG00000280294,236,-0.0599
ENSG00000253834,326,-0.0599
ENSG00000234393,2691,-0.0599
ENSG00000241411,450,-0.0599
ENSG00000219951,296,-0.0599
ENSG00000255348,3897,-0.0599
ENSG00000250950,92,-0.0599
LDHAL6B,753,-0.0599
ENSG00000250979,4139,-0.06
ENSG00000287563,268,-0.06
TMC3,2471,-0.0601
ENSG00000225129,22,-0.0601
HCG14,744,-0.0601
PRAP1,2694,-0.0601
LINC02444,3376,-0.0601
KLK15,1345,-0.0601
ENSG00000230233,1882,-0.0601
ENSG00000287501,328,-0.0602
TBC1D22A-AS1,432,-0.0602
ENSG00000213970,1353,-0.0602
PTMAP6,360,-0.0602
ENSG00000268289,755,-0.0603
ENSG00000272254,28,-0.0603
ENSG00000291013,368,-0.0603
ENSG00000232290,1345,-0.0603
ENSG00000248100,3883,-0.0603
GCATP1,1659,-0.0603
ENSG00000272234,571,-0.0603
CCDC116,2052,-0.0603
HSPE1P7,674,-0.0603
ENSG00000225078,1250,-0.0603
TAS2R60,139,-0.0604
RNY1P10,774,-0.0604
TERF1P7,1765,-0.0604
GNAI2,7551,-0.0604
ENSG00000267703,304,-0.0605
ENSG00000196656,219,-0.0605
ENSG00000257896,467,-0.0605
ENSG00000289467,763,-0.0605
ENSG00000279113,746,-0.0605
RPLP1P13,270,-0.0605
SLC2A7,1650,-0.0605
SALL4P2,132,-0.0605
RABEP1,7585,-0.0605
NCF1B,840,-0.0605
ENSG00000287322,1335,-0.0605
TEX38,2974,-0.0606
ENSG00000228835,774,-0.0606
FABP7,433,-0.0606
ENSG00000289304,2353,-0.0607
ENSG00000258170,489,-0.0607
ENSG00000259695,511,-0.0607
ENSG00000286784,3657,-0.0607
LINC01561,446,-0.0607
MROH5,3001,-0.0607
THA1P,3842,-0.0607
ENSG00000260202,1149,-0.0608
LNCHR1,1221,-0.0608
ENSG00000278071,728,-0.0608
RPS7P1,2766,-0.0608
ENSG00000265967,3013,-0.0608
CST5,222,-0.0609
RPS15P4,310,-0.0609
ENSG00000280435,232,-0.0609
NPM1P33,1427,-0.0609
ENSG00000289553,640,-0.0609
HTR3E,1755,-0.061
ENSG00000289994,2087,-0.061
CYP2G2P,780,-0.061
ENSG00000272950,954,-0.0611
ENSG00000248363,437,-0.0611
ENSG00000289288,674,-0.0611
RPL32P18,2938,-0.0612
ENSG00000283458,3493,-0.0612
ENSG00000271969,1065,-0.0612
RPL7P57,747,-0.0612
ENSG00000251487,357,-0.0612
ENSG00000280288,25,-0.0612
LINC00559,1610,-0.0612
ERVE-1,1172,-0.0612
ENSG00000284657,417,-0.0613
ENSG00000243979,1856,-0.0613
LINC02601,677,-0.0613
CSNKA2IP,2987,-0.0613
RNU7-49P,73,-0.0613
TLR8,639,-0.0613
CELF1,7640,-0.0614
CLDN22,1163,-0.0614
ENSG00000255347,216,-0.0614
SH2D7,2093,-0.0614
PPP1R17,492,-0.0614
SCGN,2879,-0.0614
PSME2P1,143,-0.0615
POTEE,4759,-0.0615
ENSG00000248106,35,-0.0615
HNRNPA1P12,752,-0.0615
NKX2-2-AS1,23,-0.0615
ENSG00000271022,43,-0.0616
ENSG00000287420,3240,-0.0616
COX6A2,141,-0.0616
ENSG00000290115,1017,-0.0616
PLRG1,7469,-0.0616
ISX,1262,-0.0616
ENSG00000233887,152,-0.0616
ENSG00000278546,1895,-0.0616
RN7SKP299,625,-0.0617
ENSG00000278095,482,-0.0617
ENSG00000251054,277,-0.0617
MYO18B-AS1,533,-0.0617
RPS2P4,116,-0.0617
OR1I1,432,-0.0618
ENSG00000276417,771,-0.0618
ENSG00000253652,1094,-0.0618
ENSG00000287685,1448,-0.0618
LINC02413,1905,-0.0619
ENSG00000278831,1301,-0.0619
CYP2A13,124,-0.0619
ENSG00000226334,3076,-0.0619
ENSG00000290577,1153,-0.0619
CERS5,7525,-0.0619
CNIH3-AS1,2154,-0.0619
GAPDHP73,76,-0.0619
ENSG00000228073,425,-0.0619
ENSG00000256462,70,-0.0619
ENSG00000228771,156,-0.0619
ANKRD30BP3,1465,-0.062
RDM1P3,3538,-0.062
GCDH,7320,-0.062
ENSG00000279927,444,-0.062
ENSG00000286525,1792,-0.062
ENSG00000271075,2591,-0.062
NSA2P3,401,-0.062
ENSG00000248821,205,-0.0621
SCGB1D1,162,-0.0621
RPS26P3,77,-0.0621
MAGEC2,3489,-0.0621
SPAG8,3313,-0.0621
KHDRBS2-OT1,1823,-0.0621
UBE2SP1,222,-0.0622
POTEC,1111,-0.0622
ARIH2P1,21,-0.0622
ENSG00000223719,109,-0.0622
ENSG00000288110,111,-0.0622
GYPB,580,-0.0622
LINC02209,1061,-0.0622
UBTD2,7603,-0.0622
ENSG00000290005,1443,-0.0622
ABI2,7601,-0.0623
STK38,7575,-0.0623
HSPB1P2,73,-0.0623
RN7SL333P,53,-0.0623
ENSG00000231413,111,-0.0623
HMGN2P27,53,-0.0623
PRH2,3014,-0.0624
ENSG00000286093,1405,-0.0624
ENSG00000258121,825,-0.0625
ENSG00000272678,5311,-0.0625
DDX6P2,819,-0.0625
ENSG00000268938,4023,-0.0625
ENSG00000287090,539,-0.0626
TRPC7-AS2,408,-0.0626
ENSG00000286496,504,-0.0626
ENSG00000259130,147,-0.0626
ENSG00000286206,1152,-0.0626
RPL6P25,2622,-0.0627
CASP16P,628,-0.0627
RPS7P11,5707,-0.0627
ENSG00000258311,4460,-0.0627
IGHV3-38,36,-0.0627
ENSG00000285205,81,-0.0627
FMN2P1,102,-0.0627
CYP2C8,1122,-0.0628
OR6C6,77,-0.0628
USP29,1771,-0.0628
UST-AS1,708,-0.0628
RPL34P1,2437,-0.0628
PAK6-AS1,706,-0.0628
SMURF2P1,1369,-0.0628
BOLA2P2,771,-0.0629
NPM1P5,2629,-0.0629
VPS13B,7638,-0.0629
ENSG00000260659,392,-0.0629
ARPC3P3,466,-0.0629
ENSG00000249290,53,-0.0629
ENSG00000286485,600,-0.0629
LGALS9C,576,-0.0629
MS4A13,1082,-0.063
ENSG00000283167,291,-0.063
ENSG00000235151,28,-0.063
PCAT4,1184,-0.063
ENSG00000272717,846,-0.063
ENSG00000290774,613,-0.063
ENSG00000236403,74,-0.063
LINC01991,115,-0.0631
ENSG00000287006,642,-0.0631
ENSG00000290072,1462,-0.0631
ENSG00000267638,1783,-0.0631
ENSG00000232765,401,-0.0632
ENSG00000289631,1881,-0.0632
FOXF2-DT,748,-0.0632
ENSG00000287095,1609,-0.0632
ENSG00000289364,332,-0.0632
PGR-AS1,3270,-0.0633
TCP1P1,2078,-0.0633
ENSG00000225402,156,-0.0633
ENSG00000232200,381,-0.0633
GOLGA8DP,101,-0.0633
ENSG00000289863,996,-0.0633
LINC01723,2635,-0.0634
OTULIN-DT,4101,-0.0634
TAGLN2P1,2645,-0.0634
ENSG00000225871,755,-0.0634
SIK3,7637,-0.0635
RPL17P40,2048,-0.0635
ENSG00000253678,274,-0.0635
ENSG00000234481,121,-0.0635
ENSG00000269392,1390,-0.0636
ASS1P5,225,-0.0636
Y_RNA-196,6143,-0.0636
ENSG00000288900,2888,-0.0636
ENSG00000221611,366,-0.0638
OR7D4,61,-0.0638
ENSG00000285505,4976,-0.0638
ENSG00000270000,1454,-0.0639
RPL9P29,560,-0.064
ENSG00000237851,4847,-0.064
ENSG00000288906,4333,-0.064
ENSG00000203987,1114,-0.064
ENSG00000279182,197,-0.0641
NANOGP8,143,-0.0641
LINC01894,1458,-0.0641
ENSG00000242477,1404,-0.0641
ENSG00000253564,192,-0.0641
ENSG00000268764,736,-0.0641
UQCRFS1P2,29,-0.0641
ENSG00000227311,858,-0.0641
ENSG00000261243,1766,-0.0642
ENSG00000279128,190,-0.0642
Y_RNA-511,97,-0.0642
ENSG00000272991,843,-0.0642
PSMA1P1,269,-0.0643
ENSG00000259106,1327,-0.0643
CRYBB1,527,-0.0643
SEC22B3P,266,-0.0643
ENSG00000255229,2779,-0.0643
ENSG00000261641,899,-0.0643
ENSG00000272361,2066,-0.0644
HMGB1P4,1213,-0.0645
SUCLA2P3,747,-0.0645
LRP6,7619,-0.0645
ASH1L-AS1,1675,-0.0645
ENSG00000266101,1499,-0.0646
R3HDM2,7614,-0.0646
ENSG00000286344,110,-0.0646
ENSG00000277728,3047,-0.0646
ENSG00000213779,334,-0.0646
DCAF8L1,64,-0.0646
ENSG00000279827,1571,-0.0647
ENSG00000231747,186,-0.0647
ACBD3,7619,-0.0647
RNU4-89P,897,-0.0647
ENSG00000253281,82,-0.0647
ENSG00000286194,625,-0.0648
FMO7P,31,-0.0648
ENSG00000216480,644,-0.0648
ENSG00000285863,502,-0.0648
ENSG00000228988,666,-0.0648
SPDYE6,3877,-0.0648
ENSG00000285548,421,-0.0648
RPL29P19,370,-0.0649
LCOR,7639,-0.0649
ENSG00000288927,727,-0.0649
FABP4,338,-0.0649
TMF1P1,248,-0.0649
ENSG00000242190,234,-0.0649
ENSG00000230759,78,-0.0649
RBM8B,918,-0.065
OR2A1,517,-0.065
RN7SL487P,30,-0.065
TTN-AS1,7529,-0.065
FCER2,1339,-0.0651
NSA2P6,261,-0.0651
ENSG00000255241,2851,-0.0651
ENSG00000259683,772,-0.0651
IGSF3P1,936,-0.0651
CELA1,1781,-0.0651
ERVW-1,1450,-0.0652
ENSG00000232628,943,-0.0652
FCRL2,1118,-0.0652
RPS2P7,1049,-0.0652
ENSG00000235901,58,-0.0653
ENSG00000234640,163,-0.0653
GPR18,5325,-0.0653
RPL7P48,427,-0.0653
CLRN2,392,-0.0653
GTF2IP13,4423,-0.0654
RPL35AP13,391,-0.0654
ENSG00000290110,3197,-0.0654
ENSG00000215493,138,-0.0654
EDRF1,7544,-0.0654
ENSG00000249590,2788,-0.0654
CD79B,273,-0.0654
ENSG00000260747,662,-0.0655
ENSG00000264558,2849,-0.0655
ENSG00000286990,1567,-0.0655
DNAJC19P7,109,-0.0655
FIBIN,418,-0.0655
LILRA4,232,-0.0655
ENSG00000258903,310,-0.0655
ENSG00000179131,34,-0.0655
KRT36,458,-0.0656
CLCA4,1233,-0.0656
STAR,2048,-0.0656
SAMD7,1839,-0.0657
TIMP4,1611,-0.0657
ENSG00000234085,202,-0.0657
SLC6A14P3,38,-0.0657
RPL6P3,278,-0.0657
ENSG00000266341,2655,-0.0657
ENSG00000258435,1624,-0.0657
ENSG00000289511,3012,-0.0658
ENSG00000236998,71,-0.0658
PRSS56,596,-0.0658
HNRNPLP2,2513,-0.0658
ENSG00000271787,750,-0.0658
ASB17,257,-0.0659
ENSG00000263499,614,-0.0659
ENSG00000267557,3856,-0.0659
ENSG00000207147,271,-0.0659
ENSG00000224400,1657,-0.0659
ENSG00000287959,981,-0.066
ENSG00000225385,154,-0.066
FAM157A,453,-0.066
SREK1IP1P1,2997,-0.066
LCMT1-AS2,3794,-0.066
ENSG00000289920,210,-0.0661
ENSG00000257493,1439,-0.0661
BIRC6-AS1,1840,-0.0662
UPK3BP1,1559,-0.0662
ENSG00000287215,2128,-0.0663
HNRNPA1P35,857,-0.0663
ENSG00000286083,321,-0.0663
ENSG00000271919,294,-0.0663
ENSG00000285884,4776,-0.0665
ENSG00000248285,364,-0.0665
ENSG00000256273,29,-0.0665
TRPS1-AS1,483,-0.0665
ENSG00000229502,3014,-0.0665
RNF186,646,-0.0666
CNOT1,7630,-0.0667
ENSG00000229262,1178,-0.0667
KRT18P58,83,-0.0667
GEMIN2P1,133,-0.0667
ENSG00000273628,455,-0.0667
FAUP1,2486,-0.0667
ENSG00000288648,35,-0.0668
HMGN1P30,87,-0.0668
ENSG00000255279,281,-0.0668
ENSG00000287715,942,-0.0668
STAMBP,7553,-0.0668
LINC02142,428,-0.0668
GUSBP6,658,-0.0669
CCR5,231,-0.0669
ENSG00000285881,2252,-0.0669
STX6,7491,-0.0669
ENSG00000230894,3182,-0.0669
RPS2P41,2887,-0.0669
LINC01985,218,-0.0669
ENSG00000261403,785,-0.067
FAM88E,239,-0.067
ENSG00000287775,516,-0.067
GOLGA6GP,645,-0.067
LAMA5-AS1,1194,-0.067
ENSG00000255555,1451,-0.067
ENSG00000278344,1958,-0.0671
GDF3,28,-0.0671
GPRC6A,551,-0.0671
LINC02325,2305,-0.0671
TTR,3326,-0.0671
ENSG00000280140,293,-0.0671
ENSG00000260092,514,-0.0672
NSA2P7,761,-0.0672
LINC01766,787,-0.0672
EEF1A1P13,5017,-0.0672
ARHGAP44-AS1,928,-0.0673
ENSG00000276952,2802,-0.0673
MT-TG,408,-0.0673
ZCCHC18,2878,-0.0673
ENSG00000290071,93,-0.0673
ENSG00000267455,585,-0.0673
CNOT2,7633,-0.0673
ENSG00000288086,278,-0.0674
ENSG00000278974,423,-0.0674
AGBL1-AS1,432,-0.0674
DMRTB1,315,-0.0675
RPL7P10,82,-0.0675
OR5H14,168,-0.0675
ENSG00000272742,5083,-0.0675
RNU6-1188P,83,-0.0675
APOC4,613,-0.0676
COMTD1,6671,-0.0676
ZNF735,214,-0.0676
ADSS2,7542,-0.0677
C10orf53,710,-0.0677
ENSG00000286877,1085,-0.0677
HABP2,896,-0.0677
PPIAP16,1121,-0.0677
GPRACR,122,-0.0678
ENSG00000261586,1647,-0.0678
ATP13A5-AS1,519,-0.0678
ENSG00000289591,1636,-0.0678
ENSG00000272461,2872,-0.0679
ENSG00000271018,130,-0.0679
RPL31P52,50,-0.0679
ENSG00000229881,744,-0.0679
ZNF593OS,420,-0.0679
VDAC1P7,111,-0.068
ENSG00000240478,253,-0.068
ENSG00000258196,27,-0.068
CYCSP4,791,-0.0681
LINC01300,223,-0.0681
COL6A2-DT,906,-0.0681
ENSG00000264595,1588,-0.0681
ENSG00000225216,1185,-0.0681
ENSG00000274559,342,-0.0681
ENSG00000287393,21,-0.0682
ENSG00000250734,1661,-0.0682
ENSG00000289621,789,-0.0683
ENSG00000276131,2892,-0.0683
ENSG00000230790,1022,-0.0684
LINC01916,1658,-0.0684
ENSG00000287257,377,-0.0684
MTND4P15,1291,-0.0684
ENSG00000269945,54,-0.0685
SHISA5P2,99,-0.0685
ENSG00000273055,3465,-0.0685
TSNAX,7550,-0.0686
ARRDC5,1329,-0.0687
ENSG00000253507,674,-0.0687
GREB1L-DT,138,-0.0687
RPS4XP19,135,-0.0687
KCNC4-DT,277,-0.0688
ENSG00000228330,437,-0.0688
RPL39P38,73,-0.0688
GPC6-AS2,2533,-0.0688
ENSG00000253427,477,-0.0689
LINC02537,558,-0.0689
RCAN2-DT,3278,-0.0689
ENSG00000228792,1269,-0.0689
ENSG00000235023,616,-0.0689
ENSG00000223991,164,-0.069
ENSG00000280424,600,-0.069
ENSG00000231530,62,-0.069
ENSG00000290078,1162,-0.069
ENSG00000264116,510,-0.069
ENSG00000283221,339,-0.069
ENSG00000235461,112,-0.069
SLN,572,-0.0691
MRPS9-AS1,3614,-0.0692
ENSG00000235105,223,-0.0692
SNTG2-AS1,562,-0.0692
RPL7P4,891,-0.0692
ENSG00000258253,239,-0.0692
ENSG00000180211,1660,-0.0693
ENSG00000273233,673,-0.0693
ENSG00000263020,4168,-0.0693
EEF1GP4,127,-0.0693
ENSG00000272157,730,-0.0693
HMGN1P2,426,-0.0694
TVP23BP1,776,-0.0694
ENSG00000272789,91,-0.0694
OR1J2,203,-0.0695
LINC02536,114,-0.0695
ENSG00000264016,1535,-0.0695
VIP,620,-0.0695
ENSG00000278514,887,-0.0695
ENSG00000279859,977,-0.0696
ENSG00000286720,637,-0.0696
ENSG00000287900,198,-0.0696
ENSG00000250507,46,-0.0696
DSC1,1935,-0.0696
ENSG00000279785,2583,-0.0697
ENSG00000254198,367,-0.0697
ENSG00000248356,1871,-0.0697
LARP4B,7634,-0.0697
ENSG00000272600,3071,-0.0698
ENSG00000271664,555,-0.0698
BTN1A1,1454,-0.0698
Metazoa_SRP-14,46,-0.0698
EPIST,218,-0.0698
ENSG00000267061,805,-0.0699
ENSG00000237347,113,-0.0699
PTGES2-AS1,1171,-0.07
COX8BP,1995,-0.07
ENSG00000279881,738,-0.07
ENSG00000224478,225,-0.07
ENSG00000289321,238,-0.07
PPATP1,473,-0.0701
ENSG00000286358,559,-0.0701
SMU1P1,1519,-0.0701
LIPF,539,-0.0701
ENSG00000262332,139,-0.0702
ENSG00000260858,86,-0.0702
ENSG00000288083,87,-0.0702
RNU6ATAC,2465,-0.0702
ENSG00000271882,1833,-0.0702
P4HA3-AS1,1019,-0.0702
ENSG00000279373,1694,-0.0703
OFD1P16Y,104,-0.0703
ENSG00000257900,1582,-0.0703
ENSG00000287038,786,-0.0703
ENSG00000270462,112,-0.0703
Y_RNA-320,187,-0.0704
ENSG00000270577,510,-0.0704
ENSG00000278445,906,-0.0704
RPS15AP36,869,-0.0704
RN7SKP160,340,-0.0705
ENSG00000278816,1229,-0.0705
ENSG00000228922,31,-0.0705
RPS2P35,215,-0.0705
ENSG00000289338,54,-0.0706
ENSG00000253811,53,-0.0706
PACRG-AS2,101,-0.0706
ENSG00000279123,1111,-0.0706
ENSG00000278918,1126,-0.0706
OR6C4,42,-0.0706
OR7E10P,27,-0.0706
ENSG00000284534,3292,-0.0706
ENSG00000290530,146,-0.0706
ENSG00000290818,1598,-0.0707
PRELID1P1,2623,-0.0707
ENSG00000287098,1255,-0.0707
ENSG00000285935,3271,-0.0708
ENSG00000219298,101,-0.0708
ENSG00000259602,1254,-0.0708
ENSG00000239861,63,-0.0708
FXYD6-AS1,1241,-0.0708
ENSG00000280311,1239,-0.0709
RPL35P5,395,-0.0709
ENSG00000244675,2227,-0.071
LINC02697,141,-0.071
ENSG00000267353,43,-0.071
ENSG00000286607,1019,-0.071
LINC02888,30,-0.0711
NEDD8P1,66,-0.0711
IMMP1LP3,1052,-0.0711
LAPTM4A-DT,2945,-0.0711
NCOA7-AS1,5148,-0.0712
LINC01721,4194,-0.0712
AKR1B1P7,55,-0.0712
ENSG00000289375,2665,-0.0712
RNA5SP477,879,-0.0712
PFN1P2,980,-0.0712
VTI1BP1,79,-0.0712
ENSG00000273139,1644,-0.0712
HTR1DP1,300,-0.0712
ENSG00000283196,756,-0.0712
ENSG00000261177,117,-0.0713
MAP2K5-DT,2016,-0.0713
ENSG00000251244,827,-0.0713
RNU6-218P,522,-0.0714
ENSG00000280326,3048,-0.0714
ENSG00000282876,557,-0.0714
ENSG00000290106,768,-0.0714
LINC02513,207,-0.0714
ENSG00000286685,3025,-0.0714
GRIFIN,56,-0.0714
ENSG00000267000,722,-0.0714
HSPB7,1161,-0.0715
ENSG00000279697,25,-0.0715
KLRB1,3718,-0.0715
ENSG00000267269,208,-0.0715
ENSG00000241179,51,-0.0716
RN7SL152P,375,-0.0716
ENSG00000253632,840,-0.0716
ENSG00000289943,2316,-0.0717
ENSG00000261818,1422,-0.0717
ENSG00000287213,2035,-0.0718
BHLHA9,47,-0.0718
LINC01309,524,-0.0718
LINC01095,890,-0.0718
ENSG00000270798,358,-0.0718
ENSG00000275178,47,-0.0719
ENSG00000286223,4409,-0.0719
ENSG00000291195,758,-0.072
ENSG00000291253,1601,-0.072
MYZAP,1155,-0.072
MAP3K7,7612,-0.072
LINC00423,304,-0.072
ENSG00000288892,1219,-0.072
ENSG00000291077,2717,-0.0721
ENSG00000226204,290,-0.0721
ENSG00000258034,1057,-0.0721
CRCP,7526,-0.0721
CDC42P5,1350,-0.0721
ENSG00000260158,1176,-0.0722
SLC46A2,1807,-0.0722
CD200R1L,3035,-0.0722
ENSG00000290756,1400,-0.0722
ENSG00000272248,40,-0.0722
ENSG00000277876,841,-0.0723
ENSG00000251066,948,-0.0723
NUP153,7603,-0.0723
ENSG00000279860,76,-0.0724
RN7SL174P,112,-0.0724
IZUMO1R,21,-0.0724
Y_RNA-143,775,-0.0724
ENSG00000286227,1179,-0.0725
SPDYE2B,1320,-0.0725
ENSG00000242261,1267,-0.0725
GACAT3,2756,-0.0725
Metazoa_SRP-118,526,-0.0725
ENSG00000225112,334,-0.0726
ENSG00000260866,116,-0.0726
COL18A1-AS1,1149,-0.0726
PDCL2P2,96,-0.0726
ENSG00000286643,999,-0.0726
ENSG00000236231,374,-0.0727
ENSG00000228201,1785,-0.0727
KIF18BP1,102,-0.0727
NXF4,71,-0.0728
C4orf17,514,-0.0728
ENSG00000259654,1281,-0.0728
ENSG00000279469,300,-0.0729
ENSG00000271771,1093,-0.0729
MARK2P11,526,-0.0729
NPM1P17,147,-0.073
ENSG00000291165,120,-0.073
ENSG00000245385,1409,-0.073
SCUBE1-AS1,657,-0.073
ENSG00000231384,1203,-0.073
ENSG00000232900,1386,-0.073
ENSG00000285969,84,-0.073
ENSG00000289327,45,-0.073
ENSG00000260109,300,-0.0731
ENSG00000278943,1425,-0.0731
CSRP3,2298,-0.0731
RPS20P14,618,-0.0731
ENSG00000286291,23,-0.0731
LINC01700,64,-0.0731
SHLD2P1,4821,-0.0732
PDSS1P1,130,-0.0732
ENSG00000272856,60,-0.0732
BRD7P2,3836,-0.0732
FOXE3,89,-0.0732
SRP9P1,1256,-0.0732
RN7SKP2,151,-0.0732
ENSG00000279217,784,-0.0732
NPM1P51,342,-0.0733
ENSG00000278107,358,-0.0733
ENSG00000225181,40,-0.0733
CEMP1,672,-0.0733
H2AZP1,1528,-0.0734
RN7SL402P,38,-0.0734
MTCO3P35,85,-0.0734
RPSAP45,43,-0.0734
ENSG00000260052,749,-0.0734
HP,207,-0.0734
ENSG00000273138,747,-0.0735
RPL3P1,22,-0.0736
NEO1,7555,-0.0736
ENSG00000230226,143,-0.0736
RTN3P1,885,-0.0736
PRDM6-AS1,672,-0.0737
LINC00272,166,-0.0737
ENSG00000257202,278,-0.0738
ENSG00000261810,284,-0.0738
ENSG00000240634,3193,-0.0738
ENSG00000224985,5042,-0.0738
PA2G4P6,1894,-0.0738
ENSG00000228702,102,-0.0738
ENSG00000203266,101,-0.0738
ENSG00000254829,224,-0.0739
ENSG00000237832,27,-0.0739
NAPSB,2111,-0.0739
ENSG00000279489,3018,-0.074
TSPY4,79,-0.074
Y_RNA-398,34,-0.074
LINC01888,236,-0.074
ENSG00000261611,3074,-0.0741
ENSG00000271828,2832,-0.0741
ENSG00000230729,124,-0.0741
HMGN1P12,55,-0.0742
ENSG00000237073,3491,-0.0742
ENSG00000231628,1945,-0.0742
NOS2P1,60,-0.0742
RN7SL395P,38,-0.0743
ENSG00000260545,2077,-0.0743
PPIAP53,731,-0.0743
ENSG00000234055,1326,-0.0744
ENSG00000289402,582,-0.0744
ENSG00000259265,260,-0.0744
ENSG00000287493,657,-0.0744
ENSG00000258572,206,-0.0744
LINC01758,21,-0.0745
ENSG00000267650,785,-0.0745
ENSG00000271155,1424,-0.0745
ENSG00000289231,1047,-0.0745
RPL21P42,57,-0.0745
SNORA7B,106,-0.0746
ENSG00000235494,1173,-0.0746
RPL35AP27,114,-0.0746
ACCSL,662,-0.0746
ENSG00000286441,404,-0.0747
CCDC166,148,-0.0747
LINC01856,1513,-0.0747
RNVU1-28,299,-0.0748
UQCRB-AS1,989,-0.0749
ENSG00000285750,430,-0.0749
ENSG00000271843,421,-0.0749
ELF1,7630,-0.0749
ENSG00000225214,2805,-0.0749
HOATZ,754,-0.0749
ENSG00000220600,297,-0.0749
PPP1R21-DT,2943,-0.075
ENSG00000284048,1552,-0.0752
RNY4P37,21,-0.0752
RPS18P12,227,-0.0752
ENSG00000283766,52,-0.0752
ENSG00000287408,2595,-0.0753
ENSG00000267079,407,-0.0753
ENSG00000258758,119,-0.0753
ENSG00000289035,911,-0.0753
ENSG00000261687,1398,-0.0753
NEMF,7613,-0.0753
ENSG00000280183,931,-0.0754
DAOA,256,-0.0754
NDE1P2,173,-0.0754
ENSG00000285560,1204,-0.0754
MS4A5,1663,-0.0755
C19orf85,547,-0.0755
ENSG00000197462,634,-0.0755
ENSG00000278020,20,-0.0756
SOCS5P2,189,-0.0756
ENSG00000278385,1301,-0.0756
ENSG00000274167,76,-0.0756
RN7SL181P,53,-0.0756
ENSG00000233144,1627,-0.0756
ENSG00000260262,367,-0.0757
HNRNPR,7613,-0.0757
ENSG00000273956,789,-0.0757
ATF2,7609,-0.0757
ENSG00000290018,5373,-0.0757
ENSG00000273044,343,-0.0757
PATE3,96,-0.0758
ENSG00000234459,2391,-0.0758
ENSG00000287506,2425,-0.0758
LINC02283,476,-0.0759
ENSG00000290044,1647,-0.0759
ENSG00000254926,483,-0.076
ENSG00000223536,388,-0.076
LINC01104,716,-0.076
OR7E91P-1,311,-0.076
ENSG00000273595,23,-0.076
ITPK1-AS1,4201,-0.0761
ENSG00000286641,700,-0.0761
ENSG00000288807,237,-0.0761
ENSG00000233170,668,-0.0761
ENSG00000287557,379,-0.0762
ENSG00000288610,1165,-0.0762
ENSG00000273188,1352,-0.0762
LINC01353,994,-0.0762
C3orf36,171,-0.0762
OR7C1,2865,-0.0762
C1QTNF5,639,-0.0762
ENSG00000276412,522,-0.0763
ENSG00000274124,2278,-0.0763
ENSG00000286312,1738,-0.0763
ENSG00000287746,1267,-0.0764
KRT223P,107,-0.0764
ENSG00000285926,1338,-0.0764
ENSG00000274220,3898,-0.0764
WASF3-AS1,3595,-0.0764
ENSG00000213598,715,-0.0764
ENSG00000247402,54,-0.0764
ENSG00000287882,455,-0.0764
CCNJP2,36,-0.0764
ENSG00000256557,622,-0.0765
AGTR2,100,-0.0765
ENSG00000236643,918,-0.0765
ARIH1,7641,-0.0766
HMGB3P18,172,-0.0766
SUMO2P1,39,-0.0766
OXCT2,873,-0.0766
PROS2P,1954,-0.0767
ENSG00000220412,1485,-0.0767
HPR,1354,-0.0767
ENSG00000274156,874,-0.0767
ENSG00000258202,718,-0.0767
ENSG00000278973,257,-0.0768
UBBP5,51,-0.0769
ENSG00000254111,221,-0.0769
MSMB,1193,-0.0769
ENSG00000286515,2066,-0.077
ENSG00000231827,514,-0.077
ENSG00000232464,421,-0.077
LINC01056,1063,-0.077
CACYBPP1,316,-0.0771
FAM86GP,1679,-0.0771
MRPL42P2,359,-0.0771
ENSG00000279488,1141,-0.0771
RPL10AP6,2436,-0.0772
ENSG00000265781,519,-0.0772
ENSG00000273473,197,-0.0772
ENSG00000254649,33,-0.0772
ENSG00000236116,32,-0.0772
LINC01307,1309,-0.0773
ENSG00000230631,255,-0.0773
LINC01530,649,-0.0773
NPM1P26,4058,-0.0773
PCAT18,677,-0.0773
LINC02411,239,-0.0773
ENSG00000279025,1062,-0.0774
PTGES3P3,3468,-0.0774
ENSG00000256987,87,-0.0775
ENSG00000250406,2285,-0.0775
SPIN2A,807,-0.0775
ZNF75CP,98,-0.0776
BALR6,4021,-0.0777
ENSG00000254258,176,-0.0777
IGKV3-15,52,-0.0778
PRYP1,138,-0.0778
ENSG00000269651,1537,-0.0778
ENSG00000269053,2303,-0.0779
ENSG00000229191,769,-0.0779
ENSG00000287457,848,-0.078
ENSG00000272679,230,-0.078
ENSG00000271711,1164,-0.078
ENSG00000280320,546,-0.0781
NHP2P1,1715,-0.0781
RAP1BP3,1372,-0.0781
ENSG00000280438,88,-0.0781
ENSG00000270569,474,-0.0781
TEX54,194,-0.0781
LINC02375,338,-0.0782
SERTM2,371,-0.0783
ENSG00000239288,61,-0.0783
ENSG00000231616,4768,-0.0783
SERBP1P1,3762,-0.0783
ENSG00000267555,439,-0.0783
SLC9B1P4,371,-0.0784
RNU6-1123P,341,-0.0784
ENSG00000254688,807,-0.0784
RPL36P5,199,-0.0784
TDRD6-AS1,4281,-0.0784
FABP5P2,241,-0.0784
RCC1L,7434,-0.0784
ENSG00000286582,635,-0.0784
RPS13P2,1193,-0.0785
SIGLEC5-1,814,-0.0785
ENSG00000228174,402,-0.0785
ENSG00000250145,45,-0.0785
ENSG00000260894,1089,-0.0786
ECEL1P1,441,-0.0786
IL1F10,168,-0.0787
ENSG00000248375,798,-0.0787
ENSG00000280379,505,-0.0788
ENSG00000224815,97,-0.0789
LINC01423,176,-0.079
ENSG00000284652,109,-0.079
ENSG00000235526,20,-0.079
ENSG00000235319,1154,-0.0791
ENSG00000265246,274,-0.0791
ENSG00000258935,90,-0.0791
DNM1P46,557,-0.0792
CPA1,379,-0.0792
STAT5B,7573,-0.0792
MIR645,24,-0.0792
ENSG00000258800,193,-0.0793
VPS11-DT,667,-0.0793
GRP,2583,-0.0794
CDK13,7640,-0.0794
ENSG00000289965,407,-0.0794
XIAPP2,1041,-0.0794
KRT17P3,607,-0.0795
ENSG00000262899,548,-0.0796
ZIM3,511,-0.0796
RNU6-509P,107,-0.0797
CERNA3,32,-0.0797
ENSG00000256695,147,-0.0797
DSG1,1240,-0.0797
KRT19P1,293,-0.0797
NR0B2,428,-0.0797
BSND,1008,-0.0797
ENSG00000260030,173,-0.0798
ZNF683,158,-0.0798
ENSG00000289922,192,-0.0798
ENSG00000287238,1927,-0.0798
EEF1A1P14,221,-0.0798
SYF2P2,1666,-0.0798
C6orf47-AS1,3227,-0.0799
ENSG00000287357,152,-0.0799
ENSG00000277022,3755,-0.0799
DNAJB8-AS1,1730,-0.0799
ENSG00000287035,577,-0.0799
CLEC14A,23,-0.0799
ENSG00000250874,1497,-0.0799
ENSG00000226241,639,-0.08
RPL23AP30,214,-0.08
FOXO1B,91,-0.0801
ENSG00000287118,82,-0.0801
ENSG00000285904,3143,-0.0802
ENSG00000286198,423,-0.0803
ENSG00000289912,948,-0.0803
LINC00410,617,-0.0803
ENSG00000260624,72,-0.0803
ENSG00000267992,195,-0.0803
ENSG00000233616,122,-0.0803
ENSG00000250183,173,-0.0803
DNAJB1P1,218,-0.0804
ENSG00000266456,587,-0.0804
ENSG00000254315,825,-0.0804
MAN1A2P1,145,-0.0805
PKP4P1,48,-0.0805
ZBTB20-AS3,1183,-0.0805
RPL22P19,1304,-0.0806
ENSG00000259793,392,-0.0806
SERPINB12,575,-0.0807
RN7SL385P,404,-0.0807
FGD5P1-1,557,-0.0808
ENSG00000227516,1065,-0.0808
ENSG00000271608,53,-0.0808
DCP1A,7590,-0.0809
ENSG00000248261,75,-0.0809
ENSG00000249568,951,-0.0809
ENSG00000230393,620,-0.0809
UNC93B8,37,-0.081
TMPOP2,1831,-0.081
VN1R108P,884,-0.081
CYCSP6,1297,-0.0811
ENSG00000260668,470,-0.0812
IZUMO2,1695,-0.0812
ENSG00000261117,256,-0.0812
UQCRHP4,181,-0.0812
ENSG00000279061,20,-0.0812
THRAP3,7620,-0.0812
BTBD9-AS1,424,-0.0813
ENSG00000286566,772,-0.0813
URAHP-1,2109,-0.0813
ENSG00000218631,233,-0.0814
ENSG00000224407,4226,-0.0814
ENSG00000271659,1066,-0.0814
LINC01908,177,-0.0814
RUFY1,7543,-0.0814
ENSG00000226535,61,-0.0815
ANKRD33BP1,1597,-0.0815
ENSG00000289561,2957,-0.0815
HMGN2P32,949,-0.0815
ENSG00000267491,2331,-0.0816
KRT18P13,100,-0.0816
KATNBL1P6,930,-0.0816
SRSF3P6,36,-0.0816
HUS1B,2485,-0.0818
LINC02371,443,-0.0818
Y_RNA-332,20,-0.0818
ENSG00000279428,694,-0.0818
LINC02628,225,-0.0818
ENSG00000261798,466,-0.0818
ENSG00000267255,1071,-0.0819
OR5AS1,86,-0.0819
ESRG,343,-0.082
ENSG00000284744,465,-0.082
LMTK2,7616,-0.082
PA2G4P5,1796,-0.0821
ARHGAP42P5,81,-0.0821
RN7SL495P,49,-0.0821
ENSG00000286331,147,-0.0821
ENSG00000231189,342,-0.0821
NUPR2,342,-0.0821
ENSG00000219736,141,-0.0821
ANKFY1,7560,-0.0822
RPL21P134,775,-0.0822
TET2,7608,-0.0822
QRSL1P2,262,-0.0823
LINC01976,514,-0.0823
ENSG00000260100,2720,-0.0823
ENSG00000267735,504,-0.0823
APOBEC3B-AS1,1676,-0.0824
ENSG00000258462,148,-0.0825
MIR600HG,92,-0.0825
FAM242F,1327,-0.0825
ENSG00000267744,39,-0.0825
PTPRA,7621,-0.0826
ENSG00000259542,899,-0.0826
ENSG00000275569,895,-0.0826
HSD17B7P2-1,4874,-0.0827
PRNT,823,-0.0827
ENSG00000279572,112,-0.0827
ENSG00000226087,710,-0.0827
ENSG00000289166,403,-0.0827
ENSG00000256403,198,-0.0827
ENSG00000275173,218,-0.0828
GLYATL1P4,49,-0.0828
ENSG00000279875,81,-0.0828
DDX39BP1,21,-0.0828
SLC9B1P2,744,-0.0828
FAM181A,77,-0.0829
ENSG00000258854,486,-0.0829
ENSG00000287789,313,-0.0829
ENSG00000285680,1373,-0.0829
ENSG00000253715,758,-0.083
ENSG00000280307,57,-0.083
FAM25G,1390,-0.083
ENSG00000289921,160,-0.0831
ENSG00000260520,843,-0.0831
ENSG00000241678,3297,-0.0832
CBX3P7,183,-0.0833
ENSG00000220695,782,-0.0833
TPRG1LP1,229,-0.0833
ENSG00000287160,302,-0.0833
RPL14P5,826,-0.0834
Y_RNA-142,25,-0.0834
Metazoa_SRP-83,654,-0.0834
ENSG00000289076,731,-0.0834
ENSG00000263893,1217,-0.0835
ENSG00000279070,5043,-0.0835
MFFP1,1690,-0.0835
ENSG00000272050,155,-0.0835
LINC02719,604,-0.0836
ENSG00000253754,2598,-0.0836
DDX39B-AS1,683,-0.0836
ENSG00000227230,2101,-0.0837
ENSG00000270829,96,-0.0837
ENSG00000271129,330,-0.0837
ENSG00000230721,311,-0.0837
ENSG00000287903,1957,-0.0837
ENSG00000271283,80,-0.0838
ENSG00000229878,345,-0.0838
ENSG00000268088,22,-0.0838
LINC00901,542,-0.0838
RPL7AP37,337,-0.0839
NAMPTP2,619,-0.0839
LRRC58,7580,-0.0839
NPM1P40,1253,-0.084
GPS2P2,705,-0.0841
ARL4AP4,1546,-0.0841
SNORA50C,2684,-0.0841
GMPSP1,30,-0.0841
AREL1,7548,-0.0841
RNVU1-27,955,-0.0842
MRPS18CP7,20,-0.0842
TXNP6,814,-0.0842
RNGTT,7573,-0.0843
ENSG00000285575,312,-0.0844
MMP8,1005,-0.0844
SLC25A6P5,1446,-0.0844
ENSG00000235035,299,-0.0844
ENSG00000290580,396,-0.0845
CYCSP19,828,-0.0845
LINC02956,607,-0.0846
YAP1P1,751,-0.0846
ENSG00000270335,168,-0.0847
ENSG00000287449,1142,-0.0847
TERF1P2,181,-0.0847
ENSG00000250243,1176,-0.0847
ENSG00000253708,2399,-0.0847
ENSG00000257346,158,-0.0848
LINC02544,1464,-0.0849
TMEM245,7581,-0.0849
ENSG00000267724,1624,-0.0849
CHEK2P2,142,-0.085
ENSG00000283375,2418,-0.0851
ENSG00000223908,756,-0.0851
MIR192,28,-0.0852
PPIAP42,379,-0.0852
ACTG1P10,577,-0.0852
ENSG00000290901,790,-0.0852
SPEGNB,2392,-0.0852
RNY3,365,-0.0852
NDUFB4P2,20,-0.0852
AGGF1P6,128,-0.0853
ENSG00000283286,339,-0.0854
FTH1P11,964,-0.0854
ENSG00000288830,709,-0.0855
VDAC1P6,980,-0.0855
PRPS1P2,76,-0.0855
ATP5PDP4,1168,-0.0856
BIRC6,7641,-0.0856
KATNBL1P3,104,-0.0857
CTAGE15,637,-0.0857
ENSG00000227785,181,-0.0857
RBM5-AS1,6269,-0.0857
ENSG00000272871,1914,-0.0857
ENSG00000261207,549,-0.0857
FUNDC2P1,338,-0.0858
ENSG00000264843,172,-0.0858
ENSG00000237063,1175,-0.0858
ZNF888-AS1,1270,-0.0858
ENSG00000272969,609,-0.0858
CDRT15P9,22,-0.0858
ENSG00000225555,1739,-0.0858
CTXN2-AS1,257,-0.0859
ENSG00000249883,524,-0.0859
ENSG00000258516,548,-0.0859
ENSG00000225337,440,-0.0859
ENSG00000242479,2701,-0.0859
ENSG00000234775,922,-0.0859
ENSG00000278513,1392,-0.0859
VN1R2,189,-0.086
ENSG00000286857,166,-0.086
ENSG00000286080,181,-0.0861
TOB2P1,757,-0.0862
ENSG00000225458,1275,-0.0862
RPL15P3,1588,-0.0862
PPP1R2P10,652,-0.0862
ENSG00000268603,2448,-0.0862
ENSG00000250863,1622,-0.0862
ENSG00000238122,294,-0.0863
ELSPBP1,1153,-0.0863
ENSG00000259584,237,-0.0863
ENSG00000287354,688,-0.0864
ENSG00000253988,90,-0.0864
ENSG00000261093,1701,-0.0865
ENSG00000254675,271,-0.0865
Metazoa_SRP-147,613,-0.0866
ENSG00000254060,925,-0.0866
ENSG00000260156,183,-0.0866
ENSG00000236003,1682,-0.0866
MED27,7576,-0.0866
SPECC1-DT,1091,-0.0866
DBIP2,264,-0.0867
ENSG00000242545,633,-0.0868
ENSG00000243636,725,-0.0868
RPL34P34,649,-0.0868
ANP32D,457,-0.0869
ABR-AS1,974,-0.0869
CYTL1,963,-0.0869
ENSG00000230385,183,-0.087
PFN3,108,-0.087
ENSG00000253887,358,-0.087
CES5A,2836,-0.0871
ENSG00000286553,260,-0.0871
ENSG00000244337,196,-0.0871
OTOAP1-1,446,-0.0871
ENSG00000277368,885,-0.0872
ENSG00000280003,439,-0.0872
ENSG00000262558,321,-0.0872
ENSG00000263450,150,-0.0872
ENSG00000263477,2274,-0.0872
ENSG00000285747,1191,-0.0872
BNIP3P25,168,-0.0873
ENSG00000232042,98,-0.0873
PARP4P3,809,-0.0873
WBP1LP1,58,-0.0874
Y_RNA-255,208,-0.0875
ENSG00000265975,767,-0.0875
GYG2P1,772,-0.0875
ENSG00000276317,933,-0.0876
RNA5SP187,654,-0.0876
TAL1,556,-0.0879
ICE2P2,81,-0.0879
ENSG00000258407,522,-0.0879
ENSG00000267192,582,-0.088
ENSG00000230159,889,-0.088
ENSG00000256482,1416,-0.088
FBXW7,7640,-0.088
ENSG00000237920,643,-0.088
ENSG00000259175,652,-0.0881
LINC01741,47,-0.0881
ENSG00000232680,113,-0.0882
ENSG00000285215,502,-0.0882
ENSG00000286777,104,-0.0882
ENSG00000276790,411,-0.0882
ENSG00000273590,403,-0.0883
ENSG00000287000,307,-0.0883
SNORD99,224,-0.0883
KRT18P20,54,-0.0883
HMGB3P24,1371,-0.0884
DEFB122-1,30,-0.0884
ENSG00000289457,4112,-0.0884
KRT26,517,-0.0884
ENSG00000249373,425,-0.0885
DPRX,58,-0.0885
ENSG00000231892,275,-0.0886
ENSG00000286179,537,-0.0886
FABP5P15,27,-0.0886
ENSG00000227148,423,-0.0886
ENSG00000254265,114,-0.0887
OR12D1,249,-0.0887
ENSG00000224100,42,-0.0887
ENSG00000230534,178,-0.0887
LINC01533,1045,-0.0888
LINC01646,60,-0.0888
OTUD4,7509,-0.0888
PRR14L,7578,-0.0888
ENSG00000228539,491,-0.0889
ENSG00000229722,343,-0.0889
GPR150,658,-0.089
EIF3LP3,39,-0.089
ENSG00000267533,25,-0.089
ENSG00000223870,413,-0.089
ENSG00000290817,1180,-0.089
RPL23P5,460,-0.0891
RAET1K,1889,-0.0891
ENSG00000244953,687,-0.0891
ENSG00000256739,415,-0.0891
ENSG00000238110,29,-0.0891
ENSG00000214147,286,-0.0892
ENSG00000259474,1966,-0.0892
ATRX,7641,-0.0892
ENSG00000279707,433,-0.0893
ENSG00000236942,488,-0.0893
ENSG00000255448,922,-0.0893
ENSG00000248791,702,-0.0893
MFAP3,7472,-0.0894
SNAP47-AS1,492,-0.0894
CYP4A11,26,-0.0894
ENSG00000283653,959,-0.0894
ENSG00000248935,667,-0.0894
EIF1AX-AS1,145,-0.0894
TSSK1B,1061,-0.0894
RC3H1,7631,-0.0894
LINC00029,179,-0.0894
ENSG00000288262,364,-0.0895
EML6-AS1,423,-0.0895
MRPL3P1,226,-0.0895
ENSG00000265188,528,-0.0895
TCF20,7608,-0.0895
Y_RNA-328,39,-0.0895
ENSG00000230234,632,-0.0895
C1orf21-DT,731,-0.0895
RNFT1P3,1067,-0.0897
RAB22A,7627,-0.0897
ENSG00000286350,48,-0.0897
ENSG00000231700,101,-0.0898
RPL21P35,355,-0.0898
RPL21P18,822,-0.0898
ENSG00000291313,111,-0.0899
ENSG00000285930,192,-0.0899
USP12P2,248,-0.0899
INE2,646,-0.0899
ENSG00000286064,715,-0.09
SNORA16A,2534,-0.0901
ENSG00000287920,935,-0.0901
OVOL1-AS1,207,-0.0901
ENSG00000225424,158,-0.0901
ENSG00000288790,330,-0.0902
ENSG00000283096,138,-0.0902
ENSG00000279212,870,-0.0902
KRT18P16,353,-0.0902
ENSG00000240056,260,-0.0903
ENSG00000268864,531,-0.0903
LINC02782,41,-0.0904
LINC02403,27,-0.0904
ENSG00000264262,110,-0.0904
LINC01115-1,192,-0.0905
GNAQP1,131,-0.0906
SPATA31D3,24,-0.0906
BMP2KL,474,-0.0906
PTPRJ-AS1,2198,-0.0906
RN7SL70P,79,-0.0907
LINC01108,521,-0.0907
ENSG00000264066,185,-0.0907
SIGLEC16,1007,-0.0907
SIRPAP1,412,-0.0907
ENSG00000272897,3080,-0.0907
ENSG00000259514,259,-0.0908
ENSG00000229206,76,-0.0908
ENSG00000288062,982,-0.0908
KRT72,359,-0.0909
RN7SL605P,829,-0.0909
MTCO3P44,205,-0.0909
ENSG00000274551,750,-0.0909
EZHIP,155,-0.0911
ENSG00000266987,1058,-0.0911
PES1P1,426,-0.0911
ENSG00000275327,29,-0.0912
ENSG00000253956,126,-0.0912
ENSG00000275476,47,-0.0913
ENSG00000265393,2521,-0.0913
ENSG00000270690,627,-0.0914
ENSG00000270842,169,-0.0914
ENSG00000235820,2260,-0.0914
ENSG00000274090,2289,-0.0914
ENSG00000273870,65,-0.0915
ENSG00000270951,166,-0.0916
ENSG00000256034,1075,-0.0917
ENSG00000263011,2085,-0.0917
KCTD9P3,100,-0.0917
LINC01925,1064,-0.0917
ENSG00000274584,258,-0.0917
ENSG00000224570,419,-0.0917
ENSG00000266196,146,-0.0918
HSPE1P2,562,-0.0918
ENSG00000261055,265,-0.0919
ENSG00000260377,513,-0.0919
WDR87BP,112,-0.092
LINC01023,4735,-0.092
RPL10AP2,53,-0.092
ENSG00000289370,834,-0.092
ENSG00000265908,422,-0.092
MTND1P8,76,-0.0921
ENSG00000274797,671,-0.0921
ENSG00000288893,28,-0.0922
RPL36AP30,95,-0.0922
ENSG00000274387,2549,-0.0922
NFIA-AS1,1352,-0.0922
ENSG00000271792,390,-0.0923
BNIP3P27,622,-0.0923
ENSG00000272694,63,-0.0923
ENSG00000226323,67,-0.0923
ENSG00000219699,109,-0.0923
PIGCP1,1496,-0.0924
ENSG00000228944,1898,-0.0924
ENSG00000289640,648,-0.0924
ENSG00000248799,235,-0.0924
ENSG00000250043,1387,-0.0924
RLIMP1,3168,-0.0927
ENSG00000287235,464,-0.0927
ENSG00000242012,112,-0.0928
ENSG00000287137,735,-0.0928
VTRNA1-3,84,-0.0928
ENSG00000253782,192,-0.093
RNU6-14P,97,-0.0931
ENSG00000225752,943,-0.0931
ENSG00000248936,1404,-0.0931
Metazoa_SRP-168,321,-0.0931
ENSG00000266717,1259,-0.0931
ETV5-AS1,2751,-0.0932
ENSG00000224067,114,-0.0932
LINC01704,2542,-0.0932
RN7SL764P,483,-0.0932
LYZL1,595,-0.0932
HMGN1P36,2613,-0.0932
ENSG00000260466,744,-0.0932
HNRNPA1P20,37,-0.0933
ENSG00000257494,1025,-0.0933
KRT17P1,299,-0.0933
RPL7AP14,135,-0.0933
ENSG00000275431,72,-0.0933
ENSG00000224879,224,-0.0934
ENSG00000268810,2432,-0.0934
ENSG00000285890,455,-0.0935
ENSG00000241537,1735,-0.0935
OR6C1,333,-0.0936
ENSG00000291289,242,-0.0936
RIMKLBP1,119,-0.0936
RN7SL97P,29,-0.0937
RSU1P1,308,-0.0937
TEX51,647,-0.0938
ENSG00000265118,2957,-0.0938
ENSG00000251643,484,-0.0938
IL2,37,-0.0938
ENSG00000271596,965,-0.0939
ENSG00000230953,347,-0.0939
ENSG00000271914,399,-0.0939
ENSG00000287909,217,-0.0939
ENSG00000287833,576,-0.094
LINC00563,31,-0.094
ENSG00000264490,62,-0.094
ENSG00000279657,63,-0.0941
RN7SL418P,112,-0.0942
ENSG00000275512,86,-0.0942
TUBA3GP,68,-0.0942
PRKCE-AS1,238,-0.0942
ENSG00000202216,464,-0.0943
ENSG00000285806,180,-0.0943
LINC01055,222,-0.0943
RPL22P8,60,-0.0943
KRT16P4,341,-0.0944
ENSG00000266171,2674,-0.0944
ENSG00000270832,380,-0.0944
ENSG00000263924,506,-0.0945
ENSG00000253777,214,-0.0945
Y_RNA-33,570,-0.0945
ENSG00000225118,60,-0.0945
RN7SL767P,291,-0.0945
NUTM2B,465,-0.0945
ENSG00000259188,174,-0.0946
ENSG00000270866,431,-0.0946
ENSG00000268296,61,-0.0946
CABP7,3042,-0.0947
ENSG00000279393,181,-0.0947
LINC01566,212,-0.0947
LINC01884,861,-0.0947
ENSG00000269796,29,-0.0948
RPS4XP22,380,-0.0948
ENSG00000250725,151,-0.0948
ENSG00000228413,65,-0.0948
ENSG00000287336,420,-0.0949
ACTBP9,73,-0.0949
ENSG00000288551,478,-0.0949
RPL7L1P5,161,-0.0949
PABPC1P11,20,-0.0949
BMS1P16,662,-0.0949
LINC00454,160,-0.0949
LINC02761,99,-0.095
ENSG00000287945,1950,-0.095
ENSG00000270510,237,-0.095
LINC01712,267,-0.095
ENSG00000263164,107,-0.095
ENSG00000286865,457,-0.0951
GDI2P1,42,-0.0951
ENSG00000255372,343,-0.0952
LUZP4,718,-0.0952
LINC02626,1931,-0.0952
MTND4P34,232,-0.0952
ENSG00000255689,1463,-0.0952
CFAP206,329,-0.0953
ENSG00000285591,1172,-0.0953
FAM181B,214,-0.0954
ENSG00000285521,1293,-0.0954
LINC01100,860,-0.0954
LY6H,313,-0.0955
ENSG00000271607,638,-0.0955
RNA5SP202,39,-0.0955
ENSG00000274630,1077,-0.0956
ENSG00000253220,144,-0.0957
ENSG00000273481,44,-0.0957
ENSG00000253538,73,-0.0959
ENSG00000272745,264,-0.0959
SH3GL1P2,981,-0.0961
ENSG00000269599,938,-0.0961
ENSG00000229738,208,-0.0961
HBB,194,-0.0961
ENSG00000259483,1094,-0.0962
OR2D3,23,-0.0962
ENSG00000272372,134,-0.0962
ENSG00000249600,91,-0.0963
KRT8P29,43,-0.0963
ENSG00000233974,113,-0.0963
ARHGAP42P2,168,-0.0963
LINC02131,543,-0.0964
FAM240B,749,-0.0964
RPL6P1,310,-0.0964
ENSG00000286191,3822,-0.0965
ENSG00000223462,2303,-0.0965
CEACAMP1,279,-0.0965
LINC02919,876,-0.0966
ENSG00000273387,356,-0.0966
CUBNP2,190,-0.0967
ENSG00000254814,172,-0.0967
ENSG00000264270,1594,-0.0967
GGT3P,81,-0.0967
ENSG00000266891,294,-0.0967
ENSG00000248416,43,-0.0967
ZNF705G,295,-0.0967
RPL21P37,795,-0.0967
SPIN4-AS1,2774,-0.0968
SIRPG-AS1,232,-0.0969
ENSG00000255401,22,-0.0969
SFPQP1,73,-0.0969
ENSG00000241884,1527,-0.0969
BARHL1,313,-0.097
RPL12P41,120,-0.0972
RPL7P21,241,-0.0973
ZDHHC20P1,312,-0.0974
KCNK17,360,-0.0974
ENSG00000279851,362,-0.0974
PDGFRL2P,157,-0.0974
ENSG00000272715,313,-0.0974
RPL7P58,166,-0.0975
MYOZ3-AS1,483,-0.0976
ENSG00000266642,798,-0.0976
ENSG00000289048,1409,-0.0977
TUBAP10,27,-0.0977
ENSG00000240652,109,-0.0979
ENSG00000288022,190,-0.0979
DLSTP1,236,-0.098
ENSG00000273011,119,-0.0981
ZNF123P,124,-0.0981
LINC00102,1706,-0.0982
RPEL1,675,-0.0982
IGBP1-AS1,894,-0.0982
ENSG00000249349,197,-0.0983
ENSG00000286245,2925,-0.0984
ENSG00000242375,253,-0.0984
ENSG00000287958,1008,-0.0984
RNU6-1315P,134,-0.0984
USP12PX,162,-0.0985
ENSG00000239470,613,-0.0985
ENSG00000248758,3359,-0.0986
ENSG00000237076,611,-0.0986
LINC01820,793,-0.0986
ENSG00000288571,381,-0.0987
GAPDHP61,403,-0.0987
TERLR1,170,-0.0987
ENSG00000233558,574,-0.0987
ENSG00000269106,68,-0.0987
MRPL45P1,238,-0.0989
MAGEB3,465,-0.0989
ENSG00000279370,57,-0.0989
ENSG00000288578,334,-0.099
ENSG00000286806,1461,-0.099
PAGE1,875,-0.099
APELA,515,-0.0991
LINC02214,631,-0.0992
DSTNP1,380,-0.0993
LINC01890,266,-0.0993
ENSG00000270937,211,-0.0993
GZMAP1,439,-0.0994
IZUMO3,28,-0.0994
ENSG00000286348,399,-0.0994
FAM25BP,719,-0.0994
ENSG00000249186,42,-0.0995
ZNF90P1,1397,-0.0995
HNRNPA1P11,241,-0.0996
ENOSF1,7605,-0.0996
LYPD8,230,-0.0997
ENSG00000268678,499,-0.0997
LINC00974,133,-0.0997
LINC01927,289,-0.0998
RNU6-626P,230,-0.0999
ENSG00000273232,149,-0.0999
ENSG00000287216,1758,-0.1
MTND5P28,294,-0.1
ENSG00000291220,1093,-0.1001
KRT8P49,109,-0.1001
ENSG00000214278,163,-0.1001
KCNMA1-AS2,282,-0.1001
CD82-AS1,175,-0.1001
PMPCAP1,95,-0.1002
TBC1D3K,52,-0.1002
ENSG00000225365,113,-0.1003
ENSG00000225017,21,-0.1004
ENSG00000235095,263,-0.1004
RN7SL225P,40,-0.1004
PRSS30P,162,-0.1004
ENSG00000255456,135,-0.1004
ENSG00000233953,178,-0.1005
NF1P4,173,-0.1005
DDX1,7582,-0.1008
ENSG00000272137,1569,-0.1009
ENSG00000267211,615,-0.101
ENSG00000266541,3460,-0.101
TP73-AS2,38,-0.1011
ENSG00000272774,35,-0.1011
UBE2D3P2,223,-0.1012
ATG10-AS1,57,-0.1012
SMARCE1P3,541,-0.1012
DHX35-DT,1264,-0.1012
SELENOKP2,252,-0.1012
VEZF1P1,88,-0.1013
ENSG00000286167,693,-0.1013
ENSG00000278388,340,-0.1013
GXYLT1P4,295,-0.1013
EIF4EP2,4656,-0.1014
LINC02380,586,-0.1014
ENSG00000273367,634,-0.1015
ENSG00000287654,126,-0.1015
ATP2A2,7637,-0.1015
ENSG00000279650,1414,-0.1015
ENSG00000263342,141,-0.1015
RPL23P4,260,-0.1015
ENSG00000288535,173,-0.1016
CBX3P1,200,-0.1016
RPL32P17,331,-0.1017
ENSG00000218410,127,-0.1017
ENSG00000268288,1426,-0.1018
OR8J1,616,-0.1018
ENSG00000272263,1143,-0.1019
KCNAB1-AS2,76,-0.1019
CCT5P2,163,-0.102
HNRNPA1P4,77,-0.102
ENSG00000261079,645,-0.1021
NXF4-1,331,-0.1021
ENSG00000236773,82,-0.1022
ENSG00000286747,503,-0.1022
ENSG00000272798,45,-0.1022
SLC17A6,791,-0.1022
ENSG00000227519,819,-0.1023
LINC00399,53,-0.1023
DNAH8-AS1,495,-0.1023
ENSG00000280425,22,-0.1023
LINC01075,414,-0.1024
ENSG00000288944,86,-0.1024
ENSG00000283421,413,-0.1025
GPX5,166,-0.1025
RN7SL847P,100,-0.1026
ENSG00000282787,211,-0.1026
RNU6-1170P,612,-0.1026
UNC93B2,259,-0.1026
ENSG00000287624,1460,-0.1027
PSMD10P1,2792,-0.1027
UNC93B7,221,-0.1027
CRISP1,556,-0.1028
SCP2D1-AS1,276,-0.1028
Y_RNA-67,497,-0.1028
ENSG00000291009,96,-0.1028
ENSG00000214144,255,-0.1029
ENSG00000286950,1137,-0.1029
ENSG00000226566,1143,-0.103
ENSG00000287994,110,-0.103
LINC00485,609,-0.103
HMGN2P3,1084,-0.1031
DUSP5P2,259,-0.1031
RAMP3,405,-0.1031
ENSG00000256286,719,-0.1031
RPL7P25,80,-0.1031
ENSG00000286933,461,-0.1032
RPL23AP8,108,-0.1033
ENSG00000276620,544,-0.1033
DLG1,7640,-0.1033
ENSG00000262692,1164,-0.1033
PNLIPP1,72,-0.1033
P2RY13,222,-0.1033
ENSG00000288734,284,-0.1034
ENSG00000291167,503,-0.1034
SFR1P2,1768,-0.1034
ENSG00000290893,523,-0.1035
KRT39,626,-0.1037
ENSG00000248343,352,-0.1037
ENSG00000249982,129,-0.1037
HNRNPH1P3,68,-0.1038
LINC03038,850,-0.1038
SIGLEC5,195,-0.1039
ENSG00000224014,135,-0.1039
ENSG00000265282,1060,-0.1039
TRIM26BP,203,-0.1039
ENSG00000287234,1165,-0.104
TAF9BP1,925,-0.104
ENSG00000288564,424,-0.104
ENSG00000231357,41,-0.1041
RNA5SP378,161,-0.1041
SEPTIN7P4,101,-0.1041
ENSG00000287742,1659,-0.1042
ENSG00000238246,687,-0.1042
Y_RNA-538,20,-0.1043
HK2P1,2356,-0.1043
SMAD1-AS1,637,-0.1043
ZNF628-DT,135,-0.1043
MTND5P20,43,-0.1044
ENSG00000288962,484,-0.1044
ENSG00000279940,255,-0.1045
ENSG00000273342,180,-0.1045
ENSG00000290959,230,-0.1045
LINC02637,40,-0.1045
ENSG00000270679,741,-0.1045
ENSG00000289635,1377,-0.1045
LINC01634,824,-0.1046
ENSG00000254698,624,-0.1046
ENSG00000223342,601,-0.1047
OR1N2,587,-0.1047
ENSG00000289169,23,-0.1047
ENSG00000286345,113,-0.1048
SPACA5,25,-0.1048
LSINCT5,58,-0.1048
ENSG00000250893,471,-0.1048
LINC01001,2587,-0.1048
RPL22P21,26,-0.1048
OR10B1P,171,-0.1049
ST13P10,1588,-0.1049
ENSG00000237954,894,-0.1049
ENSG00000260142,134,-0.105
SMR3B,751,-0.105
ENSG00000279254,4820,-0.1051
IGBP1P2,233,-0.1052
ENSG00000287748,287,-0.1052
LINC01689,199,-0.1053
PABPC1P5,21,-0.1054
ENSG00000263159,92,-0.1054
LINC00544,228,-0.1055
ENSG00000228513,245,-0.1056
IL21,53,-0.1056
ENSG00000283033,92,-0.1058
PRPF19-DT,987,-0.1058
ENSG00000261135,996,-0.1058
ENSG00000236940,1848,-0.1058
ENSG00000259652,622,-0.1058
ENSG00000275607,41,-0.1059
EGFLAM-AS1,208,-0.1059
ENSG00000267166,137,-0.1059
ENSG00000286899,733,-0.1059
ENSG00000232604,41,-0.106
ENSG00000250135,1315,-0.1061
USP21P1,1605,-0.1062
LINC01626,119,-0.1063
PRB3,835,-0.1064
MPPE1P1,57,-0.1064
ENSG00000258845,26,-0.1065
ENSG00000274397,352,-0.1065
ENSG00000217776,29,-0.1066
ENSG00000253604,192,-0.1066
ENSG00000262681,286,-0.1066
UGT2B29P,837,-0.1067
ENSG00000286716,431,-0.1067
ENSG00000287250,1602,-0.1068
DNAJB7,2940,-0.1068
ENSG00000287087,1201,-0.1069
EIF2S2P5,1157,-0.107
ENSG00000267387,595,-0.107
Y_RNA-259,287,-0.107
ENSG00000284600,80,-0.107
NUTM2B-AS1,7603,-0.107
OR56A1,525,-0.107
ENSG00000225531,310,-0.1072
C2orf69P1,178,-0.1072
ENSG00000232436,118,-0.1073
EIF3EP2,26,-0.1073
ENSG00000236140,954,-0.1074
RPS3AP27,865,-0.1074
PDE4DIPP5,657,-0.1074
TRIM33,7607,-0.1075
ENSG00000260159,32,-0.1075
RPS3AP4,501,-0.1075
SLC24A3-AS1,916,-0.1076
CNTN4-AS2,644,-0.1076
CER1,42,-0.1077
ENSG00000289567,1077,-0.1077
ENSG00000277749,3928,-0.1078
PCNPP5,1274,-0.1078
ENSG00000264365,1872,-0.1079
ENSG00000246575,486,-0.1079
NDNF-AS1,409,-0.1079
ENSG00000290510,663,-0.1079
ENSG00000251599,265,-0.108
ENSG00000286718,480,-0.108
ENSG00000273971,235,-0.108
LINC02198,251,-0.108
ENSG00000232518,693,-0.108
ENSG00000259425,1106,-0.1081
ENSG00000287699,126,-0.1081
MRS2P2,188,-0.1082
RN7SL635P,458,-0.1082
RBMY1A3P,220,-0.1082
ENSG00000275332,160,-0.1083
CDYL-AS1,50,-0.1085
SCAPER,7620,-0.1088
LINC01593,119,-0.1088
OOSP2,97,-0.1088
ENSG00000232058,857,-0.1089
Y_RNA-35,1103,-0.1089
ENSG00000280257,695,-0.1089
CD83P1,133,-0.109
SIDT1-AS1,723,-0.109
Y_RNA-655,1100,-0.109
LINC01298,1790,-0.1091
OR2G6,245,-0.1091
ENSG00000272226,392,-0.1092
LINC02152,255,-0.1092
IGKV2OR22-4,36,-0.1093
MRPL32P2,242,-0.1093
Metazoa_SRP-106,41,-0.1093
ENSG00000253122,871,-0.1094
ENSG00000286386,358,-0.1094
TULP1,722,-0.1095
RPL5P8,1022,-0.1096
ENSG00000289407,487,-0.1096
RPL7P60,309,-0.1096
ENSG00000291298,268,-0.1097
ENSG00000273877,149,-0.1097
GTF3C6P2,217,-0.1098
ENSG00000274281,265,-0.1099
SPG11,7606,-0.11
ENSG00000279057,159,-0.11
RPLP0P6,1538,-0.11
ENSG00000278999,1277,-0.11
ENSG00000286116,1375,-0.11
AMELY,492,-0.1101
ZNF322P1,33,-0.1101
LINC02971,648,-0.1102
HNRNPA1P49,504,-0.1102
ZNF630-AS1,2091,-0.1102
LBHD2,994,-0.1103
CCKBR,695,-0.1103
RPS7P10,417,-0.1103
KRT8P35,71,-0.1104
RPL34P18,1323,-0.1104
MAPK6P4,230,-0.1105
ENSG00000286884,471,-0.1105
ENSG00000259502,1323,-0.1105
ENSG00000242659,143,-0.1105
OR52E5,158,-0.1105
UBE3A,7621,-0.1106
ENSG00000254091,172,-0.1108
ENSG00000184906,49,-0.1109
ENSG00000279140,3796,-0.1109
ENSG00000214883,393,-0.111
LINC01672,112,-0.111
ENSG00000271547,24,-0.111
ENSG00000266696,1739,-0.1112
EIF2S1,7549,-0.1112
OR4M2-OT1,638,-0.1113
ENSG00000269321,311,-0.1114
NUS1P1,1606,-0.1115
ENSG00000279509,447,-0.1115
ENSG00000286440,36,-0.1115
ALG3P1,131,-0.1117
IMMP1LP2,711,-0.1119
ENSG00000253526,2154,-0.1121
ENSG00000289466,475,-0.1121
ENSG00000286737,812,-0.1122
SPTLC1P5,58,-0.1122
ENSG00000270402,2492,-0.1122
HNRNPCP3,1589,-0.1122
ENSG00000271555,353,-0.1123
ENSG00000262983,1675,-0.1123
ENSG00000263637,119,-0.1123
ENSG00000279072,435,-0.1124
ENSG00000290690,473,-0.1124
KLHL30-AS1,571,-0.1124
ENSG00000277095,33,-0.1125
RAB41,259,-0.1126
ENSG00000263388,656,-0.1127
PDE4DIPP8,39,-0.1128
ENSG00000289055,748,-0.1128
RN7SKP79,457,-0.1129
ENSG00000232627,41,-0.1129
ENSG00000260830,847,-0.113
OR4D9,374,-0.1131
PDIK1L,7324,-0.1131
ENSG00000267344,263,-0.1131
TRIM64FP,20,-0.1132
ENSG00000277991,189,-0.1133
ENSG00000279997,44,-0.1133
CD3E,251,-0.1134
DDX43P3,378,-0.1134
IQCF5,54,-0.1135
ENSG00000250192,49,-0.1135
ENSG00000257045,1338,-0.1135
IGSF11-AS1,73,-0.1135
ENSG00000236722,318,-0.1135
ENSG00000279558,169,-0.1136
ENSG00000236005,487,-0.1137
ENSG00000226499,197,-0.1137
ENSG00000273406,38,-0.1137
RBPJL,1841,-0.1138
ENSG00000241651,29,-0.1139
ENSG00000271730,818,-0.1139
ENSG00000248790,30,-0.1139
ENSG00000203605,351,-0.114
OMP,866,-0.1141
PAICSP3,304,-0.1141
ENSG00000290789,36,-0.1143
ENSG00000278967,672,-0.1145
RPS28P7,546,-0.1145
ENSG00000290939,1063,-0.1146
ABCA3P1,191,-0.1147
ENSG00000285541,977,-0.1148
SLC9A9-AS2,30,-0.1149
ENSG00000232500,72,-0.1149
ENSG00000255132,370,-0.115
RNY4,539,-0.1151
LINC01661,1370,-0.1151
ENSG00000287208,557,-0.1151
LINC02138,282,-0.1152
ENSG00000254853,79,-0.1152
RN7SL499P,140,-0.1152
ENSG00000287582,377,-0.1152
ENSG00000263051,1480,-0.1153
ENSG00000277630,771,-0.1154
MRPS18CP6,998,-0.1154
ENSG00000274177,497,-0.1154
OR8D1,384,-0.1154
ENSG00000239041,33,-0.1155
ENSG00000248629,846,-0.1155
ENSG00000287389,553,-0.1155
ENSG00000287854,115,-0.1155
ENSG00000288889,198,-0.1155
ENSG00000285304,1133,-0.1155
ENSG00000249122,523,-0.1156
MTATP6P27,878,-0.1156
RN7SL101P,51,-0.1156
PTH2,590,-0.1157
STK33P1,52,-0.1159
ENSG00000259530,64,-0.1159
ENSG00000289290,64,-0.1159
RAB28P5,158,-0.1159
ENSG00000275265,2857,-0.116
ENSG00000272153,335,-0.116
RPSAP46,701,-0.1161
SLC16A11,260,-0.1161
ENSG00000266981,301,-0.1162
ENSG00000289539,87,-0.1162
RN7SL419P,497,-0.1163
AMELX,270,-0.1164
ENSG00000255899,56,-0.1165
FTH1P21,507,-0.1166
RN7SL314P,265,-0.1166
RCBTB2P1,78,-0.1166
ENSG00000215398,84,-0.1166
ENSG00000233625,108,-0.1166
RAB28P3,86,-0.1167
ENSG00000280254,656,-0.1167
ENSG00000259587,42,-0.1167
UBE2NL,323,-0.1168
SETP5,254,-0.1168
ENSG00000287314,226,-0.1169
ENSG00000279271,50,-0.117
ENSG00000273675,769,-0.117
ENSG00000286659,691,-0.1171
HMGN2P9,61,-0.1172
LINC01813,102,-0.1172
ENSG00000286665,150,-0.1172
ENSG00000273958,227,-0.1173
ENSG00000253381,606,-0.1173
SEC23A-AS1,1166,-0.1173
HNRNPA1P17,28,-0.1173
HMGB1P30,274,-0.1174
ENSG00000290884,891,-0.1175
RAX,121,-0.1175
ENSG00000233514,343,-0.1176
ENSG00000286765,177,-0.1176
SNORA75-2,28,-0.1176
RPL7AP19,224,-0.1176
RNU6-696P,108,-0.1177
ENSG00000265289,104,-0.1177
EEF1A1P32,86,-0.1178
RPL7P1,2177,-0.1178
ENSG00000224595,346,-0.1179
SETP7,147,-0.1179
RNU6-938P,41,-0.1179
PVT1,7641,-0.118
ENSG00000226643,50,-0.1181
LINC02063,449,-0.1182
ENSG00000232696,494,-0.1182
ENSG00000289093,37,-0.1182
BNC2-AS1,1241,-0.1183
ENSG00000234589,1487,-0.1183
MYL12AP1,93,-0.1184
SMIM32,392,-0.1184
CTD-2350J17.1,2275,-0.1184
ENSG00000265261,168,-0.1185
ENSG00000289937,951,-0.1185
ENSG00000232512,146,-0.1186
ENSG00000287028,149,-0.1186
TNPO1P3,114,-0.1187
ENSG00000288525,32,-0.1188
BMS1P21,236,-0.1188
ENSG00000254495,431,-0.1188
BPTF,7640,-0.1189
LINC02928,469,-0.1189
SEM1,7603,-0.1189
ENSG00000214770,691,-0.1189
ENSG00000289993,702,-0.1192
ENSG00000284474,88,-0.1192
ENSG00000287803,174,-0.1192
ENSG00000256810,418,-0.1193
ENSG00000284700,294,-0.1193
OR5H7P,36,-0.1194
ENSG00000225303,117,-0.1195
ENSG00000287233,183,-0.1195
HSPD1P3,66,-0.1195
ENSG00000237719,266,-0.1195
ENSG00000268053,38,-0.1195
ENSG00000227498,142,-0.1196
ENSG00000254136,609,-0.1196
ENSG00000257564,497,-0.1198
ENSG00000271369,48,-0.1198
ENSG00000289387,113,-0.1198
ENSG00000233376,284,-0.1199
ENSG00000229313,629,-0.1199
TBC1D28,457,-0.12
ENSG00000287203,74,-0.12
GPR139,916,-0.12
ENSG00000262079,30,-0.1201
ENSG00000282121,42,-0.1201
BUD13-DT,367,-0.1202
ENSG00000279671,42,-0.1202
ENSG00000197644,185,-0.1202
ENSG00000267694,841,-0.1202
ENSG00000235274,355,-0.1203
RPS26P54,94,-0.1204
MAGEA2B,752,-0.1204
ENSG00000287946,192,-0.1205
ENSG00000228205,1081,-0.1206
HOXD11,4862,-0.1206
RPL36AP48,196,-0.1207
LINC01973,242,-0.1207
RNF222,1109,-0.1208
HMGN1P31,89,-0.1208
OR5K3,21,-0.1208
ENSG00000228076,101,-0.1209
ENSG00000248667,794,-0.1209
ENSG00000257754,1279,-0.1209
ENSG00000257579,698,-0.1209
C11orf87,521,-0.121
FLJ38576,1005,-0.121
QRSL1P1,64,-0.121
ENSG00000270540,402,-0.121
ENSG00000258490,403,-0.1211
LINC01514,615,-0.1212
ENSG00000248557,116,-0.1212
ADH5P5,320,-0.1212
ENSG00000290589,81,-0.1213
ENSG00000254898,2142,-0.1213
UBE2SP2,28,-0.1213
ENSG00000286411,110,-0.1214
FAM237B,302,-0.1215
ENSG00000283631,51,-0.1216
CCL19,64,-0.1216
SF3A3P1,346,-0.1217
ENSG00000289838,47,-0.1218
ENSG00000278969,232,-0.1218
ENSG00000271911,595,-0.1218
ENSG00000286907,2928,-0.1219
ENSG00000273552,859,-0.122
ADGRF5-AS1,42,-0.1222
MAGEA5P,61,-0.1222
LINC02066,585,-0.1223
KRT8P30,46,-0.1223
ENSG00000236768,37,-0.1223
Y_RNA-62,115,-0.1223
ENSG00000241929,107,-0.1223
ENSG00000253629,589,-0.1223
ALG1L5P,127,-0.1224
OXER1,330,-0.1224
ENSG00000280382,83,-0.1225
ENSG00000230709,297,-0.1226
SLC28A3-AS1,678,-0.1226
ENSG00000255107,867,-0.1227
LINC00550,402,-0.1227
NANOGP1,1061,-0.1227
UBA52P5,22,-0.1229
IFITM3P3,556,-0.1231
ENSG00000235399,91,-0.1232
RPL13AP6,148,-0.1232
OR4K7P,56,-0.1232
ENSG00000248842,60,-0.1233
ENSG00000235209,394,-0.1233
ENSG00000289381,142,-0.1237
LINC02195,170,-0.1238
GAPDHP38,167,-0.1241
ENSG00000250796,119,-0.1241
TARP,137,-0.1241
ENSG00000234535,86,-0.1241
ENSG00000232208,126,-0.1242
ENSG00000275419,75,-0.1242
LKAAEAR1,713,-0.1243
RPS23P1,164,-0.1243
ENSG00000290646,95,-0.1243
GABARAPL3-1,634,-0.1244
ENSG00000249304,455,-0.1245
UBBP1,33,-0.1245
SEPTIN7P12,2510,-0.1246
ENSG00000251017,154,-0.1247
ENSG00000228143,36,-0.1247
ENSG00000287109,745,-0.1248
ENSG00000285613,211,-0.1248
Y_RNA-215,21,-0.1251
ENSG00000225925,141,-0.1251
LINC01364,2509,-0.1251
ENSG00000271156,460,-0.1252
ST13P21,51,-0.1252
ENSG00000250515,104,-0.1252
SAMSN1-AS1,594,-0.1252
RNU6ATAC30P,105,-0.1253
EVA1CP6,321,-0.1253
ENSG00000287133,1807,-0.1255
ENSG00000283546,517,-0.1256
ASB3,7622,-0.1257
MEAF6P1,354,-0.1258
AAK1,7607,-0.126
MIR202HG,471,-0.1261
MEIS1-AS2,2317,-0.1261
ENSG00000259069,247,-0.1261
ENSG00000229203,29,-0.1261
ENSG00000287466,1181,-0.1261
ENSG00000280124,271,-0.1262
ENSG00000279887,523,-0.1264
ENSG00000289585,451,-0.1264
RPL5P17,677,-0.1264
HNRNPA1P34,648,-0.1264
HSPA8P7,49,-0.1265
KRT8P8,46,-0.1266
RNY4P17,74,-0.1266
ENSG00000290728,416,-0.1266
ENSG00000270987,125,-0.1266
ENSG00000259906,132,-0.1267
RPS6P16,159,-0.1269
RN7SL720P,65,-0.1269
LY6G6F,305,-0.1269
ENSG00000250524,22,-0.127
ILVBL-AS1,968,-0.1271
LINC02567,134,-0.1272
ENSG00000225603,292,-0.1272
ENSG00000235390,24,-0.1272
ENSG00000258843,633,-0.1272
LINC01627,98,-0.1273
MAGEA2,641,-0.1273
ENSG00000235146,283,-0.1274
GSTA2,70,-0.1274
ENSG00000234117,144,-0.1274
ENSG00000267466,40,-0.1275
BCAS2P2,449,-0.1277
ENSG00000280057,268,-0.1278
DNAJB8,87,-0.1279
ENSG00000254789,550,-0.1279
ENSG00000260162,215,-0.128
LIPT2-AS1,262,-0.128
ENSG00000279071,387,-0.128
HMGB4,151,-0.1281
LINC02737,140,-0.1281
ENSG00000227527,289,-0.1282
EEF1B2P1,145,-0.1283
LINC02632,332,-0.1283
ENSG00000289518,819,-0.1283
ENSG00000228354,239,-0.1284
ENSG00000280486,1300,-0.1284
ENSG00000279716,834,-0.1285
ENSG00000285012,197,-0.1285
MYL10,623,-0.1285
ENSG00000227484,357,-0.1286
ENSG00000235584,62,-0.1289
Y_RNA-19,57,-0.1291
ENSG00000228407,534,-0.1291
ENSG00000231421,107,-0.1292
ENSG00000251387,558,-0.1292
ENSG00000279262,103,-0.1292
LINC02494,56,-0.1292
TAB3-AS2,548,-0.1292
ENSG00000250831,20,-0.1294
ENSG00000270538,102,-0.1295
ENSG00000225943,127,-0.1295
ENSG00000286999,123,-0.1295
TMSB15B-AS1,49,-0.1295
LINC02312,121,-0.1296
ENSG00000243981,367,-0.1296
ENSG00000280005,77,-0.1297
ENSG00000286196,299,-0.1297
ENSG00000275676,207,-0.1299
MSANTD3P1,397,-0.1299
HNRNPA1P76,292,-0.13
SFXN4P1,140,-0.13
CASK,7630,-0.13
LINC02061,1401,-0.1303
SLC25A15P5,82,-0.1304
LINC01028,69,-0.1304
ABCC13-1,951,-0.1305
ENSG00000285683,2480,-0.1305
ENSG00000259784,586,-0.1305
ENSG00000271671,63,-0.1305
BRINP3-DT,62,-0.1306
LINC02675,37,-0.1306
CST11,53,-0.1306
ENSG00000225755,34,-0.1306
LINC02023,149,-0.1306
ENSG00000279933,166,-0.1307
ENSG00000249959,73,-0.1307
RPL5P7,662,-0.1307
ENSG00000266521,902,-0.1308
ENSG00000289266,316,-0.1308
LINC01386,573,-0.1309
CTAGE14P,389,-0.1309
VN1R110P,314,-0.1309
UMODL1-AS1,69,-0.1309
ENSG00000287297,561,-0.131
ZNF609,7639,-0.131
CCDC34P1,1053,-0.1311
RN7SL205P,303,-0.1312
ENSG00000279205,377,-0.1312
Metazoa_SRP-119,682,-0.1313
ENSG00000271396,352,-0.1313
ENSG00000241671,59,-0.1313
ENSG00000291274,976,-0.1314
ENSG00000224334,221,-0.1315
ENSG00000279017,860,-0.1315
ENSG00000237614,192,-0.1316
RALGPS2-AS1,867,-0.1317
LINC00945,88,-0.1317
MTND6P2,139,-0.1318
HNRNPA1P15,97,-0.1318
ENSG00000260447,464,-0.1318
CKBP1,122,-0.1318
PSMC1P12,504,-0.1319
SLC1A2-AS1,131,-0.1319
ENSG00000255462,1282,-0.1319
DPY19L4P1,40,-0.1319
ENSG00000225952,580,-0.1319
ENSG00000227667,78,-0.1319
ENSG00000254626,149,-0.132
OR4B1,67,-0.132
ENSG00000272922,171,-0.1321
ADGRF5P1,298,-0.1321
ENSG00000289213,1099,-0.1321
HMGB1P9,236,-0.1322
ENSG00000248571,126,-0.1323
OTOS,39,-0.1323
ENSG00000266955,34,-0.1327
ENSG00000223373,481,-0.1328
ENSG00000287744,945,-0.1328
TRAPPC8,7575,-0.1328
ENSG00000260532,523,-0.1329
ENSG00000284711,278,-0.1331
ENSG00000261158,167,-0.1331
ENSG00000226268,111,-0.1331
ENSG00000213280,27,-0.1331
ENSG00000273209,968,-0.1333
HSPB1P1,49,-0.1335
PDLIM1P1,63,-0.1336
ENSG00000259969,469,-0.1337
ENSG00000257715,591,-0.1338
ENSG00000286531,152,-0.1339
ENSG00000289170,559,-0.134
ENSG00000269387,68,-0.1341
RNFT1P2,46,-0.1342
ENSG00000224671,94,-0.1344
ENSG00000285624,50,-0.1344
NF1P11,185,-0.1346
ENSG00000286849,163,-0.1346
ENSG00000267670,42,-0.1348
ENSG00000289445,306,-0.1348
ENSG00000237982,24,-0.135
ENSG00000225284,214,-0.135
PTTG3P,279,-0.135
ENSG00000289151,1442,-0.135
PHB1P9,94,-0.1351
ITLN1,450,-0.1352
ENSG00000269600,63,-0.1352
PIP5K1P1,91,-0.1352
ATP5F1AP3,289,-0.1352
PF4V1,505,-0.1352
ENSG00000271776,229,-0.1352
ENSG00000280217,307,-0.1353
ENSG00000231691,376,-0.1353
ENSG00000261779,178,-0.1353
ENSG00000273069,102,-0.1354
ENSG00000250696,445,-0.1354
THAP12P1,583,-0.1355
ENSG00000273360,681,-0.1356
ENSG00000187472,83,-0.1357
TOMM40P3,43,-0.1357
RN7SL187P,63,-0.1357
RPL21P13,28,-0.1358
ENSG00000272247,305,-0.1358
CSNK1A1L,398,-0.1359
ENSG00000273558,64,-0.136
FAM83A-AS2,291,-0.1361
ENSG00000258699,1424,-0.1362
ENSG00000289186,268,-0.1362
HTN1,56,-0.1362
ENSG00000286683,927,-0.1363
LINC01817,745,-0.1364
ENSG00000249234,822,-0.1365
LINC02686,112,-0.1366
YRDCP1,157,-0.1366
RPL21P121,253,-0.1366
HMGA1P6,79,-0.1367
ENSG00000278654,54,-0.1368
ENSG00000232719,430,-0.1369
ENSG00000267202,22,-0.1369
ENSG00000282944,268,-0.1371
NCOR1P1-1,27,-0.1371
ENSG00000276984,164,-0.1371
ENSG00000227278,124,-0.1371
ENSG00000276535,275,-0.1372
LINC01289,532,-0.1374
ENSG00000256070,128,-0.1375
ENSG00000237015,808,-0.1376
ENSG00000261141,660,-0.1376
SLC6A17-AS1,60,-0.1377
ENSG00000280360,116,-0.1378
ENSG00000287205,223,-0.1379
RNASE6,38,-0.1379
ENSG00000287884,341,-0.138
OR51G2,37,-0.1381
ENSG00000237551,33,-0.1381
CFHR5,1297,-0.1382
ADH7,128,-0.1383
CICP13,28,-0.1383
HMGB1P23,86,-0.1383
C8A,414,-0.1383
ENSG00000234607,45,-0.1385
ENSG00000236605,177,-0.1386
MAPK6P6,194,-0.1386
OR4F6,32,-0.1386
ENSG00000248374,235,-0.1386
NAV2-AS3,374,-0.1387
ENSG00000224545,290,-0.1388
OR10G3,1016,-0.1388
QSER1,7604,-0.1389
MEMO1P1,402,-0.1389
ENSG00000279174,48,-0.139
MFN1P1,86,-0.139
ENSG00000227809,27,-0.139
ENSG00000230459,68,-0.139
LYPLA1P3,343,-0.139
ENSG00000229519,286,-0.1391
ENSG00000254590,538,-0.1391
RPS27P16,227,-0.1392
ENSG00000272240,144,-0.1392
RN7SL356P,40,-0.1393
DNAJB12P1,78,-0.1394
LNCNEF,616,-0.1395
ENSG00000226952,437,-0.1395
Y_RNA-46,42,-0.1396
ENSG00000287099,464,-0.1396
HNRNPA1P46,548,-0.1397
HNRNPA1P28,355,-0.1398
ENSG00000271752,437,-0.1398
TARDBPP4,73,-0.1399
RPL6P26,87,-0.14
ENSG00000229369,790,-0.1402
H2AZP3,75,-0.1404
ENSG00000286629,1481,-0.1405
RNU6-875P,39,-0.1405
RNU6-1165P,106,-0.1405
ENSG00000282021,1017,-0.1406
ENSG00000274029,76,-0.1406
ENSG00000261915,302,-0.1406
RNU6-208P,66,-0.1409
DDX53,511,-0.1409
NPM1P43,259,-0.1411
RBMX2P5,170,-0.1411
ENSG00000286611,249,-0.1412
ENSG00000285691,309,-0.1412
LY6G6E,126,-0.1413
ENSG00000287566,568,-0.1413
CHD9,7639,-0.1413
CSPG4P10,460,-0.1413
USP10,7591,-0.1414
NADK2-AS1,807,-0.1414
DHFRP1,702,-0.1414
ENSG00000289068,261,-0.1415
RPS3AP40,162,-0.1416
TMA16P1,178,-0.1419
ENSG00000189316,47,-0.1421
RN7SL442P,353,-0.1421
LINC01238-1,540,-0.1422
Y_RNA-498,59,-0.1422
ENSG00000232097,113,-0.1422
RPLP2P1,69,-0.1423
ENSG00000287922,68,-0.1424
RPS3AP49,85,-0.1426
ENSG00000287741,78,-0.1426
RPL17P41,104,-0.1427
ENSG00000231291,156,-0.1429
ENSG00000287570,194,-0.1429
ENSG00000277973,66,-0.1429
CEP57L1P1,229,-0.143
ENSG00000284809,634,-0.143
ENSG00000258885,135,-0.143
ENSG00000270521,130,-0.143
ENSG00000253155,279,-0.1431
ENSG00000253300,666,-0.1431
RPS4XP8,57,-0.1432
ENSG00000250956,23,-0.1433
LINC00319,63,-0.1433
WFDC10A,30,-0.1433
ENSG00000250020,105,-0.1434
ENSG00000283001,124,-0.1434
ABCF2P1,171,-0.1434
ENSG00000261296,407,-0.1434
AIDAP1,1372,-0.1435
ENSG00000223450,160,-0.1437
RPL24P7,48,-0.144
PTCHD3P3,24,-0.144
ENSG00000273890,41,-0.144
ENSG00000274903,131,-0.1441
ENSG00000228873,219,-0.1443
MTCO1P2,269,-0.1444
CTXN2,447,-0.1444
WWP2,7589,-0.1444
RPS3AP36,142,-0.1445
ENSG00000253908,254,-0.1445
ENSG00000280177,190,-0.1446
CCDC42,911,-0.1448
PIMREGP3,347,-0.1448
RPS20P15,40,-0.145
ENSG00000230515,23,-0.145
ENSG00000274723,253,-0.1451
ENSG00000249244,531,-0.1451
OR2T11,35,-0.1453
CFL1P1,97,-0.1453
ENSG00000272784,241,-0.1456
ENSG00000255317,579,-0.1456
ENSG00000262094,38,-0.1456
ENSG00000226996,245,-0.1456
ENSG00000291226,218,-0.1457
BAZ2A,7610,-0.1458
ENSG00000248311,395,-0.1459
ENSG00000267628,59,-0.1459
SOD1P1,62,-0.146
ATXN3L,90,-0.1463
ADAMTS7P3,535,-0.1463
ENSG00000271698,247,-0.1463
RPL37P23,694,-0.1464
ENSG00000271078,439,-0.1465
Y_RNA-76,34,-0.1465
ENSG00000288809,212,-0.1465
ENSG00000235503,63,-0.1466
ENSG00000234296,35,-0.1467
LINC02736,148,-0.1468
GTF3AP1,108,-0.1469
ENSG00000253737,127,-0.1472
LINC02244,277,-0.1472
ENSG00000255933,654,-0.1472
ENSG00000274331,45,-0.1473
RNA5SP201,46,-0.1473
ENSG00000290658,47,-0.1474
SF3A3P2,437,-0.1474
YBX3P1,1283,-0.1474
ENSG00000216663,266,-0.1474
ENSG00000259876,199,-0.1475
RN7SL478P,27,-0.1475
ENSG00000289165,143,-0.1476
ENSG00000258581,145,-0.1476
ENSG00000237208,199,-0.1477
TRBV12-3,102,-0.1479
RNU6-571P,34,-0.1479
CYP2A6,154,-0.1479
SART3,7508,-0.148
ENSG00000225058,32,-0.1482
ENSG00000229939,168,-0.1483
ENSG00000257951,33,-0.1484
ENSG00000253358,1164,-0.1484
UBE2Q1-AS1,89,-0.1486
KNOP1P1,382,-0.1488
WASIR2,390,-0.1488
MTHFD1P1,448,-0.1489
ENSG00000251471,352,-0.1489
DYNAP,107,-0.1489
ENSG00000250914,62,-0.149
ENSG00000278083,365,-0.1492
ENSG00000278193,43,-0.1493
OR52E4,84,-0.1493
ENSG00000228480,43,-0.1494
ENSG00000289947,237,-0.1494
ENSG00000279368,23,-0.1495
ENSG00000271654,35,-0.1496
KRT18P6,127,-0.1499
OR56A4,94,-0.1499
NOLC1P1,262,-0.1499
ENSG00000203825,227,-0.15
ENSG00000235400,310,-0.15
ENSG00000228150,70,-0.1501
ANKRD20A5P-1,186,-0.1501
ENSG00000287152,34,-0.1502
ZFAND6P1,510,-0.1502
ENSG00000287274,3052,-0.1502
ENSG00000288822,212,-0.1503
RPL23AP38,96,-0.1505
XRCC6P4,259,-0.1506
ENSG00000253735,147,-0.1507
PRR13P1,38,-0.1507
ENSG00000265115,42,-0.1507
NLK,7611,-0.1507
OR7E13P,344,-0.1508
SYCE1,393,-0.1508
SHQ1P1,54,-0.151
ENSG00000264982,255,-0.151
GRAMD4P4,26,-0.151
BNIP3P3,27,-0.151
LINC01327,238,-0.1511
ENSG00000249927,128,-0.1512
SV2C-AS1,55,-0.1514
TOMM20P4,54,-0.1516
NDUFA5P11,555,-0.1516
ENSG00000204556,127,-0.1517
ENSG00000258478,21,-0.1517
ENSG00000274685,39,-0.1518
MT1XP1,105,-0.1519
KRT8P22,111,-0.1519
ENSG00000227713,71,-0.1519
SIGLEC20P,105,-0.1519
RANP6,39,-0.152
CRCT1,32,-0.152
ENSG00000220913,20,-0.1522
RPL10P4,48,-0.1523
BANF1P1,118,-0.1523
GRK3-AS1,902,-0.1523
ENSG00000275902,1928,-0.1523
ENSG00000259365,28,-0.1524
ZNF222-DT,66,-0.1524
ENSG00000238153,21,-0.1527
RPL9P14,49,-0.1527
ENSG00000289064,72,-0.1528
ENSG00000283283,192,-0.1528
ENSG00000268652,98,-0.1528
ENSG00000289049,141,-0.153
ENSG00000236141,38,-0.153
MIX23P3,76,-0.153
ENSG00000289910,196,-0.1531
PEBP1P3,96,-0.1533
ECRG4,1045,-0.1535
ENSG00000257105,444,-0.1537
ENSG00000283125,86,-0.1537
ENSG00000272566,145,-0.1537
RPL7P32,576,-0.1537
ENSG00000287418,296,-0.1537
ENSG00000255164,392,-0.1538
KRT18P7,71,-0.1541
ENSG00000225152,20,-0.1541
ENSG00000279601,57,-0.1543
ENSG00000280423,49,-0.1543
ENSG00000283061,163,-0.1543
PPP1R11P1,72,-0.1543
ENSG00000282408,450,-0.1544
PHEX-AS1,451,-0.1545
RNU6-628P,32,-0.1546
ENSG00000260375,211,-0.1547
ENSG00000225726,283,-0.1549
LIMS1-AS1,320,-0.1549
ENSG00000280073,236,-0.155
ENSG00000236494,619,-0.155
ENSG00000248867,388,-0.1551
SPA17P1,117,-0.1552
WFDC6,165,-0.1552
KRTAP4-9,171,-0.1553
ENSG00000251010,138,-0.1553
ENSG00000227107,500,-0.1555
RNA5SP352,72,-0.1556
BPIFB5P,447,-0.1556
ENSG00000257308,20,-0.1557
MRGPRX4,22,-0.1558
SPDYE11,107,-0.1559
ENSG00000290785,250,-0.156
LINC01318,327,-0.156
RNU6-879P,241,-0.1561
PNMA5,404,-0.1562
ENSG00000276605,36,-0.1562
ENSG00000286506,35,-0.1562
RPS15AP11,612,-0.1564
ENSG00000289896,286,-0.1564
COX5BP3,32,-0.1564
RPS3AP14,303,-0.1565
TSPYL6,240,-0.1565
LINC02750,314,-0.1565
ENSG00000251248,236,-0.1567
YWHAQP5,21,-0.1568
ENSG00000233884,195,-0.1568
ENSG00000236687,61,-0.1569
ENSG00000226621,137,-0.157
ENSG00000223866,28,-0.157
ENSG00000231678,100,-0.1571
ENSG00000254499,117,-0.1571
ENSG00000250292,56,-0.1572
ENSG00000258968,299,-0.1572
RNU5A-8P,57,-0.1573
ENSG00000244278,111,-0.1573
LINC01326,24,-0.1575
TRIM43,52,-0.1575
HAUS5-DT,124,-0.1575
ENSG00000270733,71,-0.1578
NPM1P42,299,-0.1579
ENSG00000237419,117,-0.158
ARPC3P1,394,-0.1583
ENSG00000261350,214,-0.1583
RPL7P39,49,-0.1584
ENSG00000271192,82,-0.1584
MS4A1,157,-0.1584
ENSG00000267115,251,-0.1584
AK4P6,67,-0.1585
ENSG00000251204,326,-0.1586
MTND3P5,44,-0.1586
LINC01495,411,-0.1587
LINC02034,28,-0.1587
RNU6-262P,24,-0.1587
VN1R54P,55,-0.1588
SLC10A2,191,-0.1589
ENSG00000290454,116,-0.1589
LINC02716,154,-0.1589
ENSG00000259212,203,-0.1591
ENSG00000203643,47,-0.1591
ENSG00000289335,147,-0.1592
HNRNPA1P25,212,-0.1592
ENSG00000261842,44,-0.1592
ENSG00000226115,84,-0.1594
ENSG00000289255,608,-0.1594
EEF1A1P46,29,-0.1596
ENSG00000259700,75,-0.1597
ENSG00000235286,98,-0.1598
WDFY3,7622,-0.1599
EXOC1L,253,-0.16
ENSG00000242327,77,-0.1602
RPL12P33,241,-0.1603
IRX1,616,-0.1603
SPANXN5,363,-0.1604
HNRNPA1P63,68,-0.1604
MBL3P,344,-0.1605
RNASEH1P2,252,-0.1605
ENSG00000285163,367,-0.1606
VENTXP4,100,-0.1611
CASK-AS1,611,-0.1617
IGFALS,399,-0.1617
RPL19P21,131,-0.1617
SLC25A52,228,-0.1617
RORA-AS2,371,-0.1619
ENSG00000254599,29,-0.1619
VWFP1,326,-0.1621
ENSG00000205452,66,-0.1621
UGT2B10,255,-0.1622
DYNLL1P4,29,-0.1624
XRCC6P5,47,-0.1624
AGAP12P-1,22,-0.1626
SKP1P3,81,-0.1627
ZNF962P,134,-0.1627
KRT43P,109,-0.1628
ENSG00000277304,214,-0.1629
TXNDC12-AS1,453,-0.1631
SCGB3A1,285,-0.1631
ARL14EPP1,1340,-0.1632
ENSG00000267359,42,-0.1633
RPL7P15,456,-0.1633
ENSG00000242531,121,-0.1633
DEFB109B,79,-0.1634
ZDHHC4P1,73,-0.1634
RPS15AP24,536,-0.1636
MS4A6A,156,-0.1637
ENSG00000286640,79,-0.1639
NAIPP1,20,-0.1639
LINC01988,90,-0.164
ENSG00000261240,126,-0.164
ENSG00000289458,249,-0.164
RPL32P11,145,-0.1641
RPL7P17,375,-0.1641
HNRNPA1P29,34,-0.1642
NTAN1P3,160,-0.1643
Metazoa_SRP-107,372,-0.1643
ENSG00000229305,714,-0.1646
ENSG00000229699,70,-0.1646
RPS3AP9,210,-0.1646
ENSG00000280312,66,-0.1647
CSN3,91,-0.1649
LINC02183,163,-0.165
FAM88F,45,-0.165
ENSG00000253380,115,-0.1651
ENSG00000279029,1531,-0.1652
ENSG00000279401,311,-0.1653
ENSG00000255523,186,-0.1655
ENSG00000280159,103,-0.1656
SIM1-AS1,125,-0.1656
ENSG00000276963,418,-0.1658
ENSG00000287623,35,-0.1658
PALLD-AS1,120,-0.1658
GAS8-AS1,143,-0.1658
ENSG00000257643,58,-0.1659
HMGN2P13,45,-0.1661
USP48,7608,-0.1661
ENSG00000275716,62,-0.1662
MLXP1,143,-0.1662
ENSG00000273141,731,-0.1662
PCYT1B-AS1,396,-0.1663
RPL35AP37,36,-0.1665
ENSG00000259099,35,-0.1666
ENSG00000219622,178,-0.1666
ENSG00000266872,317,-0.1666
FGD5P1,125,-0.1666
ENSG00000273476,154,-0.1667
ENSG00000289262,239,-0.1668
SGO1P2,67,-0.1668
OR2H1,238,-0.1668
ENSG00000288588,312,-0.1669
KRT8P18,64,-0.1671
LINC01826,108,-0.1671
RN7SL302P,21,-0.1673
LINC01532,55,-0.1674
RPS3AP13,207,-0.1674
ENSG00000255916,215,-0.1674
RPS3AP16,328,-0.1674
RPL36AP8,939,-0.1675
ENSG00000227257,161,-0.1675
CCDC177,122,-0.1676
AK3P2,79,-0.1677
ENSG00000272986,239,-0.1678
ENSG00000272128,549,-0.1679
ENSG00000260033,208,-0.168
TECRP1,68,-0.1681
ENSG00000286394,20,-0.1687
FSCB,60,-0.1688
Y_RNA-690,26,-0.1688
ENSG00000215796,462,-0.1688
ENSG00000280295,342,-0.1689
ENSG00000233406,229,-0.1689
FAM224A,139,-0.1689
ENSG00000272874,191,-0.1692
ENSG00000243829,59,-0.1692
KRT8P28,141,-0.1693
ENSG00000286822,268,-0.1693
ACTG1P15,134,-0.1693
ENSG00000288100,195,-0.1694
HSPD1P14,141,-0.1694
ENSG00000234484,164,-0.1695
ENSG00000269288,207,-0.1697
Metazoa_SRP-166,23,-0.1697
MTCO1P28,716,-0.1698
ENSG00000272940,107,-0.1699
NF1P3,28,-0.1699
ENSG00000254178,124,-0.1699
EXTL2P1,29,-0.17
ENSG00000253206,223,-0.1702
ENSG00000291296,53,-0.1702
ENSG00000227034,146,-0.1703
ENSG00000217769,27,-0.1703
SMIM40,104,-0.1704
ENSG00000278017,659,-0.1704
HMGN2P24,172,-0.1706
ENSG00000285900,298,-0.1707
ENSG00000255741,156,-0.1708
PEBP1P2,234,-0.171
ENSG00000273384,218,-0.171
ENSG00000259166,76,-0.1711
ENSG00000259632,573,-0.1711
RN7SL371P,176,-0.1711
PAICSP6,43,-0.1711
BMP6P1,56,-0.1711
RNF186-AS1,371,-0.1712
ZIC3,674,-0.1712
ENSG00000224504,110,-0.1713
ENSG00000286254,55,-0.1714
NCOA4P3,70,-0.1714
ENSG00000279998,362,-0.1715
TCAF2C,300,-0.1715
ENSG00000258734,23,-0.1716
ENSG00000286893,45,-0.1716
ENSG00000231476,131,-0.1719
MCCD1,72,-0.172
LINC01053,51,-0.172
ENSG00000267150,37,-0.172
ENSG00000259702,718,-0.1721
C16orf90,108,-0.1721
Y_RNA-432,157,-0.1722
ENSG00000279772,101,-0.1723
H2BC19P,59,-0.1723
ENSG00000270035,34,-0.1724
Y_RNA-496,61,-0.1724
ENSG00000287734,37,-0.1725
ENSG00000279713,513,-0.1726
ENSG00000286700,99,-0.1726
LINC02441,245,-0.1726
ENSG00000268293,127,-0.1726
ENSG00000290552,167,-0.1727
ENSG00000286108,342,-0.1729
ENSG00000279813,24,-0.173
ENSG00000226545,607,-0.173
BBIP1P1,126,-0.1731
LINC02333,53,-0.1732
ENSG00000287649,277,-0.1732
ENSG00000279388,83,-0.1733
ENSG00000257472,559,-0.1739
PDE4DIPP1,94,-0.1741
PAGE2,633,-0.1741
ENSG00000286556,32,-0.1742
SNX2P1,193,-0.1743
ENSG00000287343,431,-0.1744
GRAMD4P7,22,-0.1744
ENSG00000285785,338,-0.1745
ENSG00000258489,351,-0.1745
ENSG00000253112,217,-0.1745
ENSG00000259774,62,-0.1746
Metazoa_SRP-26,44,-0.1746
BSX,516,-0.1746
ENSG00000258338,321,-0.1748
ENSG00000198277,40,-0.1749
RIC3-DT,112,-0.1749
ZNF209P,23,-0.1749
ENSG00000239696,22,-0.175
CLCA3P-1,94,-0.1751
ZYG11AP1,179,-0.1752
ENSG00000286524,144,-0.1753
ENSG00000277702,132,-0.1753
ENSG00000251009,444,-0.1753
ENSG00000230355,31,-0.1758
ENSG00000248569,188,-0.1758
ENSG00000289833,33,-0.1759
RBBP4P2,749,-0.176
RPL23AP18,397,-0.1761
ENSG00000279248,36,-0.1761
LYPLA2P1,51,-0.1763
HMGB1P46,81,-0.1763
LINC02845,58,-0.1765
HNRNPA3P7,198,-0.1765
GPR151,92,-0.1765
OR2AO1P,329,-0.1767
RNF151,152,-0.1769
ENSG00000227813,340,-0.1771
LINC02483,64,-0.1771
NKG7,74,-0.1772
ENSG00000264769,595,-0.1772
ENSG00000253047,29,-0.1772
CNN2P6,135,-0.1772
ENSG00000264765,62,-0.1773
ENSG00000267774,223,-0.1773
RNY1P1,32,-0.1774
RPS3AP24,24,-0.1777
ANK3-DT,516,-0.1778
ENSG00000289343,464,-0.1779
ENSG00000226649,33,-0.1781
ENSG00000280420,117,-0.1783
ENSG00000262298,525,-0.1783
ENSG00000265693,40,-0.1783
HMGN2P20,128,-0.1784
ENSG00000228935,143,-0.1786
ENSG00000258858,162,-0.1786
ENSG00000233099,92,-0.1787
Y_RNA-190,20,-0.1787
H2AC5P,159,-0.1789
ENSG00000266153,25,-0.1792
MLN,132,-0.1794
SCML2P1,186,-0.1794
ENSG00000253683,1193,-0.1794
ENSG00000226193,391,-0.1794
LINC00838,114,-0.1797
MPHOSPH6P1,552,-0.1799
ENSG00000270893,52,-0.18
RN7SL827P,453,-0.1801
CYP26C1-DT,193,-0.1802
LINC02076,536,-0.1803
ENSG00000270304,45,-0.1803
MTATP6P24,94,-0.1804
PPIAP54,75,-0.1805
ENSG00000248469,170,-0.1808
ENSG00000236015,100,-0.1814
ENSG00000234406,47,-0.1816
LINC02578,31,-0.1819
ENSG00000242262,293,-0.1819
RPS4XP6,113,-0.1821
H2BP1,346,-0.1822
SPRYD7P1,104,-0.1822
XNDC1CP,219,-0.1823
ENSG00000263781,168,-0.1825
TTTY4B,93,-0.1826
ENSG00000224384,833,-0.1827
ENSG00000235880,145,-0.1827
ENSG00000271989,249,-0.1828
ENSG00000271519,162,-0.1828
ENSG00000255065,71,-0.1828
YWHAZP1,24,-0.183
SMCP,165,-0.183
LINC02858,184,-0.183
RPL36AP32,59,-0.1832
RSL24D1P6,275,-0.1833
ENSG00000285886,71,-0.1833
LINC02314,38,-0.1833
RFPL3,200,-0.1834
GZMA,342,-0.1835
ENSG00000251264,21,-0.1835
COX6B1P3,113,-0.1836
IQCF3,94,-0.1836
RPL7P41,366,-0.1837
ENSG00000226141,243,-0.1838
ENSG00000266505,108,-0.1838
HNRNPA1P45,42,-0.1838
ENSG00000286368,349,-0.1839
H2AP,124,-0.1842
CBLL1P1,47,-0.1842
IGKC,105,-0.1846
LINC01570,326,-0.1847
ENSG00000287310,321,-0.1848
ENSG00000205044,25,-0.185
ENSG00000213488,80,-0.1852
ENSG00000288584,149,-0.1852
EGLN3P1,42,-0.1852
ENSG00000288070,67,-0.1853
ENSG00000236896,251,-0.1854
EIF1P2,118,-0.1855
Y_RNA-262,78,-0.1856
BEND3P3,123,-0.1857
ENSG00000287039,44,-0.1859
RPL23AP44,65,-0.186
RN7SL756P,160,-0.1861
ENSG00000261642,79,-0.1861
ENSG00000275418,65,-0.1861
ENSG00000260694,77,-0.1862
ENSG00000243349,234,-0.1866
ENSG00000271803,74,-0.1866
RPL4P1,31,-0.1867
ENSG00000212206,32,-0.1867
ENSG00000220522,49,-0.1868
GAPDHP25,23,-0.1869
ENSG00000224267,220,-0.1869
STSP1,215,-0.187
DUX4L50,27,-0.1872
ZNF285CP,48,-0.1875
FNDC1-AS1,130,-0.1875
ENSG00000226249,193,-0.1875
LINC01394,454,-0.1876
RPL31P49,132,-0.1877
RN7SL183P,162,-0.188
LINC00112,30,-0.188
ENSG00000232027,142,-0.1881
ENSG00000289623,159,-0.1884
ENSG00000270147,332,-0.1887
ENSG00000236583,307,-0.1889
ENSG00000279306,207,-0.1893
ENSG00000227125,27,-0.1895
ENSG00000250260,36,-0.1896
ENSG00000273212,437,-0.1897
ENSG00000251338,54,-0.1898
STUB1-DT,144,-0.1898
ENSG00000146722,118,-0.1899
CSF2RBP1,93,-0.1902
ENSG00000287427,35,-0.1904
ABT1P1,121,-0.1905
PRLH,66,-0.1905
RN7SKP226,28,-0.1905
ENSG00000289841,357,-0.1906
RALBP1P2,170,-0.1907
ENSG00000259696,424,-0.1908
ATP1B3P1,103,-0.191
ENSG00000259173,63,-0.1911
RNU6-1127P,263,-0.1911
RAB5CP1,29,-0.1912
UCN3,203,-0.1913
SNORA62-5,28,-0.1914
ENSG00000289027,179,-0.1916
LINC00477,140,-0.1916
TSEN15P1,65,-0.1916
SMPD4P2,166,-0.1917
RPL6P12,23,-0.1917
SNX18P13,48,-0.1919
LINC01365,60,-0.1921
ERVV-1,60,-0.1922
RNU6-1310P,352,-0.1922
FAM9A,23,-0.1924
TLK1P1,694,-0.1924
LINC02216,22,-0.1924
ENSG00000285861,118,-0.1926
ENSG00000243328,26,-0.1927
LINC02923,545,-0.1931
TEX13D,93,-0.1932
ENSG00000231902,338,-0.1933
ENSG00000270911,38,-0.1934
GAL3ST3,361,-0.1935
OR7E126P,55,-0.1935
ENSG00000254183,69,-0.1939
RN7SL470P,98,-0.194
ENSG00000286222,169,-0.194
ENSG00000277782,486,-0.1941
ENSG00000253342,201,-0.1943
TBX22,252,-0.1947
ENSG00000270487,146,-0.1947
BLOC1S6P1,257,-0.1948
ENSG00000287186,81,-0.1951
FRG2B,90,-0.1951
ALG1L14P,28,-0.1951
ENSG00000276074,54,-0.1952
RNA5SP138,37,-0.1952
OR2M1P,133,-0.1953
RN7SL525P,36,-0.1955
RN7SKP102,62,-0.1955
RNA5SP212,516,-0.1956
CCNYL6,311,-0.1957
AP2B1P1,1647,-0.1958
RPS3AP25,96,-0.1958
HIGD1AP17,226,-0.196
ENSG00000272371,152,-0.1962
HMGN1P34,154,-0.1962
LINC01370,39,-0.1963
ENSG00000273066,134,-0.1966
RPL7AP43,129,-0.1967
MTATP6P15,40,-0.1967
ENSG00000235785,135,-0.1971
Metazoa_SRP-164,48,-0.1973
ENSG00000265484,544,-0.1974
LINC01698,412,-0.1974
ENSG00000267783,243,-0.1975
ENSG00000236162,44,-0.1976
GUSBP8,39,-0.198
ENSG00000274370,273,-0.198
U1-1,177,-0.1981
GAPDHP21,87,-0.1984
ENSG00000290556,38,-0.1985
RPS15AP40,62,-0.1987
COMMD4P1,23,-0.1988
VN1R78P,63,-0.199
OR14K1,71,-0.1991
ENSG00000286448,42,-0.1994
GPR88,50,-0.1995
ENSG00000279925,28,-0.1996
UBE2K,7625,-0.1996
Y_RNA-307,30,-0.1996
ENSG00000270799,134,-0.1996
ART2BP,50,-0.2001
IRF1-AS1,136,-0.2002
ENSG00000266901,30,-0.2002
ENSG00000234206,82,-0.2005
ENSG00000213867,24,-0.2005
ENSG00000275017,32,-0.2005
ENSG00000286871,109,-0.2005
RPL32P31,24,-0.2006
GSX2,109,-0.2009
ENSG00000213331,138,-0.2011
FAM170B-AS1,189,-0.2012
ENSG00000218565,118,-0.2013
ENSG00000261394,489,-0.2014
FANK1-AS1,20,-0.2015
ENSG00000273925,433,-0.2016
PRKCZ-DT,211,-0.2016
ENSG00000258716,33,-0.2016
ENSG00000273176,157,-0.2016
DNM1P34,55,-0.2018
RNF185-AS1,28,-0.202
ENSG00000267363,154,-0.202
CAPZA1P1,209,-0.202
NUS1P3,84,-0.2021
ENSG00000279160,91,-0.2022
WDR82P1,22,-0.2024
ENSG00000280144,65,-0.2025
RPS7P8,371,-0.2025
ENSG00000287834,689,-0.2026
KAAG1,117,-0.2028
H2AL3,74,-0.2028
ENSG00000253744,154,-0.2029
ENSG00000287830,61,-0.2031
MRPL22P1,134,-0.2038
ATP6V0E1P3,26,-0.2039
TDGF1P6,33,-0.2041
KRT8P11,116,-0.2041
KRT18P28,329,-0.2045
ENSG00000253991,394,-0.2046
CLCP2,104,-0.2049
DDX18P3,193,-0.2049
CPXCR1,254,-0.205
ENSG00000271353,29,-0.205
ENSG00000260640,74,-0.2052
ENSG00000266522,112,-0.2053
LINC01975,567,-0.2055
LINC02554,77,-0.2056
ENSG00000240980,159,-0.2058
ENSG00000260605,69,-0.2058
ENSG00000229559,34,-0.2062
PRY2,72,-0.2065
ENSG00000235583,181,-0.2066
ANKRD11P2,76,-0.2068
ENSG00000263733,62,-0.207
RPL7L1P8,227,-0.207
ENSG00000262539,54,-0.2071
ENSG00000255437,54,-0.2071
IGHG4,199,-0.2073
ENSG00000287971,28,-0.2073
ENSG00000286538,38,-0.2078
TPM4P1,35,-0.2078
TMED10P1,174,-0.2079
CALM2P4,28,-0.208
VDAC1P4,337,-0.2086
EEF1B2P2,28,-0.2088
ENSG00000271314,157,-0.2089
RPL23AP48,44,-0.2089
PPIAP52,63,-0.209
ENSG00000287223,600,-0.209
Y_RNA-714,376,-0.2091
RPL10P8,28,-0.2093
ENSG00000228553,261,-0.2093
ENSG00000259545,64,-0.2095
LINC00605,176,-0.2096
ENSG00000287285,37,-0.2097
ENSG00000232360,70,-0.21
ENSG00000236674,93,-0.21
RNU6-579P,80,-0.2101
FMO9P,57,-0.2104
ENSG00000251189,46,-0.2105
RN7SL569P,55,-0.211
PAGE4,94,-0.2111
ENSG00000285974,529,-0.2111
PABPN1P1,426,-0.2111
LINC02111,73,-0.2113
CTSG,60,-0.2113
ENSG00000290834,40,-0.2115
ENSG00000284692,59,-0.2117
CTSLP1,112,-0.2119
ENSG00000285020,202,-0.2119
RN7SKP163,690,-0.2119
ENSG00000223429,37,-0.212
ENSG00000275392,62,-0.2122
ENSG00000287282,121,-0.2124
ENSG00000279498,26,-0.2125
ENSG00000258831,60,-0.2126
GRK6P1,375,-0.2126
GPR89P,118,-0.2127
ENSG00000273424,398,-0.2131
ENSG00000286754,49,-0.2132
ENSG00000278946,238,-0.2132
SSXP9,25,-0.2132
ENSG00000232959,288,-0.2137
AIMP1P2,142,-0.2138
ENSG00000254957,97,-0.214
ENSG00000270470,191,-0.2141
ENSG00000234120,32,-0.2141
RNU6-1256P,59,-0.2141
RN7SL455P,80,-0.2144
HSPE1P6,22,-0.2145
MTCO3P24,55,-0.2148
ENSG00000286807,50,-0.215
ENSG00000268278,411,-0.215
ENSG00000253175,295,-0.2151
KRTAP21-3,101,-0.2151
MTCYBP41,70,-0.2152
ENSG00000287524,431,-0.2154
ENSG00000254678,45,-0.2154
TREM2,43,-0.2154
ENSG00000274214,149,-0.2157
ENSG00000257175,51,-0.2159
Y_RNA-353,72,-0.2159
MAGEB5,24,-0.2162
RN7SL262P,47,-0.2162
AK3P5,356,-0.2164
HMGB1P18,54,-0.2168
PES1P2,23,-0.2169
PPIAP6,106,-0.2172
ENSG00000275559,69,-0.2173
ENSG00000218757,57,-0.2173
ENSG00000288987,48,-0.2173
RCC2P4,37,-0.2173
SPANXA1,503,-0.2175
ENSG00000261552,514,-0.2176
H3P37,384,-0.2176
ENSG00000279780,32,-0.2178
BTF3L4P1,122,-0.2179
ZFAT-AS1,212,-0.2179
OFD1P3Y,99,-0.2181
ENSG00000279936,255,-0.2182
CLDN34,29,-0.2182
ENSG00000275406,211,-0.2182
ENSG00000290903,316,-0.2182
ENSG00000276109,38,-0.2182
ACTG1P18,45,-0.2184
ENSG00000287340,106,-0.2186
PPIAP9,269,-0.219
ENSG00000263234,55,-0.219
ENSG00000261751,130,-0.2191
ENSG00000268731,53,-0.2197
RPL37P2,60,-0.2197
RNU6-880P,63,-0.2198
ENSG00000273124,222,-0.22
H2AZP2,158,-0.22
KCNMB3P1,172,-0.2201
RPL36AP28,374,-0.2203
INSL5,72,-0.2204
ENSG00000231967,65,-0.2206
RPL3P6,131,-0.2206
ENSG00000253470,102,-0.2208
RPH3AL-AS1,87,-0.221
ENSG00000243402,34,-0.2212
ENSG00000228521,31,-0.2213
CEACAMP4,40,-0.2214
ENSG00000223539,116,-0.2215
BTF3P8,41,-0.2215
ENSG00000279225,68,-0.2215
HNRNPA1P65,46,-0.2219
BPIFA3,81,-0.2221
ENSG00000287049,23,-0.2223
ENSG00000223738,42,-0.2225
ENSG00000261332,227,-0.2226
RPS27P22,30,-0.2233
RPL21P89,24,-0.2233
ENSG00000242156,28,-0.2236
ZNF285BP,149,-0.2236
GARIN3,23,-0.2237
HSD3BP2,84,-0.2238
BPIFA1,36,-0.2239
ENSG00000289882,618,-0.2239
OR11H4,59,-0.2239
ENSG00000288777,34,-0.2247
ENSG00000287433,37,-0.2248
TMEM210,250,-0.2249
NDUFA5P3,90,-0.2253
PPIAP47,187,-0.2254
ENSG00000257616,28,-0.2254
PTCHD3P1,33,-0.2255
ENSG00000278725,451,-0.2256
ENSG00000272814,35,-0.2259
ENSG00000280455,100,-0.2259
ENSG00000257668,25,-0.2261
VTRNA1-1,151,-0.2261
ENSG00000230835,38,-0.2265
ENSG00000258928,44,-0.2266
NBPF22P,202,-0.2268
ENSG00000257813,34,-0.2269
RPL22P3,70,-0.227
PDZRN3-AS1,75,-0.227
MED15P4,41,-0.227
ENSG00000289988,121,-0.2271
KRT18P27,45,-0.2271
ENSG00000271029,119,-0.2272
ENSG00000228680,162,-0.2273
RNA5-8SP6,487,-0.2274
CYCSP2,51,-0.2276
FABP5P7,377,-0.2277
ENSG00000285606,57,-0.2277
ENSG00000270409,263,-0.2277
ENSG00000269371,40,-0.2279
GJD2,61,-0.2281
AKAP8P1,27,-0.2281
ENSG00000288799,164,-0.2283
GTSF1L,32,-0.2285
CCNT2P1,31,-0.2286
RNU6-1048P,28,-0.2286
PPIAP73,25,-0.2287
RPL7P44,197,-0.2288
ENOX1-AS1,129,-0.2298
ENSG00000237848,168,-0.2298
LINC01282,228,-0.23
LINC02676,333,-0.2301
CUL1P1,36,-0.2301
HNRNPA1P37,49,-0.2306
ENSG00000286407,26,-0.2307
ENSG00000246331,50,-0.2307
ENSG00000279288,30,-0.2309
ROPN1L-AS1,143,-0.2309
RNU6-934P,27,-0.231
MTCO3P22,20,-0.231
LINC00028,84,-0.2311
CTBP2P2,52,-0.2311
ENSG00000255118,162,-0.2313
LINC01046,55,-0.2315
ENSG00000242858,96,-0.2315
RPL9P32,190,-0.2316
GTF3C6P3,32,-0.2316
MAGI2-AS2,27,-0.2316
ENSG00000226668,69,-0.2317
ENSG00000259219,489,-0.2318
HNRNPA1P24,278,-0.232
ENSG00000287440,58,-0.2321
VN1R107P,39,-0.2323
ENSG00000224155,45,-0.2327
RBMXP4,60,-0.2327
MAPK8IP3-AS1,207,-0.233
RN7SL677P,41,-0.2332
ARL2BPP3,140,-0.2333
ENSG00000216475,50,-0.2334
RN7SL531P,121,-0.2334
GJA8,48,-0.2335
TTTY4C,39,-0.2338
C22orf15,134,-0.2338
RPL17P1,92,-0.2341
ZFRP1,47,-0.2341
ENSG00000228772,28,-0.2343
ENSG00000250126,155,-0.2344
RPS24P6,27,-0.2347
KIF1C-AS1,189,-0.2349
CDC26P1,128,-0.2353
ENSG00000255829,53,-0.2353
ENSG00000267240,79,-0.2361
ENSG00000272942,392,-0.2361
GIMD1,61,-0.2361
ENSG00000286454,218,-0.2361
ENSG00000282952,84,-0.2361
EIF1AXP2,27,-0.2366
ENSG00000289608,173,-0.2366
ZG16,191,-0.2366
SPCS2P2,156,-0.2368
BMS1P12,22,-0.2368
ENSG00000264296,26,-0.2369
ENSG00000263189,61,-0.2369
ENSG00000260507,117,-0.237
ENSG00000215586,24,-0.237
ENSG00000286425,314,-0.2372
ENSG00000250480,107,-0.2373
ENSG00000268461,45,-0.2374
ENSG00000287755,193,-0.2378
ENSG00000287969,115,-0.2381
RNU6-567P,54,-0.2382
ENSG00000236968,165,-0.2383
ENSG00000260695,85,-0.2383
ENSG00000287947,51,-0.2385
RPS3AP34,418,-0.2385
ENSG00000255060,169,-0.2387
ENSG00000228622,50,-0.2387
ENSG00000250234,78,-0.2389
ENSG00000289383,65,-0.2389
ENSG00000230121,34,-0.24
GAPDHP39,53,-0.2406
RPS15AP34,22,-0.2407
TYMSP2,90,-0.241
DEFB126,34,-0.2411
ENSG00000267591,41,-0.2411
ZBTB12BP,112,-0.2413
ENSG00000218472,24,-0.2414
SETP4,83,-0.2415
CDC42P1,44,-0.2416
ENSG00000287289,61,-0.2417
ENSG00000255167,76,-0.2417
ATG12P2,25,-0.2417
ENSG00000236510,76,-0.2418
CCL1,50,-0.2418
ENSG00000288556,149,-0.2419
ENSG00000234714,65,-0.242
ENSG00000272537,51,-0.2423
ENSG00000290103,49,-0.2423
HNRNPA1P18,37,-0.2428
ENSG00000228708,80,-0.2429
ENSG00000249077,170,-0.243
KRTAP1-1,80,-0.2433
ENSG00000212712,103,-0.2434
ENSG00000287614,52,-0.2436
ENSG00000288810,42,-0.2438
ENSG00000259649,299,-0.2442
ENSG00000289908,26,-0.2442
Y_RNA-269,79,-0.2445
XXYLT1-AS1,20,-0.2446
ENSG00000250769,28,-0.2453
KRT17P2,23,-0.2453
GTF3AP5,67,-0.2457
HRH3,291,-0.246
TPD52L3,20,-0.2462
ENSG00000270314,105,-0.2463
ENSG00000273293,38,-0.2463
ENSG00000177418,465,-0.2464
RPL7P43,96,-0.2465
LINC02304,33,-0.2468
NMS,70,-0.247
ENSG00000253144,36,-0.2471
ENSG00000274756,139,-0.2473
RPL26P31,43,-0.2477
RPL17P26,32,-0.2481
ENSG00000256657,85,-0.2481
ENSG00000258853,101,-0.2482
Y_RNA-175,44,-0.2485
ENSG00000284603,29,-0.2487
ENSG00000237293,129,-0.2487
ENSG00000284650,110,-0.2488
RPS3AP2,596,-0.2489
ENSG00000286300,117,-0.2489
ENSG00000270531,90,-0.249
HMGB3P21,21,-0.2491
ENSG00000213169,20,-0.2492
RNF113B,131,-0.2496
RPS3AP28,22,-0.25
ENSG00000279032,85,-0.25
HLA-DQB1-AS1,57,-0.25
PAFAH1B1P1,66,-0.2507
TCP11X3P,132,-0.2507
ENSG00000279200,94,-0.2508
ENSG00000288081,102,-0.2511
RPS12P4,45,-0.2511
ENSG00000277831,25,-0.2511
ENSG00000227081,191,-0.2512
LYST-AS1,169,-0.2512
MPHOSPH10P1-1,74,-0.2515
PPIAP89,45,-0.2518
RPS3AP17,20,-0.2518
OR2A25,24,-0.2519
ENSG00000242198,125,-0.2525
ENSG00000264937,298,-0.2529
ENSG00000249842,109,-0.2529
OR2A15P,77,-0.2537
RPL37P12,51,-0.2538
TAS2R42,83,-0.254
APOOP1,38,-0.2543
UBTFL6,32,-0.2547
ENSG00000231762,92,-0.2547
ENSG00000272203,454,-0.2547
MYL12BP1,167,-0.255
ENSG00000235972,21,-0.2553
ENSG00000224001,304,-0.2553
PPM1AP1,97,-0.2557
Y_RNA-585,46,-0.2558
Y_RNA-385,82,-0.2558
ENSG00000287057,60,-0.256
ENSG00000267224,125,-0.2563
NUP210P3,57,-0.2565
ENSG00000283164,397,-0.257
NAT8,76,-0.257
PRR34-AS1,104,-0.2574
ENSG00000254844,218,-0.2574
RPL7P11,50,-0.2575
PRB1,195,-0.2575
LINC02146,55,-0.2576
ENSG00000279206,357,-0.2584
RN7SKP211,30,-0.2586
CCDC137P,21,-0.2586
NUP50P1,68,-0.2592
ENSG00000285988,49,-0.2594
ENSG00000275929,33,-0.2594
SRGAP3-AS3,81,-0.2597
ENSG00000260212,43,-0.2602
RBMXP1,26,-0.2605
ENSG00000290056,78,-0.2606
RPL10P12,153,-0.2607
ENSG00000286668,190,-0.2616
TRGV5,91,-0.2619
RPS18P6,22,-0.2619
ABI1P1,79,-0.2619
CT45A3,98,-0.2622
ENSG00000276863,170,-0.2623
RPL7P27,33,-0.2624
PNMA8C,53,-0.2625
ENSG00000262881,167,-0.2633
ENSG00000289191,48,-0.2634
RNU2-28P,104,-0.2635
CCDC179,389,-0.2639
DEFB109A,110,-0.264
ENSG00000232640,78,-0.2642
LINC01507,58,-0.2646
LINC02630,39,-0.2648
LINC02305,46,-0.2649
ENSG00000242444,194,-0.2649
BRD7P6,41,-0.2651
RPL12P35,46,-0.2652
RNU6-580P,69,-0.2654
ENSG00000274507,29,-0.2654
ENSG00000213972,75,-0.2654
BMPR1AP2,119,-0.2661
ENSG00000250727,110,-0.2661
ENSG00000240776,66,-0.2662
ENSG00000270996,80,-0.2662
ENSG00000290980,130,-0.2662
RPSAP73,31,-0.2666
ENSG00000270917,349,-0.2667
ENSG00000289061,62,-0.2668
ENSG00000237453,33,-0.2669
ENSG00000289959,70,-0.267
ENSG00000262950,233,-0.2672
IL9RP2,81,-0.2676
LINC02920,28,-0.2681
MRGPRG-AS1,35,-0.2688
ENSG00000285366,160,-0.2689
HMGN1P13,98,-0.269
ENSG00000213041,332,-0.269
ENSG00000280300,65,-0.2691
RPL6P22,160,-0.2692
ILF2P1,33,-0.2693
Y_RNA-664,243,-0.2694
OR2AK2,184,-0.2695
ENSG00000286654,153,-0.2698
FAM205C,34,-0.27
ENSG00000217130,32,-0.2703
RPS3AP47,92,-0.2709
ENSG00000289603,144,-0.2711
ENSG00000240036,43,-0.2712
ENSG00000285597,110,-0.2713
OR6W1P,139,-0.2716
RFKP2,23,-0.2716
SIGLEC7,151,-0.2718
ENSG00000230033,104,-0.2719
UBE2E4P,107,-0.2722
KRT8P26,73,-0.2724
ENSG00000233919,22,-0.2729
ENSG00000225632,71,-0.2739
DMRTC1,23,-0.2741
BNIP3P6,60,-0.2744
FGF21,200,-0.2746
WASF1P1,23,-0.2749
OR5G3,20,-0.2749
MSANTD2P1,149,-0.2749
LTN1,7591,-0.2766
ENSG00000223440,308,-0.2767
ENSG00000260390,42,-0.2769
ENSG00000250828,25,-0.2772
ENSG00000272406,83,-0.2772
ENSG00000249865,23,-0.2775
ENSG00000262623,55,-0.2781
RPL23AP37,104,-0.2782
ENSG00000259381,101,-0.2784
SNRPEP2,114,-0.2788
ENSG00000270720,156,-0.2794
RNU6-702P,20,-0.2795
LCE2A,75,-0.2796
CDRT8,96,-0.2796
RNU2-70P,93,-0.2806
ENSG00000234455,52,-0.2808
OR52N5,63,-0.2812
RPS3AP35,108,-0.2813
ENSG00000287663,89,-0.2816
CSP2,23,-0.2816
ENSG00000259352,108,-0.2819
ENSG00000260939,24,-0.282
ENSG00000278915,62,-0.282
HSD17B3-AS1,40,-0.2825
PRAC1,63,-0.2825
ENSG00000230203,84,-0.2825
ENSG00000238277,25,-0.2831
ENSG00000287220,52,-0.2833
MTATP6P26,23,-0.2835
Metazoa_SRP-73,97,-0.2838
SLIT1-AS1,34,-0.2839
Y_RNA-74,39,-0.2845
FAM157B,70,-0.2846
ENSG00000229440,83,-0.2854
LINC02075,20,-0.2859
RPL7AP82,47,-0.286
ENSG00000237387,167,-0.2868
PGGT1BP1,182,-0.287
ENSG00000272861,121,-0.2872
MEMO1P4,51,-0.2873
ENSG00000285561,109,-0.2876
PDE6B-AS1,121,-0.2876
ENSG00000288791,73,-0.2877
ENSG00000286698,292,-0.288
LINC02121,90,-0.2884
EIF4A1P5,80,-0.2887
CCDC70,57,-0.2887
COX8C,342,-0.2894
ENSG00000273091,106,-0.2897
RPL7P38,105,-0.2906
ENSG00000223946,105,-0.2908
ENSG00000261655,22,-0.2908
ENSG00000254943,77,-0.2914
TRPC6P10,58,-0.2915
ENSG00000270812,250,-0.2917
ENSG00000231098,98,-0.2917
ENSG00000237160,30,-0.292
ENSG00000280043,74,-0.292
FMO9P-1,32,-0.2921
ENSG00000288549,57,-0.2927
SEBOX,48,-0.2929
KRTAP4-8,121,-0.2929
LILRB1-AS1,46,-0.2931
ENSG00000287173,58,-0.2932
ENSG00000231336,22,-0.2932
RPL6P32,39,-0.2935
ENSG00000249727,57,-0.2936
LINC00304,30,-0.2937
RIPPLY1,112,-0.2944
ENSG00000287993,23,-0.2949
ENSG00000278908,37,-0.295
PHF10P1,92,-0.2954
ARHGAP42P1,60,-0.2958
ENSG00000273461,27,-0.2958
ENSG00000260681,119,-0.296
SLC35G6,86,-0.2965
ENSG00000234019,41,-0.2966
Metazoa_SRP-11,64,-0.2968
SNX18P5,89,-0.2969
PSMD10P3,81,-0.2972
VTRNA1-2,94,-0.2972
FAM74A6,49,-0.2973
KRT18P12,174,-0.2977
ENSG00000255928,22,-0.2985
RPS3AP21,216,-0.2989
ENSG00000228503,80,-0.2991
ENSG00000264104,21,-0.2991
KRT82,78,-0.2995
CACNA1C-AS2,320,-0.2997
ENSG00000280408,30,-0.2998
Metazoa_SRP-43,21,-0.3002
RN7SL301P,34,-0.3002
ENSG00000243584,60,-0.3004
ENSG00000256473,37,-0.3005
FRMPD4-AS1,104,-0.3008
ENSG00000265697,67,-0.301
ENSG00000287247,25,-0.3011
ENSG00000275480,264,-0.3011
HADHBP1,71,-0.3012
TRGV9,22,-0.3014
KRTAP3-3,88,-0.3016
ENSG00000287458,191,-0.3022
MTND1P3,21,-0.3029
ENSG00000232009,107,-0.3029
PGAM4P1,38,-0.3032
ENSG00000280400,23,-0.3033
LILRA1,44,-0.3036
ENSG00000255343,131,-0.3037
ENSG00000285361,54,-0.304
ENSG00000278595,30,-0.3046
HDGFL3P1,91,-0.3047
ENSG00000239395,160,-0.3047
ENSG00000289461,46,-0.3048
ENSG00000287084,34,-0.3051
KRT18P29,23,-0.3051
RN7SL266P,21,-0.3053
UBE2L4,216,-0.3058
ENSG00000291230,266,-0.3068
ENSG00000267303,55,-0.307
HNRNPA1P19,89,-0.3072
ATP5PDP2,55,-0.3075
ENSG00000251313,60,-0.3078
NAMPTP3,83,-0.3085
S100A12,55,-0.309
ENSG00000228048,142,-0.3092
RPL7AP47,26,-0.3094
ENSG00000257918,84,-0.3096
NIFKP4,85,-0.3098
ENSG00000287096,26,-0.3105
RNA5SP437,158,-0.3106
RPSAP5,36,-0.311
IGHV3-37,43,-0.3113
ENSG00000279511,106,-0.3119
ENSG00000229112,20,-0.312
SPATA31A7,40,-0.3123
ENSG00000291285,197,-0.3126
ENSG00000228658,46,-0.3126
TOMM40P4,105,-0.3135
ENSG00000278977,54,-0.3142
ENSG00000261393,167,-0.3142
ANXA2P3,87,-0.3144
FAM207BP,163,-0.315
CPNE2-DT,132,-0.3152
ENSG00000224038,28,-0.3152
ENSG00000243802,93,-0.3157
ENSG00000287821,52,-0.3157
ENSG00000214812,44,-0.316
ENSG00000229110,60,-0.3163
ENSG00000286779,23,-0.3165
OR11H13P,366,-0.3166
ADIPOR1P1,27,-0.3168
MATR3P1,24,-0.3172
ENSG00000237704,95,-0.3173
ENSG00000277856,23,-0.3173
RN7SL370P,61,-0.3176
ENSG00000287253,24,-0.3177
ENSG00000257262,105,-0.3178
NMD3P1,59,-0.3192
ENSG00000259216,25,-0.3194
GTF2IP11,68,-0.3195
BNIP3P8,84,-0.3196
IGHV3-74,24,-0.3199
KRT18P57,92,-0.3201
UBTFL8,47,-0.3226
SRP14P1,116,-0.3237
CGB5,80,-0.3239
ENSG00000230979,71,-0.3241
ENSG00000230741,28,-0.3241
RPS12P17,28,-0.3242
ENSG00000250572,20,-0.3245
ENSG00000288532,29,-0.3248
KPRP,39,-0.3257
MS4A7,84,-0.3258
ENSG00000274879,43,-0.326
LINC01548,78,-0.3273
UBE2CP1,21,-0.3276
ENSG00000233096,31,-0.3277
ENSG00000283583,34,-0.3282
BNIP3P42,82,-0.3284
LINC02779,63,-0.3286
ADAM21P1,42,-0.3292
ENSG00000278528,34,-0.3293
ENSG00000273321,54,-0.3295
HNRNPA3P13,81,-0.3305
ENSG00000289547,43,-0.3305
ENSG00000279912,40,-0.3306
GAPDHP52,38,-0.3306
ENSG00000273403,270,-0.3312
CTAGE10P,76,-0.3312
DEFB108B,51,-0.3315
PRICKLE2-AS2,76,-0.3315
RNASE13,24,-0.332
LINC01665,43,-0.3322
FAM138E,25,-0.3323
ENSG00000239804,40,-0.3349
ENSG00000259364,102,-0.3349
ENSG00000234892,117,-0.3353
RNU6-105P,65,-0.3361
HMGN2P38,54,-0.3369
ENSG00000266446,100,-0.3371
ENSG00000267304,90,-0.3372
XAGE1B,84,-0.3372
RN7SL415P,71,-0.3375
UBE2V1P13,77,-0.3377
ENSG00000232482,58,-0.338
ADH1A,85,-0.3389
ENSG00000230908,20,-0.3392
ENSG00000256674,32,-0.3394
ENSG00000235689,38,-0.3396
ENSG00000288540,58,-0.3403
VTRNA2-2P,46,-0.3405
ENSG00000253177,53,-0.3421
ENSG00000258224,25,-0.3424
RPS3AP39,26,-0.3425
SPRR2F,25,-0.3433
CLSTN2-AS1,57,-0.3437
ENSG00000201733,46,-0.344
PRAMEF15,26,-0.344
Y_RNA-626,62,-0.3443
ENSG00000253384,58,-0.3451
ENSG00000264196,22,-0.3459
ENSG00000257171,32,-0.346
ENSG00000287411,53,-0.3462
RN7SL176P,33,-0.3464
LINC02781,71,-0.347
ENSG00000205830,52,-0.3473
NT5DC1P2,59,-0.3477
ENSG00000267135,42,-0.3478
OR4A46P,73,-0.348
ENSG00000279045,22,-0.3481
ATXN7L3P1,21,-0.3482
ENSG00000289395,146,-0.3484
RPL13P2,30,-0.3485
LINC01743,47,-0.3486
NME2P3,53,-0.3487
ENSG00000257378,25,-0.3503
ENSG00000238575,73,-0.3504
ENSG00000198923,22,-0.3505
ENSG00000227269,95,-0.3508
RPS15AP16,25,-0.3508
PHB1P12,33,-0.351
ENSG00000260082,40,-0.352
DEFB107B,21,-0.3529
RPL36AP51,24,-0.353
TDH-AS1,62,-0.3539
HNRNPA1P56,24,-0.3544
ENSG00000215444,31,-0.3546
HNRNPKP5,25,-0.3546
U6,36,-0.3553
ENSG00000228194,31,-0.3556
RNU6-1300P,26,-0.3557
RNF2P1,55,-0.3578
GLRX5P3,23,-0.3581
OR5A1,115,-0.3588
ENSG00000242145,20,-0.359
GAGE2E,37,-0.359
ENSG00000257826,90,-0.3604
LINC01690,20,-0.3605
RPL3P13,28,-0.3618
MTND5P17,22,-0.3635
ENSG00000287847,32,-0.3636
ENSG00000225378,103,-0.3639
ENSG00000272312,126,-0.3642
ENSG00000286418,27,-0.3652
ENSG00000287066,27,-0.3652
ENSG00000287902,49,-0.3653
ENSG00000224555,67,-0.3655
ENSG00000269354,35,-0.3655
ENSG00000280636,48,-0.3662
RPS3AP30,28,-0.3666
ENSG00000260237,41,-0.3668
SNORD7,39,-0.3675
OR52N4,57,-0.3683
SLC25A24P2,73,-0.3684
ENSG00000261043,25,-0.3685
ENSG00000272446,22,-0.3691
LINC02717,35,-0.3694
ENSG00000270553,65,-0.3697
SLC7A14-AS1,28,-0.3698
GXYLT1P6,30,-0.37
ENSG00000279155,24,-0.37
Metazoa_SRP-59,49,-0.3706
ENSG00000290594,27,-0.3707
ENSG00000288883,31,-0.371
ENSG00000254933,30,-0.3714
LINC02271,51,-0.3719
ENSG00000290368,63,-0.3725
ATP6V0E1P1,64,-0.3729
ENSG00000224414,38,-0.3729
SRMP2,29,-0.3731
NDUFB9P2,104,-0.3735
ENSG00000216621,77,-0.3737
RN7SKP90,70,-0.3739
ENSG00000261215,44,-0.3745
ENSG00000291219,50,-0.3752
SUMO2P8,59,-0.3753
RPL6P29,35,-0.3756
ENSG00000233626,23,-0.376
LINC02032,71,-0.376
AKR1B10P1,66,-0.3762
ENSG00000234921,45,-0.3764
CCT8L2,46,-0.3772
GMFBP1,43,-0.3775
ENSG00000287486,60,-0.3786
ENSG00000223643,25,-0.3794
ENSG00000279209,116,-0.3795
POLR3GP2,40,-0.3799
ENSG00000229854,31,-0.3806
FAM170A,31,-0.3809
RN7SL396P,33,-0.381
ENSG00000262116,97,-0.3812
ENSG00000225854,45,-0.3827
LINC01883,21,-0.3832
RN7SL513P,88,-0.3833
ENSG00000259923,31,-0.3844
ENSG00000223999,36,-0.3851
OR7E66P,136,-0.3858
ENSG00000286296,49,-0.3872
ENSG00000276214,34,-0.3875
ENSG00000252096,23,-0.3882
ENSG00000284625,42,-0.3882
ZNF736P8Y,85,-0.3891
ENSG00000260382,49,-0.3897
PRELID3BP4,46,-0.3898
CDX4,22,-0.3901
LRRC18,62,-0.3908
ENSG00000259287,76,-0.392
ENSG00000236326,146,-0.3924
ENSG00000228027,34,-0.3925
ENSG00000250665,58,-0.3925
ENSG00000223027,20,-0.3934
ENSG00000273056,114,-0.3936
ENSG00000267231,86,-0.3943
MTND5P1,21,-0.3949
ENSG00000267420,71,-0.3955
ENSG00000274499,21,-0.3961
ENSG00000234578,70,-0.3965
IMPDH1P3,40,-0.3977
ENSG00000253153,26,-0.3977
DPRXP1,24,-0.3981
RN7SL460P,28,-0.3985
ENSG00000289962,30,-0.3994
ENSG00000279043,34,-0.3996
RPL26P9,53,-0.3999
ENSG00000275995,28,-0.4
ENSG00000232986,29,-0.4001
ENSG00000230328,21,-0.4003
RNU6-933P,63,-0.4013
TREML1,92,-0.4016
ENSG00000217078,96,-0.4017
GDF10,38,-0.4021
RPL26P29,23,-0.4034
EIF3LP1,35,-0.4034
ENSG00000224516,21,-0.4035
RPL26P28,46,-0.4041
ENSG00000271410,29,-0.4051
OR10D1P,30,-0.4063
MZT1P2,89,-0.4072
ENSG00000225785,71,-0.4082
CFL1P8,51,-0.4092
GCSHP4,53,-0.411
ENSG00000287961,52,-0.4114
RNF126P1,77,-0.4125
ENSG00000220702,102,-0.4133
ENSG00000220986,25,-0.4137
ENSG00000231467,27,-0.4139
KPNB1P1,51,-0.414
ENSG00000289060,30,-0.4148
ENSG00000286697,27,-0.4149
TUBBP6,33,-0.415
ENSG00000260575,29,-0.416
MTND4P26,67,-0.416
ENSG00000285401,45,-0.4178
ENSG00000286460,36,-0.4179
ENSG00000286516,35,-0.4183
ENSG00000258538,27,-0.419
MRPS18AP1,36,-0.4199
ENSG00000263218,73,-0.4201
CADM3-AS1,132,-0.4206
DNAJA1P2,25,-0.4261
NOVA1-DT,70,-0.4266
KCNS2,156,-0.427
Y_RNA-658,52,-0.4281
BASP1P1,29,-0.4286
ENSG00000233970,64,-0.4288
TMDD1,47,-0.4296
SEPHS1P6,23,-0.431
MTCYBP33,55,-0.4319
NF1P7,89,-0.4322
GAR1-DT,119,-0.4325
PTMAP15,21,-0.4331
ADRB3,25,-0.435
SEPTIN2P1,22,-0.4358
FNTAP1,41,-0.4366
ENSG00000270068,29,-0.4373
TBC1D3I,108,-0.4378
EIF3LP2,80,-0.438
CYP2A7,30,-0.4385
ENSG00000224172,52,-0.4407
ENSG00000238156,41,-0.4413
ENSG00000242068,42,-0.4416
ENSG00000241690,47,-0.4422
ENSG00000284839,24,-0.4422
ENSG00000224277,94,-0.4433
ENSG00000290423,78,-0.4433
RPL23AP68,64,-0.4446
ENSG00000272710,56,-0.445
RPS26P39,22,-0.4459
IFITM4P,34,-0.4465
RNA5SP204,35,-0.4467
ENSG00000230221,44,-0.447
RPS3AP32,36,-0.4473
LINC02162,30,-0.448
PRR13P3,33,-0.4486
PPIAP11,38,-0.4522
ENSG00000231984,20,-0.4542
ENSG00000282836,30,-0.4545
ENSG00000219559,39,-0.4546
Y_RNA-85,45,-0.4552
FAM197Y9-1,21,-0.4559
ENSG00000289643,41,-0.456
ENSG00000241546,52,-0.4564
LINC01101,81,-0.4569
CHCHD2P2,27,-0.4573
ENSG00000230322,26,-0.459
ENSG00000286892,109,-0.4598
TBC1D3P2,46,-0.4603
ENSG00000267808,25,-0.4604
HMGB1P38,88,-0.4608
PRAMENP,60,-0.4612
ENSG00000248926,20,-0.464
ENSG00000226208,21,-0.4686
RNU6-722P,49,-0.4686
SDR42E1P4,20,-0.4708
ENSG00000253085,46,-0.4727
ENSG00000233479,139,-0.4729
MAP1LC3BP1,31,-0.4743
RNY3P14,21,-0.4752
PVRIG,27,-0.4754
ENSG00000186076,23,-0.4811
Y_RNA-414,23,-0.4812
DEFB130D,32,-0.4851
ENSG00000205625,30,-0.4868
ENSG00000259910,38,-0.4886
PRDX3P4,41,-0.4905
DCAF13P1,109,-0.4911
ENSG00000288788,46,-0.4929
ENSG00000278830,33,-0.495
ENSG00000284071,27,-0.4961
GAPDHP70,50,-0.4972
ENSG00000251535,35,-0.4975
ENSG00000255260,53,-0.5006
ENSG00000264207,46,-0.5008
TSPY6P,22,-0.5022
ENSG00000286359,41,-0.5053
RPL7AP10,22,-0.5054
ENSG00000243903,32,-0.511
ENSG00000279300,21,-0.5111
Y_RNA-247,30,-0.5137
RN7SKP231,28,-0.5145
LLCFC1,22,-0.5149
KRT28,36,-0.5155
ENSG00000290029,34,-0.5157
RNU6-512P,23,-0.5158
ENSG00000277576,40,-0.5185
ENSG00000272021,60,-0.5233
ENSG00000231965,24,-0.5237
NOP56P2,24,-0.5245
ENSG00000232675,40,-0.525
KDM5DP1,41,-0.5259
ENSG00000249176,22,-0.5285
ENSG00000285653,22,-0.5317
ENSG00000225893,20,-0.5327
ENSG00000248369,28,-0.5333
NF1P9,24,-0.5375
Metazoa_SRP-87,28,-0.5383
ENSG00000255369,24,-0.5456
NACAP7,26,-0.5459
ENSG00000258509,22,-0.55
FABP5P5,25,-0.5502
SPANXC,83,-0.551
RBM22P4,24,-0.5516
RBPJP2,23,-0.5519
ENSG00000289610,23,-0.5523
RNY3P8,20,-0.5547
TSPY10,24,-0.5632
FTLP6,20,-0.5662
ENSG00000250409,24,-0.5664
LINC02529,59,-0.5666
KRT18P14,31,-0.5709
ELOCP2,30,-0.5757
RANBP20P,21,-0.5834
RPL23AP46,22,-0.589
U8-9,28,-0.59
ENSG00000290665,25,-0.5927
HNRNPA3P15,31,-0.5953
ENSG00000249433,25,-0.6096
HNRNPA1P13,24,-0.6303
Y_RNA-465,38,-0.6419
RPL27AP5,20,-0.6667
RN7SL840P,31,-0.6753
ENSG00000256923,22,-0.6802
ENSG00000203498,23,-0.6864
ENSG00000259198,20,-0.6866
NANOGP2,22,-0.7133
SPATA31C2,20,-0.7417
5S_rRNA-1,5,
A2ML1-AS2,1,
A2MP1-1,12,
ABCB10P1,2,
ABCB10P4,7,
ABCD1P2,1,
ABCD1P3,1,
ABCD1P5,2,
ABHD17AP4,11,
ABHD17AP5,4,
ACSL6-AS1,11,
ACTG1P13,18,
ACTG1P19,5,
ACTL9,5,
ACTP1,15,
ACTR1AP1,5,
ACTR3BP4,2,
ACTR3BP5,3,
ACTR3P3,5,
ACTR6P1,2,
ACTRT1P1,1,
ADAD1P2,2,
ADAM20P2,2,
ADAM24P,4,
ADAMTS7P4,11,
ADGB-DT,9,
ADGRF5P2,5,
ADI1P1,11,
ADIPOR1P2,16,
ADORA3,7,
AGGF1P4,1,
AGGF1P5,1,
AGGF1P9,4,
AGKP2,15,
AGPAT5P1,13,
AGRP,10,
AHCYP2,2,
AHCYP7,7,
AHSP,9,
AIDAP3,15,
AK6P1,1,
AK6P2,7,
AKIRIN1P1,2,
AKIRIN1P2,1,
AKIRIN2P1,1,
AKR1B1P2,3,
AKR1B1P6,8,
AKR7A2P2,18,
ALDH7A1P2,2,
ALG1L11P,19,
ALG1L12P,17,
ALG1L9P-1,3,
AMD1P1,5,
AMD1P2,3,
AMY2A,7,
ANAPC15P2,2,
ANKRD20A10P,15,
ANKRD49P4,2,
ANKRD54P1,2,
ANP32BP3,8,
AP1B1P1,1,
APCS,1,
APOOP4,17,
AQP12A,1,
AQP12B,3,
AQP2,13,
AQP7P4,9,
ARHGAP16P,5,
ARHGAP42P3,7,
ARHGAP42P4,9,
ARHGEF7-AS2,7,
ARL2BPP1,5,
ARL2BPP4,3,
ARL2BPP8,1,
ARL4AP1,7,
ARL5AP4,2,
ARL5AP5,6,
ARMC8P1,1,
ARPC1BP1,3,
ARPC3P4,9,
ARPP21-AS1,1,
ART2P,2,
ASB9P1,1,
ASCL4,5,
ASDURF,5,
ASNSP4,1,
ASS1P10,3,
ASS1P11,12,
ASS1P12,17,
ASS1P13,19,
ASS1P3,8,
ASS1P7,4,
ASS1P9,2,
ATF4P1,17,
ATF4P2,2,
ATG3P1,1,
ATOSBP1,4,
ATP5F1AP1,9,
ATP5F1AP4,2,
ATP5F1EP2,1,
ATP5MC1P3,5,
ATP5MC1P4,14,
ATP5MC2P4,13,
ATP5MF-PTCD1,1,
ATP5MFP4,10,
ATP5MFP5,1,
ATP5MFP6,5,
ATP5MGP1,10,
ATP5MGP2,1,
ATP5MGP3,2,
ATP5MGP7,1,
ATP5MGP8,1,
ATP5PBP3,2,
ATP5PBP4,3,
ATP5PBP6,1,
ATP6V0CP1,12,
ATP6V1G1P2,16,
ATP6V1G1P5,1,
ATP6V1G1P6,3,
ATP6V1G1P7,1,
AURKBP1,6,
B3GAT3P1,5,
BANF1P4,1,
BANF1P5,1,
BCAP31P1,1,
BCAR1P1,1,
BCL9P1,3,
BCRP1,7,
BCRP2,6,
BCRP8,12,
BCRP9,1,
BDH2P1,10,
BDP1P,15,
BEND3P2,5,
BHLHE22-AS1,13,
BHLHE23,1,
BICD1P1,13,
BIN2P1,10,
BIN2P2,2,
BIRC6-AS2,7,
BMF-AS1,8,
BMI1P1,2,
BMP15,7,
BMP7-AS1,12,
BMS1P11,12,
BMS1P13,2,
BMS1P19,1,
BMS1P22,1,
BNIP3P10,3,
BNIP3P15,3,
BNIP3P17,16,
BNIP3P19,5,
BNIP3P2,12,
BNIP3P22,4,
BNIP3P24,1,
BNIP3P26,8,
BNIP3P28,6,
BNIP3P30,2,
BNIP3P31,5,
BNIP3P35,1,
BNIP3P36,5,
BNIP3P37,19,
BNIP3P38,9,
BNIP3P7,5,
BOLA3P4,5,
BPNT2P1,2,
BRD7P1,12,
BRD9P1,1,
BRI3BPP1,1,
BRI3P1,2,
BRI3P2,1,
BRIX1P1,5,
BRWD1P1,3,
BRWD1P2,3,
BSNDP4,4,
BTBD7P2,11,
BTF3L4P3,4,
BTF3P2,10,
BTF3P9,1,
BTG1P1,15,
BTG3P1,4,
BUB3P1,9,
C10orf120,4,
C16orf82,1,
C1DP3,2,
C1DP5,2,
C1QA,3,
C1QB,16,
C1QC,3,
C20orf181,6,
C22orf42,16,
C2orf69P3,2,
CAB39P1,11,
CABP2,5,
CABS1,2,
CABYRP1,7,
CACNA1C-AS3,5,
CACNA1C-AS4,17,
CACYBPP3,5,
CAMTA1-AS1,6,
CAPSL-DT,2,
CAPZA1P3,18,
CAPZA3,2,
CARS1P1,10,
CARS1P2,1,
CASC23,11,
CASP3P1,8,
CBR4-DT,14,
CBX3P8,5,
CCDC182,5,
CCDC185,9,
CCDC54,3,
CCL13,12,
CCL21,3,
CCNB1IP1P3,1,
CCNB3P1,8,
CCND2P1,1,
CCND3P1,3,
CCNYL5,8,
CCR12P,1,
CCT4P1,11,
CCT6P4,9,
CD177P1,11,
CD1C,7,
CD1E,5,
CD200LP,3,
CD24P1,1,
CD84P1,1,
CDC27P1,5,
CDC37P1,5,
CDC37P2,12,
CDC42EP3P1,6,
CDC42P3,19,
CDCA4P1,4,
CDCA4P2,1,
CDH23-AS1,1,
CDK2AP2P2,2,
CDRT15,2,
CDRT15P1,4,
CDRT15P12,1,
CDRT15P14,1,
CDRT15P4,14,
CDRT15P5,1,
CDY10P,1,
CDY7P,2,
CEACAMP2,7,
CEACAMP3,9,
CEP19P1,1,
CES1P1-1,10,
CETN1,1,
CFAP53P1,2,
CFAP95-DT,10,
CFL1P4,1,
CHCHD2P7,7,
CHCHD2P9,3,
CHCHD4P2,3,
CHCHD4P4,15,
CHCHD4P5,8,
CHEK2P1,11,
CHEK2P2-1,12,
CHEK2P3,10,
CHEK2P4,2,
CHEK2P6,1,
CHIAP2,15,
CHIAP2-1,4,
CHMP4AP1,1,
CHORDC1P3,10,
CHP1P3,15,
CHRM3-AS1,14,
CICP26,1,
CICP27,7,
CICP28,1,
CICP4,3,
CICP5,1,
CICP9,2,
CKS1BP3,2,
CLEC4G,1,
CLNS1AP1,10,
CLPS,9,
CLPTM1LP1,7,
CLUHP10,3,
CLUHP5,3,
CLUHP8,13,
CMA1,7,
CMTM5,4,
CNGA2,4,
CNN2P1,11,
CNN2P8,17,
CNN3P1,1,
CNOT4P1,13,
CNTNAP3P1,9,
COL11A2P1,2,
COPS5P1,1,
CORO1CP1,1,
COX11P1,6,
COX17P1,18,
COX4I1P2,1,
COX5BP4,7,
COX6B1P5,1,
COX6B1P6,2,
COX6CP13,2,
COX6CP6,4,
CPSF1P2,1,
CRIP1P2,1,
CRLF3P1,2,
CRLF3P2,7,
CROCCP1,10,
CSH2,1,
CSHL1,2,
CSN2,18,
CSNK1A1P3,7,
CSP1,1,
CST12P,19,
CST9LP1,15,
CST9LP2,3,
CSTP1,1,
CSTP2,3,
CT45A7,1,
CT47B1,3,
CTAGE16P,16,
CTBP2P6,8,
CTDSPL2P2,11,
CTNNBL1P1,8,
CTSLP2-1,6,
CTSLP3,11,
CTSLP8,5,
CUL4AP1,4,
CXADRP2,11,
CXorf66,15,
CYB5AP2,13,
CYB5AP4,1,
CYCSP11,4,
CYCSP17,8,
CYCSP20,4,
CYCSP29,3,
CYCSP44,18,
CYCSP45,5,
CYCSP48,2,
CYCSP49,8,
CYCSP53,1,
CYCSP7,1,
CYP11B1,1,
CYP11B2,1,
CYP2A7P1,3,
CYP2A7P2,2,
CYP4F35P,16,
DAZ1,2,
DAZ4,17,
DAZAP2P1,13,
DBF4P2,16,
DBIP1,1,
DCANP1,3,
DCD,12,
DDI1,1,
DDX11L17,1,
DDX11L9,7,
DDX18P6,14,
DDX39BP2,16,
DDX3P2,3,
DDX43P2,2,
DDX6P1,8,
DEFA6,5,
DEFB103A,9,
DEFB103B,3,
DEFB104A,3,
DEFB108A,1,
DEFB108C,1,
DEFB108E,1,
DEFB108F,4,
DEFB109C,6,
DEFB110,9,
DEFB112,5,
DEFB114,2,
DEFB122,1,
DEFB127,1,
DEFB128,4,
DEFB129,3,
DEFB131D,2,
DEFB132,10,
DEFB133,10,
DEFB135,18,
DEFB136,10,
DERPC,1,
DIMT1P1,4,
DIS3L2P1,5,
DNAAF11P1,2,
DNAH8-DT,3,
DNAJA1P1,1,
DNAJA1P5,9,
DNAJA1P6,11,
DNAJB6P4,4,
DNAJC17P1,14,
DNAJC19P1,11,
DNAJC19P2,1,
DNAJC19P6,1,
DNAJC19P8,2,
DNM1P49,4,
DNM1P50,1,
DNMT3AP1,1,
DNMT3L-AS1,2,
DPP3P1,1,
DPP3P2,1,
DPPA2P1,3,
DPPA5,1,
DPPA5P4,1,
DPRXP6,6,
DPY19L4P2,1,
DSCR4,1,
DSTNP4,12,
DSTNP5,1,
DUTP1,12,
DUTP4,4,
DUTP5,3,
DUTP7,5,
DUX4L16,1,
DUX4L18,1,
DUX4L19,3,
DUX4L27,5,
DUX4L35,3,
DUX4L9,3,
DUXAP11,1,
DUXAP2,1,
DUXAP3,1,
DUXAP4,12,
DUXAP5,1,
DUXAP6,1,
DYNAPP2,5,
DYNLL1P7,1,
DYNLT3P1,3,
DYNLT3P2,18,
E2F3P1,13,
E2F4P1,2,
ECEL1P2,1,
ECEL1P3,10,
ECMXP,15,
EDDM3A,3,
EDDM3B,2,
EDDM3CP,5,
EDDM3DP,1,
EEDP1,15,
EEF1A1P15,4,
EEF1A1P2,3,
EEF1A1P20,5,
EEF1A1P26,3,
EEF1A1P34,1,
EEF1A1P36,7,
EEF1A1P42,3,
EEF1A1P44,11,
EEF1DP5,3,
EEF1DP8,8,
EEF1GP2,3,
EI24P2,5,
EI24P3,7,
EI24P4,3,
EIF1P4,2,
EIF1P5,1,
EIF2AP4,3,
EIF2S2P7,7,
EIF3IP1,5,
EIF3JP1,14,
EIF4A1P11,15,
EIF4A1P12,2,
EIF4A1P3,3,
EIF4BP4,12,
EIF4BP9,16,
EIF4EBP1P1,1,
EIF4EBP2P1,7,
EIF4EBP2P2,16,
EIF4EBP2P3,1,
EIF4EP3,3,
EIF4EP5,4,
EIF5AP4,4,
ELAVL4-AS1,19,
ELF2P3,4,
ELF2P4,6,
ELL2P3,2,
ELL2P4,3,
ELOA3CP,3,
ELOAP1,2,
ELOBP2,2,
ELOCP20,3,
ELOCP22,15,
ELOCP27,9,
ELOCP29,4,
ENOX1-AS2,6,
ENPP7P12,17,
ENPP7P9,4,
ENSAP1,2,
ENSG00000103200,3,
ENSG00000108958,19,
ENSG00000131484,10,
ENSG00000177452,19,
ENSG00000178836,17,
ENSG00000181514,12,
ENSG00000182021,3,
ENSG00000184566,2,
ENSG00000186678,17,
ENSG00000189372,7,
ENSG00000196472,5,
ENSG00000197210,3,
ENSG00000197320,18,
ENSG00000199474,1,
ENSG00000199566,4,
ENSG00000199927,4,
ENSG00000199959,9,
ENSG00000200051,7,
ENSG00000200288,7,
ENSG00000200377,2,
ENSG00000201465,8,
ENSG00000201710,1,
ENSG00000202059,1,
ENSG00000202231,17,
ENSG00000202434,7,
ENSG00000203395,18,
ENSG00000203396,4,
ENSG00000203402,9,
ENSG00000204456,1,
ENSG00000204814,1,
ENSG00000204850,7,
ENSG00000204990,8,
ENSG00000205745,8,
ENSG00000205971,4,
ENSG00000206647,1,
ENSG00000207171,11,
ENSG00000212181,1,
ENSG00000212224,18,
ENSG00000212270,3,
ENSG00000212302,2,
ENSG00000212338,4,
ENSG00000212342,3,
ENSG00000212383,2,
ENSG00000212421,3,
ENSG00000212461,4,
ENSG00000212558,1,
ENSG00000212624,18,
ENSG00000212695,8,
ENSG00000212952,1,
ENSG00000213016,7,
ENSG00000213028,18,
ENSG00000213087,4,
ENSG00000213115,5,
ENSG00000213150,4,
ENSG00000213153,6,
ENSG00000213174,4,
ENSG00000213184,6,
ENSG00000213287,14,
ENSG00000213293,18,
ENSG00000213296,3,
ENSG00000213302,1,
ENSG00000213303,10,
ENSG00000213304,15,
ENSG00000213328,10,
ENSG00000213527,1,
ENSG00000213561,1,
ENSG00000213605,1,
ENSG00000213620,17,
ENSG00000213655,4,
ENSG00000213661,1,
ENSG00000213663,12,
ENSG00000213727,3,
ENSG00000213791,1,
ENSG00000213849,3,
ENSG00000213851,19,
ENSG00000213956,9,
ENSG00000213959,5,
ENSG00000214035,11,
ENSG00000214259,2,
ENSG00000214525,2,
ENSG00000214526,1,
ENSG00000214614,1,
ENSG00000214651,3,
ENSG00000214846,2,
ENSG00000214915,8,
ENSG00000214980,10,
ENSG00000215263,10,
ENSG00000215268,5,
ENSG00000215381,3,
ENSG00000215450,3,
ENSG00000215567,19,
ENSG00000215805,1,
ENSG00000215871,13,
ENSG00000216352,16,
ENSG00000216378,1,
ENSG00000216548,10,
ENSG00000216687,3,
ENSG00000217030,1,
ENSG00000217041,17,
ENSG00000217067,1,
ENSG00000217120,2,
ENSG00000217195,15,
ENSG00000217231,17,
ENSG00000217289,12,
ENSG00000217331,7,
ENSG00000217495,9,
ENSG00000217557,14,
ENSG00000217644,1,
ENSG00000217878,5,
ENSG00000218029,5,
ENSG00000218173,1,
ENSG00000218577,5,
ENSG00000218857,2,
ENSG00000219039,1,
ENSG00000219088,1,
ENSG00000219284,4,
ENSG00000219384,1,
ENSG00000219391,17,
ENSG00000219666,5,
ENSG00000219681,2,
ENSG00000219993,17,
ENSG00000220154,6,
ENSG00000220349,4,
ENSG00000220537,2,
ENSG00000220643,11,
ENSG00000220725,1,
ENSG00000220739,11,
ENSG00000220745,1,
ENSG00000220918,3,
ENSG00000220920,10,
ENSG00000220960,1,
ENSG00000221639,11,
ENSG00000221857,5,
ENSG00000223353,9,
ENSG00000223375,6,
ENSG00000223410,7,
ENSG00000223421,19,
ENSG00000223503,1,
ENSG00000223530,3,
ENSG00000223544,3,
ENSG00000223570,5,
ENSG00000223602,9,
ENSG00000223623,8,
ENSG00000223624,1,
ENSG00000223628,1,
ENSG00000223651,7,
ENSG00000223718,19,
ENSG00000223726,6,
ENSG00000223728,2,
ENSG00000223777,2,
ENSG00000223800,4,
ENSG00000223841,1,
ENSG00000223869,3,
ENSG00000223948,6,
ENSG00000223977,14,
ENSG00000223986,1,
ENSG00000224012,2,
ENSG00000224025,9,
ENSG00000224054,12,
ENSG00000224076,5,
ENSG00000224104,1,
ENSG00000224136,7,
ENSG00000224149,3,
ENSG00000224163,7,
ENSG00000224207,2,
ENSG00000224250,12,
ENSG00000224252,2,
ENSG00000224297,4,
ENSG00000224340,6,
ENSG00000224359,1,
ENSG00000224410,1,
ENSG00000224448,15,
ENSG00000224477,2,
ENSG00000224493,2,
ENSG00000224518,1,
ENSG00000224529,1,
ENSG00000224548,1,
ENSG00000224560,1,
ENSG00000224579,2,
ENSG00000224600,9,
ENSG00000224605,12,
ENSG00000224611,5,
ENSG00000224618,11,
ENSG00000224630,2,
ENSG00000224691,3,
ENSG00000224719,3,
ENSG00000224797,13,
ENSG00000224876,16,
ENSG00000224918,2,
ENSG00000225000,9,
ENSG00000225018,15,
ENSG00000225028,3,
ENSG00000225122,4,
ENSG00000225142,4,
ENSG00000225175,9,
ENSG00000225191,2,
ENSG00000225253,2,
ENSG00000225341,6,
ENSG00000225344,7,
ENSG00000225393,3,
ENSG00000225451,7,
ENSG00000225460,17,
ENSG00000225469,1,
ENSG00000225488,12,
ENSG00000225582,1,
ENSG00000225598,11,
ENSG00000225606,3,
ENSG00000225612,11,
ENSG00000225616,8,
ENSG00000225744,1,
ENSG00000225815,2,
ENSG00000225819,1,
ENSG00000225867,14,
ENSG00000225869,3,
ENSG00000225881,9,
ENSG00000225903,16,
ENSG00000225906,2,
ENSG00000225923,2,
ENSG00000225929,13,
ENSG00000225974,5,
ENSG00000226012,8,
ENSG00000226040,16,
ENSG00000226063,1,
ENSG00000226138,6,
ENSG00000226207,7,
ENSG00000226218,1,
ENSG00000226233,1,
ENSG00000226277,8,
ENSG00000226280,2,
ENSG00000226286,1,
ENSG00000226302,4,
ENSG00000226423,7,
ENSG00000226426,1,
ENSG00000226439,4,
ENSG00000226487,2,
ENSG00000226500,5,
ENSG00000226523,1,
ENSG00000226542,5,
ENSG00000226552,5,
ENSG00000226570,1,
ENSG00000226587,3,
ENSG00000226592,5,
ENSG00000226619,2,
ENSG00000226655,1,
ENSG00000226767,7,
ENSG00000226773,18,
ENSG00000226804,13,
ENSG00000226810,9,
ENSG00000226861,4,
ENSG00000226918,2,
ENSG00000226938,1,
ENSG00000226946,2,
ENSG00000226973,17,
ENSG00000226991,1,
ENSG00000227047,10,
ENSG00000227048,4,
ENSG00000227058,7,
ENSG00000227062,18,
ENSG00000227077,2,
ENSG00000227080,1,
ENSG00000227094,19,
ENSG00000227139,4,
ENSG00000227150,13,
ENSG00000227217,3,
ENSG00000227249,2,
ENSG00000227309,9,
ENSG00000227329,7,
ENSG00000227338,17,
ENSG00000227364,9,
ENSG00000227386,10,
ENSG00000227393,1,
ENSG00000227397,7,
ENSG00000227416,1,
ENSG00000227455,7,
ENSG00000227459,3,
ENSG00000227481,11,
ENSG00000227485,4,
ENSG00000227489,7,
ENSG00000227514,1,
ENSG00000227532,1,
ENSG00000227549,14,
ENSG00000227562,3,
ENSG00000227573,10,
ENSG00000227709,17,
ENSG00000227711,8,
ENSG00000227734,1,
ENSG00000227760,1,
ENSG00000227824,1,
ENSG00000227845,7,
ENSG00000227851,1,
ENSG00000227854,6,
ENSG00000227880,3,
ENSG00000227935,1,
ENSG00000227948,11,
ENSG00000227950,8,
ENSG00000228015,8,
ENSG00000228040,3,
ENSG00000228072,18,
ENSG00000228095,2,
ENSG00000228132,4,
ENSG00000228136,2,
ENSG00000228171,12,
ENSG00000228181,3,
ENSG00000228226,2,
ENSG00000228235,7,
ENSG00000228239,8,
ENSG00000228259,1,
ENSG00000228286,3,
ENSG00000228341,6,
ENSG00000228360,8,
ENSG00000228365,3,
ENSG00000228367,1,
ENSG00000228408,1,
ENSG00000228426,11,
ENSG00000228464,1,
ENSG00000228525,4,
ENSG00000228585,2,
ENSG00000228626,7,
ENSG00000228650,2,
ENSG00000228667,2,
ENSG00000228675,4,
ENSG00000228687,2,
ENSG00000228700,4,
ENSG00000228734,7,
ENSG00000228751,4,
ENSG00000228757,1,
ENSG00000228770,5,
ENSG00000228776,12,
ENSG00000228778,1,
ENSG00000228790,1,
ENSG00000228844,1,
ENSG00000228943,4,
ENSG00000228959,17,
ENSG00000228974,1,
ENSG00000228982,2,
ENSG00000228984,1,
ENSG00000229010,8,
ENSG00000229042,2,
ENSG00000229060,1,
ENSG00000229064,3,
ENSG00000229090,1,
ENSG00000229115,4,
ENSG00000229143,1,
ENSG00000229169,2,
ENSG00000229275,1,
ENSG00000229288,18,
ENSG00000229289,5,
ENSG00000229311,2,
ENSG00000229339,5,
ENSG00000229402,10,
ENSG00000229413,5,
ENSG00000229434,14,
ENSG00000229505,7,
ENSG00000229530,14,
ENSG00000229550,9,
ENSG00000229594,8,
ENSG00000229600,1,
ENSG00000229601,4,
ENSG00000229635,2,
ENSG00000229652,1,
ENSG00000229662,8,
ENSG00000229673,1,
ENSG00000229682,6,
ENSG00000229700,7,
ENSG00000229720,2,
ENSG00000229765,19,
ENSG00000229791,5,
ENSG00000229821,15,
ENSG00000229831,5,
ENSG00000229836,15,
ENSG00000229863,5,
ENSG00000229892,4,
ENSG00000229911,2,
ENSG00000229913,9,
ENSG00000229949,1,
ENSG00000229957,1,
ENSG00000229971,2,
ENSG00000230025,1,
ENSG00000230053,2,
ENSG00000230080,3,
ENSG00000230104,11,
ENSG00000230113,9,
ENSG00000230137,2,
ENSG00000230161,6,
ENSG00000230163,10,
ENSG00000230172,2,
ENSG00000230175,17,
ENSG00000230192,9,
ENSG00000230287,4,
ENSG00000230352,4,
ENSG00000230407,4,
ENSG00000230435,11,
ENSG00000230471,5,
ENSG00000230477,1,
ENSG00000230599,6,
ENSG00000230600,3,
ENSG00000230607,1,
ENSG00000230659,9,
ENSG00000230686,10,
ENSG00000230687,1,
ENSG00000230694,4,
ENSG00000230737,1,
ENSG00000230781,4,
ENSG00000230801,4,
ENSG00000230807,14,
ENSG00000230821,2,
ENSG00000230829,17,
ENSG00000230867,1,
ENSG00000230920,6,
ENSG00000230929,2,
ENSG00000230936,4,
ENSG00000230968,1,
ENSG00000231011,13,
ENSG00000231015,7,
ENSG00000231034,15,
ENSG00000231052,4,
ENSG00000231078,2,
ENSG00000231100,8,
ENSG00000231110,3,
ENSG00000231132,3,
ENSG00000231212,1,
ENSG00000231232,7,
ENSG00000231266,2,
ENSG00000231316,1,
ENSG00000231353,2,
ENSG00000231393,9,
ENSG00000231394,17,
ENSG00000231398,11,
ENSG00000231477,2,
ENSG00000231495,10,
ENSG00000231525,7,
ENSG00000231536,6,
ENSG00000231547,3,
ENSG00000231559,11,
ENSG00000231585,1,
ENSG00000231589,1,
ENSG00000231600,3,
ENSG00000231626,1,
ENSG00000231653,8,
ENSG00000231702,16,
ENSG00000231791,17,
ENSG00000231804,14,
ENSG00000231949,1,
ENSG00000231979,4,
ENSG00000231982,17,
ENSG00000232057,1,
ENSG00000232080,4,
ENSG00000232101,3,
ENSG00000232110,3,
ENSG00000232111,19,
ENSG00000232175,4,
ENSG00000232218,2,
ENSG00000232309,4,
ENSG00000232355,3,
ENSG00000232408,11,
ENSG00000232444,3,
ENSG00000232514,1,
ENSG00000232557,16,
ENSG00000232590,19,
ENSG00000232594,1,
ENSG00000232636,1,
ENSG00000232668,1,
ENSG00000232750,17,
ENSG00000232760,10,
ENSG00000232768,19,
ENSG00000232905,1,
ENSG00000232918,2,
ENSG00000232971,9,
ENSG00000232983,1,
ENSG00000232999,13,
ENSG00000233018,6,
ENSG00000233028,11,
ENSG00000233078,2,
ENSG00000233114,2,
ENSG00000233129,4,
ENSG00000233139,3,
ENSG00000233196,1,
ENSG00000233214,12,
ENSG00000233258,2,
ENSG00000233275,1,
ENSG00000233363,6,
ENSG00000233408,3,
ENSG00000233482,3,
ENSG00000233494,1,
ENSG00000233519,11,
ENSG00000233553,4,
ENSG00000233586,11,
ENSG00000233648,1,
ENSG00000233651,3,
ENSG00000233713,1,
ENSG00000233714,8,
ENSG00000233727,16,
ENSG00000233778,2,
ENSG00000233787,1,
ENSG00000233805,10,
ENSG00000233823,2,
ENSG00000233835,9,
ENSG00000233839,1,
ENSG00000233850,12,
ENSG00000233866,6,
ENSG00000233877,9,
ENSG00000233908,2,
ENSG00000233941,7,
ENSG00000233943,4,
ENSG00000233977,5,
ENSG00000233990,17,
ENSG00000234017,14,
ENSG00000234061,2,
ENSG00000234108,1,
ENSG00000234115,11,
ENSG00000234175,16,
ENSG00000234211,13,
ENSG00000234225,8,
ENSG00000234259,1,
ENSG00000234271,12,
ENSG00000234356,9,
ENSG00000234391,14,
ENSG00000234460,5,
ENSG00000234553,8,
ENSG00000234579,5,
ENSG00000234580,16,
ENSG00000234613,7,
ENSG00000234630,14,
ENSG00000234638,2,
ENSG00000234646,3,
ENSG00000234735,4,
ENSG00000234751,1,
ENSG00000234784,3,
ENSG00000234819,1,
ENSG00000234877,1,
ENSG00000234891,7,
ENSG00000234940,9,
ENSG00000234985,4,
ENSG00000235059,5,
ENSG00000235089,2,
ENSG00000235113,5,
ENSG00000235143,1,
ENSG00000235149,19,
ENSG00000235186,11,
ENSG00000235198,10,
ENSG00000235243,12,
ENSG00000235263,2,
ENSG00000235293,19,
ENSG00000235377,3,
ENSG00000235429,8,
ENSG00000235463,1,
ENSG00000235485,2,
ENSG00000235533,17,
ENSG00000235564,5,
ENSG00000235572,3,
ENSG00000235578,1,
ENSG00000235594,10,
ENSG00000235625,1,
ENSG00000235637,1,
ENSG00000235639,5,
ENSG00000235673,3,
ENSG00000235705,1,
ENSG00000235713,1,
ENSG00000235729,12,
ENSG00000235775,9,
ENSG00000235817,1,
ENSG00000235869,4,
ENSG00000235871,2,
ENSG00000235911,10,
ENSG00000235988,1,
ENSG00000235993,6,
ENSG00000236009,2,
ENSG00000236022,6,
ENSG00000236042,2,
ENSG00000236108,4,
ENSG00000236118,2,
ENSG00000236129,10,
ENSG00000236146,1,
ENSG00000236151,1,
ENSG00000236164,1,
ENSG00000236182,1,
ENSG00000236238,6,
ENSG00000236241,18,
ENSG00000236246,2,
ENSG00000236295,12,
ENSG00000236317,1,
ENSG00000236327,2,
ENSG00000236335,2,
ENSG00000236372,3,
ENSG00000236394,17,
ENSG00000236395,1,
ENSG00000236545,6,
ENSG00000236555,4,
ENSG00000236634,11,
ENSG00000236701,4,
ENSG00000236713,12,
ENSG00000236741,3,
ENSG00000236770,3,
ENSG00000236779,5,
ENSG00000236792,5,
ENSG00000236807,17,
ENSG00000236842,19,
ENSG00000236847,7,
ENSG00000236867,8,
ENSG00000236887,1,
ENSG00000236897,1,
ENSG00000236905,3,
ENSG00000236907,1,
ENSG00000236951,12,
ENSG00000236957,11,
ENSG00000236978,1,
ENSG00000237035,18,
ENSG00000237062,2,
ENSG00000237137,14,
ENSG00000237202,2,
ENSG00000237320,6,
ENSG00000237342,3,
ENSG00000237343,5,
ENSG00000237345,1,
ENSG00000237370,10,
ENSG00000237385,18,
ENSG00000237389,4,
ENSG00000237409,4,
ENSG00000237414,8,
ENSG00000237434,10,
ENSG00000237439,2,
ENSG00000237445,8,
ENSG00000237472,1,
ENSG00000237479,2,
ENSG00000237501,9,
ENSG00000237503,2,
ENSG00000237532,6,
ENSG00000237572,5,
ENSG00000237590,8,
ENSG00000237749,1,
ENSG00000237759,2,
ENSG00000237868,2,
ENSG00000237888,1,
ENSG00000237934,15,
ENSG00000237987,5,
ENSG00000238012,1,
ENSG00000238019,3,
ENSG00000238026,1,
ENSG00000238049,2,
ENSG00000238066,1,
ENSG00000238084,1,
ENSG00000238102,1,
ENSG00000238108,1,
ENSG00000238124,9,
ENSG00000238139,2,
ENSG00000238201,6,
ENSG00000238223,11,
ENSG00000238224,1,
ENSG00000238270,1,
ENSG00000238291,8,
ENSG00000238316,2,
ENSG00000238724,3,
ENSG00000238804,6,
ENSG00000238819,2,
ENSG00000238854,3,
ENSG00000238901,1,
ENSG00000238934,1,
ENSG00000239005,5,
ENSG00000239080,16,
ENSG00000239093,1,
ENSG00000239096,1,
ENSG00000239129,13,
ENSG00000239137,2,
ENSG00000239153,1,
ENSG00000239246,18,
ENSG00000239323,6,
ENSG00000239374,13,
ENSG00000239392,6,
ENSG00000239393,6,
ENSG00000239517,1,
ENSG00000239600,9,
ENSG00000239661,9,
ENSG00000239671,8,
ENSG00000239706,1,
ENSG00000239716,5,
ENSG00000239719,15,
ENSG00000239870,2,
ENSG00000239983,2,
ENSG00000240052,16,
ENSG00000240097,3,
ENSG00000240103,1,
ENSG00000240107,11,
ENSG00000240174,1,
ENSG00000240201,6,
ENSG00000240237,1,
ENSG00000240355,2,
ENSG00000240388,3,
ENSG00000240562,3,
ENSG00000240573,10,
ENSG00000240624,3,
ENSG00000240673,11,
ENSG00000240752,4,
ENSG00000240777,6,
ENSG00000240787,2,
ENSG00000240813,8,
ENSG00000240861,11,
ENSG00000240881,1,
ENSG00000240882,8,
ENSG00000240895,5,
ENSG00000240973,4,
ENSG00000241035,1,
ENSG00000241059,2,
ENSG00000241183,1,
ENSG00000241251,3,
ENSG00000241281,4,
ENSG00000241317,1,
ENSG00000241354,7,
ENSG00000241358,7,
ENSG00000241473,1,
ENSG00000241573,5,
ENSG00000241723,8,
ENSG00000241739,9,
ENSG00000241744,12,
ENSG00000241776,9,
ENSG00000241828,17,
ENSG00000241838,8,
ENSG00000241870,19,
ENSG00000241877,3,
ENSG00000241881,18,
ENSG00000241961,9,
ENSG00000241981,19,
ENSG00000241991,4,
ENSG00000242034,1,
ENSG00000242162,4,
ENSG00000242197,1,
ENSG00000242199,2,
ENSG00000242391,8,
ENSG00000242439,9,
ENSG00000242527,10,
ENSG00000242613,2,
ENSG00000242727,5,
ENSG00000242729,4,
ENSG00000242888,7,
ENSG00000242911,1,
ENSG00000242953,1,
ENSG00000243038,14,
ENSG00000243044,1,
ENSG00000243099,4,
ENSG00000243165,1,
ENSG00000243234,15,
ENSG00000243303,2,
ENSG00000243345,1,
ENSG00000243423,2,
ENSG00000243621,1,
ENSG00000243648,11,
ENSG00000243655,5,
ENSG00000243733,1,
ENSG00000243780,14,
ENSG00000243886,1,
ENSG00000243939,14,
ENSG00000244083,1,
ENSG00000244235,13,
ENSG00000244237,1,
ENSG00000244245,7,
ENSG00000244249,4,
ENSG00000244259,1,
ENSG00000244281,13,
ENSG00000244331,10,
ENSG00000244441,6,
ENSG00000244491,7,
ENSG00000244527,12,
ENSG00000244561,7,
ENSG00000244593,11,
ENSG00000244630,3,
ENSG00000244652,2,
ENSG00000244669,1,
ENSG00000244712,3,
ENSG00000244756,2,
ENSG00000248137,3,
ENSG00000248195,1,
ENSG00000248236,2,
ENSG00000248305,15,
ENSG00000248308,2,
ENSG00000248322,13,
ENSG00000248393,2,
ENSG00000248401,19,
ENSG00000248417,13,
ENSG00000248440,1,
ENSG00000248447,10,
ENSG00000248459,1,
ENSG00000248471,1,
ENSG00000248511,9,
ENSG00000248564,1,
ENSG00000248597,18,
ENSG00000248607,4,
ENSG00000248608,1,
ENSG00000248627,5,
ENSG00000248639,5,
ENSG00000248652,6,
ENSG00000248659,10,
ENSG00000248669,9,
ENSG00000248687,5,
ENSG00000248696,2,
ENSG00000248699,1,
ENSG00000248701,4,
ENSG00000248715,1,
ENSG00000248716,1,
ENSG00000248725,5,
ENSG00000248777,1,
ENSG00000248847,4,
ENSG00000248851,15,
ENSG00000248870,1,
ENSG00000248876,19,
ENSG00000248878,1,
ENSG00000248911,2,
ENSG00000248924,6,
ENSG00000248962,6,
ENSG00000248967,3,
ENSG00000249016,2,
ENSG00000249021,4,
ENSG00000249023,1,
ENSG00000249056,2,
ENSG00000249068,19,
ENSG00000249079,16,
ENSG00000249148,13,
ENSG00000249159,9,
ENSG00000249170,2,
ENSG00000249189,9,
ENSG00000249200,17,
ENSG00000249213,3,
ENSG00000249219,2,
ENSG00000249228,4,
ENSG00000249257,1,
ENSG00000249261,2,
ENSG00000249316,7,
ENSG00000249351,1,
ENSG00000249404,4,
ENSG00000249411,8,
ENSG00000249416,8,
ENSG00000249435,3,
ENSG00000249479,5,
ENSG00000249518,17,
ENSG00000249531,1,
ENSG00000249540,3,
ENSG00000249577,6,
ENSG00000249689,8,
ENSG00000249692,7,
ENSG00000249708,1,
ENSG00000249722,6,
ENSG00000249731,1,
ENSG00000249735,11,
ENSG00000249744,2,
ENSG00000249792,10,
ENSG00000249819,17,
ENSG00000249828,7,
ENSG00000249829,3,
ENSG00000249831,6,
ENSG00000249847,1,
ENSG00000249904,1,
ENSG00000249944,1,
ENSG00000249950,1,
ENSG00000249976,1,
ENSG00000250017,16,
ENSG00000250030,1,
ENSG00000250066,13,
ENSG00000250071,16,
ENSG00000250080,1,
ENSG00000250090,5,
ENSG00000250150,1,
ENSG00000250193,9,
ENSG00000250207,1,
ENSG00000250277,1,
ENSG00000250306,18,
ENSG00000250316,5,
ENSG00000250321,3,
ENSG00000250322,1,
ENSG00000250338,2,
ENSG00000250345,7,
ENSG00000250347,1,
ENSG00000250402,5,
ENSG00000250403,18,
ENSG00000250405,4,
ENSG00000250422,6,
ENSG00000250441,2,
ENSG00000250500,8,
ENSG00000250503,8,
ENSG00000250516,14,
ENSG00000250523,15,
ENSG00000250547,2,
ENSG00000250576,2,
ENSG00000250609,1,
ENSG00000250623,14,
ENSG00000250625,2,
ENSG00000250636,4,
ENSG00000250672,1,
ENSG00000250681,1,
ENSG00000250685,18,
ENSG00000250726,10,
ENSG00000250747,1,
ENSG00000250749,4,
ENSG00000250778,11,
ENSG00000250806,8,
ENSG00000250839,1,
ENSG00000250886,3,
ENSG00000250915,3,
ENSG00000250946,2,
ENSG00000250957,6,
ENSG00000250977,3,
ENSG00000250983,15,
ENSG00000250984,1,
ENSG00000251001,12,
ENSG00000251058,2,
ENSG00000251074,3,
ENSG00000251080,9,
ENSG00000251112,2,
ENSG00000251113,18,
ENSG00000251132,1,
ENSG00000251135,19,
ENSG00000251142,15,
ENSG00000251193,11,
ENSG00000251243,7,
ENSG00000251278,1,
ENSG00000251320,2,
ENSG00000251342,6,
ENSG00000251367,15,
ENSG00000251419,1,
ENSG00000251421,16,
ENSG00000251426,1,
ENSG00000251454,1,
ENSG00000251460,19,
ENSG00000251473,2,
ENSG00000251477,2,
ENSG00000251506,4,
ENSG00000251516,6,
ENSG00000251517,2,
ENSG00000251545,1,
ENSG00000251549,1,
ENSG00000251579,10,
ENSG00000251588,10,
ENSG00000251601,9,
ENSG00000251627,2,
ENSG00000251642,1,
ENSG00000251647,9,
ENSG00000251678,3,
ENSG00000251730,4,
ENSG00000251775,3,
ENSG00000251822,1,
ENSG00000251828,1,
ENSG00000252170,1,
ENSG00000252193,1,
ENSG00000252329,3,
ENSG00000252404,6,
ENSG00000252458,1,
ENSG00000252580,12,
ENSG00000252601,1,
ENSG00000252722,4,
ENSG00000252774,11,
ENSG00000252778,17,
ENSG00000252824,5,
ENSG00000252888,2,
ENSG00000252920,1,
ENSG00000252993,1,
ENSG00000253060,5,
ENSG00000253107,3,
ENSG00000253110,1,
ENSG00000253134,8,
ENSG00000253165,2,
ENSG00000253186,1,
ENSG00000253215,2,
ENSG00000253232,2,
ENSG00000253233,2,
ENSG00000253261,3,
ENSG00000253269,19,
ENSG00000253280,8,
ENSG00000253346,1,
ENSG00000253396,1,
ENSG00000253422,1,
ENSG00000253424,19,
ENSG00000253429,4,
ENSG00000253432,1,
ENSG00000253449,15,
ENSG00000253456,17,
ENSG00000253469,2,
ENSG00000253483,1,
ENSG00000253510,7,
ENSG00000253512,2,
ENSG00000253520,4,
ENSG00000253527,9,
ENSG00000253543,10,
ENSG00000253571,9,
ENSG00000253576,3,
ENSG00000253614,16,
ENSG00000253630,1,
ENSG00000253657,4,
ENSG00000253680,3,
ENSG00000253713,14,
ENSG00000253745,14,
ENSG00000253749,4,
ENSG00000253760,1,
ENSG00000253783,17,
ENSG00000253790,6,
ENSG00000253792,1,
ENSG00000253793,4,
ENSG00000253798,19,
ENSG00000253800,1,
ENSG00000253840,1,
ENSG00000253841,3,
ENSG00000253843,2,
ENSG00000253896,8,
ENSG00000253903,16,
ENSG00000253912,1,
ENSG00000253940,8,
ENSG00000253947,5,
ENSG00000253975,13,
ENSG00000253986,8,
ENSG00000253993,1,
ENSG00000254000,6,
ENSG00000254020,2,
ENSG00000254037,3,
ENSG00000254050,12,
ENSG00000254065,1,
ENSG00000254095,7,
ENSG00000254131,10,
ENSG00000254150,9,
ENSG00000254164,7,
ENSG00000254182,1,
ENSG00000254189,2,
ENSG00000254201,16,
ENSG00000254204,2,
ENSG00000254227,1,
ENSG00000254255,1,
ENSG00000254287,4,
ENSG00000254291,1,
ENSG00000254336,3,
ENSG00000254348,5,
ENSG00000254364,18,
ENSG00000254406,1,
ENSG00000254412,1,
ENSG00000254423,2,
ENSG00000254425,1,
ENSG00000254436,3,
ENSG00000254471,7,
ENSG00000254482,3,
ENSG00000254487,19,
ENSG00000254514,1,
ENSG00000254533,8,
ENSG00000254539,6,
ENSG00000254555,10,
ENSG00000254575,5,
ENSG00000254596,1,
ENSG00000254619,2,
ENSG00000254625,4,
ENSG00000254644,2,
ENSG00000254753,4,
ENSG00000254758,1,
ENSG00000254792,1,
ENSG00000254828,9,
ENSG00000254840,5,
ENSG00000254850,1,
ENSG00000254890,4,
ENSG00000254906,5,
ENSG00000254909,3,
ENSG00000254913,2,
ENSG00000254915,18,
ENSG00000254921,1,
ENSG00000254935,2,
ENSG00000254937,2,
ENSG00000254964,5,
ENSG00000254971,5,
ENSG00000255022,8,
ENSG00000255037,2,
ENSG00000255086,3,
ENSG00000255091,3,
ENSG00000255119,1,
ENSG00000255148,13,
ENSG00000255161,1,
ENSG00000255173,12,
ENSG00000255174,1,
ENSG00000255184,8,
ENSG00000255210,2,
ENSG00000255230,1,
ENSG00000255244,19,
ENSG00000255268,3,
ENSG00000255280,1,
ENSG00000255283,5,
ENSG00000255331,15,
ENSG00000255361,1,
ENSG00000255380,1,
ENSG00000255391,5,
ENSG00000255421,10,
ENSG00000255426,1,
ENSG00000255445,12,
ENSG00000255451,6,
ENSG00000255454,1,
ENSG00000255477,4,
ENSG00000255479,1,
ENSG00000255480,9,
ENSG00000255511,15,
ENSG00000255540,2,
ENSG00000255542,12,
ENSG00000255550,4,
ENSG00000255556,10,
ENSG00000255563,3,
ENSG00000255583,8,
ENSG00000255599,2,
ENSG00000255671,3,
ENSG00000255703,2,
ENSG00000255726,5,
ENSG00000255838,17,
ENSG00000255870,1,
ENSG00000255900,7,
ENSG00000255923,2,
ENSG00000255947,2,
ENSG00000255996,1,
ENSG00000256035,9,
ENSG00000256041,1,
ENSG00000256081,14,
ENSG00000256108,14,
ENSG00000256220,8,
ENSG00000256256,2,
ENSG00000256258,2,
ENSG00000256298,15,
ENSG00000256513,8,
ENSG00000256630,4,
ENSG00000256691,1,
ENSG00000256706,8,
ENSG00000256708,2,
ENSG00000256734,5,
ENSG00000256804,15,
ENSG00000256827,3,
ENSG00000256875,11,
ENSG00000257012,1,
ENSG00000257070,11,
ENSG00000257113,1,
ENSG00000257121,18,
ENSG00000257235,6,
ENSG00000257241,12,
ENSG00000257264,2,
ENSG00000257281,2,
ENSG00000257288,6,
ENSG00000257323,1,
ENSG00000257343,2,
ENSG00000257360,2,
ENSG00000257366,2,
ENSG00000257391,10,
ENSG00000257395,9,
ENSG00000257405,7,
ENSG00000257432,1,
ENSG00000257506,9,
ENSG00000257586,1,
ENSG00000257603,1,
ENSG00000257634,9,
ENSG00000257644,15,
ENSG00000257645,11,
ENSG00000257700,3,
ENSG00000257726,6,
ENSG00000257737,8,
ENSG00000257738,4,
ENSG00000257766,2,
ENSG00000257777,6,
ENSG00000257787,1,
ENSG00000257864,2,
ENSG00000257870,2,
ENSG00000257872,4,
ENSG00000257897,1,
ENSG00000257932,1,
ENSG00000257940,15,
ENSG00000257976,17,
ENSG00000257991,2,
ENSG00000257995,5,
ENSG00000258007,1,
ENSG00000258021,17,
ENSG00000258065,1,
ENSG00000258073,2,
ENSG00000258091,1,
ENSG00000258130,3,
ENSG00000258134,3,
ENSG00000258142,4,
ENSG00000258178,7,
ENSG00000258184,13,
ENSG00000258206,5,
ENSG00000258235,1,
ENSG00000258254,1,
ENSG00000258271,14,
ENSG00000258304,1,
ENSG00000258320,8,
ENSG00000258358,5,
ENSG00000258439,1,
ENSG00000258459,5,
ENSG00000258488,15,
ENSG00000258496,3,
ENSG00000258540,1,
ENSG00000258562,1,
ENSG00000258566,7,
ENSG00000258576,1,
ENSG00000258598,1,
ENSG00000258600,1,
ENSG00000258615,12,
ENSG00000258619,3,
ENSG00000258662,15,
ENSG00000258671,5,
ENSG00000258672,13,
ENSG00000258683,13,
ENSG00000258696,6,
ENSG00000258705,1,
ENSG00000258723,18,
ENSG00000258753,19,
ENSG00000258765,13,
ENSG00000258866,19,
ENSG00000258874,13,
ENSG00000258878,3,
ENSG00000258930,7,
ENSG00000258931,2,
ENSG00000258943,14,
ENSG00000258970,1,
ENSG00000259013,8,
ENSG00000259016,6,
ENSG00000259018,8,
ENSG00000259028,1,
ENSG00000259036,6,
ENSG00000259042,7,
ENSG00000259047,2,
ENSG00000259058,10,
ENSG00000259079,5,
ENSG00000259117,14,
ENSG00000259121,5,
ENSG00000259123,12,
ENSG00000259135,6,
ENSG00000259136,2,
ENSG00000259140,1,
ENSG00000259164,2,
ENSG00000259170,1,
ENSG00000259171,9,
ENSG00000259187,4,
ENSG00000259192,3,
ENSG00000259195,3,
ENSG00000259227,8,
ENSG00000259239,1,
ENSG00000259252,11,
ENSG00000259258,2,
ENSG00000259270,17,
ENSG00000259304,3,
ENSG00000259320,1,
ENSG00000259331,5,
ENSG00000259333,1,
ENSG00000259340,9,
ENSG00000259346,15,
ENSG00000259350,1,
ENSG00000259360,2,
ENSG00000259368,4,
ENSG00000259383,1,
ENSG00000259397,3,
ENSG00000259413,15,
ENSG00000259421,5,
ENSG00000259503,19,
ENSG00000259528,3,
ENSG00000259534,5,
ENSG00000259551,2,
ENSG00000259553,2,
ENSG00000259586,12,
ENSG00000259588,6,
ENSG00000259591,15,
ENSG00000259603,9,
ENSG00000259619,6,
ENSG00000259622,4,
ENSG00000259676,13,
ENSG00000259681,6,
ENSG00000259694,11,
ENSG00000259725,6,
ENSG00000259730,13,
ENSG00000259731,7,
ENSG00000259770,8,
ENSG00000259789,2,
ENSG00000259791,2,
ENSG00000259817,7,
ENSG00000259840,7,
ENSG00000259861,1,
ENSG00000259866,9,
ENSG00000259870,18,
ENSG00000259889,1,
ENSG00000259907,1,
ENSG00000259922,7,
ENSG00000259928,10,
ENSG00000259950,6,
ENSG00000259993,5,
ENSG00000259998,2,
ENSG00000260066,5,
ENSG00000260090,11,
ENSG00000260104,6,
ENSG00000260112,1,
ENSG00000260146,14,
ENSG00000260171,19,
ENSG00000260188,1,
ENSG00000260201,1,
ENSG00000260205,4,
ENSG00000260211,16,
ENSG00000260217,6,
ENSG00000260244,1,
ENSG00000260246,2,
ENSG00000260312,1,
ENSG00000260322,2,
ENSG00000260387,5,
ENSG00000260402,1,
ENSG00000260405,10,
ENSG00000260426,3,
ENSG00000260484,4,
ENSG00000260504,7,
ENSG00000260530,2,
ENSG00000260550,9,
ENSG00000260564,6,
ENSG00000260574,1,
ENSG00000260608,14,
ENSG00000260620,1,
ENSG00000260670,3,
ENSG00000260683,19,
ENSG00000260688,2,
ENSG00000260702,4,
ENSG00000260715,19,
ENSG00000260721,1,
ENSG00000260756,13,
ENSG00000260759,1,
ENSG00000260764,4,
ENSG00000260771,4,
ENSG00000260779,1,
ENSG00000260780,1,
ENSG00000260786,9,
ENSG00000260860,17,
ENSG00000260882,1,
ENSG00000260932,9,
ENSG00000260933,5,
ENSG00000260957,1,
ENSG00000260959,3,
ENSG00000260974,11,
ENSG00000261030,7,
ENSG00000261035,2,
ENSG00000261044,4,
ENSG00000261066,15,
ENSG00000261076,1,
ENSG00000261120,1,
ENSG00000261129,5,
ENSG00000261151,3,
ENSG00000261166,2,
ENSG00000261178,1,
ENSG00000261198,2,
ENSG00000261203,9,
ENSG00000261213,4,
ENSG00000261232,3,
ENSG00000261238,8,
ENSG00000261250,17,
ENSG00000261257,10,
ENSG00000261363,2,
ENSG00000261398,17,
ENSG00000261400,10,
ENSG00000261421,8,
ENSG00000261445,2,
ENSG00000261447,11,
ENSG00000261466,7,
ENSG00000261467,2,
ENSG00000261489,6,
ENSG00000261538,2,
ENSG00000261541,1,
ENSG00000261555,3,
ENSG00000261583,19,
ENSG00000261629,8,
ENSG00000261653,14,
ENSG00000261680,1,
ENSG00000261684,8,
ENSG00000261709,1,
ENSG00000261720,5,
ENSG00000261743,1,
ENSG00000261745,2,
ENSG00000261763,9,
ENSG00000261776,10,
ENSG00000261778,4,
ENSG00000261795,15,
ENSG00000261797,3,
ENSG00000261976,8,
ENSG00000262006,17,
ENSG00000262008,1,
ENSG00000262011,1,
ENSG00000262120,8,
ENSG00000262141,1,
ENSG00000262271,8,
ENSG00000262471,1,
ENSG00000262516,15,
ENSG00000262518,1,
ENSG00000262662,7,
ENSG00000262703,12,
ENSG00000262786,6,
ENSG00000262818,1,
ENSG00000262848,2,
ENSG00000262905,19,
ENSG00000263017,2,
ENSG00000263041,18,
ENSG00000263110,7,
ENSG00000263207,3,
ENSG00000263252,1,
ENSG00000263382,12,
ENSG00000263396,2,
ENSG00000263443,15,
ENSG00000263612,1,
ENSG00000263613,5,
ENSG00000263622,2,
ENSG00000263674,4,
ENSG00000263698,11,
ENSG00000263727,18,
ENSG00000263797,12,
ENSG00000263821,13,
ENSG00000263860,3,
ENSG00000263870,5,
ENSG00000263970,1,
ENSG00000264050,3,
ENSG00000264072,1,
ENSG00000264108,19,
ENSG00000264174,1,
ENSG00000264179,2,
ENSG00000264193,3,
ENSG00000264245,1,
ENSG00000264246,1,
ENSG00000264289,14,
ENSG00000264388,4,
ENSG00000264434,3,
ENSG00000264617,8,
ENSG00000264673,2,
ENSG00000264735,5,
ENSG00000264750,5,
ENSG00000264790,7,
ENSG00000264791,12,
ENSG00000264880,9,
ENSG00000264990,6,
ENSG00000265041,1,
ENSG00000265043,2,
ENSG00000265099,3,
ENSG00000265126,1,
ENSG00000265265,2,
ENSG00000265378,3,
ENSG00000265437,6,
ENSG00000265487,1,
ENSG00000265511,14,
ENSG00000265519,10,
ENSG00000265547,6,
ENSG00000265552,2,
ENSG00000265644,18,
ENSG00000265927,1,
ENSG00000265935,1,
ENSG00000265936,15,
ENSG00000265964,4,
ENSG00000265973,1,
ENSG00000266003,19,
ENSG00000266050,2,
ENSG00000266179,5,
ENSG00000266213,1,
ENSG00000266311,5,
ENSG00000266335,2,
ENSG00000266340,4,
ENSG00000266356,7,
ENSG00000266586,8,
ENSG00000266614,7,
ENSG00000266961,2,
ENSG00000266973,15,
ENSG00000267032,12,
ENSG00000267035,5,
ENSG00000267036,3,
ENSG00000267038,1,
ENSG00000267084,7,
ENSG00000267113,2,
ENSG00000267120,1,
ENSG00000267133,1,
ENSG00000267142,9,
ENSG00000267159,5,
ENSG00000267177,13,
ENSG00000267218,18,
ENSG00000267247,2,
ENSG00000267286,1,
ENSG00000267292,1,
ENSG00000267366,5,
ENSG00000267378,8,
ENSG00000267389,11,
ENSG00000267399,1,
ENSG00000267400,1,
ENSG00000267408,19,
ENSG00000267443,1,
ENSG00000267449,15,
ENSG00000267456,1,
ENSG00000267490,9,
ENSG00000267567,15,
ENSG00000267585,7,
ENSG00000267589,6,
ENSG00000267610,19,
ENSG00000267623,1,
ENSG00000267630,3,
ENSG00000267643,10,
ENSG00000267656,2,
ENSG00000267661,8,
ENSG00000267675,4,
ENSG00000267683,2,
ENSG00000267689,13,
ENSG00000267725,2,
ENSG00000267727,4,
ENSG00000267760,5,
ENSG00000267768,1,
ENSG00000267770,7,
ENSG00000267791,9,
ENSG00000267800,7,
ENSG00000267857,3,
ENSG00000267872,11,
ENSG00000268027,11,
ENSG00000268070,13,
ENSG00000268078,2,
ENSG00000268116,1,
ENSG00000268203,13,
ENSG00000268282,15,
ENSG00000268442,13,
ENSG00000268505,8,
ENSG00000268597,1,
ENSG00000268620,2,
ENSG00000268623,3,
ENSG00000268777,3,
ENSG00000268845,19,
ENSG00000268892,9,
ENSG00000269181,2,
ENSG00000269188,9,
ENSG00000269236,3,
ENSG00000269256,15,
ENSG00000269391,1,
ENSG00000269419,4,
ENSG00000269445,1,
ENSG00000269471,3,
ENSG00000269540,2,
ENSG00000269588,10,
ENSG00000269667,10,
ENSG00000269706,19,
ENSG00000269711,1,
ENSG00000269752,13,
ENSG00000269761,9,
ENSG00000269842,5,
ENSG00000270017,1,
ENSG00000270074,4,
ENSG00000270159,8,
ENSG00000270200,3,
ENSG00000270202,1,
ENSG00000270218,4,
ENSG00000270255,6,
ENSG00000270281,1,
ENSG00000270282,2,
ENSG00000270285,1,
ENSG00000270287,1,
ENSG00000270289,3,
ENSG00000270292,12,
ENSG00000270323,13,
ENSG00000270330,1,
ENSG00000270352,1,
ENSG00000270354,2,
ENSG00000270359,1,
ENSG00000270367,2,
ENSG00000270377,2,
ENSG00000270385,17,
ENSG00000270387,10,
ENSG00000270403,1,
ENSG00000270405,5,
ENSG00000270421,17,
ENSG00000270424,3,
ENSG00000270430,4,
ENSG00000270443,16,
ENSG00000270449,1,
ENSG00000270469,10,
ENSG00000270480,7,
ENSG00000270484,2,
ENSG00000270491,2,
ENSG00000270494,2,
ENSG00000270497,3,
ENSG00000270513,10,
ENSG00000270516,2,
ENSG00000270522,10,
ENSG00000270542,1,
ENSG00000270549,7,
ENSG00000270555,16,
ENSG00000270593,5,
ENSG00000270618,3,
ENSG00000270620,3,
ENSG00000270697,3,
ENSG00000270698,6,
ENSG00000270699,5,
ENSG00000270708,2,
ENSG00000270710,4,
ENSG00000270734,3,
ENSG00000270767,1,
ENSG00000270776,13,
ENSG00000270777,14,
ENSG00000270794,1,
ENSG00000270818,10,
ENSG00000270822,19,
ENSG00000270835,4,
ENSG00000270839,9,
ENSG00000270850,2,
ENSG00000270861,6,
ENSG00000270868,4,
ENSG00000270870,2,
ENSG00000270891,1,
ENSG00000270896,1,
ENSG00000270897,2,
ENSG00000270909,5,
ENSG00000270934,15,
ENSG00000270957,7,
ENSG00000270990,1,
ENSG00000270993,1,
ENSG00000270995,4,
ENSG00000270997,2,
ENSG00000271010,12,
ENSG00000271025,1,
ENSG00000271028,1,
ENSG00000271044,8,
ENSG00000271046,12,
ENSG00000271049,3,
ENSG00000271057,3,
ENSG00000271088,1,
ENSG00000271100,8,
ENSG00000271101,16,
ENSG00000271111,1,
ENSG00000271113,3,
ENSG00000271117,1,
ENSG00000271128,11,
ENSG00000271136,3,
ENSG00000271150,3,
ENSG00000271163,1,
ENSG00000271179,2,
ENSG00000271181,4,
ENSG00000271182,8,
ENSG00000271187,1,
ENSG00000271196,2,
ENSG00000271214,3,
ENSG00000271219,1,
ENSG00000271230,2,
ENSG00000271239,10,
ENSG00000271248,1,
ENSG00000271251,1,
ENSG00000271252,2,
ENSG00000271265,5,
ENSG00000271267,3,
ENSG00000271299,3,
ENSG00000271307,6,
ENSG00000271330,4,
ENSG00000271349,2,
ENSG00000271350,9,
ENSG00000271364,14,
ENSG00000271368,10,
ENSG00000271390,19,
ENSG00000271398,2,
ENSG00000271419,7,
ENSG00000271454,5,
ENSG00000271455,2,
ENSG00000271477,4,
ENSG00000271482,1,
ENSG00000271483,1,
ENSG00000271490,1,
ENSG00000271491,13,
ENSG00000271494,1,
ENSG00000271498,13,
ENSG00000271507,1,
ENSG00000271509,7,
ENSG00000271578,2,
ENSG00000271580,8,
ENSG00000271583,4,
ENSG00000271586,1,
ENSG00000271611,4,
ENSG00000271624,1,
ENSG00000271629,2,
ENSG00000271697,4,
ENSG00000271701,1,
ENSG00000271742,10,
ENSG00000271766,3,
ENSG00000271779,19,
ENSG00000271897,4,
ENSG00000272139,3,
ENSG00000272164,14,
ENSG00000272239,4,
ENSG00000272249,12,
ENSG00000272255,19,
ENSG00000272329,1,
ENSG00000272456,2,
ENSG00000272485,13,
ENSG00000272545,14,
ENSG00000272592,1,
ENSG00000272748,11,
ENSG00000272797,2,
ENSG00000272823,3,
ENSG00000272832,13,
ENSG00000272839,3,
ENSG00000272855,4,
ENSG00000272884,14,
ENSG00000272984,2,
ENSG00000272988,10,
ENSG00000273098,1,
ENSG00000273123,5,
ENSG00000273177,8,
ENSG00000273180,3,
ENSG00000273196,2,
ENSG00000273214,16,
ENSG00000273267,7,
ENSG00000273287,13,
ENSG00000273497,1,
ENSG00000273499,19,
ENSG00000273569,11,
ENSG00000273582,4,
ENSG00000273623,1,
ENSG00000273650,2,
ENSG00000273682,11,
ENSG00000273720,1,
ENSG00000273721,2,
ENSG00000273736,13,
ENSG00000273767,4,
ENSG00000273825,2,
ENSG00000273860,1,
ENSG00000273863,1,
ENSG00000273933,3,
ENSG00000273957,3,
ENSG00000273978,16,
ENSG00000273982,4,
ENSG00000274004,1,
ENSG00000274064,8,
ENSG00000274198,4,
ENSG00000274212,1,
ENSG00000274231,2,
ENSG00000274261,2,
ENSG00000274282,4,
ENSG00000274294,10,
ENSG00000274299,9,
ENSG00000274312,4,
ENSG00000274326,1,
ENSG00000274328,1,
ENSG00000274333,1,
ENSG00000274342,15,
ENSG00000274353,3,
ENSG00000274398,1,
ENSG00000274415,7,
ENSG00000274468,2,
ENSG00000274541,1,
ENSG00000274562,4,
ENSG00000274569,9,
ENSG00000274594,1,
ENSG00000274614,3,
ENSG00000274647,4,
ENSG00000274649,1,
ENSG00000274652,1,
ENSG00000274666,18,
ENSG00000274670,12,
ENSG00000274730,9,
ENSG00000274800,8,
ENSG00000274915,6,
ENSG00000274930,16,
ENSG00000274937,5,
ENSG00000274970,5,
ENSG00000275040,16,
ENSG00000275088,3,
ENSG00000275094,3,
ENSG00000275115,13,
ENSG00000275138,1,
ENSG00000275254,16,
ENSG00000275286,3,
ENSG00000275295,1,
ENSG00000275297,18,
ENSG00000275314,19,
ENSG00000275320,12,
ENSG00000275350,1,
ENSG00000275427,11,
ENSG00000275598,16,
ENSG00000275625,1,
ENSG00000275628,1,
ENSG00000275647,3,
ENSG00000275654,2,
ENSG00000275725,2,
ENSG00000275728,17,
ENSG00000275756,16,
ENSG00000275785,2,
ENSG00000275959,1,
ENSG00000275997,1,
ENSG00000276156,2,
ENSG00000276185,1,
ENSG00000276208,1,
ENSG00000276266,4,
ENSG00000276269,8,
ENSG00000276294,18,
ENSG00000276332,4,
ENSG00000276436,19,
ENSG00000276473,1,
ENSG00000276486,2,
ENSG00000276496,1,
ENSG00000276508,6,
ENSG00000276519,14,
ENSG00000276521,4,
ENSG00000276569,1,
ENSG00000276631,6,
ENSG00000276662,19,
ENSG00000276667,19,
ENSG00000276673,4,
ENSG00000276680,5,
ENSG00000276689,19,
ENSG00000276754,14,
ENSG00000276760,4,
ENSG00000276763,6,
ENSG00000276810,12,
ENSG00000276842,10,
ENSG00000276845,19,
ENSG00000276898,1,
ENSG00000276915,19,
ENSG00000276925,1,
ENSG00000276993,2,
ENSG00000277017,6,
ENSG00000277024,7,
ENSG00000277035,1,
ENSG00000277040,4,
ENSG00000277066,16,
ENSG00000277109,1,
ENSG00000277146,2,
ENSG00000277171,2,
ENSG00000277174,8,
ENSG00000277311,2,
ENSG00000277351,1,
ENSG00000277400,15,
ENSG00000277412,2,
ENSG00000277435,2,
ENSG00000277475,1,
ENSG00000277482,7,
ENSG00000277509,1,
ENSG00000277543,5,
ENSG00000277562,10,
ENSG00000277575,18,
ENSG00000277621,19,
ENSG00000277646,1,
ENSG00000277651,13,
ENSG00000277653,9,
ENSG00000277655,1,
ENSG00000277672,2,
ENSG00000277732,1,
ENSG00000277764,1,
ENSG00000277770,14,
ENSG00000277809,1,
ENSG00000277863,1,
ENSG00000277866,9,
ENSG00000277907,1,
ENSG00000277922,17,
ENSG00000277930,8,
ENSG00000277994,6,
ENSG00000278011,2,
ENSG00000278026,15,
ENSG00000278052,8,
ENSG00000278077,1,
ENSG00000278084,9,
ENSG00000278097,16,
ENSG00000278130,4,
ENSG00000278146,5,
ENSG00000278205,1,
ENSG00000278239,5,
ENSG00000278255,1,
ENSG00000278283,2,
ENSG00000278313,9,
ENSG00000278424,2,
ENSG00000278484,15,
ENSG00000278487,2,
ENSG00000278586,2,
ENSG00000278592,3,
ENSG00000278594,1,
ENSG00000278603,2,
ENSG00000278655,1,
ENSG00000278822,1,
ENSG00000278824,1,
ENSG00000278862,14,
ENSG00000278880,3,
ENSG00000278887,14,
ENSG00000278892,5,
ENSG00000278911,5,
ENSG00000278913,7,
ENSG00000278924,1,
ENSG00000278964,10,
ENSG00000278980,4,
ENSG00000278986,9,
ENSG00000278988,18,
ENSG00000278993,9,
ENSG00000278994,1,
ENSG00000278995,8,
ENSG00000279001,2,
ENSG00000279005,17,
ENSG00000279014,2,
ENSG00000279034,2,
ENSG00000279042,11,
ENSG00000279049,11,
ENSG00000279056,1,
ENSG00000279067,15,
ENSG00000279076,4,
ENSG00000279081,4,
ENSG00000279104,1,
ENSG00000279127,2,
ENSG00000279134,12,
ENSG00000279143,1,
ENSG00000279152,10,
ENSG00000279165,16,
ENSG00000279173,15,
ENSG00000279181,1,
ENSG00000279190,8,
ENSG00000279193,3,
ENSG00000279218,3,
ENSG00000279223,15,
ENSG00000279256,17,
ENSG00000279264,8,
ENSG00000279275,2,
ENSG00000279285,1,
ENSG00000279295,1,
ENSG00000279299,8,
ENSG00000279324,12,
ENSG00000279325,5,
ENSG00000279336,16,
ENSG00000279375,6,
ENSG00000279376,3,
ENSG00000279387,6,
ENSG00000279397,10,
ENSG00000279399,10,
ENSG00000279403,2,
ENSG00000279411,3,
ENSG00000279417,12,
ENSG00000279437,1,
ENSG00000279442,2,
ENSG00000279444,12,
ENSG00000279455,5,
ENSG00000279459,13,
ENSG00000279460,10,
ENSG00000279466,12,
ENSG00000279475,1,
ENSG00000279480,17,
ENSG00000279482,4,
ENSG00000279521,2,
ENSG00000279528,2,
ENSG00000279531,2,
ENSG00000279562,3,
ENSG00000279567,2,
ENSG00000279578,1,
ENSG00000279593,14,
ENSG00000279597,2,
ENSG00000279617,1,
ENSG00000279625,2,
ENSG00000279629,10,
ENSG00000279640,12,
ENSG00000279703,6,
ENSG00000279708,5,
ENSG00000279715,4,
ENSG00000279719,11,
ENSG00000279725,1,
ENSG00000279735,11,
ENSG00000279749,2,
ENSG00000279756,4,
ENSG00000279758,14,
ENSG00000279774,6,
ENSG00000279790,7,
ENSG00000279798,12,
ENSG00000279818,10,
ENSG00000279825,6,
ENSG00000279835,1,
ENSG00000279840,8,
ENSG00000279848,2,
ENSG00000279856,10,
ENSG00000279882,10,
ENSG00000279886,4,
ENSG00000279889,2,
ENSG00000279904,1,
ENSG00000279907,10,
ENSG00000279918,6,
ENSG00000279930,19,
ENSG00000279931,15,
ENSG00000279959,18,
ENSG00000279971,7,
ENSG00000279994,12,
ENSG00000280004,2,
ENSG00000280020,4,
ENSG00000280025,19,
ENSG00000280026,3,
ENSG00000280040,18,
ENSG00000280059,6,
ENSG00000280085,1,
ENSG00000280097,6,
ENSG00000280135,9,
ENSG00000280154,1,
ENSG00000280168,6,
ENSG00000280185,17,
ENSG00000280220,3,
ENSG00000280223,16,
ENSG00000280224,15,
ENSG00000280233,9,
ENSG00000280242,16,
ENSG00000280244,11,
ENSG00000280262,3,
ENSG00000280283,9,
ENSG00000280304,11,
ENSG00000280305,14,
ENSG00000280306,1,
ENSG00000280317,1,
ENSG00000280319,2,
ENSG00000280323,11,
ENSG00000280331,1,
ENSG00000280335,18,
ENSG00000280340,13,
ENSG00000280341,2,
ENSG00000280345,2,
ENSG00000280354,2,
ENSG00000280362,3,
ENSG00000280368,5,
ENSG00000280372,3,
ENSG00000280380,5,
ENSG00000280415,1,
ENSG00000280418,7,
ENSG00000280881,2,
ENSG00000280920,6,
ENSG00000280936,12,
ENSG00000281008,7,
ENSG00000281112,6,
ENSG00000281160,5,
ENSG00000281365,11,
ENSG00000281904,6,
ENSG00000281941,1,
ENSG00000282012,4,
ENSG00000282041,3,
ENSG00000282222,18,
ENSG00000282265,5,
ENSG00000282306,3,
ENSG00000282432,7,
ENSG00000282478,10,
ENSG00000282501,1,
ENSG00000282697,2,
ENSG00000282718,15,
ENSG00000282793,12,
ENSG00000282816,4,
ENSG00000282834,3,
ENSG00000282897,10,
ENSG00000282898,1,
ENSG00000282912,1,
ENSG00000282925,1,
ENSG00000283075,15,
ENSG00000283142,1,
ENSG00000283166,1,
ENSG00000283176,5,
ENSG00000283189,8,
ENSG00000283257,3,
ENSG00000283402,18,
ENSG00000283536,2,
ENSG00000283541,10,
ENSG00000283559,10,
ENSG00000283587,19,
ENSG00000283662,1,
ENSG00000283737,3,
ENSG00000283914,6,
ENSG00000284098,6,
ENSG00000284209,3,
ENSG00000284294,2,
ENSG00000284513,1,
ENSG00000284522,1,
ENSG00000284558,1,
ENSG00000284616,7,
ENSG00000284620,3,
ENSG00000284641,6,
ENSG00000284645,5,
ENSG00000284655,8,
ENSG00000284656,14,
ENSG00000284671,1,
ENSG00000284687,2,
ENSG00000284694,8,
ENSG00000284705,17,
ENSG00000284710,4,
ENSG00000284732,2,
ENSG00000284800,3,
ENSG00000284829,13,
ENSG00000284834,12,
ENSG00000284948,12,
ENSG00000284968,2,
ENSG00000284985,2,
ENSG00000285045,1,
ENSG00000285179,17,
ENSG00000285239,16,
ENSG00000285325,1,
ENSG00000285524,7,
ENSG00000285555,10,
ENSG00000285563,5,
ENSG00000285566,4,
ENSG00000285573,3,
ENSG00000285604,4,
ENSG00000285610,18,
ENSG00000285615,11,
ENSG00000285654,7,
ENSG00000285660,3,
ENSG00000285670,7,
ENSG00000285697,8,
ENSG00000285700,7,
ENSG00000285707,3,
ENSG00000285714,1,
ENSG00000285719,6,
ENSG00000285738,3,
ENSG00000285739,18,
ENSG00000285775,4,
ENSG00000285786,1,
ENSG00000285799,1,
ENSG00000285811,15,
ENSG00000285818,2,
ENSG00000285833,1,
ENSG00000285858,9,
ENSG00000285917,7,
ENSG00000285936,1,
ENSG00000285993,4,
ENSG00000286008,1,
ENSG00000286047,8,
ENSG00000286056,6,
ENSG00000286077,19,
ENSG00000286090,6,
ENSG00000286114,4,
ENSG00000286124,12,
ENSG00000286188,8,
ENSG00000286210,13,
ENSG00000286233,4,
ENSG00000286246,5,
ENSG00000286275,17,
ENSG00000286301,12,
ENSG00000286306,3,
ENSG00000286323,3,
ENSG00000286332,4,
ENSG00000286346,9,
ENSG00000286354,2,
ENSG00000286372,10,
ENSG00000286382,1,
ENSG00000286397,5,
ENSG00000286419,12,
ENSG00000286428,15,
ENSG00000286434,14,
ENSG00000286439,12,
ENSG00000286453,7,
ENSG00000286462,1,
ENSG00000286463,3,
ENSG00000286486,6,
ENSG00000286490,5,
ENSG00000286497,9,
ENSG00000286499,17,
ENSG00000286500,9,
ENSG00000286510,8,
ENSG00000286513,16,
ENSG00000286520,9,
ENSG00000286526,9,
ENSG00000286571,17,
ENSG00000286573,11,
ENSG00000286576,7,
ENSG00000286603,16,
ENSG00000286609,1,
ENSG00000286617,15,
ENSG00000286620,17,
ENSG00000286624,1,
ENSG00000286630,15,
ENSG00000286633,8,
ENSG00000286663,10,
ENSG00000286709,4,
ENSG00000286711,17,
ENSG00000286713,13,
ENSG00000286727,7,
ENSG00000286731,10,
ENSG00000286767,2,
ENSG00000286770,12,
ENSG00000286801,9,
ENSG00000286844,14,
ENSG00000286858,14,
ENSG00000286866,3,
ENSG00000286867,17,
ENSG00000286902,7,
ENSG00000286914,10,
ENSG00000286917,1,
ENSG00000286927,8,
ENSG00000286929,1,
ENSG00000286935,7,
ENSG00000286936,16,
ENSG00000286987,5,
ENSG00000286993,15,
ENSG00000286998,3,
ENSG00000287004,2,
ENSG00000287017,9,
ENSG00000287034,13,
ENSG00000287052,5,
ENSG00000287056,6,
ENSG00000287073,1,
ENSG00000287076,9,
ENSG00000287119,11,
ENSG00000287128,19,
ENSG00000287136,3,
ENSG00000287162,12,
ENSG00000287177,15,
ENSG00000287179,2,
ENSG00000287184,1,
ENSG00000287187,8,
ENSG00000287196,13,
ENSG00000287199,16,
ENSG00000287212,18,
ENSG00000287239,13,
ENSG00000287240,2,
ENSG00000287267,11,
ENSG00000287283,12,
ENSG00000287298,4,
ENSG00000287301,15,
ENSG00000287302,2,
ENSG00000287309,5,
ENSG00000287313,18,
ENSG00000287323,5,
ENSG00000287369,3,
ENSG00000287375,2,
ENSG00000287380,15,
ENSG00000287381,6,
ENSG00000287412,8,
ENSG00000287417,6,
ENSG00000287428,14,
ENSG00000287438,4,
ENSG00000287471,5,
ENSG00000287484,17,
ENSG00000287517,17,
ENSG00000287531,1,
ENSG00000287540,4,
ENSG00000287541,4,
ENSG00000287546,7,
ENSG00000287565,2,
ENSG00000287589,13,
ENSG00000287590,1,
ENSG00000287613,17,
ENSG00000287615,16,
ENSG00000287634,9,
ENSG00000287640,10,
ENSG00000287662,1,
ENSG00000287664,2,
ENSG00000287675,13,
ENSG00000287690,18,
ENSG00000287696,1,
ENSG00000287718,17,
ENSG00000287730,13,
ENSG00000287752,5,
ENSG00000287758,13,
ENSG00000287767,17,
ENSG00000287790,1,
ENSG00000287793,3,
ENSG00000287827,8,
ENSG00000287835,1,
ENSG00000287846,3,
ENSG00000287869,1,
ENSG00000287871,3,
ENSG00000287924,5,
ENSG00000287930,2,
ENSG00000287977,1,
ENSG00000287981,5,
ENSG00000287983,7,
ENSG00000287988,6,
ENSG00000287991,11,
ENSG00000288026,8,
ENSG00000288034,1,
ENSG00000288051,14,
ENSG00000288052,2,
ENSG00000288055,12,
ENSG00000288077,7,
ENSG00000288082,3,
ENSG00000288089,1,
ENSG00000288092,12,
ENSG00000288094,15,
ENSG00000288097,3,
ENSG00000288099,8,
ENSG00000288108,10,
ENSG00000288225,2,
ENSG00000288245,16,
ENSG00000288300,1,
ENSG00000288330,1,
ENSG00000288437,7,
ENSG00000288524,19,
ENSG00000288562,10,
ENSG00000288574,7,
ENSG00000288580,11,
ENSG00000288589,1,
ENSG00000288593,12,
ENSG00000288615,3,
ENSG00000288636,1,
ENSG00000288716,1,
ENSG00000288727,16,
ENSG00000288740,1,
ENSG00000288742,6,
ENSG00000288749,10,
ENSG00000288782,13,
ENSG00000288789,1,
ENSG00000288811,8,
ENSG00000288831,1,
ENSG00000288834,18,
ENSG00000288836,1,
ENSG00000288862,6,
ENSG00000288912,6,
ENSG00000288916,7,
ENSG00000288960,4,
ENSG00000288968,17,
ENSG00000288997,14,
ENSG00000289058,4,
ENSG00000289080,18,
ENSG00000289101,4,
ENSG00000289111,5,
ENSG00000289133,15,
ENSG00000289157,1,
ENSG00000289181,1,
ENSG00000289184,2,
ENSG00000289199,1,
ENSG00000289220,2,
ENSG00000289248,1,
ENSG00000289251,17,
ENSG00000289252,13,
ENSG00000289258,4,
ENSG00000289328,4,
ENSG00000289333,1,
ENSG00000289379,19,
ENSG00000289389,4,
ENSG00000289452,9,
ENSG00000289454,6,
ENSG00000289471,1,
ENSG00000289477,8,
ENSG00000289493,14,
ENSG00000289508,16,
ENSG00000289556,8,
ENSG00000289577,3,
ENSG00000289590,3,
ENSG00000289614,12,
ENSG00000289644,4,
ENSG00000289685,14,
ENSG00000289714,3,
ENSG00000289742,11,
ENSG00000289834,8,
ENSG00000289836,6,
ENSG00000289856,14,
ENSG00000289889,7,
ENSG00000289897,3,
ENSG00000289917,2,
ENSG00000289919,10,
ENSG00000289930,1,
ENSG00000289932,14,
ENSG00000289936,4,
ENSG00000289945,6,
ENSG00000289969,11,
ENSG00000289976,8,
ENSG00000290006,3,
ENSG00000290027,8,
ENSG00000290030,14,
ENSG00000290031,5,
ENSG00000290038,1,
ENSG00000290080,3,
ENSG00000290084,1,
ENSG00000290104,3,
ENSG00000290111,2,
ENSG00000290118,8,
ENSG00000290193,16,
ENSG00000290234,3,
ENSG00000290317,2,
ENSG00000290363,1,
ENSG00000290390,19,
ENSG00000290411,5,
ENSG00000290424,2,
ENSG00000290438,8,
ENSG00000290443,2,
ENSG00000290568,16,
ENSG00000290581,13,
ENSG00000290586,12,
ENSG00000290598,19,
ENSG00000290600,14,
ENSG00000290602,19,
ENSG00000290655,8,
ENSG00000290668,7,
ENSG00000290678,10,
ENSG00000290679,2,
ENSG00000290693,3,
ENSG00000290694,1,
ENSG00000290698,18,
ENSG00000290701,2,
ENSG00000290702,2,
ENSG00000290719,8,
ENSG00000290740,4,
ENSG00000290744,15,
ENSG00000290752,4,
ENSG00000290753,11,
ENSG00000290759,3,
ENSG00000290771,1,
ENSG00000290777,2,
ENSG00000290780,9,
ENSG00000290804,6,
ENSG00000290806,19,
ENSG00000290814,2,
ENSG00000290822,9,
ENSG00000290826,6,
ENSG00000290833,1,
ENSG00000290852,1,
ENSG00000290859,1,
ENSG00000290900,1,
ENSG00000290913,5,
ENSG00000290940,4,
ENSG00000290946,1,
ENSG00000290949,1,
ENSG00000290961,3,
ENSG00000290963,6,
ENSG00000290968,9,
ENSG00000290973,2,
ENSG00000290979,4,
ENSG00000290987,5,
ENSG00000290990,3,
ENSG00000291001,1,
ENSG00000291002,5,
ENSG00000291125,7,
ENSG00000291198,8,
ENSG00000291248,1,
ENSG00000291249,3,
ENSG00000291254,1,
ENSG00000291255,11,
ENSG00000291275,7,
ENSG00000291282,8,
ENSG00000291284,14,
ENSG00000291287,2,
ENSG00000291301,16,
ENTR1P1,12,
ERV3-1,1,
ETDA,1,
ETDB,1,
EXOGP1,1,
FABP3P2,1,
FABP5P10,6,
FABP5P11,4,
FABP5P12,14,
FABP5P6,2,
FABP7P2,2,
FAF2P1,9,
FAM136BP,4,
FAM136DP,2,
FAM136FP,6,
FAM149B1P1,7,
FAM153DP,10,
FAM170B,2,
FAM197Y4-1,1,
FAM197Y8,2,
FAM197Y9,1,
FAM201B,5,
FAM204DP,3,
FAM205BP,5,
FAM210CP,1,
FAM220BP,4,
FAM220CP,2,
FAM223B,4,
FAM230A,6,
FAM230B,8,
FAM230D,3,
FAM230H,3,
FAM242D,10,
FAM242E,14,
FAM247B,11,
FAM24A,17,
FAM32CP,1,
FAM32DP,1,
FAM47A,1,
FAM47C,1,
FAM74A1,6,
FAM74A4,4,
FAM74A7,1,
FAM88C,2,
FAM8A2P,7,
FAM8A3P,2,
FAM8A6P,2,
FAM90A12P,5,
FAM90A13P,1,
FAM90A25P,1,
FAM90A2P,5,
FAM99A,1,
FAR1P1,6,
FARSBP1,2,
FAUP2,4,
FBXO3-DT,9,
FBXW7-AS1,17,
FCF1P10,14,
FCGR1BP,7,
FCGR1BP-1,1,
FCGR1CP,7,
FDPSP5,3,
FDPSP7,11,
FEM1AP4,4,
FEN1P1,4,
FEZF2,14,
FFAR3,1,
FGF12-AS2,8,
FGF7P1,9,
FGF7P4,1,
FGFR3P1,1,
FKBP1AP4,7,
FKBP4P2,1,
FLT1P1,2,
FNTAP2,18,
FOLR2,15,
FOXD4L3,15,
FOXD4L4,7,
FOXD4L6,19,
FOXI2,2,
FOXN3P1,6,
FRG2HP,2,
FRG2IP,1,
FRG2JP,2,
FRG2KP,1,
FRG2LP,1,
FRG2MP,3,
FRMD8P1,7,
FSHB,1,
FTH1P14,3,
FTH1P22,6,
FTH1P24,6,
FTH1P25,11,
FTH1P6,5,
FTHL17,1,
FTLP1,8,
FTLP12,2,
FTLP13,1,
FTLP5,1,
FUCA1P1,2,
FXYD6P2,16,
GABARAPL3,7,
GAGE12C,1,
GAGE12H,7,
GAGE13,19,
GAPDHP16,1,
GAPDHP22,9,
GAPDHP23,1,
GAPDHP24,1,
GAPDHP29,1,
GAPDHP30,18,
GAPDHP36,2,
GAPDHP41,6,
GAPDHP42,6,
GAPDHP46,14,
GAPDHP49,19,
GAPDHP51,6,
GAPDHP56,2,
GAPDHP57,4,
GAPDHP58,1,
GAPDHP68,7,
GAPDHP74,3,
GAPDHP75,2,
GARIN3P1,1,
GARIN6,17,
GCNT1P5,2,
GDF2,1,
GEMIN8P1,1,
GFOD1-AS1,18,
GGCTP2,18,
GGCTP3,1,
GGTLC3,1,
GH1,19,
GJE1,1,
GLRX5P1,7,
GLRX5P2,5,
GLRXP3,1,
GLUD1P4,2,
GLULP3,1,
GLULP4,12,
GLYCAM1,1,
GNA13P1,17,
GNAI2P1,10,
GNAO1-AS1,18,
GNG14,9,
GOLGA2P2Y,7,
GOLGA2P9,14,
GOLGA6D,6,
GOLGA6L22,4,
GOLGA6L23P,1,
GOLGA6L24,4,
GOLGA6L25,3,
GOLGA6L6,16,
GOLGA8CP,6,
GOLGA8DP-1,17,
GOLGA8F,10,
GOT1L1,8,
GOT2P1,2,
GP9,1,
GPN3P1,1,
GPR160P2,10,
GPR25,8,
GPR31,1,
GPR32,7,
GPR42,3,
GPR50-AS1,1,
GPR53P,1,
GRAMD4P1,4,
GRAMD4P8,5,
GRM5P1-1,2,
GRM7-AS2,1,
GRPEL2P1,2,
GRPEL2P2,8,
GSTA7P,9,
GSTM2P1,1,
GSTM3P1,1,
GSTO3P,2,
GSX1,19,
GTF2IP9,12,
GTF3AP2,2,
GTF3AP6,4,
GUSBP12,15,
GXYLT1P1,2,
GYG1P3,6,
GYG2-AS1,7,
GZMH,12,
H2AB1,1,
H2AL1Q,7,
H2AZP5,2,
H2AZP6,7,
H2BC12L,2,
H2BP6,1,
H2BW1,1,
H2BW2,3,
H2BW3P,5,
H3-4,8,
H3P1,4,
H3P12,1,
H3P25,17,
H3P33,6,
H3P34,1,
H3P39,5,
H3P41,1,
H3P42,6,
H3P43,1,
H3P6,1,
H3P7,1,
H3P8,2,
H3Y1,4,
H4C10P,8,
H4P1,2,
HAUS1P2,10,
HCFC2P1,2,
HCG9P5,6,
HERC2P11,1,
HERC2P7,13,
HHATL-AS1,4,
HIGD1AP1,3,
HIGD1AP10,5,
HIGD1AP15,3,
HIGD1AP18,2,
HIGD1AP5,1,
HIGD1AP6,1,
HIGD1AP8,18,
HIGD2AP1,7,
HIGD2AP2,11,
HINT1P1,1,
HLA-DPA2,2,
HLFP1,2,
HMGB1P12,6,
HMGB1P15,2,
HMGB1P22,1,
HMGB1P25,1,
HMGB1P32,13,
HMGB1P42,1,
HMGB1P47,5,
HMGB3P15,6,
HMGB3P19,2,
HMGB3P27,6,
HMGB3P30,3,
HMGN1P10,13,
HMGN1P11,14,
HMGN1P19,7,
HMGN1P33,3,
HMGN1P5,3,
HMGN2P10,1,
HMGN2P11,13,
HMGN2P22,3,
HMGN2P23,4,
HMGN2P26,3,
HMGN2P30,9,
HMGN2P36,7,
HMGN2P6,1,
HNRNPA1P31,1,
HNRNPA1P69,4,
HNRNPA1P70,2,
HNRNPA1P71,17,
HNRNPA1P73,8,
HNRNPA1P74,2,
HNRNPA1P9,15,
HNRNPA3P16,2,
HNRNPA3P8,18,
HNRNPCL2,4,
HNRNPCP10,8,
HNRNPDLP4,3,
HNRNPFP1,1,
HNRNPMP2,1,
HNRNPRP2,2,
HS6ST1P1,4,
HS6ST2-AS1,5,
HSBP1P2,1,
HSD17B7P1,2,
HSFX1,7,
HSFX2,7,
HSFX3,8,
HSFX4,12,
HSFY2,2,
HSPA8P20,2,
HSPA8P6,2,
HSPD1P15,3,
HSPD1P18,4,
HSPD1P2,4,
HSPE1P14,7,
HTR1A,11,
HUNK-AS1,3,
ID2B,2,
IDI1P1,5,
IFITM9P,13,
IFNA1,2,
IFNA14,16,
IFNA16,1,
IFNA2,1,
IFNA20P,1,
IFNA21,3,
IFNA22P,1,
IFNA4,3,
IFNA5,14,
IFNA7,5,
IFNG,7,
IFNL4,5,
IFNNP1,4,
IFNW1,9,
IFNWP18,1,
IFNWP19,14,
IFNWP4,6,
IFNWP5,1,
IFNWP9,7,
IGBP1P3,9,
IGHG2,1,
IGHG3,2,
IGHV1-24,5,
IGHV1-3,2,
IGHV1OR15-6,8,
IGHV3-30,1,
IGHV3-32,1,
IGHV3-41,16,
IGHV3-42,10,
IGHV3-60,1,
IGHV3-72,1,
IGHV3-73,2,
IGHV3-75,1,
IGHV3-76,2,
IGHV4-34,18,
IGHV7-34-1,1,
IGHV7-81,2,
IGHVII-33-1,4,
IGHVII-43-1,2,
IGHVII-44-2,1,
IGHVIII-76-1,13,
IGKV1D-8,1,
IGKV2D-14,16,
IGKV2OR22-3,6,
IGKV4-1,1,
IGLJCOR18,3,
IGLV1-41,1,
IGLV4-60,1,
IGLV5-45,1,
IGLV5-48,2,
IGLV8OR8-1,4,
IGLV9-49,1,
IL17A,3,
IL22,17,
IL6-AS1,6,
IL6RP1,5,
IL9,3,
ILF2P2,1,
ILRUNP1,2,
IMMP1LP1,9,
IMPDH1P11,6,
IMPDH1P2,2,
IMPDH1P4,1,
IMPDH1P7,1,
INS-IGF2,5,
IPPKP1,4,
IQCF5-AS1,1,
IQSEC3P1,15,
IRF5P1,9,
ISCA1P2,7,
ISCA1P3,2,
ISCA1P4,5,
ISCA1P6,4,
ISCA2P1,1,
ITIH4-AS1,2,
JKAMPP1,1,
JPT1P1,2,
JTBP1,1,
KANK1P1,16,
KARS1P1,5,
KATNBL1P1,2,
KCNA5,1,
KCND3-AS1,1,
KCNK16,10,
KCNK4-TEX40,6,
KCNQ2-AS1,6,
KDM4E,3,
KDM4F,3,
KHDC1P1,1,
KHDC3L,2,
KIF2B,3,
KLF18,2,
KLF2P2,1,
KLF4P1,8,
KLF8P1,2,
KPNA2P2,5,
KRASP1,9,
KRT125P,5,
KRT128P,3,
KRT17P4,17,
KRT17P5,7,
KRT17P7,1,
KRT17P8,9,
KRT18P19,4,
KRT18P2,4,
KRT18P21,10,
KRT18P22,16,
KRT18P23,5,
KRT18P3,6,
KRT18P32,18,
KRT18P35,1,
KRT18P36,2,
KRT18P41,2,
KRT18P42,12,
KRT18P45,3,
KRT18P49,1,
KRT18P50,2,
KRT18P54,16,
KRT18P60,6,
KRT18P62,8,
KRT18P63,9,
KRT18P64,16,
KRT18P66,6,
KRT18P67,10,
KRT18P8,11,
KRT18P9,1,
KRT19P2,1,
KRT19P3,3,
KRT224P,9,
KRT25,18,
KRT31,17,
KRT33A,1,
KRT35,9,
KRT41P,12,
KRT76,16,
KRT85,11,
KRT8P1,11,
KRT8P19,10,
KRT8P2,17,
KRT8P20,6,
KRT8P21,1,
KRT8P23,4,
KRT8P24,17,
KRT8P25,2,
KRTAP10-4,1,
KRTAP13-2,16,
KRTAP13-4,1,
KRTAP19-4,3,
KRTAP2-2,10,
KRTAP2-4,4,
KRTAP20-2,3,
KRTAP21-2,3,
KRTAP26-1,1,
KRTAP3-4P,1,
KRTAP4-11,7,
KRTAP4-2,15,
KRTAP4-5,2,
KRTAP4-7,1,
KRTAP5-5,13,
KRTAP5-6,3,
KRTAP5-8,7,
KRTAP5-9,17,
KRTAP6-3,6,
KRTAP8-1,1,
KRTAP9-12P,8,
KRTCAP2P1,3,
KYNUP1,1,
LACRT,7,
LALBA,12,
LAMA4-AS1,6,
LAMTOR3P1,1,
LAMTOR3P2,6,
LARP1BP2,1,
LARP1BP3,10,
LARP7P3,9,
LARP7P4,13,
LCE2C,1,
LCE7A,11,
LCN8,14,
LCN9,11,
LDHAL6CP,6,
LDHAL6EP,6,
LEFTY3P,6,
LGALS14,18,
LGALS16,8,
LGALS7,1,
LGALS7B,8,
LINC00207,1,
LINC00208,15,
LINC00244,10,
LINC00307,8,
LINC00339,18,
LINC00380,3,
LINC00396,9,
LINC00404,1,
LINC00415,5,
LINC00424,11,
LINC00431,4,
LINC00445,2,
LINC00489,14,
LINC00533,12,
LINC00554,4,
LINC00555,5,
LINC00556,7,
LINC00560,4,
LINC00561,4,
LINC00567,8,
LINC00606,3,
LINC00644,11,
LINC00837,11,
LINC00851,3,
LINC00892,5,
LINC00921,6,
LINC01005,2,
LINC01007,12,
LINC01011,5,
LINC01022,4,
LINC01043,9,
LINC01048,7,
LINC01067,15,
LINC01070,2,
LINC01078,1,
LINC01082,19,
LINC01165,7,
LINC01177,9,
LINC01187,3,
LINC01230,7,
LINC01233,2,
LINC01247,9,
LINC01262,1,
LINC01264,19,
LINC01332,2,
LINC01343,2,
LINC01377,3,
LINC01438,1,
LINC01442,6,
LINC01489,14,
LINC01496,14,
LINC01506,4,
LINC01519,2,
LINC01596,3,
LINC01613,11,
LINC01650,4,
LINC01656,4,
LINC01657,4,
LINC01670,1,
LINC01678,1,
LINC01728,17,
LINC01736,5,
LINC01737,2,
LINC01742,6,
LINC01745,5,
LINC01751,4,
LINC01760,17,
LINC01782,2,
LINC01785,9,
LINC01810,1,
LINC01831,7,
LINC01838,1,
LINC01855,14,
LINC01866,4,
LINC01904,2,
LINC01922,3,
LINC01955,3,
LINC01957,5,
LINC01966,9,
LINC01974,1,
LINC02000,11,
LINC02010,6,
LINC02047,14,
LINC02049,2,
LINC02059,2,
LINC02090,5,
LINC02103,3,
LINC02123,2,
LINC02124,5,
LINC02132,1,
LINC02134,5,
LINC02140,16,
LINC02159,17,
LINC02179,3,
LINC02184,14,
LINC02189,11,
LINC02222,14,
LINC02229,15,
LINC02239,12,
LINC02247,3,
LINC02279,4,
LINC02285,1,
LINC02322,17,
LINC02329,7,
LINC02337,5,
LINC02353,7,
LINC02368,17,
LINC02382,2,
LINC02409,2,
LINC02420,5,
LINC02423,2,
LINC02433,4,
LINC02448,5,
LINC02459,3,
LINC02460,5,
LINC02510,9,
LINC02555,4,
LINC02557,8,
LINC02559,2,
LINC02565,17,
LINC02591,19,
LINC02639,12,
LINC02650,16,
LINC02658,1,
LINC02665,6,
LINC02670,6,
LINC02685,9,
LINC02690,4,
LINC02706,1,
LINC02711,5,
LINC02722,2,
LINC02729,2,
LINC02744,5,
LINC02746,6,
LINC02769,2,
LINC02784,1,
LINC02799,1,
LINC02825,15,
LINC02830,12,
LINC02837,3,
LINC02844,16,
LINC02850,2,
LINC02852,5,
LINC02856,11,
LINC02890,1,
LINC02903,1,
LINC02907,2,
LINC02927,19,
LINC02947,17,
LINC02978,4,
LINC03023-1,1,
LINGO1-AS2,14,
LIPT1P1,6,
LL22NC01-81G9.3,17,
LMX1A-AS1,1,
LNCPRESS1,4,
LORICRIN,4,
LRIT1,5,
LRIT2,2,
LRRC2-AS1,1,
LRRC2P1,2,
LRRC34P1,2,
LRRC3B-AS1,4,
LRRC57P1,2,
LSM3P2,8,
LSM3P4,3,
LSM6P2,4,
LSP1P2,1,
LTV1P1,14,
LY6L,5,
LYARP1,12,
LYPLA1P2,3,
LYPLA2P2,13,
MAGEB16,7,
MAGEB4,8,
MAGED4,6,
MAGED4B,1,
MAGEE2,1,
MAP1LC3P,12,
MAPK6P2,7,
MAPKAPK5P1,9,
MARK2P14,3,
MARK2P15,5,
MARK2P16,3,
MARK2P17,1,
MARK2P4,2,
MARK2P6,5,
MC3R,14,
MCFD2P1,14,
MDM4P1,3,
MED15P1,4,
MED28P2,10,
MED28P8,4,
MED6P1,11,
MEF2AP1,6,
MEMO1P2,6,
MEP1AP4,1,
MESTP1,9,
MESTP2,7,
METTL7AP1,2,
MFRP,10,
MFSD4BP1,10,
MGAT2P1,1,
MIR124-2HG,9,
MIR181B2,3,
MIR183,8,
MIR199A2,6,
MIR200B,3,
MIR210,2,
MIR212,2,
MIR219A2HG,18,
MIR223HG,9,
MIR324,1,
MIR365B,1,
MIR3661,10,
MIR378H,1,
MIR3916,1,
MIR4284,2,
MIR429,1,
MIR450A1,4,
MIR5087,1,
MIR5188,1,
MIR548AY,1,
MIR548D2,7,
MIR548O,1,
MIR557,4,
MIR6129,7,
MIR670HG,14,
MIX23P2,6,
MLLT10P1,7,
MMP23A,17,
MOB4P2,2,
MPC1L,6,
MPEG1,5,
MPHOSPH10P4,2,
MRGPRX1,5,
MRGPRX8P,1,
MRM3P2,3,
MRPL20P1,1,
MRPL2P1,1,
MRPL35P2,15,
MRPL36P1,7,
MRPL42P6,1,
MRPL50P2,7,
MRPL50P4,1,
MRPL57P8,1,
MRPS15P1,19,
MRPS18BP2,14,
MRPS33P2,1,
MRPS35P2,1,
MRPS35P3,3,
MRPS36P1,9,
MRPS6P2,2,
MRPS6P4,1,
MRS2P1,1,
MSGN1,4,
MT-TE,2,
MT1DP,6,
MT1IP,3,
MT1JP,1,
MTATP6P10,1,
MTATP6P16,1,
MTATP6P25,1,
MTATP6P8,3,
MTATP8P2,16,
MTCL1P1,1,
MTCO1P1,1,
MTCO1P10,2,
MTCO1P14,3,
MTCO1P18,8,
MTCO1P21,2,
MTCO1P35,5,
MTCO1P39,4,
MTCO1P5,1,
MTCO1P54,4,
MTCO1P55,16,
MTCO1P57,2,
MTCO1P9,1,
MTCO2P10,1,
MTCO2P16,1,
MTCO2P22,1,
MTCO2P24,1,
MTCO2P4,1,
MTCO3P15,5,
MTCO3P16,1,
MTCO3P17,6,
MTCO3P39,3,
MTCO3P4,1,
MTCO3P45,10,
MTCYBP1,1,
MTCYBP11,2,
MTCYBP13,2,
MTCYBP14,1,
MTCYBP24,9,
MTCYBP29,5,
MTCYBP35,5,
MTCYBP37,2,
MTCYBP4,19,
MTCYBP5,3,
MTCYBP7,1,
MTDHP3,12,
MTDHP4,12,
MTDHP5,4,
MTFR1P1,1,
MTFR2P2,7,
MTHFD2P4,1,
MTHFD2P5,3,
MTHFD2P6,3,
MTMR12P1,4,
MTND1P15,6,
MTND1P16,2,
MTND1P21,9,
MTND1P27,4,
MTND1P28,1,
MTND1P36,5,
MTND2P13,2,
MTND2P21,1,
MTND2P24,1,
MTND2P4,4,
MTND2P6,3,
MTND2P7,1,
MTND2P8,15,
MTND3P10,10,
MTND3P13,15,
MTND3P21,1,
MTND3P23,10,
MTND3P25,8,
MTND3P8,8,
MTND4LP1,1,
MTND4LP11,11,
MTND4LP13,2,
MTND4LP14,1,
MTND4LP17,1,
MTND4LP21,1,
MTND4LP24,2,
MTND4LP5,1,
MTND4LP7,4,
MTND4P1,6,
MTND4P13,1,
MTND4P23,16,
MTND4P29,11,
MTND4P4,14,
MTND4P5,4,
MTND5P16,3,
MTND5P24,4,
MTND5P27,1,
MTND5P3,7,
MTND5P30,1,
MTND5P31,3,
MTND5P35,2,
MTND5P6,19,
MTND5P7,2,
MTND5P9,1,
MTND6P10,6,
MTND6P14,1,
MTND6P25,7,
MTND6P29,1,
MTND6P32,8,
MTND6P35,5,
MTND6P6,6,
MTND6P7,1,
MTND6P8,1,
MTRES1P1,10,
MTRF1LP1,8,
MYCLP1,5,
MYF5,1,
MYF6,1,
MYG1P1,12,
MYL12BP2,11,
MYL12BP3,4,
MYL6BP1,6,
MYL6P1,11,
MYL6P5,6,
MYL7,7,
MYO5BP1,9,
MYO5BP2,2,
MZT1P1,7,
Metazoa_SRP-10,1,
Metazoa_SRP-100,3,
Metazoa_SRP-103,5,
Metazoa_SRP-112,1,
Metazoa_SRP-114,1,
Metazoa_SRP-117,5,
Metazoa_SRP-122,3,
Metazoa_SRP-124,2,
Metazoa_SRP-128,3,
Metazoa_SRP-129,3,
Metazoa_SRP-130,1,
Metazoa_SRP-133,6,
Metazoa_SRP-134,1,
Metazoa_SRP-135,1,
Metazoa_SRP-140,3,
Metazoa_SRP-143,1,
Metazoa_SRP-148,1,
Metazoa_SRP-157,2,
Metazoa_SRP-159,3,
Metazoa_SRP-165,3,
Metazoa_SRP-19,2,
Metazoa_SRP-21,10,
Metazoa_SRP-29,6,
Metazoa_SRP-33,13,
Metazoa_SRP-38,2,
Metazoa_SRP-4,7,
Metazoa_SRP-49,8,
Metazoa_SRP-5,9,
Metazoa_SRP-53,15,
Metazoa_SRP-66,1,
Metazoa_SRP-68,14,
Metazoa_SRP-7,1,
Metazoa_SRP-70,5,
Metazoa_SRP-79,14,
Metazoa_SRP-8,7,
Metazoa_SRP-81,19,
Metazoa_SRP-82,6,
Metazoa_SRP-9,1,
Metazoa_SRP-91,1,
NACAP10,3,
NACAP2,5,
NACAP6,7,
NACAP8,16,
NANOGNBP1,4,
NANOGP11,7,
NANOGP6,1,
NANOGP9,1,
NANOS2,5,
NAP1L4P2,1,
NAPGP1,1,
NAPGP2,4,
NCAPGP2,2,
NCLP2,4,
NCOA4P1,9,
NDFIP1P1,3,
NDUFA12P1,1,
NDUFA3P1,1,
NDUFA3P2,3,
NDUFA3P4,1,
NDUFA4P1,4,
NDUFA5P2,2,
NDUFA5P6,5,
NDUFA8P1,6,
NDUFAF4P4,8,
NDUFB10P1,1,
NDUFB4P3,1,
NDUFB4P6,6,
NDUFB4P8,5,
NDUFB4P9,5,
NDUFB5P2,5,
NDUFS5P2,7,
NECAP1P2,6,
NEFHP1,9,
NEFLP1,1,
NEFMP1,4,
NEK2P1,1,
NEU2,14,
NEUROD6,3,
NEUROG3,4,
NF1P1,1,
NFU1P1,19,
NHP2P2,17,
NICN2P,5,
NIFKP2,9,
NIP7P2,11,
NIPA2P5,12,
NLRP2B,6,
NMBR-AS1,4,
NMD3P2,8,
NME1P1,14,
NMNAT1P5,15,
NOS2P2,1,
NOS2P3,6,
NOTCH2P1,1,
NPAP1,15,
NPAP1L,11,
NPAP1P2,2,
NPAP1P3,7,
NPAP1P4,6,
NPAP1P6,2,
NPBWR2,5,
NPM1P28,3,
NPM1P36,6,
NPM1P4,16,
NPM1P45,6,
NPVF,18,
NPY2R,14,
NRBF2P2,5,
NT5CP1,1,
NT5DC1P1,3,
NTF6B,1,
NUDT19P3,5,
NUP35P2,1,
NUP58P1,7,
NUTF2P6,5,
NXT1P1,4,
OAZ1P1,8,
OFD1P12Y,2,
OFD1P15Y,1,
OFD1P18Y,4,
OFD1P2Y,12,
OFD1P4Y,1,
OFD1P5Y,2,
OIP5-AS1,12,
OOSP1P1,1,
OPN1MW,10,
OR10A4,9,
OR10A5,1,
OR10AD1,1,
OR10AG1,18,
OR10AH1P,1,
OR10G7,1,
OR10G8,1,
OR10H2,2,
OR10H4,6,
OR10J3,2,
OR10J6P,3,
OR10J9P,1,
OR10K2,18,
OR10Q2P,1,
OR10T2,1,
OR10U1P,3,
OR10V1,1,
OR10W1,1,
OR10Z1,13,
OR11H6,1,
OR11K2P,2,
OR11M1P,2,
OR13C3,4,
OR13C5,7,
OR13C6P,2,
OR13C9,1,
OR13D1,4,
OR13D3P,7,
OR13E1P,18,
OR13H1,5,
OR13I1P,10,
OR13K1P,1,
OR13Z2P,2,
OR14L1P,9,
OR1AB1P,1,
OR1C1,14,
OR1E1,9,
OR1F12P,2,
OR1J1,4,
OR1K1,3,
OR1L4,6,
OR1N1,3,
OR1P1,13,
OR1Q1,7,
OR1S1,9,
OR1X1P,2,
OR2A13P,14,
OR2A2,1,
OR2A3P,2,
OR2AD1P,2,
OR2AF1P,1,
OR2AP1,4,
OR2B2,9,
OR2B7P,1,
OR2G2,1,
OR2J4P,10,
OR2N1P,1,
OR2R1P,3,
OR2S1P,11,
OR2S2,2,
OR2T1,16,
OR2T2,8,
OR2T27,2,
OR2T4,2,
OR2T7,4,
OR2U1P,1,
OR2W2P,3,
OR2W4P,4,
OR2W5P-1,1,
OR2Y1,1,
OR4A40P,5,
OR4A43P,1,
OR4A50P,1,
OR4B2P,4,
OR4C49P,2,
OR4C6,10,
OR4E1,16,
OR4F17,6,
OR4F2P,1,
OR4G2P,1,
OR4K1,8,
OR4K12P,1,
OR4K13,4,
OR4K14,2,
OR4M1,1,
OR4M2B,13,
OR4N3P,1,
OR4P4,4,
OR4Q2,3,
OR4S2,2,
OR4T1P,1,
OR4X2,2,
OR51A4,1,
OR51F2,8,
OR51H1-1,18,
OR51P1P,1,
OR51T1,8,
OR52B1P,5,
OR52B2,4,
OR52B4,10,
OR52B6,2,
OR52D1,4,
OR52E6,1,
OR52E7P,1,
OR52E8,10,
OR52K2,7,
OR52K3P,13,
OR52N3P,3,
OR52Y1P,1,
OR56A7P,3,
OR56B4,1,
OR5A2,5,
OR5AC2,10,
OR5AC4P,11,
OR5B1P,1,
OR5BA1P,5,
OR5BJ1P,1,
OR5BK1P,2,
OR5BS1P,5,
OR5D3P,3,
OR5E1P,2,
OR5H2,19,
OR5H5P,13,
OR5J2,1,
OR5K2,7,
OR5K4,4,
OR5M1,5,
OR5M14P,6,
OR5M9,1,
OR5P1P,4,
OR5P2,16,
OR5T1,2,
OR6C3,4,
OR6C66P,1,
OR6C68,3,
OR6C76,2,
OR6K5P,1,
OR6L2P,5,
OR6M1,6,
OR6M3P,1,
OR6N2,16,
OR6Q1,5,
OR6R1P,1,
OR6S1,4,
OR6V1,1,
OR7A1P,5,
OR7E102P,2,
OR7E103P,1,
OR7E105P,2,
OR7E108P,2,
OR7E110P,3,
OR7E111FP,1,
OR7E115P,5,
OR7E116P,1,
OR7E117P,2,
OR7E121P,1,
OR7E130P,7,
OR7E136P,4,
OR7E145P,1,
OR7E155P,1,
OR7E158P,15,
OR7E15P,5,
OR7E16P,8,
OR7E19P,9,
OR7E23P,1,
OR7E24,13,
OR7E26P,6,
OR7E31P,1,
OR7E36P,2,
OR7E39P,2,
OR7E4P,1,
OR7E53P,1,
OR7E55P,14,
OR7E59P,2,
OR7E5P,2,
OR7E62P,1,
OR7E83P,3,
OR7E85P,1,
OR7E87P,2,
OR7E8P,2,
OR7E93P,2,
OR7E97P,2,
OR7H2P,1,
OR8B10P,2,
OR8B1P,5,
OR8B5P,1,
OR8B6P,2,
OR8B7P,6,
OR8B9P,4,
OR8C1P,1,
OR8D2,13,
OR8G7P,10,
OR8H1,11,
OR8J2,4,
OR8J3,7,
OR8K3,2,
OR8L1P,1,
OR8Q1P,2,
OR8S1,1,
OR8X1P,6,
OR9G1,5,
OR9G4,14,
OR9K2,4,
OR9L1P,14,
OR9R1P,2,
ORC1P1,5,
OSTCP4,1,
OSTF1P1,4,
OTUD6A,18,
OTX2P1,1,
PABPC1L2B,1,
PABPC1P10,13,
PABPC1P12,2,
PABPC1P13,1,
PABPC1P2,11,
PABPC1P6,9,
PABPC1P9,3,
PAICSP2,6,
PAICSP5,9,
PANDAR,19,
PAUPAR,1,
PAWRP1,15,
PCNAP1,2,
PCNAP3,1,
PCNPP2,1,
PDCL3P1,2,
PDCL3P7,1,
PDE4DIPP3,14,
PDE4DIPP4,17,
PDHA2,1,
PDIA3P2,2,
PDSS1P2,1,
PER3P1,9,
PEX12P1,18,
PGA3,7,
PGAM1P1,2,
PGAM1P3,2,
PGAM1P4,1,
PGAM5P1,1,
PGBD4P1,1,
PGBD4P4,1,
PGBD4P8,1,
PGK2,3,
PHACTR3-AS1,4,
PHB1P11,9,
PHB1P14,1,
PHB1P16,2,
PHB1P21,15,
PHB1P3,3,
PHB1P5,5,
PHB2P1,1,
PHKBP1,6,
PHKBP2,1,
PIGPP4,1,
PIGQP1,1,
PIK3CDP1,2,
PIK3R5-DT,3,
PIMREGP1,9,
PIMREGP2,3,
PKMP2,1,
PKMP4,2,
PKNOX2-DT,4,
PLCB2-AS1,3,
PLSCR5-AS1,1,
PMCHL1,4,
PMM2P1,2,
PMM2P2,8,
PMS2P10,1,
PNKDP1,14,
PNMA6B,8,
PNMA6F,1,
PNPLA10P,4,
PNPLA4P1,1,
PNPT1P2,13,
POC1B-GALNT4,5,
POLD2P1,6,
POLHP1,17,
POLR2DP2,10,
POLR3KP2,10,
POM121L15P,6,
POM121L9P,1,
POTEB,2,
POTEB2,5,
POTEB3,9,
POU5F1P2,1,
POU6F2-AS1,6,
PPBPP2,1,
PPIAL4A,1,
PPIAL4C,4,
PPIAL4D,1,
PPIAP21,1,
PPIAP25,1,
PPIAP26,3,
PPIAP28,2,
PPIAP35,9,
PPIAP36,3,
PPIAP40,13,
PPIAP43,5,
PPIAP49,2,
PPIAP55,3,
PPIAP58,1,
PPIAP66,6,
PPIAP75,11,
PPIAP77,15,
PPIAP78,5,
PPIAP79,2,
PPIAP8,5,
PPIAP83,6,
PPIAP85,4,
PPIAP87,3,
PPIAP91,1,
PPIHP1,15,
PPIHP2,1,
PPP1R10P1,1,
PPP1R12BP2,12,
PPP1R2C,6,
PPP1R2P2,9,
PPP6R2P1,2,
PPY2P,1,
PPY2P-1,1,
PRADC1P1,3,
PRAMEF1,5,
PRAMEF10,1,
PRAMEF11,18,
PRAMEF12,3,
PRAMEF14,1,
PRAMEF18,1,
PRAMEF19,1,
PRAMEF2,3,
PRAMEF27,1,
PRAMEF28P,1,
PRAMEF30P,2,
PRAMEF31P,1,
PRAMEF4,15,
PRAMEF5,3,
PRAMEF6,18,
PRCPP1,1,
PRDX2P1,3,
PRDX2P2,1,
PRDX2P4,1,
PRDX4P1,1,
PRELID1P3,6,
PRELID3BP1,6,
PRELID3BP11,7,
PRELID3BP3,1,
PRELID3BP7,2,
PRELID3BP8,9,
PRKACG,2,
PRM2,1,
PRPF19P1,3,
PRPF38AP1,2,
PRPS1L1,8,
PRR23A,6,
PRR23C,9,
PRR30,1,
PRR32,1,
PRR33,5,
PRSS3P3,2,
PRSS40A,16,
PRSS40A-1,17,
PRSS40B,12,
PRXL2AP1,2,
PRY,1,
PRYP2,13,
PSAT1P4,5,
PSMA2P1,18,
PSMA5P1,1,
PSMA6P4,18,
PSMB11,8,
PSMB3P1,6,
PSMD14P1,2,
PSMD7P1,19,
PSMD8P1,12,
PTCD2P1,6,
PTCHD3P2,6,
PTF1A,7,
PTGES3P4,1,
PTP4A1P4,3,
PTP4A1P7,12,
PTPRT-AS1,7,
PWRN2,15,
PWWP4,3,
PYHIN5P,13,
PYY2,5,
QTRT1P1,7,
R3HDM2P1,8,
RAB11AP1,1,
RAB1AP2,1,
RAB28P1,5,
RAB43P1,14,
RAB6C-AS1,4,
RAB9BP1,3,
RAC1P3,1,
RAC1P6,4,
RAC1P7,10,
RAC1P9,12,
RACGAP1P1,19,
RAD1P1,10,
RAD23BP2,1,
RAD23BP3,1,
RAD52P1,1,
RAET1M,1,
RANP5,1,
RARRES2P6,1,
RARRES2P7,1,
RARRES2P8,1,
RBAKDN,3,
RBBP4P6,6,
RBBP8P1,8,
RBISP1,10,
RBM11P1,10,
RBM17P1,1,
RBM22P1,2,
RBM22P3,1,
RBM48P1,8,
RBMXP3,3,
RBMY1E,1,
RBMY1KP,2,
RBMY2FP,4,
RBMY2GP,6,
RBMY2HP,13,
RBMY2KP,14,
RBMY2NP,19,
RBMY2OP,2,
RBMY2TP,19,
RBP3,5,
RCC2P3,14,
RCN1P1,7,
RD3L,10,
RDM1P1,11,
REG1B,10,
REG3G,16,
RERG-AS1,11,
RETN,1,
REXO1L8P,2,
RFC3P1,1,
RFC5P1,5,
RFPL4AP1,1,
RFPL4AP3,2,
RFPL4AP6,19,
RFPL4AP7,2,
RGPD4-AS1,6,
RHEBP1,4,
RHOXF2B,18,
RIOK3P1,4,
RLN3,14,
RN7SKP100,2,
RN7SKP101,9,
RN7SKP145,8,
RN7SKP152,1,
RN7SKP155,1,
RN7SKP156,1,
RN7SKP172,3,
RN7SKP178,1,
RN7SKP179,6,
RN7SKP186,9,
RN7SKP192,11,
RN7SKP193,1,
RN7SKP213,1,
RN7SKP218,2,
RN7SKP219,4,
RN7SKP222,1,
RN7SKP228,9,
RN7SKP232,1,
RN7SKP235,3,
RN7SKP237,6,
RN7SKP243,3,
RN7SKP247,1,
RN7SKP249,1,
RN7SKP250,1,
RN7SKP252,3,
RN7SKP261,1,
RN7SKP266,2,
RN7SKP271,12,
RN7SKP280,9,
RN7SKP286,1,
RN7SKP287,1,
RN7SKP289,1,
RN7SKP29,10,
RN7SKP3,1,
RN7SKP32,1,
RN7SKP34,9,
RN7SKP47,18,
RN7SKP55,1,
RN7SKP60,6,
RN7SKP64,17,
RN7SKP74,2,
RN7SKP77,1,
RN7SKP98,4,
RN7SL100P,1,
RN7SL111P,18,
RN7SL131P,10,
RN7SL135P,1,
RN7SL154P,16,
RN7SL159P,4,
RN7SL167P,1,
RN7SL184P,10,
RN7SL188P,1,
RN7SL189P,2,
RN7SL190P,2,
RN7SL197P,12,
RN7SL201P,13,
RN7SL210P,6,
RN7SL211P,1,
RN7SL214P,4,
RN7SL231P,3,
RN7SL237P,3,
RN7SL250P,2,
RN7SL251P,1,
RN7SL25P,10,
RN7SL261P,2,
RN7SL263P,1,
RN7SL26P,6,
RN7SL275P,5,
RN7SL279P,8,
RN7SL283P,2,
RN7SL285P,10,
RN7SL28P,13,
RN7SL299P,5,
RN7SL303P,3,
RN7SL307P,8,
RN7SL309P,1,
RN7SL319P,3,
RN7SL320P,6,
RN7SL322P,3,
RN7SL330P,4,
RN7SL353P,6,
RN7SL354P,6,
RN7SL363P,4,
RN7SL366P,1,
RN7SL379P,2,
RN7SL380P,4,
RN7SL38P,1,
RN7SL391P,2,
RN7SL405P,1,
RN7SL408P,3,
RN7SL40P,16,
RN7SL413P,8,
RN7SL426P,10,
RN7SL432P,11,
RN7SL440P,3,
RN7SL445P,6,
RN7SL446P,2,
RN7SL451P,3,
RN7SL457P,2,
RN7SL461P,1,
RN7SL464P,1,
RN7SL466P,16,
RN7SL474P,4,
RN7SL491P,19,
RN7SL493P,1,
RN7SL503P,6,
RN7SL507P,2,
RN7SL50P,15,
RN7SL518P,1,
RN7SL519P,9,
RN7SL524P,1,
RN7SL541P,15,
RN7SL546P,14,
RN7SL547P,2,
RN7SL555P,2,
RN7SL556P,16,
RN7SL563P,2,
RN7SL567P,3,
RN7SL575P,1,
RN7SL581P,7,
RN7SL594P,14,
RN7SL597P,2,
RN7SL604P,3,
RN7SL607P,11,
RN7SL625P,5,
RN7SL629P,7,
RN7SL63P,1,
RN7SL658P,11,
RN7SL667P,1,
RN7SL668P,1,
RN7SL679P,16,
RN7SL680P,3,
RN7SL684P,7,
RN7SL685P,2,
RN7SL687P,1,
RN7SL700P,1,
RN7SL703P,1,
RN7SL709P,5,
RN7SL716P,2,
RN7SL73P,1,
RN7SL748P,6,
RN7SL762P,3,
RN7SL771P,13,
RN7SL783P,6,
RN7SL786P,1,
RN7SL787P,1,
RN7SL790P,9,
RN7SL792P,4,
RN7SL793P,7,
RN7SL799P,5,
RN7SL7P,6,
RN7SL806P,4,
RN7SL813P,2,
RN7SL819P,17,
RN7SL822P,9,
RN7SL836P,7,
RN7SL837P,8,
RN7SL841P,1,
RN7SL845P,1,
RN7SL849P,17,
RN7SL854P,1,
RN7SL860P,1,
RN7SL862P,7,
RN7SL869P,4,
RN7SL870P,2,
RN7SL88P,1,
RN7SL93P,2,
RN7SL96P,1,
RN7SL98P,2,
RNA5SP107,13,
RNA5SP123,1,
RNA5SP131,18,
RNA5SP149,6,
RNA5SP159,8,
RNA5SP18,6,
RNA5SP19,1,
RNA5SP203,1,
RNA5SP216,6,
RNA5SP22,1,
RNA5SP226,6,
RNA5SP233,1,
RNA5SP235,1,
RNA5SP236,8,
RNA5SP241,15,
RNA5SP255,3,
RNA5SP260,13,
RNA5SP281,3,
RNA5SP282,2,
RNA5SP283,1,
RNA5SP292,1,
RNA5SP295,7,
RNA5SP297,1,
RNA5SP299,5,
RNA5SP31,1,
RNA5SP323,1,
RNA5SP329,1,
RNA5SP343,3,
RNA5SP349,1,
RNA5SP36,12,
RNA5SP365,2,
RNA5SP37,3,
RNA5SP379,1,
RNA5SP428,1,
RNA5SP439,2,
RNA5SP440,2,
RNA5SP454,1,
RNA5SP456,1,
RNA5SP462,1,
RNA5SP47,2,
RNA5SP478,13,
RNA5SP481,5,
RNA5SP484,3,
RNA5SP488,3,
RNA5SP490,1,
RNA5SP498,9,
RNA5SP502,1,
RNA5SP504,6,
RNA5SP525,1,
RNA5SP64,9,
RNA5SP78,7,
RNA5SP82,1,
RNA5SP87,3,
RNA5SP88,5,
RNA5SP89,5,
RNASE2CP,1,
RNASE9,7,
RNF10P1,1,
RNF11P1,9,
RNF19BPX,1,
RNF19BPY,15,
RNU1-112P,1,
RNU1-115P,6,
RNU1-119P,4,
RNU1-130P,1,
RNU1-138P,9,
RNU1-146P,2,
RNU1-148P,1,
RNU1-18P,1,
RNU1-21P,1,
RNU1-46P,10,
RNU1-51P,1,
RNU1-58P,1,
RNU1-64P,1,
RNU1-7P,1,
RNU1-88P,6,
RNU1-89P,1,
RNU11-2P,1,
RNU12-2P,3,
RNU2-14P,1,
RNU2-17P,15,
RNU2-23P,4,
RNU2-25P,1,
RNU2-31P,2,
RNU2-36P,3,
RNU2-52P,16,
RNU2-5P,2,
RNU2-64P,1,
RNU2-65P,8,
RNU2-71P,7,
RNU4-13P,3,
RNU4-15P,1,
RNU4-31P,7,
RNU4-35P,5,
RNU4-39P,3,
RNU4-58P,2,
RNU4-60P,2,
RNU4-70P,1,
RNU4-72P,2,
RNU4-73P,5,
RNU4-74P,1,
RNU4-86P,6,
RNU4-8P,3,
RNU4ATAC12P,2,
RNU4ATAC14P,1,
RNU5A-4P,4,
RNU5E-4P,10,
RNU6-1004P,1,
RNU6-1010P,8,
RNU6-1013P,17,
RNU6-1026P,1,
RNU6-1050P,1,
RNU6-1055P,12,
RNU6-1060P,19,
RNU6-1064P,8,
RNU6-1068P,16,
RNU6-1074P,1,
RNU6-1075P,1,
RNU6-1088P,3,
RNU6-1091P,4,
RNU6-1094P,1,
RNU6-1097P,14,
RNU6-1105P,3,
RNU6-1107P,12,
RNU6-1136P,2,
RNU6-1155P,1,
RNU6-1161P,2,
RNU6-1164P,4,
RNU6-1208P,4,
RNU6-121P,11,
RNU6-1236P,2,
RNU6-1238P,1,
RNU6-1243P,1,
RNU6-1262P,7,
RNU6-1274P,1,
RNU6-1290P,3,
RNU6-1292P,19,
RNU6-12P,1,
RNU6-1313P,3,
RNU6-1333P,1,
RNU6-140P,1,
RNU6-144P,2,
RNU6-154P,2,
RNU6-15P,8,
RNU6-167P,4,
RNU6-173P,3,
RNU6-199P,1,
RNU6-207P,8,
RNU6-216P,1,
RNU6-234P,14,
RNU6-243P,1,
RNU6-273P,3,
RNU6-308P,15,
RNU6-30P,1,
RNU6-322P,1,
RNU6-33P,3,
RNU6-344P,1,
RNU6-364P,1,
RNU6-369P,3,
RNU6-36P,15,
RNU6-387P,13,
RNU6-395P,6,
RNU6-399P,13,
RNU6-41P,1,
RNU6-422P,7,
RNU6-425P,2,
RNU6-429P,1,
RNU6-42P,1,
RNU6-454P,2,
RNU6-45P,10,
RNU6-497P,10,
RNU6-510P,9,
RNU6-511P,3,
RNU6-517P,5,
RNU6-525P,13,
RNU6-527P,2,
RNU6-533P,2,
RNU6-553P,1,
RNU6-595P,1,
RNU6-606P,1,
RNU6-607P,1,
RNU6-609P,6,
RNU6-613P,2,
RNU6-615P,14,
RNU6-61P,1,
RNU6-645P,1,
RNU6-648P,1,
RNU6-657P,1,
RNU6-660P,1,
RNU6-663P,5,
RNU6-66P,1,
RNU6-703P,18,
RNU6-70P,1,
RNU6-766P,1,
RNU6-777P,8,
RNU6-780P,16,
RNU6-781P,9,
RNU6-784P,11,
RNU6-797P,2,
RNU6-805P,1,
RNU6-824P,6,
RNU6-858P,1,
RNU6-85P,4,
RNU6-861P,1,
RNU6-863P,11,
RNU6-878P,3,
RNU6-884P,10,
RNU6-891P,1,
RNU6-893P,3,
RNU6-902P,1,
RNU6-907P,1,
RNU6-921P,1,
RNU6-927P,2,
RNU6-939P,3,
RNU6-952P,2,
RNU6ATAC14P,1,
RNU6ATAC38P,1,
RNU7-10P,2,
RNU7-160P,2,
RNU7-37P,11,
RNVU1-24,1,
RNY1P13,15,
RNY1P15,2,
RNY1P4,3,
RNY1P6,19,
RNY1P8,2,
RNY3P13,9,
RNY4P10,4,
RNY4P13,3,
RNY4P16,1,
RNY4P20,1,
RNY4P6,8,
ROBO2P1,12,
RPA2P2,1,
RPA3P1,1,
RPL10AP3,1,
RPL10P1,7,
RPL10P10,3,
RPL10P15,7,
RPL10P2,1,
RPL10P6,17,
RPL10P7,8,
RPL11P4,7,
RPL11P5,3,
RPL12P2,4,
RPL12P26,1,
RPL12P29,7,
RPL12P3,1,
RPL12P31,8,
RPL12P32,9,
RPL12P34,1,
RPL12P36,10,
RPL12P39,7,
RPL12P43,1,
RPL13AP,1,
RPL13P4,17,
RPL13P5,16,
RPL13P6,16,
RPL15P1,2,
RPL15P13,1,
RPL15P14,17,
RPL15P18,16,
RPL15P20,12,
RPL15P5,3,
RPL17P17,15,
RPL17P20,3,
RPL17P3,10,
RPL17P37,2,
RPL17P49,2,
RPL18AP15,4,
RPL18AP16,17,
RPL18AP2,5,
RPL18AP7,12,
RPL18AP8,1,
RPL18P10,16,
RPL18P13,6,
RPL19P11,1,
RPL19P13,3,
RPL19P14,2,
RPL19P18,1,
RPL19P4,2,
RPL21P103,2,
RPL21P104,6,
RPL21P107,13,
RPL21P108,10,
RPL21P111,16,
RPL21P112,5,
RPL21P119,3,
RPL21P120,9,
RPL21P126,11,
RPL21P129,1,
RPL21P131,14,
RPL21P133,11,
RPL21P16,1,
RPL21P17,14,
RPL21P23,15,
RPL21P33,3,
RPL21P41,1,
RPL21P50,13,
RPL21P6,2,
RPL21P67,10,
RPL21P75,6,
RPL21P92,2,
RPL22P12,11,
RPL22P17,2,
RPL22P18,1,
RPL22P22,1,
RPL22P23,4,
RPL23AP12,4,
RPL23AP17,14,
RPL23AP22,1,
RPL23AP23,8,
RPL23AP31,15,
RPL23AP36,1,
RPL23AP40,7,
RPL23AP41,3,
RPL23AP50,1,
RPL23AP52,11,
RPL23AP55,13,
RPL23AP59,1,
RPL23AP6,4,
RPL23AP66,2,
RPL23AP70,5,
RPL23AP71,5,
RPL23AP78,7,
RPL23AP83,1,
RPL23AP90,1,
RPL23AP95,1,
RPL26P15,1,
RPL27AP3,1,
RPL27P12,3,
RPL27P7,3,
RPL27P8,6,
RPL28P2,9,
RPL29P23,1,
RPL29P25,3,
RPL29P3,6,
RPL29P32,17,
RPL29P33,15,
RPL29P7,1,
RPL30P12,3,
RPL30P14,8,
RPL30P4,14,
RPL30P5,19,
RPL31P12,7,
RPL31P17,14,
RPL31P2,18,
RPL31P30,2,
RPL31P50,2,
RPL31P59,10,
RPL31P60,1,
RPL31P7,13,
RPL32P10,7,
RPL32P14,7,
RPL32P15,4,
RPL32P19,1,
RPL32P20,3,
RPL32P21,1,
RPL32P22,4,
RPL32P25,2,
RPL32P26,3,
RPL32P30,1,
RPL32P34,5,
RPL32P6,17,
RPL34P8,5,
RPL35AP,12,
RPL35AP10,4,
RPL35AP11,14,
RPL35AP14,14,
RPL35AP19,11,
RPL35AP24,9,
RPL35AP3,1,
RPL35AP31,13,
RPL35AP33,1,
RPL35AP34,2,
RPL35AP6,3,
RPL35AP7,15,
RPL35P9,7,
RPL36AP1,1,
RPL36AP12,3,
RPL36AP14,3,
RPL36AP18,1,
RPL36AP2,1,
RPL36AP27,19,
RPL36AP38,2,
RPL36AP4,5,
RPL36AP40,2,
RPL36AP46,5,
RPL36AP5,2,
RPL36AP52,5,
RPL36AP55,3,
RPL36P12,1,
RPL36P13,2,
RPL36P14,1,
RPL36P2,2,
RPL36P3,4,
RPL36P4,2,
RPL37AP8,1,
RPL38P5,12,
RPL39P14,9,
RPL39P18,3,
RPL39P25,11,
RPL39P26,19,
RPL39P33,1,
RPL39P40,8,
RPL3P10,5,
RPL3P11,11,
RPL3P3,13,
RPL3P9,14,
RPL5P19,4,
RPL5P2,4,
RPL5P21,5,
RPL5P26,1,
RPL6P14,4,
RPL6P15,1,
RPL6P17,8,
RPL6P21,6,
RPL6P30,2,
RPL6P4,3,
RPL6P7,9,
RPL7AP17,6,
RPL7AP21,1,
RPL7AP23,5,
RPL7AP24,3,
RPL7AP25,11,
RPL7AP27,15,
RPL7AP3,6,
RPL7AP32,1,
RPL7AP33,6,
RPL7AP34,16,
RPL7AP4,4,
RPL7AP46,12,
RPL7AP48,5,
RPL7AP5,4,
RPL7AP52,13,
RPL7AP56,1,
RPL7AP57,1,
RPL7AP7,7,
RPL7AP77,5,
RPL7AP78,3,
RPL7AP8,1,
RPL7L1P1,4,
RPL7L1P13,3,
RPL7L1P4,1,
RPL7P12,18,
RPL7P13,5,
RPL7P20,4,
RPL7P33,1,
RPL7P35,2,
RPL7P36,18,
RPL7P40,10,
RPL7P45,2,
RPL7P5,1,
RPL7P51,3,
RPL7P55,6,
RPL8P1,1,
RPL9P15,1,
RPL9P21,1,
RPL9P33,9,
RPLP0P10,15,
RPLP0P5,1,
RPPH1-2P,1,
RPS10P16,15,
RPS10P18,1,
RPS10P3,3,
RPS10P5,6,
RPS10P9,1,
RPS12P15,1,
RPS12P28,11,
RPS12P31,14,
RPS13P4,4,
RPS14P7,2,
RPS14P8,16,
RPS15AP14,8,
RPS15AP25,1,
RPS15AP27,6,
RPS15AP39,2,
RPS15AP5,1,
RPS16P2,15,
RPS17P11,6,
RPS17P5,10,
RPS17P8,1,
RPS18P1,2,
RPS19P7,15,
RPS20P10,5,
RPS20P13,1,
RPS20P24,10,
RPS20P31,4,
RPS20P4,14,
RPS21P4,13,
RPS23P10,5,
RPS23P2,4,
RPS24P1,5,
RPS24P12,3,
RPS24P18,8,
RPS24P7,2,
RPS26P13,14,
RPS26P2,2,
RPS26P30,1,
RPS26P31,5,
RPS26P34,11,
RPS26P38,16,
RPS26P40,2,
RPS26P45,15,
RPS26P5,1,
RPS26P52,1,
RPS26P58,2,
RPS26P8,7,
RPS27AP1,7,
RPS27AP10,8,
RPS27AP13,15,
RPS27AP17,1,
RPS27AP20,8,
RPS27AP3,6,
RPS27AP9,3,
RPS27P14,1,
RPS27P15,2,
RPS27P29,1,
RPS29P17,1,
RPS29P8,1,
RPS2P16,9,
RPS2P18,9,
RPS2P28,2,
RPS2P55,17,
RPS3AP10,4,
RPS3AP50,12,
RPS3AP53,1,
RPS3AP7,17,
RPS4XP10,6,
RPS4XP20,16,
RPS4XP21,1,
RPS4XP23,2,
RPS4XP4,1,
RPS4Y2,11,
RPS6KA2-AS1,5,
RPS6P2,17,
RPS6P20,4,
RPS6P21,5,
RPS6P23,3,
RPS6P3,4,
RPS7P5,7,
RPS7P9,2,
RPS9P1,3,
RPSAP1,6,
RPSAP11,9,
RPSAP22,12,
RPSAP29,3,
RPSAP3,13,
RPSAP34,11,
RPSAP35,2,
RPSAP37,8,
RPSAP39,7,
RPSAP40,1,
RPSAP55,1,
RPSAP56,9,
RPSAP61,13,
RPSAP63,1,
RPSAP72,1,
RRAGAP1,9,
RRBP1P1,2,
RRBP1P2,5,
RRM1-AS1,3,
RRM2P2,11,
RRM2P4,4,
RSL24D1P2,12,
RSL24D1P3,3,
RSL24D1P9,12,
RTP1,10,
RTP5,3,
RTRAFP1,14,
S100A11P1,3,
S100A11P5,17,
S100A11P6,3,
S100A11P9,1,
SAA3P-1,19,
SAGE2P,9,
SAGE3P,2,
SALL4P6,1,
SAMM50P1,2,
SAP18P2,1,
SAPCD2P1,1,
SAPCD2P2,1,
SAPCD2P3,4,
SAR1AP2,2,
SBF1P1,4,
SBF1P2,3,
SCGB1C1,1,
SCGB1D4,12,
SCGB2B3P,1,
SCUBE1-AS2,8,
SCYGR10,16,
SCYGR4,2,
SDC4P,16,
SDCBP2P1,2,
SDHCP2,3,
SDHDP3,1,
SEC13P1,8,
SELENOTP1,10,
SEM1P1,2,
SEPHS1P1,16,
SEPHS1P4,13,
SEPHS2P1,1,
SEPTIN14P17,5,
SEPTIN14P23,4,
SERBP1P2,18,
SERPINA13P,16,
SERPINB8P1,2,
SETP16,5,
SETP9,3,
SFTPA3P,1,
SGO1P1,5,
SHC1P1,2,
SHISA5P1,8,
SIAH1P1,2,
SIGLEC21P,1,
SIGLEC29P,1,
SIGLEC30P,3,
SKP2P1,1,
SLAMF6P1,5,
SLC18A2-AS1,9,
SLC25A15P1,18,
SLC25A15P3,3,
SLC25A15P4,17,
SLC25A1P1,2,
SLC25A1P3,3,
SLC25A1P5,6,
SLC25A36P1,15,
SLC25A38P1,2,
SLC25A3P2,12,
SLC25A48-AS1,17,
SLC25A51P3,5,
SLC25A51P4,1,
SLC25A5P2,3,
SLC25A5P3,2,
SLC25A5P4,4,
SLC25A5P6,7,
SLC25A5P7,3,
SLC25A5P8,1,
SLC25A5P9,1,
SLC30A6P1,17,
SLC35G3,19,
SLC44A3P1,4,
SLC5A4P1,1,
SLC6A6P1,1,
SLC9A3P3,1,
SLIRPP2,3,
SLURP1,4,
SMARCE1P7,1,
SMIM15P1,2,
SMR3A,10,
SMUG1P1,2,
SNAPC5P1,1,
SNF8P1,16,
SNORA108,3,
SNORA13,7,
SNORA41B,12,
SNORA48B,1,
SNORA62-4,6,
SNORA63E,1,
SNORA70,2,
SNORA70-12,14,
SNORA70-23,3,
SNORA70-24,2,
SNORA70-3,1,
SNORA72,2,
SNORA72-7,6,
SNORA73-3,2,
SNORA74-2,9,
SNORA75-1,1,
SNORD104,2,
SNORD115,1,
SNORD12C,3,
SNORD13D,16,
SNORD30-1,10,
SNORD3C,6,
SNORD3P1,3,
SNORD60,3,
SNORD65,8,
SNORD88A,1,
SNORD88C,3,
SNORD93,1,
SNRPCP1,10,
SNRPCP11,12,
SNRPCP13,1,
SNRPCP16,7,
SNRPCP2,3,
SNRPCP4,2,
SNRPCP5,1,
SNRPD2P1,2,
SNRPEP5,2,
SNRPEP7,1,
SNRPEP8,1,
SNRPFP2,13,
SNRPFP4,3,
SNRPGP18,1,
SNRPGP19,2,
SNRPGP2,10,
SNRPGP4,7,
SNRPGP5,2,
SNRPGP8,1,
SNURF,14,
SNX18P12,3,
SNX18P4,14,
SNX18P8,1,
SNX19P4,2,
SNX5P1,13,
SOCS2P2,4,
SOCS5P1,7,
SOD1P3,2,
SORCS3-AS1,5,
SPAG11A,1,
SPAG11B,5,
SPANXA2,16,
SPATA17-AS1,12,
SPATA19,14,
SPATA2P1,4,
SPATA31B1P,18,
SPATA31C1,3,
SPATA31D2P,15,
SPATA31D4,1,
SPATA31D5P,15,
SPATA31E1,10,
SPATA31E2P,3,
SPATA31E3P,11,
SPATA8,11,
SPDYE15,2,
SPINT3,6,
SPINT5P,1,
SPRING1P2,2,
SPRR2G,9,
SPRR4,1,
SPRR5,3,
SQSTM1P1,1,
SRD5A1P1,8,
SRD5A3P1,1,
SRGAP3-AS1,1,
SRIP3,2,
SRP14P4,14,
SRP68P2,16,
SRP68P3,10,
SRSF2P1,1,
SRSF3P5,6,
SRSF6P1,12,
SRSF9P1,3,
SSBP3P2,8,
SSR1P2,18,
SSTR4,2,
SSU72P1,2,
SSXP1,18,
SSXP10,11,
SSXP3,12,
SSXP4,18,
ST13P14,7,
ST13P16,9,
STK16P1,6,
STRADBP1,6,
STRCP1-1,2,
SUCLA2P2,2,
SUMO1P2,4,
SUMO2P10,1,
SUMO2P14,7,
SUMO2P15,4,
SUMO2P3,3,
SUMO2P4,1,
SUMO2P7,1,
SUPT4H1P1,3,
SURF6P1,2,
SUSD2P2,1,
SYCN,3,
SYF2P1,1,
SYNGR2P1,10,
SYPL1P1,3,
TAAR3P,16,
TAAR6,2,
TAAR9,1,
TAF11L12,8,
TAF13P2,5,
TAF9P3,4,
TARDBPP1,7,
TARS2P1,1,
TAS2R38,12,
TAS2R39,5,
TAS2R40,12,
TAS2R41,4,
TATDN2P1,1,
TBC1D3C,12,
TBC1D3G,1,
TBC1D3H,2,
TBC1D3P3,1,
TBC1D3P5-1,12,
TBC1D3P6,17,
TBL1YP1,6,
TBX5-AS1,7,
TCEA1P1,7,
TCERG1P1,2,
TCP10L3-1,4,
TCP11X2,2,
TDGF1P2,2,
TDGF1P3,14,
TDGF1P5,4,
TDGF1P7,6,
TET1P1,10,
TEX101P1,7,
TEX13A,5,
TEX36-AS1,1,
TEX47,17,
TFDP1P1,11,
TGIF1P1,6,
THAP12P6,9,
THAP12P9,2,
THEG5,7,
TIFAB,11,
TIMM17BP1,6,
TIMM9P1,2,
TINAG-AS1,10,
TIPINP1,8,
TJAP1P1,18,
TLR9,2,
TMCC1P1,4,
TMEM132D-AS2,17,
TMEM132E-DT,19,
TMEM14DP,2,
TMEM174,9,
TMEM185AP1,1,
TMEM225,4,
TMEM230P1,1,
TMEM248P1,6,
TMEM252,13,
TMEM256P2,3,
TMEM271,10,
TMLHEP1,3,
TMSB10P2,1,
TMSB4XP3,3,
TNIP2P1,1,
TNP1,8,
TNP2,4,
TNPO3P1,1,
TOMM20P1,1,
TOMM20P3,3,
TOMM22P6,4,
TOMM40P1,14,
TOMM40P2,19,
TOP3BP1,12,
TPI1P3,15,
TPI1P4,1,
TPM2P1,1,
TPMTP2,10,
TPRKBP1,3,
TPST2P1,1,
TPT1P13,1,
TPT1P14,1,
TPT1P7,5,
TRAF6P1,13,
TRAPPC13P1,16,
TRAPPC2LP1,2,
TRAV1-2,1,
TRAV13-1,1,
TRAV19,2,
TRAV24,1,
TRAV25,2,
TRAV30,6,
TRAV33,1,
TRAV38-2DV8,1,
TRAV5,2,
TRAV6,1,
TRAV8-2,5,
TRAV8-5,9,
TRBV11-3,9,
TRBV12-2,1,
TRBV17,2,
TRBV20OR9-2,1,
TRBV23OR9-2,7,
TRBV24-1,1,
TRBV6-8,1,
TRBV7-1,3,
TRBV7-3,13,
TRBV7-6,2,
TRBV7-7,1,
TRBVB,13,
TREML5P,5,
TRERNA1,19,
TRGC1,9,
TRGV1,8,
TRGV2,1,
TRGV6,12,
TRGV8,5,
TRIM43B,13,
TRIM49,5,
TRIM49C,1,
TRIM49D1,5,
TRIM51FP,5,
TRIM53AP,5,
TRIM60P14,17,
TRIM60P17,11,
TRIM64B,10,
TRIM64C,13,
TRIM64EP,8,
TRIM67-AS1,6,
TRMT10BP1,11,
TRMT112P3,1,
TRMT1P1,6,
TRPC2-1,14,
TRPC6P1,1,
TRPC6P6,1,
TRPC6P8,1,
TSEN15P2,3,
TSHB,13,
TSPY1,6,
TSSK1A,13,
TSSK2,11,
TTC9-DT,11,
TTTY1,12,
TTTY12,2,
TTTY13,11,
TTTY2B,1,
TUBAP12,1,
TUBAP6,19,
TUBAP7,4,
TUBB3P1,1,
TUBB4AP1,3,
TUBB4BP5,2,
TUBB7P,9,
TUBB8P11,8,
TUBB8P6,8,
TUBBP2,4,
TUBBP8,1,
TUSC2P2,1,
TXNL1P1,1,
TXNP4,4,
TXNP5,6,
U3-14,3,
U3-24,1,
U3-37,10,
U3-48,1,
U3-7,1,
U4-1,1,
U4-5,1,
U8-15,2,
U8-18,2,
U8-19,1,
UBA52P7,11,
UBBP2,11,
UBDP1,8,
UBE2D3P3,8,
UBE2DNL,4,
UBE2FP3,2,
UBE2L2,4,
UBE2NP1,2,
UBE2Q2P4Y,8,
UBE2V1P15,8,
UBE2V1P16,7,
UBE2V1P4,3,
UBE2V1P8,1,
UBE2V1P9,5,
UBFD1P1,4,
UBL5P2,4,
UBQLN1P1,1,
UBTFL11,1,
UBTFL7,2,
UBTFL9,3,
UGT2B24P,16,
UGT2B25P,17,
UGT2B28,19,
UQCRBP3,3,
UQCRHP1,4,
UQCRHP2,1,
USP17L1,1,
USP17L15,1,
USP9YP14,2,
USP9YP3,2,
USP9YP4,10,
USP9YP8,4,
VCY,6,
VCY1B,7,
VDAC1P12,2,
VDAC1P9,3,
VDAC2P1,2,
VDAC2P3,2,
VDAC2P4,1,
VENTXP3,2,
VENTXP5,4,
VKORC1P1,1,
VN1R104P,2,
VN1R11P,1,
VN1R12P,1,
VN1R13P,1,
VN1R17P,13,
VN1R18P,1,
VN1R20P,13,
VN1R21P,2,
VN1R28P,2,
VN1R48P,2,
VN1R5,1,
VN1R70P,3,
VN1R71P,8,
VN1R7P,2,
VN1R84P,12,
VN1R85P,10,
VN1R87P,10,
VN1R8P,1,
VN1R90P,1,
VN1R93P,3,
VN1R96P,9,
VN1R9P,1,
VN2R9P,4,
VTI1BP3,1,
Vault-3,6,
WBP1P1,2,
WBP1P2,8,
WBP2P1,1,
WDR45P1,7,
WDR82P2,8,
WIZP1,2,
WSPAR,6,
XKR4-AS1,2,
XKRY,2,
XRCC6P3,2,
YAP1P3,8,
YBX1P7,7,
YBX1P9,16,
YBX2P1,16,
YME1L1P1,1,
YRDCP2,5,
YWHABP1,2,
YWHAQP6,18,
YWHAQP8,1,
YWHAQP9,1,
YWHAZP8,1,
YY1P2,2,
Y_RNA,2,
Y_RNA-100,1,
Y_RNA-106,1,
Y_RNA-108,1,
Y_RNA-126,7,
Y_RNA-13,1,
Y_RNA-133,3,
Y_RNA-134,1,
Y_RNA-136,9,
Y_RNA-140,1,
Y_RNA-149,4,
Y_RNA-153,1,
Y_RNA-155,3,
Y_RNA-157,1,
Y_RNA-164,8,
Y_RNA-165,1,
Y_RNA-167,1,
Y_RNA-168,5,
Y_RNA-170,19,
Y_RNA-176,19,
Y_RNA-177,19,
Y_RNA-188,8,
Y_RNA-191,13,
Y_RNA-197,7,
Y_RNA-198,11,
Y_RNA-202,3,
Y_RNA-21,3,
Y_RNA-218,17,
Y_RNA-220,2,
Y_RNA-221,2,
Y_RNA-222,8,
Y_RNA-224,2,
Y_RNA-227,2,
Y_RNA-232,1,
Y_RNA-233,1,
Y_RNA-24,1,
Y_RNA-243,1,
Y_RNA-245,2,
Y_RNA-248,8,
Y_RNA-251,1,
Y_RNA-253,1,
Y_RNA-258,8,
Y_RNA-261,3,
Y_RNA-263,1,
Y_RNA-264,1,
Y_RNA-274,2,
Y_RNA-277,2,
Y_RNA-29,5,
Y_RNA-290,6,
Y_RNA-295,9,
Y_RNA-30,2,
Y_RNA-301,13,
Y_RNA-308,1,
Y_RNA-317,2,
Y_RNA-32,11,
Y_RNA-340,2,
Y_RNA-346,8,
Y_RNA-349,1,
Y_RNA-351,3,
Y_RNA-358,2,
Y_RNA-367,9,
Y_RNA-376,9,
Y_RNA-380,2,
Y_RNA-403,6,
Y_RNA-413,3,
Y_RNA-415,7,
Y_RNA-420,5,
Y_RNA-421,8,
Y_RNA-426,3,
Y_RNA-436,1,
Y_RNA-442,1,
Y_RNA-451,11,
Y_RNA-458,1,
Y_RNA-470,3,
Y_RNA-474,7,
Y_RNA-48,3,
Y_RNA-492,10,
Y_RNA-495,1,
Y_RNA-5,7,
Y_RNA-510,11,
Y_RNA-514,1,
Y_RNA-515,1,
Y_RNA-521,12,
Y_RNA-526,3,
Y_RNA-533,2,
Y_RNA-545,15,
Y_RNA-57,1,
Y_RNA-576,4,
Y_RNA-586,5,
Y_RNA-587,14,
Y_RNA-591,12,
Y_RNA-592,1,
Y_RNA-601,1,
Y_RNA-605,16,
Y_RNA-606,1,
Y_RNA-608,1,
Y_RNA-61,2,
Y_RNA-610,11,
Y_RNA-621,7,
Y_RNA-624,1,
Y_RNA-629,19,
Y_RNA-642,1,
Y_RNA-643,16,
Y_RNA-650,1,
Y_RNA-651,1,
Y_RNA-660,1,
Y_RNA-662,1,
Y_RNA-666,1,
Y_RNA-669,5,
Y_RNA-670,9,
Y_RNA-672,2,
Y_RNA-676,3,
Y_RNA-678,3,
Y_RNA-685,3,
Y_RNA-691,1,
Y_RNA-701,1,
Y_RNA-702,1,
Y_RNA-703,14,
Y_RNA-709,6,
Y_RNA-715,8,
Y_RNA-718,4,
Y_RNA-719,2,
Y_RNA-721,1,
Y_RNA-753,1,
Y_RNA-754,2,
Y_RNA-86,8,
Y_RNA-87,1,
ZBTB7C-AS2,18,
ZDHHC20P2,1,
ZDHHC20P3,2,
ZFP64P1,3,
ZIC4-AS1,2,
ZIK1P1,7,
ZNF24TR,2,
ZNF299P,8,
ZNF29P,1,
ZNF37CP,18,
ZNF402P,7,
ZNF454-DT,11,
ZNF474-AS1,15,
ZNF519P1,4,
ZNF619P1,6,
ZNF705B,5,
ZNF705CP,2,
ZNF736P6Y,2,
ZNF75BP,7,
ZNF8-ERVK3-1,1,
ZNF859P,5,
ZNF877P,1,
ZNF885P,13,
ZNF886P,13,
ZNF90P3,3,
ZNF92P1Y,2,
ZNF92P2,19,
ZNF971P,3,
ZNRF2P3,2,
ZP3P1,18,
ZSCAN5C,19,
