patient,drug,dose,n_genes_scored,mean_abs_half0,mean_abs_half1,r,r_responder,n_responders,n_plates_even
ACH-000120,(R)-Verapamil (hydrochloride),5.0,17314,0.9246,0.8461,0.0206,,3,True
ACH-000120,18β-Glycyrrhetinic acid,5.0,16513,0.9507,0.9291,0.0499,,18,True
ACH-000120,8-Hydroxyquinoline,5.0,16717,0.9714,0.7781,0.0696,,26,True
ACH-000120,Acetohexamide,5.0,17316,0.9221,0.862,0.019,,7,True
ACH-000120,Adagrasib,0.05,25710,0.5134,0.5957,0.0737,0.8837,148,True
ACH-000120,Adenine,5.0,17079,0.9725,0.7267,0.0489,,22,True
ACH-000120,Adenosine,5.0,17423,0.9079,0.8579,0.0023,,18,True
ACH-000120,Afatinib,0.05,18071,0.7678,0.8273,0.0205,0.062,111,False
ACH-000120,Afatinib,0.5,20257,0.6471,0.8408,0.0136,-0.1849,168,False
ACH-000120,Afatinib,5.0,14377,0.6294,1.2412,0.0126,-0.0297,119,False
ACH-000120,Aliskiren,5.0,17245,0.9389,0.8057,0.0229,,2,True
ACH-000120,Allantoin,5.0,16616,0.9724,0.858,0.0666,,33,True
ACH-000120,Almonertinib (hydrochloride),5.0,16390,0.9675,0.9327,0.0788,,33,True
ACH-000120,Almonertinib (mesylate),0.05,16299,0.7936,0.9328,0.0312,,2,True
ACH-000120,Almonertinib (mesylate),0.5,19434,0.8746,0.701,0.0092,0.4371,65,True
ACH-000120,Almonertinib (mesylate),5.0,16727,0.987,0.863,-0.0203,-0.0677,166,True
ACH-000120,Amsacrine,5.0,16424,0.9525,1.0932,0.0519,,16,True
ACH-000120,Anethole trithione,5.0,17034,0.9839,0.7798,0.0612,,20,True
ACH-000120,Artesunate,5.0,16437,0.9909,0.8259,0.0811,0.8495,81,True
ACH-000120,Azithromycin (hydrate),5.0,16655,0.9584,0.8612,0.0473,,2,True
ACH-000120,Baicalin,5.0,17351,0.9709,0.7898,0.0512,,7,True
ACH-000120,Balsalazide (sodium hydrate),5.0,17637,0.9455,0.7817,0.0477,,1,True
ACH-000120,Belumosudil,0.05,17199,0.7654,0.9293,0.0164,,4,True
ACH-000120,Belumosudil,0.5,19398,0.8376,0.7981,0.0192,,31,True
ACH-000120,Belumosudil,5.0,16370,0.8956,0.9528,0.0068,-0.1045,149,True
ACH-000120,Berbamine,0.5,16959,0.7672,0.9579,-0.0211,-0.3596,102,True
ACH-000120,Berbamine,5.0,16627,0.9651,0.8188,0.0566,,10,True
ACH-000120,Berbamine (dihydrochloride),0.05,16561,0.7683,0.938,0.039,,42,True
ACH-000120,Berbamine (dihydrochloride),0.5,18749,0.8711,0.7029,0.0093,,21,True
ACH-000120,Berbamine (dihydrochloride),5.0,16536,0.9938,0.8779,0.0071,0.092,140,True
ACH-000120,Berberine (chloride hydrate),5.0,17281,0.9668,0.7653,0.0255,,5,True
ACH-000120,Bergenin,5.0,16923,0.9699,0.7914,0.0302,,8,True
ACH-000120,Bimatoprost,5.0,17358,0.9224,0.8534,0.0283,,9,True
ACH-000120,Binimetinib,0.05,16502,1.0515,0.8429,0.1191,0.3496,233,True
ACH-000120,Binimetinib,0.5,17360,0.928,1.0896,0.2118,0.4006,251,True
ACH-000120,Binimetinib,5.0,13144,0.6878,1.2149,0.0873,0.42,599,True
ACH-000120,Busulfan,5.0,16553,0.9743,0.8598,0.0611,,23,True
ACH-000120,Captopril,0.05,17178,0.8352,0.8797,0.056,-0.1209,128,True
ACH-000120,Cepharanthine,5.0,16349,0.956,1.0502,0.0799,,22,True
ACH-000120,Chlorhexidine (diacetate),0.5,17428,0.7896,0.8943,-0.002,-0.4595,103,True
ACH-000120,Chlorhexidine (diacetate),5.0,16969,0.9537,0.7869,0.026,,10,True
ACH-000120,Ciclopirox,5.0,16353,0.9625,0.8611,0.0761,,14,True
ACH-000120,Clonidine (hydrochloride),5.0,17887,0.9584,0.7442,0.0528,,7,True
ACH-000120,Clotrimazole,5.0,16925,0.9588,0.8648,0.0577,,25,True
ACH-000120,Cloxacillin (sodium),5.0,17204,0.9532,0.7665,0.0113,,3,True
ACH-000120,Cysteamine (hydrochloride),5.0,17263,0.9449,0.7911,0.0304,,3,True
ACH-000120,Cytarabine,0.05,17056,0.8145,0.9411,0.0421,0.2062,106,True
ACH-000120,Cytarabine,0.5,18663,0.8853,0.7232,0.0113,0.2671,78,True
ACH-000120,Cytarabine,5.0,16668,0.795,0.9684,0.0212,,44,True
ACH-000120,Daidzin,0.05,16929,0.8042,0.9362,0.0034,,39,True
ACH-000120,Daidzin,0.5,18616,0.8719,0.686,0.0036,-0.2848,55,True
ACH-000120,Daidzin,5.0,16862,1.015,0.8581,-0.0198,0.1045,147,True
ACH-000120,Darinaparsin,5.0,16904,0.9416,0.8967,0.0579,,5,True
ACH-000120,Demeclocycline,5.0,16885,0.9286,0.8651,0.0131,,5,True
ACH-000120,Diammonium Glycyrrhizinate,5.0,16796,0.9604,0.8125,0.035,,11,True
ACH-000120,Docetaxel,5.0,17657,0.8898,0.8801,0.0318,,48,True
ACH-000120,Elagolix sodium,5.0,16842,0.9765,0.8424,0.0517,,13,True
ACH-000120,Flumatinib (mesylate),0.05,16359,0.7892,0.9271,0.005,0.2522,61,True
ACH-000120,Flumatinib (mesylate),0.5,18833,0.8339,0.7974,0.018,,30,True
ACH-000120,Flumatinib (mesylate),5.0,16515,0.8026,0.9618,-0.0056,,31,True
ACH-000120,Fluvoxamine (maleate),5.0,16758,0.9579,0.8268,0.0376,,1,True
ACH-000120,Folic acid,5.0,17233,0.9761,0.7304,0.0284,,8,True
ACH-000120,Fumaric acid,0.05,16692,0.7903,0.9427,0.018,,30,True
ACH-000120,Fumaric acid,0.5,19014,0.8702,0.7488,0.0036,,48,True
ACH-000120,Fumaric acid,5.0,17224,0.8615,0.906,-0.0414,,46,True
ACH-000120,Furosemide,5.0,17253,0.9284,0.8259,0.0083,,4,True
ACH-000120,Fusidic acid,5.0,17208,0.9539,0.7716,0.0391,,1,True
ACH-000120,Gallic acid,5.0,16851,0.9535,0.7433,0.046,,4,True
ACH-000120,Gallic acid (hydrate),5.0,16744,0.9755,0.8459,0.0734,,21,True
ACH-000120,Gemfibrozil,5.0,16877,0.9694,0.8549,0.038,,19,True
ACH-000120,Goserelin (acetate),5.0,17265,0.9553,0.7762,0.0305,,6,True
ACH-000120,Hexylresorcinol,5.0,17372,0.9491,0.8215,0.0539,,19,True
ACH-000120,Homoharringtonine,5.0,17119,1.2796,1.3022,0.4651,0.8878,1722,True
ACH-000120,Hydroxyfasudil,0.05,16456,1.5524,0.7321,0.0084,0.0666,91,True
ACH-000120,Idarubicin (hydrochloride),5.0,16466,1.3885,1.6257,0.5304,0.8031,736,True
ACH-000120,Irinotecan (hydrochloride),0.05,16160,0.8993,0.9213,0.0386,0.179,229,True
ACH-000120,Irinotecan (hydrochloride),0.5,18409,0.8998,0.7234,0.0035,-0.0275,149,True
ACH-000120,Irinotecan (hydrochloride),5.0,16542,1.0426,0.881,-0.0428,-0.1483,287,True
ACH-000120,Isocorydine,5.0,17140,0.977,0.7729,0.0302,,4,True
ACH-000120,L-Thyroxine (sodium salt pentahydrate),5.0,15642,1.7354,0.7887,0.0407,,43,True
ACH-000120,Larotrectinib,5.0,16770,0.9464,0.9727,0.0631,,8,True
ACH-000120,Lenalidomide (hemihydrate),5.0,16319,0.9423,0.8514,0.0307,,7,True
ACH-000120,Lidocaine (hydrochloride),5.0,16323,0.9677,1.0768,0.0487,,12,True
ACH-000120,Lipoic acid,5.0,17267,0.9428,0.7832,0.04,,5,True
ACH-000120,Lumateperone (tosylate),5.0,17134,0.9494,0.792,0.0282,,4,True
ACH-000120,Malotilate,0.05,17176,0.9687,0.8666,0.0896,0.052,662,True
ACH-000120,Medroxyprogesterone acetate,5.0,16194,0.9854,0.8381,0.0741,,18,True
ACH-000120,Megestrol,5.0,17501,0.9146,0.813,0.0124,,6,True
ACH-000120,Methylprednisolone succinate,0.05,16323,1.893,0.7556,-0.0154,,10,True
ACH-000120,Mitoxantrone (dihydrochloride),5.0,16967,0.8962,1.1497,-0.024,,25,True
ACH-000120,Naproxen,0.05,15751,0.7366,0.9922,0.0309,,5,True
ACH-000120,Naproxen,0.5,18813,0.8399,0.7326,0.0156,,8,True
ACH-000120,Naproxen,5.0,16197,0.7626,0.943,0.0133,,17,True
ACH-000120,Neratinib (maleate),5.0,16810,0.9732,0.8503,0.0816,,31,True
ACH-000120,Norepinephrine (hydrochloride),5.0,16688,0.9577,0.8743,0.0288,,6,True
ACH-000120,Olanzapine,5.0,17028,0.946,0.856,0.0336,,8,True
ACH-000120,Palmatine (chloride),5.0,16660,0.9472,0.8273,0.0429,,8,True
ACH-000120,Pasireotide (acetate),5.0,17726,0.9555,0.7689,0.0469,,5,True
ACH-000120,Pentagastrin,5.0,17579,0.9491,0.7375,0.031,,5,True
ACH-000120,Pentamidine (isethionate),0.5,16723,0.8948,0.8993,0.0274,-0.0876,52,True
ACH-000120,Pentamidine (isethionate),5.0,17124,0.9426,0.8527,0.0489,,15,True
ACH-000120,Pralsetinib,0.05,17579,0.9509,0.7791,-0.0083,,49,True
ACH-000120,Pravastatin (sodium),0.05,16003,0.8078,0.9224,0.0435,0.101,61,True
ACH-000120,Pravastatin (sodium),0.5,18337,0.8554,0.7115,-0.0021,-0.3265,53,True
ACH-000120,Pravastatin (sodium),5.0,16905,0.8962,0.8692,-0.0577,-0.2561,135,True
ACH-000120,Pyridoxine,5.0,16864,0.952,0.8527,0.0457,,14,True
ACH-000120,Pyridoxine (hydrochloride),5.0,17419,0.9856,0.7442,0.0396,,1,True
ACH-000120,Quinestrol,5.0,17296,0.9386,0.8049,0.0348,,6,True
ACH-000120,Radotinib,5.0,16585,1.0591,0.929,0.1884,0.8216,379,True
ACH-000120,Ralimetinib dimesylate,0.05,16108,1.9448,0.767,0.0213,,36,True
ACH-000120,Raltitrexed,5.0,17461,0.9674,0.7316,0.0475,,2,True
ACH-000120,Rapamycin,5.0,17523,0.939,0.8426,0.0322,,14,True
ACH-000120,Regorafenib,0.05,17420,0.9237,0.7845,-0.0038,,9,True
ACH-000120,Regorafenib,0.5,18405,0.8767,0.7822,0.004,,33,True
ACH-000120,Regorafenib,5.0,14020,0.6494,1.2176,-0.0035,,33,True
ACH-000120,Relugolix,5.0,17464,0.967,0.7568,0.0246,,8,True
ACH-000120,Resveratrol,5.0,16418,0.9994,0.8203,0.0657,0.4498,63,True
ACH-000120,Retinoic acid,5.0,17428,0.9451,0.8149,0.0519,,22,True
ACH-000120,Riluzole hydrochloride,5.0,17417,0.9361,0.8333,0.0557,,2,True
ACH-000120,Rimonabant,5.0,16898,0.9606,0.8032,0.0538,,12,True
ACH-000120,Ritonavir,5.0,16761,0.9442,0.8966,0.0487,,4,True
ACH-000120,Ropivacaine (hydrochloride monohydrate),5.0,16686,0.9537,0.8325,0.0548,,6,True
ACH-000120,S-Adenosyl-L-methionine (disulfate tosylate),5.0,16969,0.967,0.8406,0.0731,,5,True
ACH-000120,Salicylic acid,5.0,17306,0.9165,0.8653,0.0285,,18,True
ACH-000120,Saquinavir,5.0,16036,0.9762,0.9205,0.0816,,32,True
ACH-000120,Selinexor ,5.0,15807,1.1272,0.9266,0.1926,0.5852,121,True
ACH-000120,Sinomenine,5.0,16722,0.9656,0.7957,0.0503,,14,True
ACH-000120,Sodium Salicylate,5.0,17284,0.928,0.9105,0.0556,,14,True
ACH-000120,Sonidegib,0.05,16495,1.8009,0.7385,0.0196,,29,True
ACH-000120,Sulfisoxazole,0.5,16760,0.9225,0.923,0.0776,0.109,294,True
ACH-000120,Sulfisoxazole,5.0,16833,0.9683,0.8607,0.0613,,3,True
ACH-000120,Temsirolimus,5.0,16884,0.9505,0.8597,0.0632,,24,True
ACH-000120,Terfenadine,0.5,16488,0.9386,0.9796,0.0981,0.1016,593,True
ACH-000120,Terfenadine,5.0,16631,0.9534,0.8628,0.0327,,9,True
ACH-000120,Thymol,5.0,16389,0.9555,0.8962,0.0582,,9,True
ACH-000120,Tofacitinib,5.0,16628,0.969,0.8856,0.1099,,10,True
ACH-000120,Tofacitinib (citrate),5.0,16923,0.9392,0.8906,0.0214,,5,True
ACH-000120,Tolcapone,5.0,16680,0.9588,0.8357,0.0445,,10,True
ACH-000120,Topotecan (hydrochloride),0.05,16154,0.7487,0.9613,-0.013,,26,True
ACH-000120,Topotecan (hydrochloride),0.5,18998,0.829,0.8312,-0.0203,,43,True
ACH-000120,Topotecan (hydrochloride),5.0,15913,0.7692,1.178,-0.0054,,17,True
ACH-000120,Trametinib,0.05,16632,0.9489,0.9251,0.0877,0.3851,79,True
ACH-000120,Trametinib,0.5,17299,0.9131,1.1301,0.2024,0.4138,298,True
ACH-000120,Trametinib,5.0,13962,0.7181,1.2499,0.0524,0.3919,736,True
ACH-000120,Triamcinolone,5.0,16587,0.9608,0.8566,0.0782,,18,True
ACH-000120,Triclosan,5.0,17176,0.9367,0.8406,0.0427,,11,True
ACH-000120,Trifluridine,5.0,16451,0.9334,0.8506,0.0554,,18,True
ACH-000120,Trimetrexate,5.0,16565,0.9725,0.8653,0.0497,,8,True
ACH-000120,Tucidinostat,5.0,17293,0.9623,1.2121,0.1553,,21,True
ACH-000120,Vilanterol,5.0,16694,0.95,0.8623,0.0349,,6,True
ACH-000120,Vinblastine (sulfate),5.0,16745,1.0018,1.0311,0.1466,0.7932,151,True
ACH-000120,olaparib,0.05,16447,1.8233,0.746,0.025,,27,True
ACH-000138,(R)-Verapamil (hydrochloride),5.0,25171,0.7606,0.6944,0.0547,0.6708,271,True
ACH-000138,18β-Glycyrrhetinic acid,5.0,24419,0.7854,0.7585,0.0701,0.6801,616,True
ACH-000138,8-Hydroxyquinoline,5.0,24714,0.8088,0.6712,0.0812,0.7642,617,True
ACH-000138,Acetohexamide,5.0,24863,0.7757,0.7257,0.0411,0.5503,413,True
ACH-000138,Adagrasib,0.05,34309,0.4523,0.5148,0.1282,0.6741,3768,True
ACH-000138,Adenine,5.0,24604,0.7931,0.6436,0.06,0.6528,330,True
ACH-000138,Adenosine,5.0,25017,0.7725,0.7504,0.0609,0.755,554,True
ACH-000138,Afatinib,0.05,26362,0.6236,0.7429,0.0256,-0.0739,2350,False
ACH-000138,Afatinib,0.5,28484,0.5832,0.7399,0.0229,-0.0974,2050,False
ACH-000138,Afatinib,5.0,26075,0.6097,0.9442,0.0101,0.2288,1874,False
ACH-000138,Aliskiren,5.0,25147,0.7626,0.6959,0.0428,0.7678,395,True
ACH-000138,Allantoin,5.0,24483,0.8124,0.7137,0.0934,0.7299,1016,True
ACH-000138,Almonertinib (hydrochloride),5.0,24303,0.8153,0.7156,0.0747,0.6697,812,True
ACH-000138,Almonertinib (mesylate),0.05,24087,0.6906,0.7853,0.0257,0.2111,756,True
ACH-000138,Almonertinib (mesylate),0.5,27065,0.7653,0.6724,0.0047,0.1427,1339,True
ACH-000138,Almonertinib (mesylate),5.0,24958,0.78,0.7426,-0.0118,-0.2228,925,True
ACH-000138,Amsacrine,5.0,25220,0.8107,0.7791,0.1143,0.806,802,True
ACH-000138,Anethole trithione,5.0,24882,0.8073,0.6883,0.0784,0.7925,833,True
ACH-000138,Artesunate,5.0,24519,0.8191,0.6726,0.1035,0.8128,972,True
ACH-000138,Azithromycin (hydrate),5.0,24595,0.7925,0.7309,0.0757,0.7343,616,True
ACH-000138,Baicalin,5.0,25170,0.8167,0.6752,0.0822,0.6857,594,True
ACH-000138,Balsalazide (sodium hydrate),5.0,25275,0.7782,0.6665,0.0558,0.7825,228,True
ACH-000138,Belumosudil,0.05,24650,0.6892,0.7878,0.029,0.3984,725,True
ACH-000138,Belumosudil,0.5,26819,0.7444,0.7075,0.0221,0.1542,1096,True
ACH-000138,Belumosudil,5.0,24527,0.7361,0.8444,0.0303,-0.0857,1256,True
ACH-000138,Berbamine,0.5,25578,0.7255,0.7269,-0.0077,-0.2691,1917,True
ACH-000138,Berbamine,5.0,24520,0.78,0.6608,0.0397,0.6921,479,True
ACH-000138,Berbamine (dihydrochloride),0.05,24381,0.7044,0.7846,0.0337,0.4817,1392,True
ACH-000138,Berbamine (dihydrochloride),0.5,26481,0.7625,0.6806,0.0212,0.1521,1594,True
ACH-000138,Berbamine (dihydrochloride),5.0,24561,0.8203,0.7758,0.01,-0.0245,1019,True
ACH-000138,Berberine (chloride hydrate),5.0,25178,0.8003,0.6569,0.0472,0.7531,406,True
ACH-000138,Bergenin,5.0,24583,0.7942,0.6742,0.0538,0.6426,508,True
ACH-000138,Bimatoprost,5.0,25191,0.784,0.7307,0.0689,0.5726,596,True
ACH-000138,Binimetinib,0.05,25546,0.7992,0.7709,0.1341,0.6932,2922,True
ACH-000138,Binimetinib,0.5,26085,0.814,0.8426,0.0993,0.5169,3203,True
ACH-000138,Binimetinib,5.0,23789,0.665,0.927,0.1444,0.6772,3601,True
ACH-000138,Busulfan,5.0,24234,0.8063,0.6955,0.0908,0.6415,779,True
ACH-000138,Captopril,0.05,24833,0.7604,0.7466,0.0384,-0.0445,1853,True
ACH-000138,Cepharanthine,5.0,24200,0.7978,0.8117,0.1044,0.7772,743,True
ACH-000138,Chlorhexidine (diacetate),0.5,25710,0.7416,0.7447,0.0004,-0.0451,1777,True
ACH-000138,Chlorhexidine (diacetate),5.0,25166,0.7915,0.7017,0.0601,0.7397,681,True
ACH-000138,Ciclopirox,5.0,24133,0.7932,0.7855,0.0939,0.5673,576,True
ACH-000138,Clonidine (hydrochloride),5.0,25352,0.8057,0.6586,0.0554,0.7492,465,True
ACH-000138,Clotrimazole,5.0,24973,0.775,0.7244,0.0617,0.8158,378,True
ACH-000138,Cloxacillin (sodium),5.0,24970,0.7978,0.6531,0.0503,0.7467,512,True
ACH-000138,Cysteamine (hydrochloride),5.0,25112,0.7742,0.6654,0.0583,0.7016,345,True
ACH-000138,Cytarabine,0.05,25210,0.7186,0.8097,0.0509,0.2864,1250,True
ACH-000138,Cytarabine,0.5,26450,0.7507,0.6778,0.0003,-0.0063,1050,True
ACH-000138,Cytarabine,5.0,24639,0.6788,0.8416,0.0307,0.2868,1018,True
ACH-000138,DTP3,0.05,24985,3.5536,0.7299,-0.0081,0.007,8780,True
ACH-000138,Daidzin,0.05,24671,0.7149,0.7901,0.021,0.0524,1588,True
ACH-000138,Daidzin,0.5,26389,0.7753,0.6839,0.0222,0.072,1345,True
ACH-000138,Daidzin,5.0,24798,0.8233,0.7593,0.0064,-0.0418,990,True
ACH-000138,Darinaparsin,5.0,24891,0.8005,0.7512,0.0855,0.8141,856,True
ACH-000138,Demeclocycline,5.0,24681,0.7761,0.7166,0.0199,0.48,427,True
ACH-000138,Diammonium Glycyrrhizinate,5.0,24704,0.7936,0.6875,0.0683,0.7912,438,True
ACH-000138,Docetaxel,5.0,25448,0.7725,0.756,0.0707,0.7617,882,True
ACH-000138,Elagolix sodium,5.0,24208,0.794,0.6861,0.0698,0.6945,730,True
ACH-000138,Flumatinib (mesylate),0.05,24229,0.7049,0.7981,0.015,0.1943,1683,True
ACH-000138,Flumatinib (mesylate),0.5,26289,0.7621,0.7278,0.0315,0.3206,1619,True
ACH-000138,Flumatinib (mesylate),5.0,24593,0.7297,0.8064,-0.0176,-0.1532,1221,True
ACH-000138,Fluvoxamine (maleate),5.0,24609,0.7928,0.7288,0.0736,0.8284,471,True
ACH-000138,Folic acid,5.0,24395,0.7879,0.6389,0.0503,0.6612,302,True
ACH-000138,Fumaric acid,0.05,24511,0.702,0.8219,0.0275,0.1443,1192,True
ACH-000138,Fumaric acid,0.5,26763,0.7764,0.7223,0.007,0.1474,1259,True
ACH-000138,Fumaric acid,5.0,25023,0.7511,0.8219,-0.0277,-0.2324,1424,True
ACH-000138,Furosemide,5.0,24726,0.7656,0.6945,0.0481,0.819,248,True
ACH-000138,Fusidic acid,5.0,24796,0.7797,0.678,0.0683,0.8036,342,True
ACH-000138,Gallic acid,5.0,24802,0.7926,0.6572,0.0516,0.7112,531,True
ACH-000138,Gallic acid (hydrate),5.0,24581,0.8044,0.7196,0.0665,0.678,656,True
ACH-000138,Gemfibrozil,5.0,24959,0.7845,0.7125,0.0554,0.7312,742,True
ACH-000138,Goserelin (acetate),5.0,24990,0.8261,0.653,0.0487,0.6804,1159,True
ACH-000138,Hexylresorcinol,5.0,25814,0.7879,0.6814,0.0596,0.7101,928,True
ACH-000138,Homoharringtonine,5.0,26082,1.448,1.5042,0.6702,0.9134,9183,True
ACH-000138,Hydroxyfasudil,0.05,24811,2.3619,0.7127,-0.0134,0.0014,531,True
ACH-000138,Idarubicin (hydrochloride),5.0,27033,1.4109,1.4885,0.6372,0.8925,8188,True
ACH-000138,Irinotecan (hydrochloride),0.05,23924,0.7292,0.7907,0.0412,0.1526,2085,True
ACH-000138,Irinotecan (hydrochloride),0.5,26492,0.7852,0.6933,-0.0281,-0.1411,1953,True
ACH-000138,Irinotecan (hydrochloride),5.0,24833,0.8108,0.7934,-0.0222,-0.1762,3003,True
ACH-000138,Isocorydine,5.0,24974,0.7885,0.6721,0.0419,0.6133,609,True
ACH-000138,L-Thyroxine (sodium salt pentahydrate),5.0,23069,2.3639,0.6264,0.0231,0.159,292,True
ACH-000138,Larotrectinib,5.0,24739,0.7948,0.7657,0.0866,0.6179,464,True
ACH-000138,Lenalidomide (hemihydrate),5.0,24103,0.7714,0.6944,0.0769,0.7684,404,True
ACH-000138,Lidocaine (hydrochloride),5.0,24122,0.8023,0.7854,0.093,0.6776,849,True
ACH-000138,Lipoic acid,5.0,25205,0.7822,0.6677,0.0305,0.7019,545,True
ACH-000138,Lumateperone (tosylate),5.0,24857,0.7824,0.6563,0.0438,0.7057,314,True
ACH-000138,Malotilate,0.05,25027,0.8114,0.7336,0.0123,-0.1503,3120,True
ACH-000138,Medroxyprogesterone acetate,5.0,24083,0.7857,0.6957,0.0582,0.6921,496,True
ACH-000138,Megestrol,5.0,25300,0.7781,0.6991,0.0475,0.7265,600,True
ACH-000138,Methylprednisolone succinate,0.05,24672,3.1779,0.7058,-0.0145,0.005,6084,True
ACH-000138,Mitoxantrone (dihydrochloride),5.0,25117,0.8043,1.0163,0.0996,0.6258,839,True
ACH-000138,Naproxen,0.05,23881,0.6624,0.7853,0.031,0.0515,645,True
ACH-000138,Naproxen,0.5,26494,0.7355,0.701,-0.0127,-0.2453,781,True
ACH-000138,Naproxen,5.0,24255,0.6941,0.7694,-0.0149,-0.4001,702,True
ACH-000138,Neratinib (maleate),5.0,24619,0.8086,0.726,0.1069,0.7856,666,True
ACH-000138,Norepinephrine (hydrochloride),5.0,24486,0.7866,0.7203,0.06,0.4772,406,True
ACH-000138,Olanzapine,5.0,24749,0.7931,0.7167,0.0826,0.7726,545,True
ACH-000138,Palmatine (chloride),5.0,24653,0.798,0.6993,0.0691,0.7077,592,True
ACH-000138,Pasireotide (acetate),5.0,25474,0.8265,0.6858,0.0848,0.565,991,True
ACH-000138,Pentagastrin,5.0,25337,0.7919,0.663,0.0583,0.6903,455,True
ACH-000138,Pentamidine (isethionate),0.5,24937,0.77,0.7343,0.0414,-0.0976,849,True
ACH-000138,Pentamidine (isethionate),5.0,25041,0.7769,0.7311,0.0653,0.7545,717,True
ACH-000138,Pralsetinib,0.05,25942,0.7679,0.7296,0.0186,-0.0063,1663,True
ACH-000138,Pravastatin (sodium),0.05,23731,0.7056,0.7811,0.0301,0.201,1199,True
ACH-000138,Pravastatin (sodium),0.5,26163,0.7478,0.6879,-0.0007,0.0207,1346,True
ACH-000138,Pravastatin (sodium),5.0,24755,0.7662,0.788,-0.0423,-0.1821,1487,True
ACH-000138,Pyridoxine,5.0,24383,0.7813,0.7318,0.0466,0.6358,576,True
ACH-000138,Pyridoxine (hydrochloride),5.0,24592,0.8069,0.649,0.0805,0.7107,626,True
ACH-000138,Quinestrol,5.0,25307,0.7674,0.7095,0.0669,0.7595,606,True
ACH-000138,Radotinib,5.0,24591,0.8158,0.7252,0.0986,0.7674,1243,True
ACH-000138,Ralimetinib dimesylate,0.05,24516,3.5955,0.7191,0.0199,0.0261,8700,True
ACH-000138,Raltitrexed,5.0,25146,0.8005,0.6621,0.0742,0.7803,536,True
ACH-000138,Rapamycin,5.0,24418,0.7975,0.7462,0.0988,0.6328,731,True
ACH-000138,Regorafenib,0.05,25649,0.7424,0.7127,0.0019,-0.0569,945,True
ACH-000138,Regorafenib,0.5,26442,0.7579,0.6887,0.0222,-0.2266,946,True
ACH-000138,Regorafenib,5.0,24076,0.6905,0.8807,0.0007,-0.2697,1125,True
ACH-000138,Relugolix,5.0,25231,0.7902,0.6408,0.0125,0.6954,321,True
ACH-000138,Resveratrol,5.0,24200,0.8169,0.676,0.0644,0.4789,907,True
ACH-000138,Retinoic acid,5.0,25287,0.7883,0.7032,0.0724,0.7541,812,True
ACH-000138,Riluzole hydrochloride,5.0,25339,0.8,0.7299,0.0841,0.7321,1188,True
ACH-000138,Rimonabant,5.0,24793,0.7902,0.6836,0.0865,0.7345,516,True
ACH-000138,Ritonavir,5.0,24377,0.7815,0.7213,0.0863,0.7787,444,True
ACH-000138,Ropivacaine (hydrochloride monohydrate),5.0,24581,0.8015,0.6988,0.0865,0.8167,655,True
ACH-000138,S-Adenosyl-L-methionine (disulfate tosylate),5.0,24894,0.8094,0.7297,0.095,0.8129,845,True
ACH-000138,Salicylic acid,5.0,24938,0.7626,0.7643,0.0716,0.7435,350,True
ACH-000138,Saquinavir,5.0,23844,0.7885,0.776,0.1006,0.6231,593,True
ACH-000138,Selinexor ,5.0,23433,1.0708,0.8202,0.2603,0.6913,1905,True
ACH-000138,Sinomenine,5.0,24692,0.7948,0.6638,0.0547,0.7039,502,True
ACH-000138,Sodium Salicylate,5.0,25450,0.7761,0.75,0.0646,0.6327,836,True
ACH-000138,Sonidegib,0.05,24918,2.9182,0.7122,0.0027,-0.0213,361,True
ACH-000138,Sulfisoxazole,0.5,24949,0.7957,0.744,0.0995,0.1499,1902,True
ACH-000138,Sulfisoxazole,5.0,24845,0.8013,0.7275,0.0764,0.5994,421,True
ACH-000138,Temsirolimus,5.0,24706,0.7941,0.7517,0.0827,0.8525,544,True
ACH-000138,Terfenadine,0.5,24502,0.8217,0.7243,0.0547,-0.1134,2048,True
ACH-000138,Terfenadine,5.0,24451,0.808,0.7141,0.08,0.7107,898,True
ACH-000138,Thymol,5.0,24310,0.8,0.689,0.0683,0.5764,736,True
ACH-000138,Tofacitinib,5.0,24736,0.8237,0.7573,0.1313,0.744,1098,True
ACH-000138,Tofacitinib (citrate),5.0,25065,0.7909,0.7485,0.0845,0.5961,920,True
ACH-000138,Tolcapone,5.0,24829,0.7896,0.7128,0.0686,0.7693,393,True
ACH-000138,Topotecan (hydrochloride),0.05,23756,0.6894,0.8121,0.0126,-0.0347,1368,True
ACH-000138,Topotecan (hydrochloride),0.5,26562,0.745,0.8833,-0.0347,-0.4357,1248,True
ACH-000138,Topotecan (hydrochloride),5.0,23977,0.7057,1.2584,-0.0347,-0.2074,1307,True
ACH-000138,Trametinib,0.05,25095,0.7897,0.7956,0.1435,0.4574,2448,True
ACH-000138,Trametinib,0.5,25960,0.7964,0.8287,0.1256,0.6021,2610,True
ACH-000138,Trametinib,5.0,25393,0.719,0.9784,0.152,0.6271,3839,True
ACH-000138,Triamcinolone,5.0,25121,0.8194,0.7709,0.1051,0.5916,1663,True
ACH-000138,Triclosan,5.0,25075,0.775,0.723,0.06,0.7163,467,True
ACH-000138,Trifluridine,5.0,24417,0.7803,0.6998,0.0607,0.7309,224,True
ACH-000138,Trimetrexate,5.0,24356,0.7885,0.7368,0.0773,0.7131,386,True
ACH-000138,Tucidinostat,5.0,25777,0.8732,1.0438,0.2854,0.8592,1993,True
ACH-000138,Vilanterol,5.0,24515,0.8011,0.7146,0.0804,0.8096,781,True
ACH-000138,Vinblastine (sulfate),5.0,24557,0.8427,0.9075,0.1852,0.7705,1892,True
ACH-000138,olaparib,0.05,24977,3.274,0.6987,0.0275,0.0011,6866,True
ACH-000139,(R)-Verapamil (hydrochloride),5.0,23605,0.7635,0.7095,0.0487,0.7303,156,True
ACH-000139,18β-Glycyrrhetinic acid,5.0,22860,0.7869,0.7607,0.0765,0.6427,363,True
ACH-000139,8-Hydroxyquinoline,5.0,23273,0.7919,0.675,0.0773,0.8451,246,True
ACH-000139,Abemaciclib,0.05,22997,3.0015,0.7459,0.0592,0.0273,5277,True
ACH-000139,Acetohexamide,5.0,23383,0.7685,0.7346,0.0517,0.6246,213,True
ACH-000139,Adagrasib,0.05,32318,0.4505,0.5101,0.1012,0.746,2035,True
ACH-000139,Adenine,5.0,23339,0.7911,0.6615,0.0812,0.696,255,True
ACH-000139,Adenosine,5.0,23494,0.7653,0.7425,0.069,0.7018,357,True
ACH-000139,Afatinib,0.05,24003,0.6226,0.7449,0.0571,0.0186,993,False
ACH-000139,Afatinib,0.5,26597,0.5906,0.7188,0.0122,0.0482,955,False
ACH-000139,Afatinib,5.0,23276,0.5993,0.9337,0.0274,0.3412,788,False
ACH-000139,Aliskiren,5.0,23629,0.7715,0.7139,0.0766,0.7451,337,True
ACH-000139,Allantoin,5.0,22992,0.8159,0.7125,0.102,0.6833,685,True
ACH-000139,Almonertinib (hydrochloride),5.0,22847,0.8005,0.7399,0.0741,0.6992,471,True
ACH-000139,Almonertinib (mesylate),0.05,21511,0.6647,0.7982,0.0093,0.1175,201,True
ACH-000139,Almonertinib (mesylate),0.5,24810,0.7633,0.6706,-0.0085,0.1547,534,True
ACH-000139,Almonertinib (mesylate),5.0,22394,0.792,0.7394,-0.018,-0.2392,447,True
ACH-000139,Amsacrine,5.0,23624,0.799,0.7461,0.107,0.7452,484,True
ACH-000139,Anethole trithione,5.0,23436,0.8115,0.7135,0.1095,0.7647,651,True
ACH-000139,Artesunate,5.0,22995,0.8071,0.6918,0.1231,0.8008,585,True
ACH-000139,Azithromycin (hydrate),5.0,23004,0.7997,0.7465,0.077,0.7138,498,True
ACH-000139,Baicalin,5.0,23625,0.7985,0.6893,0.0921,0.7834,332,True
ACH-000139,Balsalazide (sodium hydrate),5.0,23774,0.7875,0.6889,0.0752,0.8201,189,True
ACH-000139,Belumosudil,0.05,22272,0.6877,0.7854,0.0297,0.3961,310,True
ACH-000139,Belumosudil,0.5,24525,0.7399,0.6904,0.0195,-0.0682,463,True
ACH-000139,Belumosudil,5.0,21923,0.7324,0.7986,0.0157,-0.1801,689,True
ACH-000139,Berbamine,0.5,23576,0.7375,0.7231,-0.0396,-0.3168,1310,True
ACH-000139,Berbamine,5.0,23048,0.777,0.6825,0.0442,0.7593,159,True
ACH-000139,Berbamine (dihydrochloride),0.05,21995,0.6801,0.7971,0.0266,0.4314,582,True
ACH-000139,Berbamine (dihydrochloride),0.5,24011,0.7619,0.6591,0.0206,0.0554,590,True
ACH-000139,Berbamine (dihydrochloride),5.0,22171,0.8151,0.7558,0.0201,0.0673,579,True
ACH-000139,Berberine (chloride hydrate),5.0,23604,0.7962,0.6784,0.0709,0.707,325,True
ACH-000139,Bergenin,5.0,23259,0.788,0.6892,0.0561,0.5944,239,True
ACH-000139,Bimatoprost,5.0,23767,0.7764,0.747,0.0755,0.6636,399,True
ACH-000139,Binimetinib,0.05,24113,0.7829,0.7362,0.1026,0.6482,1698,True
ACH-000139,Binimetinib,0.5,24332,0.77,0.8188,0.079,0.4528,1494,True
ACH-000139,Binimetinib,5.0,21643,0.6389,0.8671,0.0995,0.612,2008,True
ACH-000139,Busulfan,5.0,22942,0.8019,0.718,0.0939,0.7074,491,True
ACH-000139,Captopril,0.05,22957,0.7413,0.7454,0.0395,-0.1519,1385,True
ACH-000139,Cepharanthine,5.0,22853,0.7911,0.8404,0.0878,0.7835,480,True
ACH-000139,Chlorhexidine (diacetate),0.5,23770,0.7486,0.7248,-0.0112,-0.1322,1349,True
ACH-000139,Chlorhexidine (diacetate),5.0,23702,0.7802,0.6863,0.0694,0.8105,281,True
ACH-000139,Ciclopirox,5.0,22538,0.7726,0.7504,0.1002,0.6766,331,True
ACH-000139,Clonidine (hydrochloride),5.0,24097,0.8029,0.6916,0.084,0.7701,334,True
ACH-000139,Clotrimazole,5.0,23607,0.774,0.7401,0.0642,0.733,263,True
ACH-000139,Cloxacillin (sodium),5.0,23442,0.7923,0.6641,0.0668,0.6713,302,True
ACH-000139,Cysteamine (hydrochloride),5.0,23542,0.7737,0.6805,0.046,0.6376,195,True
ACH-000139,Cytarabine,0.05,22701,0.7105,0.7877,0.0351,0.1846,611,True
ACH-000139,Cytarabine,0.5,24133,0.7522,0.6652,0.0029,-0.1006,438,True
ACH-000139,Cytarabine,5.0,22350,0.6737,0.8164,0.0232,0.3415,485,True
ACH-000139,DTP3,0.05,23426,3.3862,0.739,0.0028,-0.0074,7426,True
ACH-000139,Daidzin,0.05,22204,0.7077,0.7898,0.0043,-0.1273,737,True
ACH-000139,Daidzin,0.5,23966,0.7576,0.6618,0.0089,-0.1464,514,True
ACH-000139,Daidzin,5.0,22426,0.819,0.7471,0.0117,0.056,604,True
ACH-000139,Darinaparsin,5.0,23160,0.7943,0.7615,0.088,0.7651,550,True
ACH-000139,Demeclocycline,5.0,23251,0.7778,0.7202,0.0391,0.5893,311,True
ACH-000139,Diammonium Glycyrrhizinate,5.0,23246,0.7889,0.711,0.0991,0.7406,283,True
ACH-000139,Docetaxel,5.0,23744,0.7487,0.7578,0.0591,0.8458,337,True
ACH-000139,Elagolix sodium,5.0,22887,0.7914,0.71,0.0853,0.7059,476,True
ACH-000139,Flumatinib (mesylate),0.05,21659,0.6699,0.8112,0.0008,0.3441,644,True
ACH-000139,Flumatinib (mesylate),0.5,24079,0.7431,0.7187,0.019,0.354,714,True
ACH-000139,Flumatinib (mesylate),5.0,22123,0.701,0.7892,0.0076,-0.297,529,True
ACH-000139,Fluvoxamine (maleate),5.0,23159,0.7911,0.7197,0.0826,0.774,333,True
ACH-000139,Folic acid,5.0,22907,0.7733,0.6476,0.043,0.5776,99,True
ACH-000139,Fumaric acid,0.05,21952,0.6913,0.8213,0.0109,0.1028,477,True
ACH-000139,Fumaric acid,0.5,24428,0.7605,0.7145,0.0128,0.2829,499,True
ACH-000139,Fumaric acid,5.0,22896,0.7471,0.8119,-0.0439,-0.295,567,True
ACH-000139,Furosemide,5.0,23389,0.7583,0.7005,0.0569,0.7497,107,True
ACH-000139,Fusidic acid,5.0,23423,0.7804,0.6885,0.0905,0.825,183,True
ACH-000139,Gallic acid,5.0,23379,0.8018,0.6796,0.0636,0.7706,250,True
ACH-000139,Gallic acid (hydrate),5.0,23122,0.8032,0.7268,0.0779,0.7116,388,True
ACH-000139,Gemfibrozil,5.0,23312,0.7945,0.7268,0.0769,0.6905,566,True
ACH-000139,Goserelin (acetate),5.0,23612,0.8036,0.6829,0.0972,0.7811,368,True
ACH-000139,Hexylresorcinol,5.0,24279,0.7735,0.7086,0.066,0.8148,380,True
ACH-000139,Homoharringtonine,5.0,22599,1.2653,1.3873,0.5871,0.8632,5876,True
ACH-000139,Hydroxyfasudil,0.05,23326,2.1769,0.7186,0.0077,0.0393,371,True
ACH-000139,Idarubicin (hydrochloride),5.0,24526,1.3824,1.4507,0.6198,0.8572,6773,True
ACH-000139,Irinotecan (hydrochloride),0.05,21241,0.7257,0.7774,0.0191,0.1744,1548,True
ACH-000139,Irinotecan (hydrochloride),0.5,24180,0.7868,0.6884,-0.0138,-0.2433,1260,True
ACH-000139,Irinotecan (hydrochloride),5.0,22365,0.7761,0.7602,-0.0223,-0.3176,1377,True
ACH-000139,Isocorydine,5.0,23563,0.7894,0.6773,0.0626,0.6878,411,True
ACH-000139,L-Thyroxine (sodium salt pentahydrate),5.0,21742,2.0857,0.6484,-0.0075,0.0125,304,True
ACH-000139,Larotrectinib,5.0,23145,0.779,0.7907,0.0931,0.6214,258,True
ACH-000139,Lenalidomide (hemihydrate),5.0,22671,0.7782,0.7155,0.1072,0.8228,337,True
ACH-000139,Lidocaine (hydrochloride),5.0,22649,0.8036,0.7943,0.1013,0.6627,793,True
ACH-000139,Lipoic acid,5.0,23564,0.7765,0.6761,0.0613,0.8393,145,True
ACH-000139,Lumateperone (tosylate),5.0,23405,0.7885,0.675,0.0699,0.7902,154,True
ACH-000139,Malotilate,0.05,23069,0.7801,0.744,0.0247,-0.0836,2578,True
ACH-000139,Medroxyprogesterone acetate,5.0,22594,0.79,0.712,0.1128,0.5987,428,True
ACH-000139,Megestrol,5.0,23652,0.7651,0.7144,0.0674,0.744,351,True
ACH-000139,Methylprednisolone succinate,0.05,23048,3.0157,0.7205,-0.0051,0.0133,1822,True
ACH-000139,Mitoxantrone (dihydrochloride),5.0,23455,0.7847,1.0005,0.0911,0.5174,329,True
ACH-000139,Naproxen,0.05,21196,0.6461,0.7773,0.0141,0.0297,191,True
ACH-000139,Naproxen,0.5,24178,0.7405,0.6981,-0.0165,-0.4598,324,True
ACH-000139,Naproxen,5.0,22055,0.6943,0.7652,0.0081,-0.4466,317,True
ACH-000139,Neratinib (maleate),5.0,23190,0.8088,0.7292,0.1045,0.7287,488,True
ACH-000139,Norepinephrine (hydrochloride),5.0,22989,0.7821,0.744,0.0743,0.7072,263,True
ACH-000139,Olanzapine,5.0,23354,0.7805,0.7283,0.0913,0.8396,345,True
ACH-000139,Palmatine (chloride),5.0,23010,0.7745,0.7166,0.0714,0.8815,215,True
ACH-000139,Pasireotide (acetate),5.0,23810,0.8136,0.7091,0.0853,0.6646,620,True
ACH-000139,Pentagastrin,5.0,23790,0.798,0.6691,0.067,0.7345,281,True
ACH-000139,Pentamidine (isethionate),0.5,22725,0.7756,0.7291,0.0476,-0.2642,515,True
ACH-000139,Pentamidine (isethionate),5.0,23403,0.7597,0.7548,0.0642,0.7841,307,True
ACH-000139,Pralsetinib,0.05,23960,0.748,0.7289,0.0211,0.0634,1151,True
ACH-000139,Pravastatin (sodium),0.05,21193,0.6704,0.7693,0.0152,0.1329,411,True
ACH-000139,Pravastatin (sodium),0.5,23713,0.746,0.6814,0.0217,-0.1192,462,True
ACH-000139,Pravastatin (sodium),5.0,22360,0.7662,0.7638,-0.0384,-0.3437,847,True
ACH-000139,Pyridoxine,5.0,23051,0.7854,0.7313,0.0746,0.7394,293,True
ACH-000139,Pyridoxine (hydrochloride),5.0,23274,0.7863,0.6593,0.0811,0.6532,224,True
ACH-000139,Quinestrol,5.0,23590,0.7786,0.712,0.0643,0.7717,266,True
ACH-000139,Radotinib,5.0,23035,0.8187,0.7281,0.1166,0.718,886,True
ACH-000139,Raltitrexed,5.0,23590,0.7911,0.6745,0.0873,0.7406,288,True
ACH-000139,Rapamycin,5.0,23239,0.8025,0.7501,0.0949,0.6094,398,True
ACH-000139,Regorafenib,0.05,24023,0.7246,0.7265,-0.0066,-0.0693,757,True
ACH-000139,Regorafenib,0.5,24242,0.7622,0.6794,0.003,-0.4431,397,True
ACH-000139,Regorafenib,5.0,21959,0.6791,0.8284,-0.0012,-0.117,419,True
ACH-000139,Relugolix,5.0,23538,0.7815,0.651,0.0305,0.6907,164,True
ACH-000139,Resveratrol,5.0,22709,0.8101,0.6877,0.084,0.5134,615,True
ACH-000139,Retinoic acid,5.0,23846,0.786,0.7018,0.0794,0.6932,465,True
ACH-000139,Riluzole hydrochloride,5.0,23796,0.7974,0.7421,0.1043,0.7792,864,True
ACH-000139,Rimonabant,5.0,23274,0.782,0.7121,0.0804,0.7629,325,True
ACH-000139,Ritonavir,5.0,23007,0.7842,0.7377,0.0851,0.8018,374,True
ACH-000139,Ropivacaine (hydrochloride monohydrate),5.0,23067,0.8001,0.7068,0.1007,0.7366,462,True
ACH-000139,S-Adenosyl-L-methionine (disulfate tosylate),5.0,23301,0.8064,0.722,0.1115,0.8521,552,True
ACH-000139,Salicylic acid,5.0,23415,0.7565,0.766,0.0748,0.7256,189,True
ACH-000139,Saquinavir,5.0,22267,0.7932,0.7704,0.1219,0.6368,372,True
ACH-000139,Selinexor ,5.0,22063,1.0451,0.8278,0.268,0.6615,1379,True
ACH-000139,Sinomenine,5.0,23232,0.7925,0.6935,0.0727,0.759,330,True
ACH-000139,Sodium Salicylate,5.0,23970,0.7779,0.7653,0.0651,0.6565,689,True
ACH-000139,Sonidegib,0.05,23339,2.5726,0.7119,0.0112,-0.0175,2721,True
ACH-000139,Sulfisoxazole,0.5,22792,0.7942,0.7468,0.0847,0.1605,1041,True
ACH-000139,Sulfisoxazole,5.0,23250,0.7949,0.7247,0.0935,0.6095,280,True
ACH-000139,Temsirolimus,5.0,23047,0.7919,0.756,0.1061,0.771,473,True
ACH-000139,Terfenadine,0.5,22447,0.829,0.7217,0.0415,-0.1295,1529,True
ACH-000139,Terfenadine,5.0,23003,0.8027,0.7157,0.0678,0.7346,469,True
ACH-000139,Thymol,5.0,22816,0.7953,0.7197,0.0604,0.593,400,True
ACH-000139,Tofacitinib,5.0,23099,0.7969,0.7479,0.1166,0.7947,371,True
ACH-000139,Tofacitinib (citrate),5.0,23572,0.792,0.7409,0.0774,0.5997,593,True
ACH-000139,Tolcapone,5.0,23498,0.793,0.7094,0.066,0.7176,250,True
ACH-000139,Topotecan (hydrochloride),0.05,21045,0.6596,0.802,-0.0118,-0.0944,616,True
ACH-000139,Topotecan (hydrochloride),0.5,24146,0.7422,0.7865,-0.0273,-0.4013,496,True
ACH-000139,Topotecan (hydrochloride),5.0,21666,0.6863,1.0446,-0.0154,-0.1841,576,True
ACH-000139,Trametinib,0.05,23780,0.7611,0.7764,0.1406,0.4932,1391,True
ACH-000139,Trametinib,0.5,24116,0.7774,0.7944,0.1221,0.5132,1344,True
ACH-000139,Trametinib,5.0,22725,0.6948,0.9498,0.1016,0.5517,2319,True
ACH-000139,Triamcinolone,5.0,23442,0.8081,0.8039,0.1299,0.7725,935,True
ACH-000139,Triclosan,5.0,23543,0.7727,0.7318,0.0598,0.7809,265,True
ACH-000139,Trifluridine,5.0,22876,0.758,0.7049,0.0632,0.707,111,True
ACH-000139,Trimetrexate,5.0,22986,0.7869,0.756,0.0946,0.6446,239,True
ACH-000139,Tucidinostat,5.0,23970,0.8527,1.0423,0.2725,0.8392,1115,True
ACH-000139,Vilanterol,5.0,22904,0.7908,0.7384,0.0998,0.7235,587,True
ACH-000139,Vinblastine (sulfate),5.0,23208,0.8122,0.8424,0.1312,0.7563,773,True
ACH-000139,olaparib,0.05,23309,2.9626,0.7124,0.0639,0.0636,133,True
ACH-000148,(R)-Verapamil (hydrochloride),5.0,24691,0.7714,0.7178,0.0445,0.7049,173,True
ACH-000148,18β-Glycyrrhetinic acid,5.0,23966,0.7855,0.809,0.0836,0.6028,369,True
ACH-000148,8-Hydroxyquinoline,5.0,24528,0.8108,0.6872,0.0693,0.6927,606,True
ACH-000148,Abemaciclib,0.05,23566,3.2997,0.7365,0.0256,0.0091,6835,True
ACH-000148,Acetohexamide,5.0,24399,0.8004,0.7382,0.0458,0.1371,527,True
ACH-000148,Adagrasib,0.05,33895,0.4565,0.5138,0.1237,0.7769,2301,True
ACH-000148,Adenine,5.0,24387,0.7981,0.6616,0.0436,0.5848,591,True
ACH-000148,Adenosine,5.0,24540,0.7719,0.7804,0.052,0.6739,519,True
ACH-000148,Afatinib,0.05,24659,0.6299,0.807,0.042,-0.0742,1165,False
ACH-000148,Afatinib,0.5,27895,0.6289,0.7062,0.0225,-0.1338,764,False
ACH-000148,Afatinib,5.0,25208,0.6227,0.8924,0.0035,0.3282,798,False
ACH-000148,Aliskiren,5.0,24647,0.7722,0.7153,0.0558,0.7016,254,True
ACH-000148,Allantoin,5.0,24172,0.8218,0.7261,0.0862,0.5852,1170,True
ACH-000148,Almonertinib (hydrochloride),5.0,23855,0.8027,0.7248,0.0943,0.5695,593,True
ACH-000148,Almonertinib (mesylate),0.05,22474,0.7218,0.7991,0.0102,0.2796,548,True
ACH-000148,Almonertinib (mesylate),0.5,25770,0.7934,0.7004,0.0162,0.657,951,True
ACH-000148,Almonertinib (mesylate),5.0,23497,0.83,0.7032,-0.0186,-0.1533,523,True
ACH-000148,Amsacrine,5.0,24705,0.8143,0.7549,0.1032,0.6858,938,True
ACH-000148,Anethole trithione,5.0,24433,0.7979,0.6979,0.1095,0.7381,570,True
ACH-000148,Artesunate,5.0,24348,0.8275,0.7174,0.1089,0.7994,946,True
ACH-000148,Azithromycin (hydrate),5.0,24091,0.7978,0.7647,0.0842,0.4828,583,True
ACH-000148,Baicalin,5.0,24760,0.8061,0.6911,0.0757,0.664,355,True
ACH-000148,Balsalazide (sodium hydrate),5.0,25033,0.7919,0.687,0.0465,0.6442,274,True
ACH-000148,Belumosudil,0.05,23316,0.7225,0.7867,0.0141,0.4149,860,True
ACH-000148,Belumosudil,0.5,25197,0.7801,0.7341,0.0243,0.4325,1160,True
ACH-000148,Belumosudil,5.0,22758,0.7769,0.8417,0.0261,-0.1472,759,True
ACH-000148,Berbamine,0.5,24998,0.7718,0.7219,-0.0352,-0.2226,996,True
ACH-000148,Berbamine,5.0,24079,0.77,0.7027,0.054,0.727,271,True
ACH-000148,Berbamine (dihydrochloride),0.05,23137,0.7126,0.8044,0.021,0.3494,832,True
ACH-000148,Berbamine (dihydrochloride),0.5,24981,0.8005,0.664,-0.0084,0.1456,519,True
ACH-000148,Berbamine (dihydrochloride),5.0,23053,0.8473,0.7653,0.0164,0.0894,660,True
ACH-000148,Berberine (chloride hydrate),5.0,24744,0.8033,0.6805,0.0704,0.5729,300,True
ACH-000148,Bergenin,5.0,24401,0.7896,0.6982,0.048,0.6882,305,True
ACH-000148,Bimatoprost,5.0,24709,0.7997,0.7409,0.0657,0.4391,594,True
ACH-000148,Binimetinib,0.05,25387,0.7842,0.6884,0.0632,0.5787,1344,True
ACH-000148,Binimetinib,0.5,26237,0.7593,0.8108,0.048,0.2106,1810,True
ACH-000148,Binimetinib,5.0,23158,0.6826,0.8964,0.0569,0.3549,3628,True
ACH-000148,Busulfan,5.0,23950,0.8028,0.7006,0.0997,0.6571,603,True
ACH-000148,Captopril,0.05,24017,0.7371,0.7837,0.0442,-0.101,797,True
ACH-000148,Cepharanthine,5.0,24042,0.7944,0.89,0.0767,0.6576,687,True
ACH-000148,Chlorhexidine (diacetate),0.5,24739,0.7832,0.7164,-0.0136,-0.1217,830,True
ACH-000148,Chlorhexidine (diacetate),5.0,24560,0.8044,0.7432,0.1068,0.763,546,True
ACH-000148,Ciclopirox,5.0,23699,0.7755,0.7704,0.1006,0.6077,446,True
ACH-000148,Clonidine (hydrochloride),5.0,25162,0.8127,0.6617,0.0708,0.7481,322,True
ACH-000148,Clotrimazole,5.0,24540,0.7843,0.7499,0.0579,0.6605,361,True
ACH-000148,Cloxacillin (sodium),5.0,24573,0.7907,0.6629,0.0406,0.6978,160,True
ACH-000148,Cysteamine (hydrochloride),5.0,24247,0.7844,0.6612,0.0506,0.4633,298,True
ACH-000148,Cytarabine,0.05,24052,0.7518,0.7902,0.019,0.2538,955,True
ACH-000148,Cytarabine,0.5,24964,0.7911,0.6924,0.0138,0.3496,739,True
ACH-000148,Cytarabine,5.0,23630,0.7236,0.8269,0.0094,0.442,596,True
ACH-000148,Daidzin,0.05,23158,0.7594,0.7707,-0.0033,-0.1845,742,True
ACH-000148,Daidzin,0.5,24864,0.812,0.6459,-0.0027,0.1352,831,True
ACH-000148,Daidzin,5.0,23329,0.8352,0.7311,-0.001,-0.0812,593,True
ACH-000148,Darinaparsin,5.0,24353,0.8072,0.7845,0.0823,0.7208,673,True
ACH-000148,Demeclocycline,5.0,24484,0.7874,0.7206,0.0568,0.577,400,True
ACH-000148,Diammonium Glycyrrhizinate,5.0,24534,0.7929,0.7185,0.0622,0.8184,336,True
ACH-000148,Docetaxel,5.0,25469,0.7859,0.789,0.0654,0.6988,1227,True
ACH-000148,Elagolix sodium,5.0,23900,0.8156,0.7143,0.0883,0.4836,875,True
ACH-000148,Flumatinib (mesylate),0.05,22836,0.694,0.8251,0.03,0.3662,628,True
ACH-000148,Flumatinib (mesylate),0.5,24803,0.7847,0.7992,0.0489,0.5867,1253,True
ACH-000148,Flumatinib (mesylate),5.0,23105,0.7545,0.7784,-0.0079,-0.2849,431,True
ACH-000148,Fluvoxamine (maleate),5.0,24210,0.7912,0.7474,0.0974,0.7821,387,True
ACH-000148,Folic acid,5.0,23835,0.7984,0.647,0.0484,0.4622,256,True
ACH-000148,Fumaric acid,0.05,23038,0.7284,0.8265,0.0094,0.0469,643,True
ACH-000148,Fumaric acid,0.5,25125,0.7816,0.7552,0.025,0.5499,768,True
ACH-000148,Fumaric acid,5.0,23978,0.7911,0.8087,-0.0419,-0.3263,743,True
ACH-000148,Furosemide,5.0,24536,0.7628,0.7276,0.0245,0.616,384,True
ACH-000148,Fusidic acid,5.0,24435,0.7871,0.7002,0.0479,0.674,198,True
ACH-000148,Gallic acid,5.0,24645,0.8039,0.667,0.0596,0.6629,340,True
ACH-000148,Gallic acid (hydrate),5.0,24288,0.8064,0.7399,0.0738,0.6123,401,True
ACH-000148,Gemfibrozil,5.0,24421,0.792,0.74,0.0566,0.7045,574,True
ACH-000148,Goserelin (acetate),5.0,24683,0.8172,0.675,0.0653,0.7183,467,True
ACH-000148,Hexylresorcinol,5.0,25248,0.8051,0.7056,0.0572,0.6995,525,True
ACH-000148,Homoharringtonine,5.0,24793,1.5693,1.7064,0.7085,0.8888,8502,True
ACH-000148,Hydroxyfasudil,0.05,23808,2.0717,0.731,-0.0338,-0.0307,535,True
ACH-000148,Idarubicin (hydrochloride),5.0,26534,1.4822,1.564,0.6564,0.8788,8153,True
ACH-000148,Irinotecan (hydrochloride),0.05,22238,0.7839,0.7919,0.0203,0.1735,1528,True
ACH-000148,Irinotecan (hydrochloride),0.5,24990,0.8664,0.7322,-0.0235,0.0913,2530,True
ACH-000148,Irinotecan (hydrochloride),5.0,23421,0.8769,0.7548,-0.0355,-0.1241,2189,True
ACH-000148,Isocorydine,5.0,24400,0.8171,0.6848,0.0555,0.5683,603,True
ACH-000148,L-Thyroxine (sodium salt pentahydrate),5.0,22936,2.8513,0.6394,0.0014,0.0867,232,True
ACH-000148,Larotrectinib,5.0,24444,0.7957,0.8238,0.1031,0.6598,360,True
ACH-000148,Lenalidomide (hemihydrate),5.0,23891,0.7922,0.7209,0.0813,0.7096,350,True
ACH-000148,Lidocaine (hydrochloride),5.0,23995,0.8213,0.8228,0.0846,0.4299,1195,True
ACH-000148,Lipoic acid,5.0,24770,0.7814,0.691,0.033,0.7205,217,True
ACH-000148,Lumateperone (tosylate),5.0,24487,0.7958,0.6705,0.0588,0.6044,232,True
ACH-000148,Malotilate,0.05,24128,0.8055,0.7738,0.0393,0.08,3723,True
ACH-000148,Medroxyprogesterone acetate,5.0,23941,0.8043,0.7478,0.1047,0.5651,875,True
ACH-000148,Megestrol,5.0,25014,0.7753,0.7412,0.0396,0.5967,659,True
ACH-000148,Methylprednisolone succinate,0.05,23503,3.2812,0.7322,-0.011,-0.0012,6679,True
ACH-000148,Mitoxantrone (dihydrochloride),5.0,24755,0.8122,1.1875,0.1201,0.5593,725,True
ACH-000148,Naproxen,0.05,22255,0.6884,0.7922,0.0259,0.0495,325,True
ACH-000148,Naproxen,0.5,25054,0.7683,0.7386,-0.0147,0.2697,631,True
ACH-000148,Naproxen,5.0,23201,0.7436,0.7674,0.0006,-0.4621,216,True
ACH-000148,Neratinib (maleate),5.0,24370,0.8045,0.7098,0.1001,0.6661,453,True
ACH-000148,Norepinephrine (hydrochloride),5.0,24182,0.792,0.7475,0.0605,0.4687,552,True
ACH-000148,Olanzapine,5.0,24320,0.8088,0.727,0.0741,0.6329,560,True
ACH-000148,PF-06260933,0.05,23688,3.3728,0.7173,-0.0425,-0.0152,7617,True
ACH-000148,Palmatine (chloride),5.0,24152,0.7877,0.7371,0.0811,0.5772,426,True
ACH-000148,Pasireotide (acetate),5.0,24647,0.8432,0.6914,0.084,0.6083,842,True
ACH-000148,Pentagastrin,5.0,24929,0.8086,0.6541,0.0435,0.5145,348,True
ACH-000148,Pentamidine (isethionate),0.5,23679,0.798,0.7145,0.0247,0.0056,344,True
ACH-000148,Pentamidine (isethionate),5.0,24659,0.8034,0.8081,0.0761,0.6248,994,True
ACH-000148,Pralsetinib,0.05,24653,0.7683,0.7608,0.0282,0.0572,1079,True
ACH-000148,Pravastatin (sodium),0.05,22191,0.7262,0.7895,0.0329,0.2629,569,True
ACH-000148,Pravastatin (sodium),0.5,24470,0.8074,0.6975,0.0108,0.4005,1185,True
ACH-000148,Pravastatin (sodium),5.0,23395,0.8034,0.7515,-0.0229,-0.2848,981,True
ACH-000148,Pyridoxine,5.0,24039,0.7935,0.7612,0.0602,0.4897,449,True
ACH-000148,Pyridoxine (hydrochloride),5.0,24088,0.8342,0.6603,0.0693,0.4756,747,True
ACH-000148,Quinestrol,5.0,24723,0.7798,0.7283,0.0791,0.7925,311,True
ACH-000148,Radotinib,5.0,23936,0.8332,0.7429,0.1328,0.7024,1169,True
ACH-000148,Ralimetinib dimesylate,0.05,23489,3.199,0.7456,-0.0024,-0.0049,5402,True
ACH-000148,Raltitrexed,5.0,24890,0.803,0.6639,0.0652,0.7787,334,True
ACH-000148,Rapamycin,5.0,24371,0.8228,0.7583,0.0662,0.5003,760,True
ACH-000148,Regorafenib,0.05,24526,0.7484,0.7299,-0.0034,-0.1006,705,True
ACH-000148,Regorafenib,0.5,24801,0.7914,0.6787,0.0235,-0.2516,310,True
ACH-000148,Regorafenib,5.0,22969,0.714,0.8533,0.0006,-0.2768,492,True
ACH-000148,Relugolix,5.0,24685,0.7958,0.6456,0.0337,0.5806,210,True
ACH-000148,Resveratrol,5.0,23864,0.8155,0.7118,0.0815,0.526,662,True
ACH-000148,Retinoic acid,5.0,24899,0.8,0.7186,0.0885,0.7262,502,True
ACH-000148,Riluzole hydrochloride,5.0,24766,0.8166,0.7441,0.1007,0.7745,775,True
ACH-000148,Rimonabant,5.0,24459,0.7895,0.6976,0.0685,0.7558,335,True
ACH-000148,Ritonavir,5.0,24230,0.792,0.745,0.0789,0.7032,478,True
ACH-000148,Ropivacaine (hydrochloride monohydrate),5.0,24171,0.8016,0.7072,0.0951,0.7971,645,True
ACH-000148,S-Adenosyl-L-methionine (disulfate tosylate),5.0,24514,0.8046,0.7548,0.0965,0.8401,482,True
ACH-000148,Salicylic acid,5.0,24678,0.7573,0.8395,0.0634,0.6058,369,True
ACH-000148,Saquinavir,5.0,23385,0.7948,0.8038,0.1314,0.5161,368,True
ACH-000148,Selinexor ,5.0,23436,1.1131,0.7999,0.2496,0.6307,1894,True
ACH-000148,Sinomenine,5.0,24352,0.7887,0.7027,0.0706,0.6834,356,True
ACH-000148,Sodium Salicylate,5.0,25194,0.7953,0.7646,0.0522,0.5439,929,True
ACH-000148,Sonidegib,0.05,23860,2.6514,0.7308,-0.0095,-0.0564,288,True
ACH-000148,Sulfisoxazole,0.5,23917,0.8026,0.7445,0.0615,0.1466,677,True
ACH-000148,Sulfisoxazole,5.0,24369,0.8039,0.7357,0.082,0.5485,220,True
ACH-000148,Temsirolimus,5.0,24399,0.7899,0.7733,0.0964,0.7334,523,True
ACH-000148,Terfenadine,0.5,23309,0.8039,0.7321,0.0444,0.0681,538,True
ACH-000148,Terfenadine,5.0,24081,0.8183,0.7582,0.0978,0.6155,707,True
ACH-000148,Thymol,5.0,23997,0.7901,0.7234,0.0594,0.5644,684,True
ACH-000148,Tofacitinib,5.0,24205,0.8019,0.7406,0.0932,0.6405,535,True
ACH-000148,Tofacitinib (citrate),5.0,24589,0.7969,0.7393,0.0708,0.6183,599,True
ACH-000148,Tolcapone,5.0,24442,0.7978,0.7336,0.0816,0.7252,285,True
ACH-000148,Topotecan (hydrochloride),0.05,22054,0.7033,0.8205,-0.0122,-0.0021,895,True
ACH-000148,Topotecan (hydrochloride),0.5,25254,0.7703,0.7975,-0.0325,-0.2417,827,True
ACH-000148,Topotecan (hydrochloride),5.0,23038,0.7452,0.965,-0.019,-0.214,573,True
ACH-000148,Trametinib,0.05,24842,0.7885,0.7632,0.1206,0.483,1198,True
ACH-000148,Trametinib,0.5,26148,0.7878,0.8224,0.1166,0.5564,2154,True
ACH-000148,Trametinib,5.0,24536,0.7657,0.9725,0.0997,0.4339,4730,True
ACH-000148,Triamcinolone,5.0,24496,0.831,0.8269,0.144,0.6829,1045,True
ACH-000148,Triclosan,5.0,24792,0.7785,0.742,0.0442,0.561,502,True
ACH-000148,Trifluridine,5.0,23933,0.7771,0.7085,0.0669,0.5843,252,True
ACH-000148,Trimetrexate,5.0,24020,0.7698,0.7623,0.0763,0.604,266,True
ACH-000148,Tucidinostat,5.0,25410,0.8949,1.0918,0.2936,0.8327,1929,True
ACH-000148,Vilanterol,5.0,24150,0.7955,0.7422,0.1009,0.7295,530,True
ACH-000148,Vinblastine (sulfate),5.0,23977,0.8028,0.8071,0.1347,0.617,591,True
ACH-000148,c-Kit-IN-1,0.05,23601,2.5632,0.886,0.0261,0.2055,372,True
ACH-000164,(R)-Verapamil (hydrochloride),5.0,27827,0.7282,0.6517,0.059,0.6441,735,True
ACH-000164,18β-Glycyrrhetinic acid,5.0,27127,0.7413,0.7419,0.0934,0.5209,1345,True
ACH-000164,8-Hydroxyquinoline,5.0,27484,0.7574,0.6574,0.1189,0.7129,1081,True
ACH-000164,Acetohexamide,5.0,27666,0.7337,0.6929,0.0653,0.421,946,True
ACH-000164,Adagrasib,0.05,37043,0.4232,0.4827,0.1368,0.6649,7129,True
ACH-000164,Adenine,5.0,27396,0.7504,0.618,0.0998,0.5895,1282,True
ACH-000164,Adenosine,5.0,27602,0.7251,0.7373,0.0858,0.6929,1516,True
ACH-000164,Afatinib,0.05,28488,0.608,0.7184,0.034,-0.014,3005,False
ACH-000164,Afatinib,0.5,31217,0.5499,0.6881,0.0138,0.049,3225,False
ACH-000164,Afatinib,5.0,28317,0.5667,0.884,0.0209,0.2624,2545,False
ACH-000164,Aliskiren,5.0,27743,0.7361,0.6794,0.0724,0.6122,1101,True
ACH-000164,Allantoin,5.0,27273,0.7823,0.6817,0.1342,0.6843,2362,True
ACH-000164,Almonertinib (hydrochloride),5.0,26956,0.7463,0.7052,0.1054,0.5617,1484,True
ACH-000164,Almonertinib (mesylate),0.05,26378,0.6459,0.7607,0.0098,0.215,1139,True
ACH-000164,Almonertinib (mesylate),0.5,29751,0.7215,0.6426,0.0155,0.1916,2033,True
ACH-000164,Almonertinib (mesylate),5.0,27422,0.7744,0.6895,-0.031,-0.1023,1673,True
ACH-000164,Amsacrine,5.0,27669,0.7803,0.7449,0.1353,0.7499,2061,True
ACH-000164,Anethole trithione,5.0,27637,0.7754,0.684,0.1202,0.7356,1751,True
ACH-000164,Artesunate,5.0,27357,0.765,0.666,0.1276,0.8175,2021,True
ACH-000164,Azithromycin (hydrate),5.0,27416,0.7655,0.7113,0.0948,0.6478,1847,True
ACH-000164,Baicalin,5.0,27835,0.7664,0.6416,0.1046,0.6647,1491,True
ACH-000164,Balsalazide (sodium hydrate),5.0,28180,0.7509,0.6478,0.0937,0.6465,1019,True
ACH-000164,Belumosudil,0.05,27046,0.652,0.7509,0.0172,0.2218,1575,True
ACH-000164,Belumosudil,0.5,29364,0.706,0.6767,0.0152,0.2271,1850,True
ACH-000164,Belumosudil,5.0,26363,0.7102,0.8386,0.0726,0.0122,2246,True
ACH-000164,Berbamine,0.5,28561,0.7138,0.6822,-0.0256,-0.3018,3744,True
ACH-000164,Berbamine,5.0,27214,0.7306,0.6412,0.0651,0.6111,862,True
ACH-000164,Berbamine (dihydrochloride),0.05,26877,0.6421,0.7569,0.0365,0.3793,1920,True
ACH-000164,Berbamine (dihydrochloride),0.5,28998,0.7312,0.629,-0.002,0.0087,2193,True
ACH-000164,Berbamine (dihydrochloride),5.0,26935,0.8222,0.7346,-0.0011,0.0665,2585,True
ACH-000164,Berberine (chloride hydrate),5.0,27875,0.7629,0.6494,0.0813,0.6573,1280,True
ACH-000164,Bergenin,5.0,27419,0.7508,0.6592,0.0694,0.5427,1223,True
ACH-000164,Bimatoprost,5.0,27825,0.7545,0.6936,0.1041,0.6754,1187,True
ACH-000164,Binimetinib,0.05,28450,0.7617,0.6782,0.0916,0.5837,3350,True
ACH-000164,Binimetinib,0.5,29338,0.7338,0.7999,0.1061,0.4013,4391,True
ACH-000164,Binimetinib,5.0,25901,0.5857,0.8283,0.1065,0.4925,5393,True
ACH-000164,Busulfan,5.0,27017,0.7684,0.6667,0.1252,0.6863,1651,True
ACH-000164,Captopril,0.05,27841,0.692,0.7228,0.0482,0.0189,2586,True
ACH-000164,Cepharanthine,5.0,27155,0.7525,0.8155,0.0882,0.6088,1651,True
ACH-000164,Chlorhexidine (diacetate),0.5,28583,0.7319,0.6972,-0.0044,0.0374,3600,True
ACH-000164,Chlorhexidine (diacetate),5.0,27412,0.8023,0.7596,0.1753,0.7546,3138,True
ACH-000164,Ciclopirox,5.0,26899,0.7351,0.7024,0.1311,0.577,1030,True
ACH-000164,Clonidine (hydrochloride),5.0,28230,0.769,0.641,0.1091,0.7661,1246,True
ACH-000164,Clotrimazole,5.0,27816,0.7429,0.7081,0.0868,0.6526,1299,True
ACH-000164,Cloxacillin (sodium),5.0,27537,0.74,0.6182,0.0899,0.6125,915,True
ACH-000164,Cysteamine (hydrochloride),5.0,27645,0.7337,0.6334,0.08,0.6865,663,True
ACH-000164,Cytarabine,0.05,27765,0.6923,0.7608,0.0576,0.2339,2412,True
ACH-000164,Cytarabine,0.5,29078,0.7279,0.6258,0.0008,-0.0819,1854,True
ACH-000164,Cytarabine,5.0,27534,0.6577,0.7867,0.0249,0.2829,1337,True
ACH-000164,Daidzin,0.05,26942,0.6782,0.7506,-0.0127,-0.163,2204,True
ACH-000164,Daidzin,0.5,28982,0.7358,0.6263,0.0122,0.0056,2094,True
ACH-000164,Daidzin,5.0,27325,0.7772,0.7102,0.006,0.0385,1714,True
ACH-000164,Darinaparsin,5.0,27449,0.7577,0.743,0.0898,0.6882,2061,True
ACH-000164,Demeclocycline,5.0,27616,0.7377,0.6845,0.0598,0.5521,1105,True
ACH-000164,Diammonium Glycyrrhizinate,5.0,27546,0.75,0.6547,0.0717,0.758,1202,True
ACH-000164,Docetaxel,5.0,27975,0.7383,0.7564,0.0962,0.6997,1768,True
ACH-000164,Elagolix sodium,5.0,26844,0.7676,0.6645,0.1232,0.5859,1645,True
ACH-000164,Flumatinib (mesylate),0.05,26520,0.6318,0.7788,0.0304,0.2367,1592,True
ACH-000164,Flumatinib (mesylate),0.5,29054,0.7105,0.7044,0.0365,0.4959,2237,True
ACH-000164,Flumatinib (mesylate),5.0,27063,0.6853,0.7502,-0.0032,-0.241,1530,True
ACH-000164,Fluvoxamine (maleate),5.0,27396,0.7385,0.6929,0.0711,0.5929,938,True
ACH-000164,Folic acid,5.0,26949,0.753,0.6109,0.0751,0.594,571,True
ACH-000164,Fumaric acid,0.05,26828,0.6645,0.7948,0.0017,0.1511,2070,True
ACH-000164,Fumaric acid,0.5,29419,0.7365,0.6936,0.0218,0.2378,2252,True
ACH-000164,Fumaric acid,5.0,27874,0.7216,0.7714,-0.0636,-0.4112,2355,True
ACH-000164,Furosemide,5.0,27605,0.7268,0.6811,0.0465,0.6568,891,True
ACH-000164,Fusidic acid,5.0,27595,0.7463,0.6586,0.0811,0.7126,1045,True
ACH-000164,Gallic acid,5.0,27632,0.7507,0.6313,0.0811,0.683,1026,True
ACH-000164,Gallic acid (hydrate),5.0,27520,0.7672,0.6844,0.0778,0.602,1802,True
ACH-000164,Gemfibrozil,5.0,27546,0.7661,0.6647,0.0721,0.5709,1957,True
ACH-000164,Goserelin (acetate),5.0,27712,0.7548,0.6258,0.102,0.7005,1238,True
ACH-000164,Hexylresorcinol,5.0,28429,0.7646,0.65,0.0759,0.6157,1476,True
ACH-000164,Homoharringtonine,5.0,28547,1.4026,1.5069,0.6915,0.9105,11391,True
ACH-000164,Hydroxyfasudil,0.05,27074,2.7489,0.6606,0.0119,0.0048,5613,True
ACH-000164,Idarubicin (hydrochloride),5.0,31009,1.4678,1.566,0.6789,0.8847,11710,True
ACH-000164,Irinotecan (hydrochloride),0.05,26112,0.6927,0.7433,0.0239,0.0464,3617,True
ACH-000164,Irinotecan (hydrochloride),0.5,29218,0.7684,0.6586,-0.0403,-0.1921,3877,True
ACH-000164,Irinotecan (hydrochloride),5.0,27354,0.7694,0.7273,-0.0357,-0.2114,4024,True
ACH-000164,Isocorydine,5.0,27447,0.7406,0.6529,0.0692,0.6128,1053,True
ACH-000164,L-Thyroxine (sodium salt pentahydrate),5.0,25915,3.4091,0.5963,0.0122,0.037,8130,True
ACH-000164,Larotrectinib,5.0,27539,0.7616,0.7835,0.1322,0.6025,1277,True
ACH-000164,Lenalidomide (hemihydrate),5.0,26979,0.7272,0.6749,0.0956,0.7127,990,True
ACH-000164,Lidocaine (hydrochloride),5.0,26963,0.7619,0.7725,0.1163,0.6645,2511,True
ACH-000164,Lipoic acid,5.0,27801,0.7409,0.6368,0.0674,0.6383,996,True
ACH-000164,Lumateperone (tosylate),5.0,27574,0.744,0.6232,0.0908,0.5968,889,True
ACH-000164,Malotilate,0.05,28144,0.7458,0.7154,0.0417,0.0436,5736,True
ACH-000164,Medroxyprogesterone acetate,5.0,26900,0.7496,0.6652,0.1093,0.6105,1634,True
ACH-000164,Megestrol,5.0,28185,0.7401,0.6868,0.0598,0.5287,1510,True
ACH-000164,Mitoxantrone (dihydrochloride),5.0,27915,0.7509,1.0936,0.1255,0.5551,1513,True
ACH-000164,Naproxen,0.05,26039,0.6228,0.7518,-0.0035,-0.1026,1083,True
ACH-000164,Naproxen,0.5,29152,0.6941,0.6567,-0.0142,-0.1554,1388,True
ACH-000164,Naproxen,5.0,26914,0.6699,0.7219,-0.0144,-0.3393,1240,True
ACH-000164,Neratinib (maleate),5.0,27407,0.7644,0.6585,0.1074,0.7024,1334,True
ACH-000164,Norepinephrine (hydrochloride),5.0,27319,0.7549,0.6959,0.0973,0.5039,1345,True
ACH-000164,Olanzapine,5.0,27593,0.7591,0.691,0.1056,0.7871,1148,True
ACH-000164,PF-06260933,0.05,26917,4.0894,0.6377,-0.04,-0.0197,12033,True
ACH-000164,Palmatine (chloride),5.0,27227,0.7322,0.6799,0.0899,0.5592,959,True
ACH-000164,Pasireotide (acetate),5.0,27700,0.7847,0.6619,0.1056,0.5576,1561,True
ACH-000164,Pentagastrin,5.0,28210,0.7649,0.6228,0.0619,0.6971,984,True
ACH-000164,Pentamidine (isethionate),0.5,27555,0.7483,0.6951,0.0523,0.0946,1648,True
ACH-000164,Pentamidine (isethionate),5.0,27661,0.7568,0.7535,0.1021,0.7432,1924,True
ACH-000164,Pralsetinib,0.05,28135,0.7651,0.6763,0.0217,0.1122,2967,True
ACH-000164,Pravastatin (sodium),0.05,26105,0.6512,0.7442,0.0012,0.1658,1747,True
ACH-000164,Pravastatin (sodium),0.5,28693,0.7234,0.6545,0.0169,-0.0533,2103,True
ACH-000164,Pravastatin (sodium),5.0,27448,0.7403,0.7374,-0.0716,-0.3883,2627,True
ACH-000164,Pyridoxine,5.0,27198,0.7442,0.6949,0.0698,0.7221,1493,True
ACH-000164,Pyridoxine (hydrochloride),5.0,26992,0.7671,0.6237,0.0952,0.625,976,True
ACH-000164,Quinestrol,5.0,27740,0.7506,0.6736,0.1009,0.741,1165,True
ACH-000164,Radotinib,5.0,27050,0.8043,0.7112,0.1476,0.6932,3265,True
ACH-000164,Raltitrexed,5.0,27933,0.7468,0.6356,0.0685,0.6393,988,True
ACH-000164,Rapamycin,5.0,27492,0.7678,0.6959,0.1045,0.6762,1692,True
ACH-000164,Regorafenib,0.05,28066,0.7276,0.6652,-0.0011,0.0099,1860,True
ACH-000164,Regorafenib,0.5,28813,0.7284,0.6431,0.005,-0.125,1616,True
ACH-000164,Regorafenib,5.0,26015,0.6245,0.8105,0.0096,-0.1447,1614,True
ACH-000164,Relugolix,5.0,27701,0.7377,0.6096,0.0581,0.6221,726,True
ACH-000164,Resveratrol,5.0,26836,0.7704,0.633,0.0998,0.5571,1775,True
ACH-000164,Retinoic acid,5.0,28001,0.753,0.6691,0.0768,0.6622,1326,True
ACH-000164,Riluzole hydrochloride,5.0,27840,0.7714,0.7003,0.1239,0.7521,1869,True
ACH-000164,Rimonabant,5.0,27554,0.7553,0.6673,0.0877,0.7457,1228,True
ACH-000164,Ritonavir,5.0,27380,0.7543,0.7061,0.1059,0.7612,1427,True
ACH-000164,Ropivacaine (hydrochloride monohydrate),5.0,27238,0.7398,0.6667,0.099,0.8162,1400,True
ACH-000164,S-Adenosyl-L-methionine (disulfate tosylate),5.0,27668,0.7615,0.7071,0.1113,0.7531,1711,True
ACH-000164,Salicylic acid,5.0,27738,0.7342,0.809,0.0723,0.6063,1297,True
ACH-000164,Saquinavir,5.0,26571,0.7547,0.7475,0.1529,0.5574,1173,True
ACH-000164,Selinexor ,5.0,26355,1.0156,0.7373,0.2258,0.5972,2359,True
ACH-000164,Sinomenine,5.0,27365,0.7511,0.6465,0.0866,0.7016,1091,True
ACH-000164,Sodium Salicylate,5.0,28177,0.7599,0.7207,0.1085,0.6563,2432,True
ACH-000164,Sonidegib,0.05,27100,2.6365,0.6426,0.0199,0.0012,3367,True
ACH-000164,Sulfisoxazole,0.5,27636,0.7607,0.7189,0.0837,0.1368,2501,True
ACH-000164,Sulfisoxazole,5.0,27512,0.7721,0.6807,0.1015,0.6446,1141,True
ACH-000164,Temsirolimus,5.0,27551,0.7541,0.7161,0.101,0.7074,1556,True
ACH-000164,Terfenadine,0.5,27025,0.7732,0.6986,0.0789,-0.047,2681,True
ACH-000164,Terfenadine,5.0,27134,0.7452,0.7066,0.0754,0.4328,1056,True
ACH-000164,Thymol,5.0,27139,0.7557,0.6658,0.0838,0.5572,1708,True
ACH-000164,Tofacitinib,5.0,27396,0.7655,0.6816,0.1153,0.6288,1553,True
ACH-000164,Tofacitinib (citrate),5.0,27789,0.7464,0.6859,0.0918,0.6536,1264,True
ACH-000164,Tolcapone,5.0,27691,0.742,0.6645,0.0861,0.7649,868,True
ACH-000164,Topotecan (hydrochloride),0.05,25921,0.6425,0.7512,0.0009,0.0361,2520,True
ACH-000164,Topotecan (hydrochloride),0.5,29140,0.6974,0.7425,-0.0339,-0.3958,1704,True
ACH-000164,Topotecan (hydrochloride),5.0,26792,0.689,0.904,-0.0273,-0.2237,2277,True
ACH-000164,Trametinib,0.05,27904,0.7541,0.7193,0.1532,0.5051,3016,True
ACH-000164,Trametinib,0.5,29194,0.7297,0.8068,0.1221,0.5062,3710,True
ACH-000164,Trametinib,5.0,27826,0.6539,0.9292,0.1081,0.5007,5786,True
ACH-000164,Triamcinolone,5.0,27573,0.7879,0.7313,0.1133,0.6076,2249,True
ACH-000164,Triclosan,5.0,27628,0.7461,0.6892,0.0715,0.6798,1309,True
ACH-000164,Trifluridine,5.0,27135,0.7278,0.6824,0.0981,0.5431,898,True
ACH-000164,Trimetrexate,5.0,27161,0.7482,0.7008,0.0822,0.5879,1189,True
ACH-000164,Tucidinostat,5.0,28327,0.8526,0.9941,0.3391,0.8542,3621,True
ACH-000164,Vilanterol,5.0,27130,0.7451,0.6921,0.0852,0.6326,1282,True
ACH-000164,Vinblastine (sulfate),5.0,27555,0.7569,0.757,0.1109,0.6325,1539,True
ACH-000164,olaparib,0.05,27027,4.0708,0.6456,0.077,0.0006,11851,True
ACH-000178,(R)-Verapamil (hydrochloride),5.0,21521,0.8365,0.7239,0.0612,0.6414,80,True
ACH-000178,18β-Glycyrrhetinic acid,5.0,21022,0.8486,0.8116,0.0705,0.5698,135,True
ACH-000178,8-Hydroxyquinoline,5.0,21268,0.8583,0.6892,0.0789,0.8238,163,True
ACH-000178,Abemaciclib,0.05,22172,3.0057,0.6379,-0.0002,-0.0063,4535,True
ACH-000178,Acetohexamide,5.0,21416,0.841,0.7703,0.0663,0.5821,118,True
ACH-000178,Adagrasib,0.05,33442,0.474,0.5312,0.0936,0.6895,2871,True
ACH-000178,Adenine,5.0,21200,0.8338,0.6708,0.0522,0.7193,148,True
ACH-000178,Adenosine,5.0,21423,0.8298,0.7781,0.0671,0.6698,137,True
ACH-000178,Afatinib,0.05,25215,0.6927,0.7277,0.0338,-0.0939,1078,False
ACH-000178,Afatinib,0.5,25885,0.525,0.8048,0.0159,-0.1,1620,False
ACH-000178,Afatinib,5.0,22275,0.5137,1.0052,0.0166,0.2602,1289,False
ACH-000178,Aliskiren,5.0,21682,0.8376,0.7412,0.0747,0.6599,204,True
ACH-000178,Allantoin,5.0,20535,0.8603,0.7244,0.1052,0.6146,390,True
ACH-000178,Almonertinib (hydrochloride),5.0,20909,0.8581,0.7692,0.0957,0.6208,234,True
ACH-000178,Almonertinib (mesylate),0.05,23635,0.6739,0.7993,0.0411,0.2845,568,True
ACH-000178,Almonertinib (mesylate),0.5,27360,0.7612,0.6689,-0.0023,0.2413,954,True
ACH-000178,Almonertinib (mesylate),5.0,24855,0.8211,0.7248,-0.0372,-0.0698,973,True
ACH-000178,Amsacrine,5.0,21507,0.8532,0.7533,0.1043,0.8455,219,True
ACH-000178,Anethole trithione,5.0,21201,0.859,0.7194,0.0918,0.821,214,True
ACH-000178,Artesunate,5.0,21192,0.8672,0.727,0.0984,0.8015,332,True
ACH-000178,Azithromycin (hydrate),5.0,21175,0.8502,0.777,0.0908,0.7549,134,True
ACH-000178,Baicalin,5.0,21587,0.8618,0.6894,0.0815,0.8377,127,True
ACH-000178,Balsalazide (sodium hydrate),5.0,22055,0.8365,0.7084,0.0726,0.811,63,True
ACH-000178,Belumosudil,0.05,24544,0.6858,0.7951,0.0231,0.3213,761,True
ACH-000178,Belumosudil,0.5,26972,0.7377,0.7042,-0.0007,-0.0371,887,True
ACH-000178,Belumosudil,5.0,24361,0.7469,0.8067,0.0215,-0.1549,1410,True
ACH-000178,Berbamine,0.5,23115,0.6635,0.7979,-0.0246,-0.2013,2375,True
ACH-000178,Berbamine,5.0,21092,0.8337,0.6971,0.06,0.6681,102,True
ACH-000178,Berbamine (dihydrochloride),0.05,24305,0.6694,0.7979,0.0567,0.3296,1146,True
ACH-000178,Berbamine (dihydrochloride),0.5,26561,0.7768,0.6585,-0.004,0.0336,1297,True
ACH-000178,Berbamine (dihydrochloride),5.0,24484,0.8561,0.7569,0.0217,0.151,1730,True
ACH-000178,Berberine (chloride hydrate),5.0,21609,0.8557,0.67,0.0643,0.7197,113,True
ACH-000178,Bergenin,5.0,21005,0.8525,0.705,0.061,0.6962,139,True
ACH-000178,Bimatoprost,5.0,21526,0.8538,0.7705,0.0799,0.5151,225,True
ACH-000178,Binimetinib,0.05,23229,0.9043,0.6722,0.115,0.6451,1388,True
ACH-000178,Binimetinib,0.5,24478,0.7391,0.9236,0.1468,0.5434,4034,True
ACH-000178,Binimetinib,5.0,19800,0.5721,1.0145,0.1667,0.4712,5071,True
ACH-000178,Busulfan,5.0,20919,0.8494,0.7349,0.096,0.6955,291,True
ACH-000178,Captopril,0.05,25383,0.7352,0.762,0.061,-0.0151,1615,True
ACH-000178,Cepharanthine,5.0,20723,0.8385,0.9061,0.0942,0.7152,190,True
ACH-000178,Chlorhexidine (diacetate),0.5,23370,0.6908,0.8202,-0.0033,-0.0208,2242,True
ACH-000178,Chlorhexidine (diacetate),5.0,21536,0.888,0.7884,0.123,0.8716,687,True
ACH-000178,Ciclopirox,5.0,20637,0.8525,0.7762,0.0988,0.6112,169,True
ACH-000178,Clonidine (hydrochloride),5.0,21724,0.8582,0.6797,0.0703,0.8651,78,True
ACH-000178,Clotrimazole,5.0,21569,0.8316,0.7632,0.0746,0.6872,169,True
ACH-000178,Cloxacillin (sodium),5.0,21428,0.842,0.6735,0.0595,0.7913,78,True
ACH-000178,Cysteamine (hydrochloride),5.0,21529,0.8267,0.6978,0.0423,0.6593,74,True
ACH-000178,Cytarabine,0.05,25213,0.7249,0.8028,0.0545,0.3355,1248,True
ACH-000178,Cytarabine,0.5,26625,0.7637,0.6646,0.0001,-0.067,761,True
ACH-000178,Cytarabine,5.0,24857,0.6858,0.8072,0.0253,0.3828,767,True
ACH-000178,Daidzin,0.05,24453,0.722,0.7965,0.0035,0.0125,1442,True
ACH-000178,Daidzin,0.5,26606,0.7698,0.6595,0.0135,-0.0302,980,True
ACH-000178,Daidzin,5.0,24722,0.8358,0.7455,0.0079,-0.0907,1043,True
ACH-000178,Darinaparsin,5.0,21059,0.8365,0.7966,0.0732,0.7629,210,True
ACH-000178,Demeclocycline,5.0,21267,0.8374,0.7239,0.0528,0.6756,123,True
ACH-000178,Diammonium Glycyrrhizinate,5.0,21271,0.8597,0.7171,0.0796,0.8014,163,True
ACH-000178,Docetaxel,5.0,21925,0.8069,0.7942,0.0522,0.7642,256,True
ACH-000178,Elagolix sodium,5.0,20653,0.8597,0.709,0.0885,0.6822,252,True
ACH-000178,Flumatinib (mesylate),0.05,23781,0.6706,0.8181,0.0231,0.336,1126,True
ACH-000178,Flumatinib (mesylate),0.5,26477,0.7508,0.732,0.0202,0.352,1270,True
ACH-000178,Flumatinib (mesylate),5.0,24451,0.7164,0.781,-0.002,-0.3738,989,True
ACH-000178,Fluvoxamine (maleate),5.0,21232,0.8336,0.7491,0.0767,0.7835,109,True
ACH-000178,Folic acid,5.0,20611,0.8426,0.6522,0.048,0.6925,107,True
ACH-000178,Fumaric acid,0.05,24078,0.7083,0.8282,0.0371,0.2184,1068,True
ACH-000178,Fumaric acid,0.5,26853,0.767,0.7072,0.0072,0.1992,1079,True
ACH-000178,Fumaric acid,5.0,25214,0.7517,0.8052,-0.043,-0.3045,1202,True
ACH-000178,Furosemide,5.0,21338,0.8199,0.729,0.0396,0.8265,77,True
ACH-000178,Fusidic acid,5.0,21164,0.8395,0.7053,0.0675,0.8444,54,True
ACH-000178,Gallic acid,5.0,21247,0.8359,0.67,0.0784,0.762,167,True
ACH-000178,Gallic acid (hydrate),5.0,21236,0.8527,0.7406,0.0897,0.6533,176,True
ACH-000178,Gemfibrozil,5.0,21560,0.8481,0.7426,0.0673,0.782,207,True
ACH-000178,Goserelin (acetate),5.0,21358,0.8464,0.6872,0.0832,0.7227,147,True
ACH-000178,Hexylresorcinol,5.0,21667,0.8567,0.6952,0.0629,0.8491,140,True
ACH-000178,Homoharringtonine,5.0,22853,1.3874,1.4611,0.6283,0.9073,6022,True
ACH-000178,Hydroxyfasudil,0.05,22177,2.2535,0.625,-0.0165,-0.2332,272,True
ACH-000178,Idarubicin (hydrochloride),5.0,21547,1.3002,1.3724,0.5728,0.8603,3606,True
ACH-000178,Irinotecan (hydrochloride),0.05,23586,0.7448,0.7941,0.0334,0.1254,2289,True
ACH-000178,Irinotecan (hydrochloride),0.5,26483,0.8072,0.6841,-0.0287,-0.056,2406,True
ACH-000178,Irinotecan (hydrochloride),5.0,24802,0.8053,0.7528,-0.024,-0.2306,2508,True
ACH-000178,Isocorydine,5.0,21453,0.8552,0.6939,0.0576,0.6598,202,True
ACH-000178,L-Thyroxine (sodium salt pentahydrate),5.0,19796,2.5022,0.6531,0.0349,0.1461,92,True
ACH-000178,Larotrectinib,5.0,21102,0.8544,0.8579,0.1214,0.7279,117,True
ACH-000178,Lenalidomide (hemihydrate),5.0,20615,0.8317,0.7412,0.1073,0.8262,190,True
ACH-000178,Lidocaine (hydrochloride),5.0,20814,0.8524,0.8672,0.096,0.6429,389,True
ACH-000178,Lipoic acid,5.0,21516,0.8344,0.6971,0.0607,0.81,92,True
ACH-000178,Lumateperone (tosylate),5.0,21355,0.8458,0.6973,0.0502,0.7765,78,True
ACH-000178,Malotilate,0.05,25574,0.7889,0.758,0.044,-0.0084,4334,True
ACH-000178,Medroxyprogesterone acetate,5.0,20516,0.837,0.7874,0.1203,0.7694,204,True
ACH-000178,Megestrol,5.0,21794,0.8524,0.7764,0.0763,0.7385,409,True
ACH-000178,Mitoxantrone (dihydrochloride),5.0,21431,0.845,1.2106,0.0909,0.4908,177,True
ACH-000178,Naproxen,0.05,23331,0.6531,0.791,0.019,-0.0725,671,True
ACH-000178,Naproxen,0.5,26673,0.7272,0.7036,0.0011,-0.2371,605,True
ACH-000178,Naproxen,5.0,24312,0.7065,0.7585,-0.0184,-0.3487,649,True
ACH-000178,Neratinib (maleate),5.0,21044,0.8543,0.7419,0.1216,0.7376,319,True
ACH-000178,Norepinephrine (hydrochloride),5.0,21097,0.8387,0.7717,0.0668,0.7893,96,True
ACH-000178,Olanzapine,5.0,21314,0.8347,0.7386,0.0623,0.8347,135,True
ACH-000178,PF-06260933,0.05,22133,2.9485,0.6052,-0.0524,-0.0097,3498,True
ACH-000178,Palmatine (chloride),5.0,21081,0.8339,0.7418,0.0688,0.8482,94,True
ACH-000178,Pasireotide (acetate),5.0,21819,0.8759,0.6984,0.0854,0.601,271,True
ACH-000178,Pentagastrin,5.0,21877,0.8609,0.6786,0.0658,0.6935,164,True
ACH-000178,Pentamidine (isethionate),0.5,22816,0.7174,0.8207,0.0448,0.0075,941,True
ACH-000178,Pentamidine (isethionate),5.0,21406,0.8455,0.8139,0.1126,0.8774,352,True
ACH-000178,Pralsetinib,0.05,23439,0.8534,0.6412,0.0138,0.0254,545,True
ACH-000178,Pravastatin (sodium),0.05,23523,0.6849,0.7872,0.0306,0.1791,1151,True
ACH-000178,Pravastatin (sodium),0.5,26081,0.7602,0.6682,0.0013,-0.0887,1088,True
ACH-000178,Pravastatin (sodium),5.0,24798,0.8086,0.7628,-0.0536,-0.3832,1913,True
ACH-000178,Pyridoxine,5.0,21064,0.8434,0.7679,0.0707,0.5761,156,True
ACH-000178,Pyridoxine (hydrochloride),5.0,20983,0.8584,0.6588,0.0631,0.596,122,True
ACH-000178,Quinestrol,5.0,21552,0.8418,0.732,0.0822,0.8436,175,True
ACH-000178,Radotinib,5.0,20978,0.8634,0.769,0.1158,0.7684,355,True
ACH-000178,Raltitrexed,5.0,21739,0.833,0.6797,0.0404,0.7653,132,True
ACH-000178,Rapamycin,5.0,21339,0.8572,0.7872,0.1028,0.7768,244,True
ACH-000178,Regorafenib,0.05,23223,0.8235,0.6249,0.0066,-0.1616,261,True
ACH-000178,Regorafenib,0.5,24398,0.7206,0.7846,0.0177,-0.2505,907,True
ACH-000178,Regorafenib,5.0,20265,0.5492,0.949,0.0032,-0.1111,1004,True
ACH-000178,Relugolix,5.0,21467,0.8405,0.6532,0.049,0.7607,72,True
ACH-000178,Resveratrol,5.0,20563,0.8753,0.7173,0.0917,0.6692,245,True
ACH-000178,Retinoic acid,5.0,21912,0.837,0.7135,0.0534,0.7555,142,True
ACH-000178,Riluzole hydrochloride,5.0,21791,0.8506,0.74,0.0889,0.7409,335,True
ACH-000178,Rimonabant,5.0,21270,0.8434,0.7041,0.0679,,44,True
ACH-000178,Ritonavir,5.0,21006,0.8319,0.7551,0.0839,0.7277,116,True
ACH-000178,Ropivacaine (hydrochloride monohydrate),5.0,21049,0.8492,0.7265,0.0859,0.855,227,True
ACH-000178,S-Adenosyl-L-methionine (disulfate tosylate),5.0,21107,0.8368,0.7546,0.0906,0.8874,136,True
ACH-000178,Salicylic acid,5.0,21523,0.8219,0.8327,0.0609,0.7603,115,True
ACH-000178,Saquinavir,5.0,20320,0.8458,0.835,0.1196,0.6243,193,True
ACH-000178,Selinexor ,5.0,20199,1.1311,0.7891,0.2101,0.6748,751,True
ACH-000178,Sinomenine,5.0,21007,0.8418,0.7084,0.0778,0.7713,164,True
ACH-000178,Sodium Salicylate,5.0,22074,0.826,0.8048,0.0521,0.7451,291,True
ACH-000178,Sonidegib,0.05,22258,2.5788,0.6077,0.0007,-0.1277,231,True
ACH-000178,Sulfisoxazole,0.5,22332,0.7415,0.9024,0.1276,0.1545,1879,True
ACH-000178,Sulfisoxazole,5.0,21129,0.8607,0.7502,0.0998,0.711,146,True
ACH-000178,Temsirolimus,5.0,21122,0.8558,0.7957,0.1033,0.7873,302,True
ACH-000178,Terfenadine,0.5,22275,0.7738,0.8412,0.0878,-0.0243,2269,True
ACH-000178,Terfenadine,5.0,20993,0.858,0.7537,0.0948,0.7831,234,True
ACH-000178,Thymol,5.0,21037,0.8498,0.7372,0.0683,0.567,209,True
ACH-000178,Tofacitinib,5.0,21085,0.8519,0.7585,0.0805,0.7101,158,True
ACH-000178,Tofacitinib (citrate),5.0,21476,0.8347,0.7655,0.0513,0.6098,169,True
ACH-000178,Tolcapone,5.0,21546,0.8513,0.7307,0.0753,0.7466,155,True
ACH-000178,Topotecan (hydrochloride),0.05,23382,0.6732,0.8087,-0.0062,0.0544,1362,True
ACH-000178,Topotecan (hydrochloride),0.5,26808,0.7403,0.7876,-0.0119,-0.3678,884,True
ACH-000178,Topotecan (hydrochloride),5.0,23906,0.7144,1.0242,-0.029,-0.2247,1363,True
ACH-000178,Trametinib,0.05,22705,0.9438,0.7482,0.1377,0.4424,778,True
ACH-000178,Trametinib,0.5,23952,0.7455,0.9918,0.1742,0.5476,3799,True
ACH-000178,Trametinib,5.0,20196,0.6039,1.0342,0.1741,0.4477,5457,True
ACH-000178,Triamcinolone,5.0,21293,0.8958,0.8797,0.1656,0.7477,632,True
ACH-000178,Triclosan,5.0,21578,0.8384,0.7452,0.064,0.7815,118,True
ACH-000178,Trifluridine,5.0,20939,0.8307,0.727,0.0725,0.5879,70,True
ACH-000178,Trimetrexate,5.0,20931,0.8443,0.774,0.0842,0.7337,134,True
ACH-000178,Tucidinostat,5.0,22124,0.9007,1.092,0.226,0.8514,388,True
ACH-000178,Vilanterol,5.0,20814,0.8421,0.7474,0.0725,0.6983,135,True
ACH-000178,Vinblastine (sulfate),5.0,21276,0.8569,0.7874,0.063,0.7298,317,True
ACH-000178,c-Kit-IN-1,0.05,21797,2.747,0.9289,0.0189,0.0877,81,True
ACH-000178,olaparib,0.05,22225,2.9954,0.616,0.0455,0.0203,107,True
ACH-000222,(R)-Verapamil (hydrochloride),5.0,23811,0.8054,0.7183,0.0698,0.6896,366,True
ACH-000222,18β-Glycyrrhetinic acid,5.0,22987,0.8234,0.7689,0.0813,0.6769,621,True
ACH-000222,8-Hydroxyquinoline,5.0,23261,0.8237,0.6852,0.0857,0.81,381,True
ACH-000222,Acetohexamide,5.0,23563,0.8108,0.7606,0.06,0.604,525,True
ACH-000222,Adagrasib,0.05,32083,0.4628,0.5405,0.1232,0.6943,2812,True
ACH-000222,Adenine,5.0,23148,0.8128,0.6686,0.0539,0.6951,434,True
ACH-000222,Adenosine,5.0,23723,0.8035,0.744,0.066,0.6661,781,True
ACH-000222,Afatinib,0.05,23160,0.6514,0.821,0.0309,0.0527,2088,False
ACH-000222,Afatinib,0.5,26115,0.65,0.7432,0.0297,0.0335,1228,False
ACH-000222,Afatinib,5.0,23290,0.6644,0.9924,0.0102,0.2551,907,False
ACH-000222,Aliskiren,5.0,23971,0.8132,0.7204,0.063,0.7753,511,True
ACH-000222,Allantoin,5.0,23018,0.8586,0.7118,0.0815,0.7108,979,True
ACH-000222,Almonertinib (hydrochloride),5.0,23050,0.8264,0.7468,0.0749,0.6866,775,True
ACH-000222,Almonertinib (mesylate),0.05,20282,0.7201,0.8452,0.0225,0.1952,338,True
ACH-000222,Almonertinib (mesylate),0.5,23486,0.8158,0.7183,0.0013,0.239,540,True
ACH-000222,Almonertinib (mesylate),5.0,21076,0.8741,0.7693,-0.0366,-0.1633,657,True
ACH-000222,Amsacrine,5.0,23646,0.8357,0.7361,0.1166,0.8031,775,True
ACH-000222,Anethole trithione,5.0,23420,0.8526,0.7064,0.1058,0.8061,851,True
ACH-000222,Artesunate,5.0,23207,0.8276,0.6841,0.0855,0.8448,640,True
ACH-000222,Azithromycin (hydrate),5.0,23326,0.8291,0.7572,0.079,0.6445,630,True
ACH-000222,Baicalin,5.0,23709,0.8349,0.6996,0.0937,0.8215,623,True
ACH-000222,Balsalazide (sodium hydrate),5.0,24007,0.8158,0.6815,0.0686,0.8155,373,True
ACH-000222,Belumosudil,0.05,21089,0.7362,0.8338,0.0153,0.2471,373,True
ACH-000222,Belumosudil,0.5,23172,0.8086,0.743,0.0102,0.0039,478,True
ACH-000222,Belumosudil,5.0,20850,0.8127,0.8489,0.0201,-0.0447,898,True
ACH-000222,Berbamine,0.5,23108,0.8132,0.7239,-0.0338,-0.3952,1202,True
ACH-000222,Berbamine,5.0,23261,0.8203,0.68,0.048,0.6001,415,True
ACH-000222,Berbamine (dihydrochloride),0.05,20734,0.749,0.8581,0.0344,0.227,680,True
ACH-000222,Berbamine (dihydrochloride),0.5,22735,0.818,0.7087,0.0147,0.1587,719,True
ACH-000222,Berbamine (dihydrochloride),5.0,20878,0.8889,0.809,0.0098,0.0015,826,True
ACH-000222,Berberine (chloride hydrate),5.0,23730,0.8349,0.6601,0.0578,0.75,536,True
ACH-000222,Bergenin,5.0,23263,0.8267,0.6933,0.0351,0.5943,548,True
ACH-000222,Bimatoprost,5.0,23901,0.8351,0.7735,0.0987,0.6648,687,True
ACH-000222,Binimetinib,0.05,23467,0.8265,0.8443,0.1463,0.6499,3414,True
ACH-000222,Binimetinib,0.5,23742,0.9009,0.9138,0.1893,0.6961,2924,True
ACH-000222,Binimetinib,5.0,21214,0.7843,0.998,0.2011,0.6704,4118,True
ACH-000222,Busulfan,5.0,23077,0.8479,0.7109,0.0945,0.6894,679,True
ACH-000222,Captopril,0.05,21461,0.7897,0.8135,0.0497,-0.1527,927,True
ACH-000222,Cepharanthine,5.0,22911,0.8299,0.8338,0.0821,0.7893,858,True
ACH-000222,Chlorhexidine (diacetate),0.5,23332,0.8306,0.7333,-0.0022,-0.1112,1115,True
ACH-000222,Chlorhexidine (diacetate),5.0,23721,0.8148,0.6987,0.0848,0.8254,393,True
ACH-000222,Ciclopirox,5.0,22651,0.8127,0.7792,0.1057,0.6984,629,True
ACH-000222,Clonidine (hydrochloride),5.0,24075,0.8487,0.683,0.0657,0.7853,622,True
ACH-000222,Clotrimazole,5.0,23774,0.8259,0.7575,0.0835,0.6543,596,True
ACH-000222,Cloxacillin (sodium),5.0,23530,0.8277,0.682,0.0583,0.685,382,True
ACH-000222,Cysteamine (hydrochloride),5.0,23650,0.8119,0.678,0.0591,0.7524,437,True
ACH-000222,Cytarabine,0.05,21487,0.7654,0.8494,0.0426,0.3229,613,True
ACH-000222,Cytarabine,0.5,22856,0.8156,0.7027,-0.0047,-0.2731,503,True
ACH-000222,Cytarabine,5.0,21201,0.7398,0.8652,0.0052,0.2652,428,True
ACH-000222,DTP3,0.05,22757,3.6485,0.8223,-0.0296,-0.018,8615,True
ACH-000222,Daidzin,0.05,20770,0.7624,0.8399,0.0131,-0.0573,782,True
ACH-000222,Daidzin,0.5,22732,0.8033,0.7023,-0.0004,-0.0056,595,True
ACH-000222,Daidzin,5.0,20956,0.9386,0.7986,0.0229,-0.0829,905,True
ACH-000222,Darinaparsin,5.0,23298,0.829,0.7586,0.0839,0.8164,748,True
ACH-000222,Demeclocycline,5.0,23344,0.8155,0.7246,0.0406,0.5791,460,True
ACH-000222,Diammonium Glycyrrhizinate,5.0,23374,0.8309,0.704,0.0834,0.7119,554,True
ACH-000222,Docetaxel,5.0,24054,0.7931,0.7663,0.057,0.8002,762,True
ACH-000222,Elagolix sodium,5.0,22682,0.8198,0.7025,0.0937,0.6541,573,True
ACH-000222,Flumatinib (mesylate),0.05,20612,0.7349,0.859,0.023,0.2979,707,True
ACH-000222,Flumatinib (mesylate),0.5,22800,0.804,0.7567,0.0152,0.1985,682,True
ACH-000222,Flumatinib (mesylate),5.0,20882,0.7634,0.8462,-0.021,-0.2505,583,True
ACH-000222,Fluvoxamine (maleate),5.0,23376,0.8216,0.7141,0.066,0.7971,453,True
ACH-000222,Folic acid,5.0,23026,0.8198,0.6595,0.0604,0.7137,318,True
ACH-000222,Fumaric acid,0.05,20554,0.7504,0.8631,0.0079,0.0783,593,True
ACH-000222,Fumaric acid,0.5,23033,0.8176,0.7691,0.0067,0.1343,629,True
ACH-000222,Fumaric acid,5.0,21528,0.7968,0.8578,-0.0388,-0.3875,742,True
ACH-000222,Furosemide,5.0,23554,0.7866,0.7113,0.0394,0.7238,309,True
ACH-000222,Fusidic acid,5.0,23426,0.828,0.6934,0.0704,0.8482,515,True
ACH-000222,Gallic acid,5.0,23362,0.8308,0.6787,0.069,0.788,516,True
ACH-000222,Gallic acid (hydrate),5.0,23253,0.8287,0.7352,0.0791,0.6367,728,True
ACH-000222,Gemfibrozil,5.0,23541,0.8244,0.741,0.0756,0.6902,681,True
ACH-000222,Goserelin (acetate),5.0,23589,0.8365,0.672,0.0579,0.7815,592,True
ACH-000222,Hexylresorcinol,5.0,24333,0.8354,0.723,0.0984,0.6101,691,True
ACH-000222,Homoharringtonine,5.0,24156,1.372,1.3832,0.5967,0.9042,7877,True
ACH-000222,Hydroxyfasudil,0.05,22598,2.274,0.7966,-0.0216,-0.1109,542,True
ACH-000222,Idarubicin (hydrochloride),5.0,23558,1.4323,1.594,0.632,0.8549,6267,True
ACH-000222,Irinotecan (hydrochloride),0.05,19934,0.7639,0.848,0.0341,0.0853,1247,True
ACH-000222,Irinotecan (hydrochloride),0.5,23000,0.8588,0.7414,-0.0059,-0.1491,1745,True
ACH-000222,Irinotecan (hydrochloride),5.0,20987,0.9045,0.8062,-0.0266,-0.1409,2538,True
ACH-000222,Isocorydine,5.0,23664,0.8347,0.6849,0.0651,0.5617,756,True
ACH-000222,L-Thyroxine (sodium salt pentahydrate),5.0,21738,2.9162,0.6456,0.0109,0.0285,224,True
ACH-000222,Larotrectinib,5.0,23553,0.8333,0.7957,0.1044,0.6451,472,True
ACH-000222,Lenalidomide (hemihydrate),5.0,22729,0.8162,0.7166,0.0715,0.7001,447,True
ACH-000222,Lidocaine (hydrochloride),5.0,22843,0.8347,0.8165,0.1027,0.651,999,True
ACH-000222,Lipoic acid,5.0,23785,0.8134,0.6891,0.0442,0.7887,455,True
ACH-000222,Lumateperone (tosylate),5.0,23522,0.8216,0.6749,0.0624,0.8045,326,True
ACH-000222,Malotilate,0.05,21621,0.84,0.8057,0.0628,-0.0543,2343,True
ACH-000222,Medroxyprogesterone acetate,5.0,22548,0.8166,0.751,0.0999,0.6687,621,True
ACH-000222,Megestrol,5.0,23984,0.8198,0.7475,0.0636,0.7153,703,True
ACH-000222,Methylprednisolone succinate,0.05,22362,3.6587,0.7983,-0.035,-0.0072,8291,True
ACH-000222,Mitoxantrone (dihydrochloride),5.0,23779,0.8296,0.8374,0.0852,0.6794,741,True
ACH-000222,Naproxen,0.05,20132,0.7176,0.8461,0.0167,-0.0571,271,True
ACH-000222,Naproxen,0.5,22975,0.7938,0.7393,-0.0098,-0.2186,354,True
ACH-000222,Naproxen,5.0,20561,0.7516,0.8211,0.0198,-0.5046,382,True
ACH-000222,Neratinib (maleate),5.0,23331,0.8468,0.7538,0.0983,0.7009,785,True
ACH-000222,Norepinephrine (hydrochloride),5.0,23116,0.8125,0.7508,0.0484,0.5337,489,True
ACH-000222,Olanzapine,5.0,23459,0.8293,0.7285,0.0723,0.8012,642,True
ACH-000222,PF-06260933,0.05,22347,3.4548,0.7937,-0.0273,-0.0028,7787,True
ACH-000222,Palmatine (chloride),5.0,23075,0.8099,0.7108,0.0668,0.8097,439,True
ACH-000222,Pasireotide (acetate),5.0,24186,0.8731,0.7153,0.0885,0.6901,1089,True
ACH-000222,Pentagastrin,5.0,23958,0.8383,0.6616,0.0628,0.6703,497,True
ACH-000222,Pentamidine (isethionate),0.5,22051,0.8909,0.717,0.0366,-0.0562,712,True
ACH-000222,Pentamidine (isethionate),5.0,23601,0.799,0.7594,0.0603,0.7596,472,True
ACH-000222,Pralsetinib,0.05,23285,0.7906,0.8114,0.0097,-0.0005,2170,True
ACH-000222,Pravastatin (sodium),0.05,19901,0.7247,0.8214,0.0282,0.1406,518,True
ACH-000222,Pravastatin (sodium),0.5,22588,0.8025,0.73,-0.0086,-0.0873,583,True
ACH-000222,Pravastatin (sodium),5.0,21193,0.838,0.8267,-0.0406,-0.3018,1046,True
ACH-000222,Pyridoxine,5.0,23113,0.8255,0.7555,0.0804,0.6473,704,True
ACH-000222,Pyridoxine (hydrochloride),5.0,23105,0.8316,0.664,0.0774,0.6437,443,True
ACH-000222,Quinestrol,5.0,23732,0.8277,0.7284,0.0623,0.6855,615,True
ACH-000222,Radotinib,5.0,23097,0.9186,0.8128,0.1972,0.778,2561,True
ACH-000222,Raltitrexed,5.0,23840,0.8335,0.6559,0.0638,0.805,486,True
ACH-000222,Rapamycin,5.0,23401,0.8506,0.7637,0.0992,0.773,995,True
ACH-000222,Regorafenib,0.05,23266,0.7361,0.7974,0.0006,-0.1364,1162,True
ACH-000222,Regorafenib,0.5,23157,0.8398,0.6632,0.0089,-0.2103,593,True
ACH-000222,Regorafenib,5.0,21049,0.7484,0.9552,0.005,-0.0259,530,True
ACH-000222,Relugolix,5.0,23658,0.8216,0.6502,0.0409,0.5793,202,True
ACH-000222,Resveratrol,5.0,22689,0.8464,0.7114,0.0982,0.5958,749,True
ACH-000222,Retinoic acid,5.0,24013,0.8299,0.7138,0.0776,0.7036,789,True
ACH-000222,Riluzole hydrochloride,5.0,24031,0.8362,0.7426,0.1022,0.7902,876,True
ACH-000222,Rimonabant,5.0,23351,0.8242,0.7026,0.0799,0.8082,566,True
ACH-000222,Ritonavir,5.0,23083,0.8309,0.7408,0.085,0.7681,647,True
ACH-000222,Ropivacaine (hydrochloride monohydrate),5.0,23084,0.8315,0.6991,0.0735,0.7898,692,True
ACH-000222,S-Adenosyl-L-methionine (disulfate tosylate),5.0,23364,0.8434,0.7388,0.0959,0.8287,763,True
ACH-000222,Salicylic acid,5.0,23730,0.7982,0.7817,0.0726,0.7201,517,True
ACH-000222,Saquinavir,5.0,22344,0.8283,0.7822,0.1389,0.6716,545,True
ACH-000222,Selinexor ,5.0,22442,0.987,0.7965,0.2218,0.7656,2249,True
ACH-000222,Sinomenine,5.0,23362,0.8246,0.6884,0.0799,0.7222,476,True
ACH-000222,Sodium Salicylate,5.0,24212,0.8157,0.7816,0.0852,0.7097,949,True
ACH-000222,Sonidegib,0.05,22563,2.7811,0.7786,-0.0141,-0.0134,3803,True
ACH-000222,Sulfisoxazole,0.5,22309,0.867,0.7424,0.0815,0.1039,935,True
ACH-000222,Sulfisoxazole,5.0,23427,0.833,0.7452,0.0909,0.7436,419,True
ACH-000222,Temsirolimus,5.0,23346,0.8355,0.7672,0.0926,0.7406,786,True
ACH-000222,Terfenadine,0.5,21717,0.9133,0.7116,0.0614,-0.0509,1428,True
ACH-000222,Terfenadine,5.0,23022,0.8342,0.7128,0.0735,0.7227,722,True
ACH-000222,Thymol,5.0,23023,0.829,0.716,0.0744,0.6497,658,True
ACH-000222,Tofacitinib,5.0,23201,0.8416,0.7651,0.1233,0.7254,662,True
ACH-000222,Tofacitinib (citrate),5.0,23754,0.8255,0.7629,0.0791,0.5696,862,True
ACH-000222,Tolcapone,5.0,23524,0.8245,0.7186,0.0873,0.7957,479,True
ACH-000222,Topotecan (hydrochloride),0.05,19743,0.7161,0.8569,0.0014,-0.0024,658,True
ACH-000222,Topotecan (hydrochloride),0.5,23026,0.8038,0.7797,-0.0271,-0.4132,626,True
ACH-000222,Topotecan (hydrochloride),5.0,20668,0.7577,1.0316,-0.0269,-0.2279,696,True
ACH-000222,Trametinib,0.05,22983,0.8027,0.9267,0.1951,0.637,2746,True
ACH-000222,Trametinib,0.5,23532,0.9202,0.9214,0.2361,0.7333,3274,True
ACH-000222,Trametinib,5.0,22731,0.8687,1.0754,0.235,0.7059,4593,True
ACH-000222,Triamcinolone,5.0,23459,0.8434,0.8324,0.121,0.8226,1121,True
ACH-000222,Triclosan,5.0,23678,0.8116,0.7447,0.0728,0.7882,494,True
ACH-000222,Trifluridine,5.0,23026,0.7987,0.7016,0.0725,0.5391,221,True
ACH-000222,Trimetrexate,5.0,23071,0.8355,0.7634,0.0959,0.7024,574,True
ACH-000222,Tucidinostat,5.0,24200,0.841,0.9184,0.1398,0.7615,888,True
ACH-000222,Vilanterol,5.0,23011,0.8173,0.717,0.0608,0.712,430,True
ACH-000222,Vinblastine (sulfate),5.0,23392,0.8492,0.7925,0.126,0.7779,1029,True
ACH-000222,olaparib,0.05,22625,3.4482,0.7848,0.0516,0.0193,3472,True
ACH-000236,(R)-Verapamil (hydrochloride),5.0,25628,0.7708,0.6797,0.0353,0.5937,254,True
ACH-000236,18β-Glycyrrhetinic acid,5.0,24945,0.7851,0.7618,0.083,0.6786,541,True
ACH-000236,8-Hydroxyquinoline,5.0,25266,0.7883,0.6691,0.0737,0.703,508,True
ACH-000236,Acetohexamide,5.0,25383,0.7647,0.7181,0.0551,0.525,416,True
ACH-000236,Adagrasib,0.05,33803,0.4483,0.5136,0.1254,0.7223,2836,True
ACH-000236,Adenine,5.0,25288,0.7712,0.6486,0.0597,0.5872,532,True
ACH-000236,Adenosine,5.0,25514,0.7669,0.7361,0.0654,0.7302,657,True
ACH-000236,Afatinib,0.05,24890,0.6309,0.7803,0.0332,0.0145,1497,False
ACH-000236,Afatinib,0.5,27879,0.6194,0.6995,0.0032,0.0511,815,False
ACH-000236,Afatinib,5.0,25307,0.65,0.8863,0.0113,0.3566,449,False
ACH-000236,Aliskiren,5.0,25686,0.7592,0.6983,0.0615,0.6603,348,True
ACH-000236,Allantoin,5.0,25118,0.8049,0.7021,0.0904,0.6825,1209,True
ACH-000236,Almonertinib (hydrochloride),5.0,24811,0.8062,0.7299,0.0977,0.5793,973,True
ACH-000236,Almonertinib (mesylate),0.05,22176,0.6953,0.8156,0.009,-0.0506,145,True
ACH-000236,Almonertinib (mesylate),0.5,25313,0.7721,0.6737,0.0115,0.1061,313,True
ACH-000236,Almonertinib (mesylate),5.0,22925,0.8117,0.7539,-0.051,-0.0239,625,True
ACH-000236,Amsacrine,5.0,25478,0.8037,0.7304,0.0908,0.7721,781,True
ACH-000236,Anethole trithione,5.0,25422,0.8188,0.6877,0.0955,0.7262,1002,True
ACH-000236,Artesunate,5.0,25219,0.8128,0.684,0.1185,0.7822,934,True
ACH-000236,Azithromycin (hydrate),5.0,25086,0.7921,0.7436,0.0767,0.6644,519,True
ACH-000236,Baicalin,5.0,25739,0.8131,0.6733,0.0721,0.7022,587,True
ACH-000236,Balsalazide (sodium hydrate),5.0,25704,0.7863,0.6722,0.0539,0.5757,286,True
ACH-000236,Belumosudil,0.05,22875,0.7056,0.8094,0.0215,0.0479,312,True
ACH-000236,Belumosudil,0.5,25194,0.7544,0.7072,-0.0073,-0.2729,289,True
ACH-000236,Belumosudil,5.0,22821,0.766,0.796,0.0028,-0.1328,774,True
ACH-000236,Berbamine,0.5,25127,0.7865,0.7071,-0.0192,-0.3853,1346,True
ACH-000236,Berbamine,5.0,25256,0.7758,0.6608,0.0487,0.5797,225,True
ACH-000236,Berbamine (dihydrochloride),0.05,22606,0.6937,0.8133,0.0313,0.4807,518,True
ACH-000236,Berbamine (dihydrochloride),0.5,24627,0.7879,0.6708,0.0089,0.0407,707,True
ACH-000236,Berbamine (dihydrochloride),5.0,22661,0.8368,0.7802,0.0023,0.1545,715,True
ACH-000236,Berberine (chloride hydrate),5.0,25720,0.8101,0.6792,0.0661,0.6146,475,True
ACH-000236,Bergenin,5.0,25273,0.7951,0.6729,0.0677,0.4458,536,True
ACH-000236,Bimatoprost,5.0,25702,0.7788,0.7353,0.0776,0.6708,358,True
ACH-000236,Binimetinib,0.05,25467,0.734,0.744,0.087,0.4522,1657,True
ACH-000236,Binimetinib,0.5,25458,0.7872,0.77,0.0506,0.4119,1049,True
ACH-000236,Binimetinib,5.0,23713,0.663,0.8565,0.0829,0.6254,1526,True
ACH-000236,Busulfan,5.0,25058,0.7989,0.6979,0.0901,0.6507,803,True
ACH-000236,Captopril,0.05,23483,0.7368,0.7593,0.0521,-0.1527,837,True
ACH-000236,Cepharanthine,5.0,24907,0.7865,0.8272,0.0907,0.7177,711,True
ACH-000236,Chlorhexidine (diacetate),0.5,25126,0.78,0.7068,0.0008,0.0309,911,True
ACH-000236,Chlorhexidine (diacetate),5.0,25685,0.7862,0.7118,0.0866,0.7734,492,True
ACH-000236,Ciclopirox,5.0,24730,0.7749,0.7339,0.0937,0.7082,606,True
ACH-000236,Clonidine (hydrochloride),5.0,25873,0.8096,0.6634,0.0726,0.717,627,True
ACH-000236,Clotrimazole,5.0,25753,0.7744,0.7136,0.0552,0.6445,422,True
ACH-000236,Cloxacillin (sodium),5.0,25341,0.793,0.6631,0.0453,0.7684,468,True
ACH-000236,Cysteamine (hydrochloride),5.0,25586,0.7714,0.6606,0.0507,0.7421,289,True
ACH-000236,Cytarabine,0.05,23246,0.7313,0.8106,0.0418,0.1574,569,True
ACH-000236,Cytarabine,0.5,24755,0.7785,0.6739,0.0177,-0.2411,348,True
ACH-000236,Cytarabine,5.0,22918,0.6965,0.8264,0.015,0.3561,333,True
ACH-000236,Daidzin,0.05,22785,0.7266,0.8091,0.0145,-0.0775,520,True
ACH-000236,Daidzin,0.5,24460,0.764,0.6691,-0.0027,-0.1632,335,True
ACH-000236,Daidzin,5.0,22775,0.8257,0.7713,-0.0107,-0.0876,672,True
ACH-000236,Darinaparsin,5.0,25208,0.7873,0.7433,0.0636,0.6913,646,True
ACH-000236,Demeclocycline,5.0,25252,0.7776,0.7214,0.0626,0.5992,343,True
ACH-000236,Diammonium Glycyrrhizinate,5.0,25382,0.7876,0.6972,0.0656,0.7364,445,True
ACH-000236,Docetaxel,5.0,25735,0.7629,0.7348,0.0722,0.7545,547,True
ACH-000236,Elagolix sodium,5.0,24824,0.7942,0.6885,0.079,0.5476,819,True
ACH-000236,Flumatinib (mesylate),0.05,22162,0.6934,0.8302,0.007,0.2137,504,True
ACH-000236,Flumatinib (mesylate),0.5,24672,0.7666,0.7236,0.0101,0.3817,387,True
ACH-000236,Flumatinib (mesylate),5.0,22692,0.738,0.8246,-0.0037,-0.3683,443,True
ACH-000236,Fluvoxamine (maleate),5.0,25232,0.7811,0.7107,0.0766,0.7862,391,True
ACH-000236,Folic acid,5.0,24933,0.7828,0.6547,0.0692,0.5427,303,True
ACH-000236,Fumaric acid,0.05,22453,0.7172,0.8445,0.0139,-0.0442,432,True
ACH-000236,Fumaric acid,0.5,24954,0.785,0.7253,0.0258,0.2047,405,True
ACH-000236,Fumaric acid,5.0,23316,0.7531,0.8387,-0.0527,-0.486,610,True
ACH-000236,Furosemide,5.0,25429,0.755,0.6951,0.025,0.7155,258,True
ACH-000236,Fusidic acid,5.0,25399,0.7898,0.679,0.0811,0.8349,366,True
ACH-000236,Gallic acid,5.0,25415,0.7876,0.6503,0.0521,0.789,458,True
ACH-000236,Gallic acid (hydrate),5.0,25201,0.8033,0.7149,0.0831,0.6045,946,True
ACH-000236,Gemfibrozil,5.0,25549,0.7818,0.7116,0.0645,0.7228,736,True
ACH-000236,Goserelin (acetate),5.0,25565,0.8106,0.6739,0.0695,0.6624,835,True
ACH-000236,Hexylresorcinol,5.0,26077,0.7998,0.6742,0.0716,0.6803,701,True
ACH-000236,Homoharringtonine,5.0,26702,1.2136,1.2728,0.5454,0.896,8138,True
ACH-000236,Hydroxyfasudil,0.05,24708,2.3279,0.7556,-0.0349,0.0368,427,True
ACH-000236,Idarubicin (hydrochloride),5.0,26809,1.3478,1.4407,0.6167,0.8819,7896,True
ACH-000236,Irinotecan (hydrochloride),0.05,21714,0.7304,0.7953,0.0405,0.1632,1478,True
ACH-000236,Irinotecan (hydrochloride),0.5,24770,0.7981,0.6885,-0.0201,-0.3441,970,True
ACH-000236,Irinotecan (hydrochloride),5.0,22771,0.7919,0.7883,-0.0292,-0.2896,1176,True
ACH-000236,Isocorydine,5.0,25492,0.7878,0.6726,0.037,0.5897,595,True
ACH-000236,L-Thyroxine (sodium salt pentahydrate),5.0,23694,2.4768,0.6237,0.0137,0.1044,308,True
ACH-000236,Larotrectinib,5.0,25210,0.7894,0.7949,0.0962,0.5502,369,True
ACH-000236,Lenalidomide (hemihydrate),5.0,24709,0.7653,0.7103,0.0816,0.563,392,True
ACH-000236,Lidocaine (hydrochloride),5.0,24914,0.7943,0.788,0.0894,0.55,1205,True
ACH-000236,Lipoic acid,5.0,25631,0.7803,0.6656,0.059,0.6992,410,True
ACH-000236,Lumateperone (tosylate),5.0,25358,0.7734,0.6523,0.0733,0.7714,224,True
ACH-000236,Malotilate,0.05,23497,0.7915,0.7555,0.0336,-0.119,2552,True
ACH-000236,Medroxyprogesterone acetate,5.0,24595,0.7786,0.6911,0.0827,0.5388,483,True
ACH-000236,Megestrol,5.0,25911,0.7538,0.7079,0.0466,0.4388,389,True
ACH-000236,Methylprednisolone succinate,0.05,24247,3.2259,0.7636,-0.0248,0.0149,7685,True
ACH-000236,Mitoxantrone (dihydrochloride),5.0,25322,0.7877,1.2438,0.0961,0.3534,645,True
ACH-000236,Naproxen,0.05,21729,0.6746,0.8163,0.0053,-0.1002,196,True
ACH-000236,Naproxen,0.5,24920,0.753,0.7163,-0.0122,-0.4918,242,True
ACH-000236,Naproxen,5.0,22269,0.7058,0.7929,-0.0072,-0.505,305,True
ACH-000236,Neratinib (maleate),5.0,25155,0.8021,0.721,0.0835,0.6755,839,True
ACH-000236,Norepinephrine (hydrochloride),5.0,25190,0.7921,0.7255,0.064,0.4015,541,True
ACH-000236,Olanzapine,5.0,25378,0.7876,0.7116,0.0829,0.8361,415,True
ACH-000236,PF-06260933,0.05,24295,3.4146,0.7418,-0.0358,0.0119,8410,True
ACH-000236,Palmatine (chloride),5.0,25042,0.763,0.7102,0.0554,0.7818,236,True
ACH-000236,Pasireotide (acetate),5.0,25792,0.8229,0.6854,0.0885,0.6584,806,True
ACH-000236,Pentagastrin,5.0,25904,0.7918,0.6612,0.0764,0.6484,419,True
ACH-000236,Pentamidine (isethionate),0.5,23902,0.823,0.6791,0.034,-0.0441,561,True
ACH-000236,Pentamidine (isethionate),5.0,25562,0.7732,0.7501,0.0797,0.7502,672,True
ACH-000236,Pralsetinib,0.05,25085,0.7372,0.764,0.0073,0.0705,1665,True
ACH-000236,Pravastatin (sodium),0.05,21858,0.6992,0.7997,0.012,0.1339,401,True
ACH-000236,Pravastatin (sodium),0.5,24481,0.7653,0.6852,-0.0071,-0.3361,478,True
ACH-000236,Pravastatin (sodium),5.0,22922,0.7816,0.7932,-0.0577,-0.3374,828,True
ACH-000236,Pyridoxine,5.0,24920,0.7851,0.7234,0.0779,0.6162,573,True
ACH-000236,Pyridoxine (hydrochloride),5.0,25053,0.7883,0.6567,0.0736,0.5679,612,True
ACH-000236,Quinestrol,5.0,25668,0.7834,0.6932,0.0699,0.7935,400,True
ACH-000236,Radotinib,5.0,25056,0.8085,0.7379,0.1071,0.6715,1278,True
ACH-000236,Raltitrexed,5.0,25650,0.7945,0.6453,0.0549,0.7385,342,True
ACH-000236,Rapamycin,5.0,25478,0.7925,0.7135,0.0746,0.5391,883,True
ACH-000236,Regorafenib,0.05,24989,0.7112,0.7777,-0.0038,-0.0957,892,True
ACH-000236,Regorafenib,0.5,25013,0.7923,0.6498,-0.0034,-0.3752,458,True
ACH-000236,Regorafenib,5.0,23373,0.7239,0.817,0.0268,0.0248,411,True
ACH-000236,Relugolix,5.0,25534,0.777,0.645,0.0411,0.5622,220,True
ACH-000236,Resveratrol,5.0,24779,0.8019,0.6693,0.0768,0.6026,897,True
ACH-000236,Retinoic acid,5.0,25922,0.7898,0.6881,0.0694,0.6792,744,True
ACH-000236,Riluzole hydrochloride,5.0,25792,0.7824,0.741,0.1006,0.8174,754,True
ACH-000236,Rimonabant,5.0,25381,0.7864,0.6917,0.0734,0.7887,479,True
ACH-000236,Ritonavir,5.0,24998,0.7704,0.723,0.0717,0.6695,333,True
ACH-000236,Ropivacaine (hydrochloride monohydrate),5.0,25146,0.7947,0.6913,0.0845,0.7488,846,True
ACH-000236,S-Adenosyl-L-methionine (disulfate tosylate),5.0,25393,0.8044,0.7151,0.1023,0.8412,865,True
ACH-000236,Salicylic acid,5.0,25475,0.771,0.7563,0.0796,0.6744,502,True
ACH-000236,Saquinavir,5.0,24369,0.7783,0.7691,0.1134,0.545,440,True
ACH-000236,Selinexor ,5.0,24324,0.9527,0.7519,0.2047,0.6586,1592,True
ACH-000236,Sinomenine,5.0,25124,0.7912,0.6679,0.079,0.6877,384,True
ACH-000236,Sodium Salicylate,5.0,26042,0.788,0.7479,0.0757,0.6308,1192,True
ACH-000236,Sonidegib,0.05,24621,2.7019,0.7517,-0.0242,-0.005,3387,True
ACH-000236,Sulfisoxazole,0.5,23964,0.8485,0.7051,0.0666,0.0402,1350,True
ACH-000236,Sulfisoxazole,5.0,25295,0.8051,0.7077,0.0877,0.5546,456,True
ACH-000236,Temsirolimus,5.0,25355,0.7828,0.7144,0.0834,0.834,528,True
ACH-000236,Terfenadine,0.5,23521,0.8433,0.6786,0.0465,-0.0297,1026,True
ACH-000236,Terfenadine,5.0,25167,0.8082,0.7121,0.084,0.6729,935,True
ACH-000236,Thymol,5.0,24881,0.7812,0.697,0.0556,0.5555,743,True
ACH-000236,Tofacitinib,5.0,25135,0.796,0.7132,0.0959,0.6879,559,True
ACH-000236,Tofacitinib (citrate),5.0,25490,0.7906,0.7179,0.0813,0.6328,835,True
ACH-000236,Tolcapone,5.0,25382,0.7814,0.7009,0.0772,0.784,271,True
ACH-000236,Topotecan (hydrochloride),0.05,21681,0.6858,0.8196,-0.0035,-0.0527,630,True
ACH-000236,Topotecan (hydrochloride),0.5,24949,0.7506,0.7833,-0.0342,-0.498,334,True
ACH-000236,Topotecan (hydrochloride),5.0,21923,0.7039,1.1316,-0.0368,-0.0442,713,True
ACH-000236,Trametinib,0.05,24983,0.7561,0.7736,0.1153,0.4361,1971,True
ACH-000236,Trametinib,0.5,25265,0.7851,0.7711,0.1023,0.4737,928,True
ACH-000236,Trametinib,5.0,25181,0.7279,0.9156,0.0765,0.5734,1915,True
ACH-000236,Triamcinolone,5.0,25412,0.8189,0.7378,0.0962,0.6537,1554,True
ACH-000236,Triclosan,5.0,25625,0.7785,0.7186,0.0649,0.6782,638,True
ACH-000236,Trifluridine,5.0,24921,0.7626,0.689,0.0747,0.7459,282,True
ACH-000236,Trimetrexate,5.0,24979,0.7793,0.7419,0.0794,0.647,397,True
ACH-000236,Tucidinostat,5.0,26474,0.9109,1.1735,0.3733,0.869,2559,True
ACH-000236,Vilanterol,5.0,25115,0.7844,0.7117,0.0803,0.7794,539,True
ACH-000236,Vinblastine (sulfate),5.0,25343,0.8156,0.7475,0.1096,0.6915,1064,True
ACH-000236,olaparib,0.05,24502,3.1073,0.7596,0.0301,0.0018,6834,True
ACH-000311,(R)-Verapamil (hydrochloride),5.0,8231,1.375,1.2509,0.0111,,0,True
ACH-000311,18β-Glycyrrhetinic acid,5.0,7952,1.3316,1.3081,0.0271,,2,True
ACH-000311,8-Hydroxyquinoline,5.0,7956,1.3389,1.2465,0.006,,2,True
ACH-000311,Acetohexamide,5.0,7490,1.3457,1.2603,0.0182,,1,True
ACH-000311,Adagrasib,0.05,14956,0.7204,0.7504,0.0743,,18,True
ACH-000311,Adenine,5.0,7844,1.3543,1.2453,0.0153,,1,True
ACH-000311,Adenosine,5.0,7308,1.2926,1.2741,0.0692,,0,True
ACH-000311,Afatinib,0.05,7138,1.068,1.4198,-0.0062,,1,False
ACH-000311,Afatinib,0.5,9399,1.1005,1.2453,-0.0166,,2,False
ACH-000311,Afatinib,5.0,8446,1.1159,1.389,-0.0104,,3,False
ACH-000311,Aliskiren,5.0,7950,1.3277,1.2717,-0.0026,,0,True
ACH-000311,Allantoin,5.0,7741,1.3256,1.293,0.0414,,0,True
ACH-000311,Almonertinib (hydrochloride),5.0,7673,1.3738,1.2743,0.0202,,2,True
ACH-000311,Almonertinib (mesylate),0.05,5723,1.3275,1.2671,-0.0645,,0,True
ACH-000311,Almonertinib (mesylate),0.5,6913,1.3917,1.2761,0.0007,,0,True
ACH-000311,Almonertinib (mesylate),5.0,5888,1.4501,1.2698,-0.0279,,0,True
ACH-000311,Amsacrine,5.0,7741,1.3547,1.243,0.0669,,2,True
ACH-000311,Anethole trithione,5.0,7824,1.3466,1.2877,-0.0024,,0,True
ACH-000311,Artesunate,5.0,7426,1.3388,1.2911,0.1175,,0,True
ACH-000311,Azithromycin (hydrate),5.0,8059,1.3692,1.2336,0.0263,,0,True
ACH-000311,Baicalin,5.0,8337,1.3743,1.2728,0.0462,,0,True
ACH-000311,Balsalazide (sodium hydrate),5.0,8270,1.3466,1.2773,0.019,,0,True
ACH-000311,Belumosudil,0.05,5892,1.3364,1.3858,-0.0211,,0,True
ACH-000311,Belumosudil,0.5,7081,1.3673,1.2866,-0.0077,,0,True
ACH-000311,Belumosudil,5.0,5472,1.4595,1.3568,-0.0267,,0,True
ACH-000311,Berbamine,0.5,6572,1.4491,1.2337,-0.0674,,0,True
ACH-000311,Berbamine,5.0,8085,1.3302,1.2299,0.0284,,0,True
ACH-000311,Berbamine (dihydrochloride),0.05,5245,1.4652,1.3925,-0.0137,,0,True
ACH-000311,Berbamine (dihydrochloride),0.5,6260,1.4759,1.2892,0.0019,,0,True
ACH-000311,Berbamine (dihydrochloride),5.0,5568,1.4128,1.3088,0.0297,,0,True
ACH-000311,Berberine (chloride hydrate),5.0,7964,1.3334,1.2476,-0.004,,2,True
ACH-000311,Bergenin,5.0,7937,1.3492,1.2188,-0.0006,,1,True
ACH-000311,Bimatoprost,5.0,8086,1.3457,1.2685,-0.0003,,0,True
ACH-000311,Binimetinib,0.05,7820,1.3266,1.3834,0.0362,,4,True
ACH-000311,Binimetinib,0.5,7874,1.3198,1.3021,0.062,,0,True
ACH-000311,Binimetinib,5.0,6962,1.3764,1.3678,0.0221,,0,True
ACH-000311,Busulfan,5.0,8215,1.3924,1.2526,0.0473,,0,True
ACH-000311,Captopril,0.05,5607,1.3527,1.4909,0.0304,,0,True
ACH-000311,Cepharanthine,5.0,7467,1.3464,1.2315,0.0329,,0,True
ACH-000311,Chlorhexidine (diacetate),0.5,6406,1.5538,1.2069,-0.0081,,0,True
ACH-000311,Chlorhexidine (diacetate),5.0,8469,1.3808,1.2066,0.0154,,2,True
ACH-000311,Ciclopirox,5.0,7662,1.3642,1.2826,0.0682,,0,True
ACH-000311,Clonidine (hydrochloride),5.0,8236,1.3741,1.2582,-0.0091,,0,True
ACH-000311,Clotrimazole,5.0,8250,1.3154,1.2398,0.0017,,0,True
ACH-000311,Cloxacillin (sodium),5.0,8179,1.3503,1.2453,0.0049,,0,True
ACH-000311,Cysteamine (hydrochloride),5.0,8424,1.3235,1.2564,-0.0132,,1,True
ACH-000311,Cytarabine,0.05,6044,1.4058,1.4088,-0.0147,,0,True
ACH-000311,Cytarabine,0.5,6653,1.4158,1.2976,-0.0169,,0,True
ACH-000311,Cytarabine,5.0,6328,1.3978,1.3619,-0.0955,,0,True
ACH-000311,Daidzin,0.05,5084,1.4609,1.3958,0.0015,,0,True
ACH-000311,Daidzin,0.5,6575,1.394,1.3019,-0.0551,,0,True
ACH-000311,Daidzin,5.0,5763,1.4627,1.2831,0.0234,,0,True
ACH-000311,Darinaparsin,5.0,7827,1.3762,1.2876,0.0274,,0,True
ACH-000311,Demeclocycline,5.0,7471,1.3177,1.2757,0.0241,,2,True
ACH-000311,Diammonium Glycyrrhizinate,5.0,8492,1.3307,1.2703,0.0225,,2,True
ACH-000311,Docetaxel,5.0,7708,1.3581,1.2657,0.026,,0,True
ACH-000311,Elagolix sodium,5.0,7569,1.2928,1.2751,0.0531,,2,True
ACH-000311,Flumatinib (mesylate),0.05,5257,1.4751,1.4063,-0.0036,,0,True
ACH-000311,Flumatinib (mesylate),0.5,7193,1.3535,1.28,-0.012,,0,True
ACH-000311,Flumatinib (mesylate),5.0,5524,1.4517,1.2973,0.0105,,0,True
ACH-000311,Fluvoxamine (maleate),5.0,7924,1.3476,1.2538,0.015,,0,True
ACH-000311,Folic acid,5.0,7520,1.3061,1.2517,0.0626,,1,True
ACH-000311,Fumaric acid,0.05,5770,1.4014,1.3772,0.0025,,0,True
ACH-000311,Fumaric acid,0.5,6908,1.3677,1.3048,-0.0409,,0,True
ACH-000311,Fumaric acid,5.0,6484,1.4211,1.3152,-0.0144,,0,True
ACH-000311,Furosemide,5.0,7534,1.3256,1.2667,0.0231,,4,True
ACH-000311,Fusidic acid,5.0,8079,1.4085,1.2674,0.0202,,0,True
ACH-000311,Gallic acid,5.0,7979,1.356,1.2806,0.0131,,0,True
ACH-000311,Gallic acid (hydrate),5.0,7910,1.3627,1.2588,0.0465,,3,True
ACH-000311,Gemfibrozil,5.0,8641,1.3688,1.2292,0.0226,,2,True
ACH-000311,Goserelin (acetate),5.0,7710,1.3043,1.2636,0.0161,,2,True
ACH-000311,Hexylresorcinol,5.0,8215,1.4054,1.2443,0.0378,,0,True
ACH-000311,Homoharringtonine,5.0,7467,1.5167,1.5291,0.3012,,0,True
ACH-000311,Idarubicin (hydrochloride),5.0,8418,1.4744,1.4511,0.2095,,0,True
ACH-000311,Irinotecan (hydrochloride),0.05,5974,1.3383,1.365,-0.0288,,0,True
ACH-000311,Irinotecan (hydrochloride),0.5,7233,1.3504,1.3081,-0.0037,,0,True
ACH-000311,Irinotecan (hydrochloride),5.0,6235,1.4767,1.3161,0.0002,,0,True
ACH-000311,Isocorydine,5.0,8433,1.3346,1.2741,0.0075,,0,True
ACH-000311,Larotrectinib,5.0,7678,1.3834,1.272,0.0536,,0,True
ACH-000311,Lenalidomide (hemihydrate),5.0,7386,1.3057,1.2688,0.0857,,2,True
ACH-000311,Lidocaine (hydrochloride),5.0,7987,1.3487,1.2497,0.0234,,1,True
ACH-000311,Lipoic acid,5.0,8352,1.3334,1.2402,-0.014,,0,True
ACH-000311,Lumateperone (tosylate),5.0,8192,1.3619,1.2483,0.0021,,0,True
ACH-000311,Malotilate,0.05,5272,1.3627,1.4065,-0.0112,,0,True
ACH-000311,Medroxyprogesterone acetate,5.0,7556,1.3762,1.2777,0.099,,0,True
ACH-000311,Megestrol,5.0,7933,1.3427,1.2502,0.0253,,1,True
ACH-000311,Mitoxantrone (dihydrochloride),5.0,7946,1.3454,1.2508,0.0137,,0,True
ACH-000311,Naproxen,0.05,5077,1.4459,1.3072,-0.0381,,0,True
ACH-000311,Naproxen,0.5,6255,1.4397,1.2661,-0.014,,0,True
ACH-000311,Naproxen,5.0,6147,1.4698,1.3197,-0.0373,,0,True
ACH-000311,Neratinib (maleate),5.0,7770,1.3382,1.2539,0.0494,,2,True
ACH-000311,Norepinephrine (hydrochloride),5.0,7789,1.3328,1.2547,0.0088,,1,True
ACH-000311,Olanzapine,5.0,7621,1.3344,1.287,0.0415,,0,True
ACH-000311,Palmatine (chloride),5.0,7786,1.3772,1.2668,0.0766,,0,True
ACH-000311,Pasireotide (acetate),5.0,8551,1.3288,1.2373,0.0177,,0,True
ACH-000311,Pentagastrin,5.0,7761,1.3485,1.2399,0.0195,,3,True
ACH-000311,Pentamidine (isethionate),0.5,5771,1.4545,1.17,-0.0101,,0,True
ACH-000311,Pentamidine (isethionate),5.0,7837,1.3591,1.2871,0.0693,,0,True
ACH-000311,Pralsetinib,0.05,6534,1.2451,1.4734,-0.019,,1,True
ACH-000311,Pravastatin (sodium),0.05,5718,1.3969,1.4082,-0.0046,,0,True
ACH-000311,Pravastatin (sodium),0.5,7339,1.3266,1.3068,0.0069,,0,True
ACH-000311,Pravastatin (sodium),5.0,6087,1.4953,1.3074,0.0025,,0,True
ACH-000311,Pyridoxine,5.0,7421,1.3123,1.2489,0.0729,,2,True
ACH-000311,Pyridoxine (hydrochloride),5.0,7616,1.3095,1.2829,0.0135,,3,True
ACH-000311,Quinestrol,5.0,8471,1.3212,1.3074,-0.0112,,1,True
ACH-000311,Radotinib,5.0,8326,1.3493,1.2776,0.0296,,0,True
ACH-000311,Raltitrexed,5.0,8675,1.3848,1.2557,-0.0313,,0,True
ACH-000311,Rapamycin,5.0,7658,1.3218,1.2716,0.0131,,0,True
ACH-000311,Regorafenib,0.05,6470,1.2392,1.4695,-0.0341,,1,True
ACH-000311,Regorafenib,0.5,6781,1.4507,1.1955,-0.0137,,0,True
ACH-000311,Regorafenib,5.0,6068,1.4764,1.3785,-0.0322,,0,True
ACH-000311,Relugolix,5.0,7982,1.3065,1.2215,-0.0042,,1,True
ACH-000311,Resveratrol,5.0,7778,1.3063,1.2339,0.0431,,2,True
ACH-000311,Retinoic acid,5.0,8254,1.3355,1.2569,0.0299,,0,True
ACH-000311,Riluzole hydrochloride,5.0,8249,1.3509,1.3017,0.0299,,0,True
ACH-000311,Rimonabant,5.0,7604,1.3222,1.2554,0.0288,,2,True
ACH-000311,Ritonavir,5.0,7927,1.3435,1.2722,0.0223,,0,True
ACH-000311,Ropivacaine (hydrochloride monohydrate),5.0,7491,1.3087,1.2715,0.0553,,3,True
ACH-000311,S-Adenosyl-L-methionine (disulfate tosylate),5.0,8241,1.3817,1.235,0.0024,,0,True
ACH-000311,Salicylic acid,5.0,8018,1.323,1.2986,0.028,,0,True
ACH-000311,Saquinavir,5.0,7541,1.3375,1.2748,0.0923,,0,True
ACH-000311,Selinexor ,5.0,7190,1.2532,1.2648,0.0765,,3,True
ACH-000311,Sinomenine,5.0,7660,1.3462,1.2641,0.0709,,0,True
ACH-000311,Sodium Salicylate,5.0,8294,1.3529,1.2651,-0.0194,,1,True
ACH-000311,Sonidegib,0.05,5871,1.2268,1.5324,-0.1176,,3,True
ACH-000311,Sulfisoxazole,0.5,6818,1.4202,1.2795,-0.019,,0,True
ACH-000311,Sulfisoxazole,5.0,7341,1.3104,1.272,0.0891,,2,True
ACH-000311,Temsirolimus,5.0,8356,1.3494,1.257,0.0255,,1,True
ACH-000311,Terfenadine,0.5,5996,1.4685,1.2181,-0.0149,,0,True
ACH-000311,Terfenadine,5.0,7578,1.3361,1.246,0.0144,,0,True
ACH-000311,Thymol,5.0,7648,1.3651,1.2637,0.038,,3,True
ACH-000311,Tofacitinib,5.0,8094,1.3838,1.2756,0.0642,,1,True
ACH-000311,Tofacitinib (citrate),5.0,8354,1.3364,1.2671,0.0367,,0,True
ACH-000311,Tolcapone,5.0,8130,1.3063,1.2503,0.0141,,0,True
ACH-000311,Topotecan (hydrochloride),0.05,5593,1.3538,1.2911,-0.0463,,0,True
ACH-000311,Topotecan (hydrochloride),0.5,6720,1.3756,1.3149,-0.0694,,0,True
ACH-000311,Topotecan (hydrochloride),5.0,6333,1.434,1.4297,-0.0517,,0,True
ACH-000311,Trametinib,0.05,6836,1.2724,1.3051,0.0556,,2,True
ACH-000311,Trametinib,0.5,7904,1.3084,1.3147,0.0442,,1,True
ACH-000311,Trametinib,5.0,7220,1.3638,1.4171,0.0167,,0,True
ACH-000311,Triamcinolone,5.0,7487,1.3762,1.2997,0.0893,,0,True
ACH-000311,Triclosan,5.0,8372,1.3705,1.2936,0.0407,,0,True
ACH-000311,Trifluridine,5.0,8159,1.3706,1.2689,0.0168,,0,True
ACH-000311,Trimetrexate,5.0,7990,1.415,1.2786,0.0505,,0,True
ACH-000311,Tucidinostat,5.0,8304,1.372,1.381,0.0978,,0,True
ACH-000311,Vilanterol,5.0,8138,1.3491,1.2258,0.0011,,0,True
ACH-000311,Vinblastine (sulfate),5.0,8152,1.3671,1.2572,0.0219,,0,True
ACH-000348,(R)-Verapamil (hydrochloride),5.0,23752,0.7981,0.7367,0.0504,0.8004,91,True
ACH-000348,18β-Glycyrrhetinic acid,5.0,22857,0.8152,0.7909,0.0616,0.7153,106,True
ACH-000348,8-Hydroxyquinoline,5.0,23345,0.8323,0.7077,0.069,0.7876,162,True
ACH-000348,Abemaciclib,0.05,22784,2.8135,0.7711,0.0394,0.0025,3565,True
ACH-000348,Acetohexamide,5.0,23370,0.8142,0.7496,0.0397,0.4887,183,True
ACH-000348,Adagrasib,0.05,32241,0.4578,0.5342,0.1119,0.7864,1362,True
ACH-000348,Adenine,5.0,23276,0.8231,0.6874,0.0788,0.6808,202,True
ACH-000348,Adenosine,5.0,23652,0.7992,0.7711,0.0553,0.7391,202,True
ACH-000348,Afatinib,0.05,23533,0.6497,0.7848,0.0269,0.0065,684,False
ACH-000348,Afatinib,0.5,26713,0.6267,0.728,0.0212,-0.0455,509,False
ACH-000348,Afatinib,5.0,23117,0.6308,0.93,-0.0016,0.3897,387,False
ACH-000348,Aliskiren,5.0,23736,0.8088,0.7424,0.0483,0.7906,123,True
ACH-000348,Allantoin,5.0,22856,0.8458,0.7328,0.0901,0.6959,388,True
ACH-000348,Almonertinib (hydrochloride),5.0,22800,0.821,0.7596,0.0817,0.6978,222,True
ACH-000348,Almonertinib (mesylate),0.05,21068,0.7103,0.8195,0.0101,0.3396,189,True
ACH-000348,Almonertinib (mesylate),0.5,24457,0.8027,0.6856,0.0205,0.2269,344,True
ACH-000348,Almonertinib (mesylate),5.0,21852,0.8687,0.7496,-0.0286,-0.1697,397,True
ACH-000348,Amsacrine,5.0,23598,0.8405,0.7705,0.073,0.7401,254,True
ACH-000348,Anethole trithione,5.0,23528,0.8376,0.7223,0.0835,0.7722,259,True
ACH-000348,Artesunate,5.0,23215,0.8389,0.7136,0.0961,0.8573,290,True
ACH-000348,Azithromycin (hydrate),5.0,23024,0.8207,0.766,0.0665,0.8235,206,True
ACH-000348,Baicalin,5.0,23699,0.8349,0.7002,0.0666,0.8399,155,True
ACH-000348,Balsalazide (sodium hydrate),5.0,24011,0.8164,0.701,0.0503,0.748,97,True
ACH-000348,Belumosudil,0.05,21878,0.7191,0.8154,0.0044,0.1381,182,True
ACH-000348,Belumosudil,0.5,24100,0.783,0.7313,0.0133,0.0432,252,True
ACH-000348,Belumosudil,5.0,21184,0.7684,0.8573,0.0281,-0.1731,504,True
ACH-000348,Berbamine,0.5,23071,0.7809,0.7662,-0.0335,-0.3693,844,True
ACH-000348,Berbamine,5.0,23042,0.8275,0.7022,0.0554,0.7725,109,True
ACH-000348,Berbamine (dihydrochloride),0.05,21529,0.7158,0.8177,0.0315,0.5199,388,True
ACH-000348,Berbamine (dihydrochloride),0.5,23725,0.8086,0.6719,0.0137,0.1272,319,True
ACH-000348,Berbamine (dihydrochloride),5.0,21721,0.8497,0.775,0.0256,0.1947,504,True
ACH-000348,Berberine (chloride hydrate),5.0,23840,0.8393,0.6804,0.0598,0.8118,105,True
ACH-000348,Bergenin,5.0,23293,0.8177,0.7139,0.0474,0.675,96,True
ACH-000348,Bimatoprost,5.0,23765,0.8183,0.7802,0.0772,0.566,237,True
ACH-000348,Binimetinib,0.05,23892,0.8193,0.735,0.0567,0.5126,944,True
ACH-000348,Binimetinib,0.5,24697,0.7743,0.8237,0.0379,0.2752,854,True
ACH-000348,Binimetinib,5.0,20389,0.5837,0.9697,0.0559,0.4458,1075,True
ACH-000348,Busulfan,5.0,22857,0.8418,0.7301,0.0746,0.7567,251,True
ACH-000348,Captopril,0.05,22429,0.7647,0.7899,0.0514,-0.1498,803,True
ACH-000348,Cepharanthine,5.0,22997,0.8059,0.8513,0.0695,0.7997,196,True
ACH-000348,Chlorhexidine (diacetate),0.5,23129,0.7697,0.7635,-0.0055,-0.1515,693,True
ACH-000348,Chlorhexidine (diacetate),5.0,23639,0.8141,0.7216,0.0701,0.8527,104,True
ACH-000348,Ciclopirox,5.0,22549,0.8307,0.776,0.1123,0.6604,244,True
ACH-000348,Clonidine (hydrochloride),5.0,24322,0.8299,0.6785,0.0697,0.8458,161,True
ACH-000348,Clotrimazole,5.0,23939,0.8019,0.7538,0.0502,0.7979,240,True
ACH-000348,Cloxacillin (sodium),5.0,23520,0.8094,0.6823,0.0541,0.8323,83,True
ACH-000348,Cysteamine (hydrochloride),5.0,23604,0.8243,0.6935,0.0552,0.7498,122,True
ACH-000348,Cytarabine,0.05,22491,0.7424,0.8213,0.0274,0.1537,263,True
ACH-000348,Cytarabine,0.5,23615,0.7948,0.673,0.0088,-0.1087,295,True
ACH-000348,Cytarabine,5.0,22120,0.7175,0.8393,0.0179,0.219,206,True
ACH-000348,DTP3,0.05,22967,2.7639,0.7663,-0.0116,0.2041,94,True
ACH-000348,Daidzin,0.05,21936,0.7506,0.8072,0.0028,-0.001,472,True
ACH-000348,Daidzin,0.5,23509,0.8028,0.6634,0.0347,-0.0778,421,True
ACH-000348,Daidzin,5.0,21964,0.8675,0.7661,-0.0068,0.2098,519,True
ACH-000348,Darinaparsin,5.0,23187,0.8219,0.8098,0.0479,0.7684,215,True
ACH-000348,Demeclocycline,5.0,23351,0.8103,0.7309,0.0331,0.4647,109,True
ACH-000348,Diammonium Glycyrrhizinate,5.0,23333,0.8318,0.7113,0.0508,0.7752,136,True
ACH-000348,Docetaxel,5.0,24034,0.7937,0.7918,0.0676,0.7807,398,True
ACH-000348,Elagolix sodium,5.0,22968,0.8265,0.7365,0.0786,0.6254,262,True
ACH-000348,Flumatinib (mesylate),0.05,21311,0.7074,0.8361,0.001,0.1912,463,True
ACH-000348,Flumatinib (mesylate),0.5,23660,0.7823,0.76,0.0261,0.2816,411,True
ACH-000348,Flumatinib (mesylate),5.0,21436,0.7363,0.8161,0.0128,-0.3373,274,True
ACH-000348,Fluvoxamine (maleate),5.0,23359,0.8163,0.7391,0.0693,0.775,102,True
ACH-000348,Folic acid,5.0,23098,0.8339,0.6696,0.0363,0.5419,129,True
ACH-000348,Fumaric acid,0.05,21522,0.7213,0.8411,0.026,0.1572,309,True
ACH-000348,Fumaric acid,0.5,23920,0.8099,0.7336,0.0252,0.3136,287,True
ACH-000348,Fumaric acid,5.0,22336,0.786,0.83,-0.0335,-0.3817,376,True
ACH-000348,Furosemide,5.0,23538,0.7899,0.7237,0.0234,0.8166,63,True
ACH-000348,Fusidic acid,5.0,23419,0.8196,0.6911,0.0587,0.8857,77,True
ACH-000348,Gallic acid,5.0,23414,0.8319,0.6824,0.0662,0.7831,114,True
ACH-000348,Gallic acid (hydrate),5.0,22976,0.8367,0.7443,0.0769,0.6976,213,True
ACH-000348,Gemfibrozil,5.0,23311,0.8384,0.739,0.0372,0.7234,305,True
ACH-000348,Goserelin (acetate),5.0,23868,0.8381,0.6971,0.0638,0.7711,211,True
ACH-000348,Hexylresorcinol,5.0,24262,0.8177,0.7188,0.0547,0.8474,188,True
ACH-000348,Homoharringtonine,5.0,23820,1.4186,1.5756,0.6576,0.8967,6640,True
ACH-000348,Hydroxyfasudil,0.05,22817,1.7207,0.7488,-0.0129,0.0497,451,True
ACH-000348,Idarubicin (hydrochloride),5.0,24312,1.3164,1.3862,0.5672,0.8588,4806,True
ACH-000348,Irinotecan (hydrochloride),0.05,20790,0.7794,0.8132,0.0451,0.1553,874,True
ACH-000348,Irinotecan (hydrochloride),0.5,23406,0.8331,0.6997,-0.0084,-0.1743,1016,True
ACH-000348,Irinotecan (hydrochloride),5.0,21772,0.8653,0.7609,-0.017,-0.0999,1164,True
ACH-000348,Isocorydine,5.0,23594,0.8197,0.7038,0.0565,0.7615,214,True
ACH-000348,L-Thyroxine (sodium salt pentahydrate),5.0,21795,2.3131,0.6529,0.0328,-0.0388,172,True
ACH-000348,Larotrectinib,5.0,23184,0.8195,0.8432,0.1018,0.7349,127,True
ACH-000348,Lenalidomide (hemihydrate),5.0,22610,0.807,0.738,0.0796,0.8158,137,True
ACH-000348,Lidocaine (hydrochloride),5.0,22454,0.8313,0.8475,0.101,0.6482,519,True
ACH-000348,Lipoic acid,5.0,23676,0.8064,0.7047,0.0588,0.806,86,True
ACH-000348,Lumateperone (tosylate),5.0,23427,0.8229,0.6917,0.0646,0.7878,63,True
ACH-000348,Malotilate,0.05,22645,0.8122,0.7774,0.0327,-0.0999,2117,True
ACH-000348,Medroxyprogesterone acetate,5.0,22617,0.8416,0.7359,0.0925,0.5634,240,True
ACH-000348,Megestrol,5.0,23849,0.8047,0.7362,0.0535,0.7494,190,True
ACH-000348,Mitoxantrone (dihydrochloride),5.0,23454,0.824,1.0215,0.0807,0.6354,260,True
ACH-000348,Naproxen,0.05,20735,0.6875,0.8324,0.0052,-0.0098,151,True
ACH-000348,Naproxen,0.5,23633,0.7739,0.7155,-0.0068,-0.037,191,True
ACH-000348,Naproxen,5.0,21512,0.7245,0.7941,-0.0094,-0.3372,180,True
ACH-000348,Neratinib (maleate),5.0,23125,0.8257,0.7533,0.1047,0.7884,255,True
ACH-000348,Norepinephrine (hydrochloride),5.0,23047,0.8162,0.7718,0.0698,0.4956,144,True
ACH-000348,Olanzapine,5.0,23535,0.8206,0.7447,0.0796,0.6541,165,True
ACH-000348,Palmatine (chloride),5.0,23090,0.8042,0.7342,0.0385,0.8434,143,True
ACH-000348,Pasireotide (acetate),5.0,23700,0.8577,0.7165,0.098,0.7757,466,True
ACH-000348,Pentagastrin,5.0,23990,0.8286,0.6672,0.0551,0.7416,95,True
ACH-000348,Pentamidine (isethionate),0.5,22119,0.8081,0.7443,0.0528,-0.1084,233,True
ACH-000348,Pentamidine (isethionate),5.0,23596,0.814,0.7667,0.0617,0.8271,143,True
ACH-000348,Pralsetinib,0.05,23405,0.7917,0.7691,0.0142,-0.0577,904,True
ACH-000348,Pravastatin (sodium),0.05,20735,0.7354,0.8119,0.0518,0.2764,378,True
ACH-000348,Pravastatin (sodium),0.5,23046,0.786,0.6883,0.0272,0.0666,371,True
ACH-000348,Pravastatin (sodium),5.0,21742,0.8112,0.7793,-0.056,-0.441,636,True
ACH-000348,Pyridoxine,5.0,22973,0.8251,0.7592,0.0548,0.6919,184,True
ACH-000348,Pyridoxine (hydrochloride),5.0,23297,0.8282,0.6916,0.0759,0.6547,203,True
ACH-000348,Quinestrol,5.0,23806,0.8005,0.7364,0.0744,0.7416,168,True
ACH-000348,Radotinib,5.0,22851,0.8635,0.7849,0.1236,0.7548,668,True
ACH-000348,Raltitrexed,5.0,23773,0.836,0.6757,0.059,0.8614,128,True
ACH-000348,Rapamycin,5.0,23643,0.834,0.7931,0.071,0.7198,293,True
ACH-000348,Regorafenib,0.05,23661,0.7653,0.7646,-0.0164,-0.2305,517,True
ACH-000348,Regorafenib,0.5,23919,0.8096,0.6721,0.0057,-0.4341,295,True
ACH-000348,Regorafenib,5.0,20523,0.679,0.9691,0.0034,-0.2221,334,True
ACH-000348,Relugolix,5.0,23745,0.8265,0.6587,0.0527,0.7302,90,True
ACH-000348,Resveratrol,5.0,22660,0.8576,0.721,0.0785,0.5404,347,True
ACH-000348,Retinoic acid,5.0,24032,0.8234,0.744,0.0788,0.7652,237,True
ACH-000348,Riluzole hydrochloride,5.0,24024,0.8281,0.754,0.0879,0.7143,397,True
ACH-000348,Rimonabant,5.0,23527,0.8224,0.718,0.0538,0.8713,129,True
ACH-000348,Ritonavir,5.0,22821,0.8139,0.7714,0.0711,0.8044,169,True
ACH-000348,Ropivacaine (hydrochloride monohydrate),5.0,22991,0.8247,0.7315,0.0862,0.8257,206,True
ACH-000348,S-Adenosyl-L-methionine (disulfate tosylate),5.0,23494,0.829,0.7465,0.0955,0.901,210,True
ACH-000348,Salicylic acid,5.0,23468,0.7923,0.813,0.0578,0.7773,175,True
ACH-000348,Saquinavir,5.0,22164,0.8376,0.8253,0.1401,0.5657,173,True
ACH-000348,Selinexor ,5.0,22344,0.9917,0.8123,0.1944,0.7292,922,True
ACH-000348,Sinomenine,5.0,23204,0.817,0.7089,0.0644,0.8424,130,True
ACH-000348,Sodium Salicylate,5.0,24019,0.8085,0.7913,0.0646,0.6413,377,True
ACH-000348,Sonidegib,0.05,23026,2.5944,0.7477,0.0046,-0.0241,212,True
ACH-000348,Sulfisoxazole,0.5,22383,0.83,0.7758,0.058,0.1351,582,True
ACH-000348,Sulfisoxazole,5.0,23328,0.8364,0.7486,0.0764,0.7097,94,True
ACH-000348,Temsirolimus,5.0,23264,0.8163,0.7786,0.0896,0.8281,207,True
ACH-000348,Terfenadine,0.5,21760,0.8389,0.762,0.0774,-0.0656,631,True
ACH-000348,Terfenadine,5.0,23247,0.8329,0.7597,0.0591,0.7769,211,True
ACH-000348,Thymol,5.0,22762,0.8226,0.7274,0.0651,0.4518,219,True
ACH-000348,Tofacitinib,5.0,23134,0.8452,0.7632,0.0984,0.7041,218,True
ACH-000348,Tofacitinib (citrate),5.0,23499,0.8096,0.771,0.0582,0.5332,203,True
ACH-000348,Tolcapone,5.0,23591,0.8271,0.729,0.0709,0.8356,112,True
ACH-000348,Topotecan (hydrochloride),0.05,20806,0.7024,0.8324,-0.0114,-0.1115,406,True
ACH-000348,Topotecan (hydrochloride),0.5,23788,0.7608,0.8005,-0.0286,-0.4722,207,True
ACH-000348,Topotecan (hydrochloride),5.0,21152,0.7259,1.0411,-0.0114,-0.2018,358,True
ACH-000348,Trametinib,0.05,23594,0.7747,0.786,0.1092,0.5755,654,True
ACH-000348,Trametinib,0.5,24365,0.7912,0.8177,0.1211,0.4696,1038,True
ACH-000348,Trametinib,5.0,22218,0.7157,1.0197,0.1004,0.519,2354,True
ACH-000348,Triamcinolone,5.0,23705,0.8421,0.8048,0.1004,0.7548,451,True
ACH-000348,Triclosan,5.0,23518,0.8044,0.7484,0.0499,0.7851,154,True
ACH-000348,Trifluridine,5.0,22891,0.8076,0.7324,0.0586,0.778,82,True
ACH-000348,Trimetrexate,5.0,22969,0.8363,0.764,0.0772,0.6409,134,True
ACH-000348,Tucidinostat,5.0,24282,0.917,1.1873,0.3056,0.8342,819,True
ACH-000348,Vilanterol,5.0,22974,0.8162,0.7562,0.0795,0.8303,78,True
ACH-000348,Vinblastine (sulfate),5.0,23121,0.8321,0.8432,0.1118,0.8343,347,True
ACH-000348,c-Kit-IN-1,0.05,22351,2.5581,0.8908,0.0416,-0.0044,157,True
ACH-000348,olaparib,0.05,22906,2.7211,0.7528,0.052,0.0838,108,True
ACH-000389,(R)-Verapamil (hydrochloride),5.0,22047,0.8034,0.7785,0.0673,,49,True
ACH-000389,18β-Glycyrrhetinic acid,5.0,21314,0.8275,0.9017,0.085,0.718,110,True
ACH-000389,8-Hydroxyquinoline,5.0,21833,0.837,0.7285,0.0823,0.7293,127,True
ACH-000389,Abemaciclib,0.05,21180,2.7293,0.7339,-0.0008,0.1309,123,True
ACH-000389,Acetohexamide,5.0,21843,0.8013,0.8189,0.0214,0.4533,107,True
ACH-000389,Adagrasib,0.05,31004,0.4771,0.544,0.1027,0.8111,848,True
ACH-000389,Adenine,5.0,21772,0.8362,0.7103,0.0815,0.7886,115,True
ACH-000389,Adenosine,5.0,21946,0.8068,0.8337,0.0739,0.7821,73,True
ACH-000389,Afatinib,0.05,22162,0.6703,0.7965,0.0354,-0.0281,313,False
ACH-000389,Afatinib,0.5,25211,0.638,0.7569,0.0198,-0.1673,305,False
ACH-000389,Afatinib,5.0,21456,0.6149,0.9756,-0.0152,0.3596,325,False
ACH-000389,Aliskiren,5.0,21886,0.8104,0.7573,0.0487,,40,True
ACH-000389,Allantoin,5.0,21631,0.8517,0.7821,0.0641,0.5699,280,True
ACH-000389,Almonertinib (hydrochloride),5.0,21103,0.8598,0.8125,0.1225,0.5044,390,True
ACH-000389,Almonertinib (mesylate),0.05,20151,0.7345,0.8458,0.0267,0.5191,105,True
ACH-000389,Almonertinib (mesylate),0.5,23528,0.8048,0.7007,0.0111,0.5366,173,True
ACH-000389,Almonertinib (mesylate),5.0,21039,0.8983,0.7531,-0.0272,-0.0762,359,True
ACH-000389,Amsacrine,5.0,21427,0.8376,0.9247,0.093,0.5404,148,True
ACH-000389,Anethole trithione,5.0,21946,0.8532,0.7419,0.0982,0.7315,252,True
ACH-000389,Artesunate,5.0,21816,0.8606,0.7677,0.1113,0.8109,440,True
ACH-000389,Azithromycin (hydrate),5.0,21414,0.8287,0.8177,0.0852,0.6877,139,True
ACH-000389,Baicalin,5.0,22071,0.8284,0.7368,0.0731,0.7146,95,True
ACH-000389,Balsalazide (sodium hydrate),5.0,22549,0.8224,0.7362,0.061,,40,True
ACH-000389,Belumosudil,0.05,20538,0.726,0.8381,0.0119,0.4795,112,True
ACH-000389,Belumosudil,0.5,23067,0.7833,0.7308,0.0023,0.4594,160,True
ACH-000389,Belumosudil,5.0,20507,0.7994,0.8624,0.0293,-0.2296,352,True
ACH-000389,Berbamine,0.5,21556,0.7666,0.7979,-0.0296,-0.3086,468,True
ACH-000389,Berbamine,5.0,21794,0.8175,0.7387,0.0586,0.8026,82,True
ACH-000389,Berbamine (dihydrochloride),0.05,20576,0.715,0.8524,0.0334,0.7301,148,True
ACH-000389,Berbamine (dihydrochloride),0.5,22754,0.807,0.6864,0.0155,0.3069,167,True
ACH-000389,Berbamine (dihydrochloride),5.0,20738,0.901,0.7802,0.0174,0.0698,381,True
ACH-000389,Berberine (chloride hydrate),5.0,22425,0.8372,0.7087,0.0398,0.6584,68,True
ACH-000389,Bergenin,5.0,21691,0.8324,0.7667,0.0703,0.579,95,True
ACH-000389,Bimatoprost,5.0,22101,0.8138,0.8241,0.0508,0.4263,240,True
ACH-000389,Binimetinib,0.05,22566,0.8625,0.6933,0.0587,0.5744,588,True
ACH-000389,Binimetinib,0.5,23598,0.7481,0.8568,0.0459,0.324,639,True
ACH-000389,Binimetinib,5.0,18516,0.597,1.0522,0.109,0.4734,1826,True
ACH-000389,Busulfan,5.0,21350,0.8494,0.7807,0.0892,0.4482,240,True
ACH-000389,Captopril,0.05,21516,0.7497,0.8101,0.0652,-0.1714,369,True
ACH-000389,Cepharanthine,5.0,21385,0.8286,0.9543,0.0639,0.7817,192,True
ACH-000389,Chlorhexidine (diacetate),0.5,21810,0.769,0.781,-0.01,-0.2057,370,True
ACH-000389,Chlorhexidine (diacetate),5.0,21986,0.8336,0.8118,0.0983,0.8715,170,True
ACH-000389,Ciclopirox,5.0,21044,0.8317,0.8794,0.1203,0.5924,198,True
ACH-000389,Clonidine (hydrochloride),5.0,22674,0.8462,0.6935,0.0726,0.7609,115,True
ACH-000389,Clotrimazole,5.0,22063,0.8039,0.8112,0.0563,0.8291,59,True
ACH-000389,Cloxacillin (sodium),5.0,21822,0.8286,0.7231,0.0499,0.7555,89,True
ACH-000389,Cysteamine (hydrochloride),5.0,22236,0.8141,0.7341,0.046,0.6094,96,True
ACH-000389,Cytarabine,0.05,21308,0.7406,0.8515,0.0549,0.1998,193,True
ACH-000389,Cytarabine,0.5,22625,0.7947,0.7242,0.0097,0.0931,145,True
ACH-000389,Cytarabine,5.0,21237,0.7383,0.8699,0.0152,0.4947,77,True
ACH-000389,DTP3,0.05,21251,2.5982,0.7682,0.0084,0.116,91,True
ACH-000389,Daidzin,0.05,20791,0.767,0.836,0.0024,-0.0318,217,True
ACH-000389,Daidzin,0.5,22529,0.8034,0.6549,0.0092,0.0783,260,True
ACH-000389,Daidzin,5.0,21233,0.8862,0.7512,0.0189,0.1299,306,True
ACH-000389,Darinaparsin,5.0,21516,0.8217,0.9041,0.0722,0.6529,160,True
ACH-000389,Demeclocycline,5.0,21706,0.8106,0.7839,0.0276,0.4081,80,True
ACH-000389,Diammonium Glycyrrhizinate,5.0,21848,0.8291,0.7702,0.058,0.7688,77,True
ACH-000389,Docetaxel,5.0,22214,0.802,0.8408,0.0566,0.7168,395,True
ACH-000389,Elagolix sodium,5.0,21257,0.8507,0.7747,0.1089,0.6162,260,True
ACH-000389,Flumatinib (mesylate),0.05,20378,0.699,0.8489,0.011,0.4442,204,True
ACH-000389,Flumatinib (mesylate),0.5,22703,0.7806,0.7731,0.049,0.6096,434,True
ACH-000389,Flumatinib (mesylate),5.0,20865,0.7563,0.8062,0.0033,-0.439,175,True
ACH-000389,Fluvoxamine (maleate),5.0,21713,0.8176,0.7832,0.0783,0.7581,57,True
ACH-000389,Folic acid,5.0,21647,0.8456,0.6983,0.0533,0.6416,98,True
ACH-000389,Fumaric acid,0.05,20609,0.7418,0.8669,0.0137,0.0975,139,True
ACH-000389,Fumaric acid,0.5,22799,0.8154,0.7428,-0.0046,0.461,212,True
ACH-000389,Fumaric acid,5.0,21655,0.8116,0.8188,-0.049,-0.1608,318,True
ACH-000389,Furosemide,5.0,21903,0.7878,0.7725,0.0434,0.8388,52,True
ACH-000389,Fusidic acid,5.0,21877,0.8187,0.738,0.065,,34,True
ACH-000389,Gallic acid,5.0,21922,0.835,0.7245,0.0798,0.6736,142,True
ACH-000389,Gallic acid (hydrate),5.0,21660,0.8275,0.8129,0.0895,0.6443,112,True
ACH-000389,Gemfibrozil,5.0,21649,0.8231,0.7939,0.0556,0.8043,164,True
ACH-000389,Goserelin (acetate),5.0,22064,0.8505,0.7302,0.0722,0.7781,168,True
ACH-000389,Hexylresorcinol,5.0,22624,0.8412,0.7588,0.0789,0.7709,190,True
ACH-000389,Homoharringtonine,5.0,20678,1.361,1.4658,0.6266,0.8462,3450,True
ACH-000389,Hydroxyfasudil,0.05,21279,2.3586,0.7387,-0.0138,-0.0351,203,True
ACH-000389,Idarubicin (hydrochloride),5.0,21491,1.3104,1.4544,0.5641,0.8045,3047,True
ACH-000389,Irinotecan (hydrochloride),0.05,19957,0.8372,0.8361,0.0241,0.1226,1168,True
ACH-000389,Irinotecan (hydrochloride),0.5,22667,0.8893,0.7198,-0.0156,-0.0569,1290,True
ACH-000389,Irinotecan (hydrochloride),5.0,20682,0.9365,0.8156,0.0027,-0.0231,1403,True
ACH-000389,Isocorydine,5.0,22120,0.8425,0.7343,0.0678,0.7413,146,True
ACH-000389,L-Thyroxine (sodium salt pentahydrate),5.0,20505,2.0487,0.7168,0.0449,0.1014,214,True
ACH-000389,Larotrectinib,5.0,21537,0.8155,0.9269,0.0763,0.7787,58,True
ACH-000389,Lenalidomide (hemihydrate),5.0,21203,0.8234,0.8113,0.0854,0.5978,93,True
ACH-000389,Lidocaine (hydrochloride),5.0,21265,0.8464,0.9826,0.0868,0.5632,355,True
ACH-000389,Lipoic acid,5.0,21900,0.8094,0.7461,0.0598,0.7579,69,True
ACH-000389,Lumateperone (tosylate),5.0,22101,0.8164,0.7237,0.0531,0.7277,65,True
ACH-000389,Malotilate,0.05,21919,0.8352,0.8036,0.0653,0.0775,2296,True
ACH-000389,Medroxyprogesterone acetate,5.0,21294,0.8487,0.8352,0.1026,0.5317,242,True
ACH-000389,Megestrol,5.0,22232,0.8121,0.7922,0.0498,0.6273,169,True
ACH-000389,Methylprednisolone succinate,0.05,20982,2.4941,0.7419,-0.0145,0.1013,68,True
ACH-000389,Mitoxantrone (dihydrochloride),5.0,21821,0.8036,1.0526,0.0141,0.3295,206,True
ACH-000389,Naproxen,0.05,19660,0.6975,0.8612,0.0081,0.0136,70,True
ACH-000389,Naproxen,0.5,22698,0.7799,0.7288,-0.0055,-0.1922,135,True
ACH-000389,Naproxen,5.0,20735,0.7374,0.8002,-0.0032,-0.5435,57,True
ACH-000389,Neratinib (maleate),5.0,21687,0.8599,0.8018,0.1257,0.7075,265,True
ACH-000389,Norepinephrine (hydrochloride),5.0,21527,0.8254,0.864,0.0401,0.5681,97,True
ACH-000389,Olanzapine,5.0,21876,0.8186,0.7896,0.065,0.8112,111,True
ACH-000389,PF-06260933,0.05,21116,2.3542,0.7136,-0.0381,0.0783,140,True
ACH-000389,Palmatine (chloride),5.0,21642,0.8167,0.7905,0.0656,0.8246,105,True
ACH-000389,Pasireotide (acetate),5.0,21990,0.8468,0.7498,0.0835,0.7035,155,True
ACH-000389,Pentagastrin,5.0,22426,0.841,0.7014,0.0501,0.7982,64,True
ACH-000389,Pentamidine (isethionate),0.5,20882,0.8212,0.7859,0.0273,-0.1859,245,True
ACH-000389,Pentamidine (isethionate),5.0,21889,0.8206,0.8344,0.0721,0.7231,243,True
ACH-000389,Pralsetinib,0.05,21875,0.8299,0.7744,0.0091,0.0627,516,True
ACH-000389,Pravastatin (sodium),0.05,19964,0.7297,0.8441,0.0311,0.0901,203,True
ACH-000389,Pravastatin (sodium),0.5,22152,0.7988,0.7096,0.0095,0.1716,277,True
ACH-000389,Pravastatin (sodium),5.0,21066,0.8356,0.7844,-0.0357,-0.3652,440,True
ACH-000389,Pyridoxine,5.0,21619,0.8281,0.8114,0.0423,0.7016,127,True
ACH-000389,Pyridoxine (hydrochloride),5.0,21752,0.8481,0.7194,0.0805,0.6796,178,True
ACH-000389,Quinestrol,5.0,22141,0.8143,0.7808,0.0839,0.7899,88,True
ACH-000389,Radotinib,5.0,21460,0.8479,0.8031,0.0923,0.6189,252,True
ACH-000389,Ralimetinib dimesylate,0.05,20991,2.5402,0.7357,0.0209,0.1512,55,True
ACH-000389,Raltitrexed,5.0,22397,0.8401,0.7014,0.0731,0.6689,117,True
ACH-000389,Rapamycin,5.0,21785,0.853,0.8272,0.0897,0.6153,255,True
ACH-000389,Regorafenib,0.05,22084,0.8078,0.7379,-0.0119,-0.301,258,True
ACH-000389,Regorafenib,0.5,22435,0.8106,0.6957,0.0039,-0.4188,150,True
ACH-000389,Regorafenib,5.0,18580,0.6572,1.025,-0.026,-0.1572,144,True
ACH-000389,Relugolix,5.0,22000,0.8267,0.6942,0.038,0.6856,54,True
ACH-000389,Resveratrol,5.0,21224,0.8614,0.7708,0.0938,0.5404,253,True
ACH-000389,Retinoic acid,5.0,21937,0.8245,0.7707,0.0818,0.7435,152,True
ACH-000389,Riluzole hydrochloride,5.0,22264,0.8294,0.7979,0.0854,0.7662,240,True
ACH-000389,Rimonabant,5.0,21796,0.834,0.7468,0.0765,0.8379,96,True
ACH-000389,Ritonavir,5.0,21452,0.8118,0.8002,0.0812,0.6797,74,True
ACH-000389,Ropivacaine (hydrochloride monohydrate),5.0,21420,0.8281,0.7661,0.1005,0.7117,205,True
ACH-000389,S-Adenosyl-L-methionine (disulfate tosylate),5.0,21952,0.8316,0.7787,0.0857,0.8314,154,True
ACH-000389,Salicylic acid,5.0,21873,0.7935,0.881,0.0564,0.7833,112,True
ACH-000389,Saquinavir,5.0,20828,0.8543,0.9211,0.1467,0.5736,158,True
ACH-000389,Selinexor ,5.0,20863,1.0526,0.8823,0.2542,0.7513,732,True
ACH-000389,Sinomenine,5.0,21616,0.825,0.7646,0.0822,0.5102,163,True
ACH-000389,Sodium Salicylate,5.0,22124,0.8127,0.8302,0.0629,0.7621,102,True
ACH-000389,Sonidegib,0.05,21277,2.298,0.7632,0.0062,0.083,163,True
ACH-000389,Sulfisoxazole,0.5,20801,0.8131,0.8172,0.0684,0.3303,356,True
ACH-000389,Sulfisoxazole,5.0,21662,0.8286,0.799,0.092,,46,True
ACH-000389,Temsirolimus,5.0,21571,0.8182,0.8597,0.0743,0.746,123,True
ACH-000389,Terfenadine,0.5,20411,0.8407,0.806,0.0807,0.1629,398,True
ACH-000389,Terfenadine,5.0,21473,0.8276,0.7943,0.0925,0.5996,203,True
ACH-000389,Thymol,5.0,21456,0.8248,0.7888,0.0437,0.5241,177,True
ACH-000389,Tofacitinib,5.0,21592,0.8255,0.7833,0.0935,0.7789,99,True
ACH-000389,Tofacitinib (citrate),5.0,21806,0.8221,0.8142,0.0849,0.7079,211,True
ACH-000389,Tolcapone,5.0,21996,0.8228,0.7846,0.0622,0.6711,69,True
ACH-000389,Topotecan (hydrochloride),0.05,19567,0.7047,0.896,0.0191,0.128,203,True
ACH-000389,Topotecan (hydrochloride),0.5,22381,0.7582,0.8241,-0.0307,-0.3338,101,True
ACH-000389,Topotecan (hydrochloride),5.0,20389,0.746,1.1415,-0.0008,-0.1104,204,True
ACH-000389,Trametinib,0.05,22220,0.8336,0.7769,0.1154,0.5836,505,True
ACH-000389,Trametinib,0.5,23321,0.8058,0.9136,0.1395,0.5869,1399,True
ACH-000389,Trametinib,5.0,19456,0.6817,1.1343,0.1569,0.5698,2305,True
ACH-000389,Triamcinolone,5.0,21588,0.8636,0.9366,0.1954,0.8413,429,True
ACH-000389,Triclosan,5.0,21887,0.8137,0.8047,0.0667,0.7522,136,True
ACH-000389,Trifluridine,5.0,21367,0.8156,0.787,0.0823,0.5513,53,True
ACH-000389,Trimetrexate,5.0,21445,0.8131,0.8378,0.0823,0.7474,58,True
ACH-000389,Tucidinostat,5.0,22134,0.8409,1.0521,0.1701,0.7917,252,True
ACH-000389,Vilanterol,5.0,21443,0.8315,0.8219,0.0882,0.739,150,True
ACH-000389,Vinblastine (sulfate),5.0,21367,0.8496,0.9588,0.1446,0.7884,255,True
ACH-000389,c-Kit-IN-1,0.05,20969,2.1408,0.9423,0.0049,0.1142,226,True
ACH-000389,olaparib,0.05,21172,3.0526,0.7815,0.038,-0.0042,3201,True
ACH-000396,(R)-Verapamil (hydrochloride),5.0,26060,0.7644,0.6843,0.0549,0.674,448,True
ACH-000396,18β-Glycyrrhetinic acid,5.0,25427,0.7688,0.7328,0.0783,0.6286,618,True
ACH-000396,8-Hydroxyquinoline,5.0,25915,0.7747,0.6725,0.1078,0.7857,671,True
ACH-000396,Acetohexamide,5.0,25776,0.7626,0.7087,0.0675,0.4774,527,True
ACH-000396,Adagrasib,0.05,34409,0.4477,0.5023,0.1218,0.7283,3939,True
ACH-000396,Adenine,5.0,25753,0.7707,0.6344,0.0781,0.7118,641,True
ACH-000396,Adenosine,5.0,25953,0.7517,0.7645,0.0598,0.6685,887,True
ACH-000396,Afatinib,0.05,24901,0.5948,0.7697,0.0372,0.0331,1595,False
ACH-000396,Afatinib,0.5,28302,0.6157,0.7051,0.0128,-0.1715,1178,False
ACH-000396,Afatinib,5.0,25579,0.6342,0.8529,0.0121,0.2671,923,False
ACH-000396,Aliskiren,5.0,26009,0.7621,0.6787,0.0624,0.4761,529,True
ACH-000396,Allantoin,5.0,25540,0.8001,0.7006,0.1212,0.6624,1350,True
ACH-000396,Almonertinib (hydrochloride),5.0,25276,0.7805,0.7028,0.0901,0.5673,918,True
ACH-000396,Almonertinib (mesylate),0.05,22682,0.7007,0.7719,0.0065,0.1796,515,True
ACH-000396,Almonertinib (mesylate),0.5,25543,0.7607,0.6963,-0.0044,0.2641,960,True
ACH-000396,Almonertinib (mesylate),5.0,23321,0.8054,0.7122,-0.0274,-0.0426,596,True
ACH-000396,Amsacrine,5.0,26193,0.8085,0.8288,0.1425,0.7385,1619,True
ACH-000396,Anethole trithione,5.0,26008,0.7941,0.689,0.115,0.7944,993,True
ACH-000396,Artesunate,5.0,25670,0.8036,0.6917,0.1444,0.7789,1332,True
ACH-000396,Azithromycin (hydrate),5.0,25638,0.7802,0.7114,0.0863,0.6367,922,True
ACH-000396,Baicalin,5.0,26298,0.7922,0.6623,0.1032,0.7519,549,True
ACH-000396,Balsalazide (sodium hydrate),5.0,26632,0.7809,0.6601,0.0685,0.6039,538,True
ACH-000396,Belumosudil,0.05,23336,0.7146,0.7735,0.0309,0.4234,758,True
ACH-000396,Belumosudil,0.5,25184,0.7533,0.6917,0.027,0.0535,812,True
ACH-000396,Belumosudil,5.0,22551,0.7448,0.834,0.0583,-0.0103,914,True
ACH-000396,Berbamine,0.5,25507,0.7799,0.6736,-0.0443,-0.4808,1602,True
ACH-000396,Berbamine,5.0,25555,0.7551,0.6614,0.0531,0.7547,338,True
ACH-000396,Berbamine (dihydrochloride),0.05,23276,0.6937,0.786,0.0256,0.5148,1090,True
ACH-000396,Berbamine (dihydrochloride),0.5,25260,0.7838,0.658,-0.0127,0.0911,1062,True
ACH-000396,Berbamine (dihydrochloride),5.0,22913,0.8126,0.752,0.0323,0.1108,769,True
ACH-000396,Berberine (chloride hydrate),5.0,26199,0.7917,0.6411,0.0722,0.5949,589,True
ACH-000396,Bergenin,5.0,25694,0.7722,0.6599,0.061,0.5481,677,True
ACH-000396,Bimatoprost,5.0,26163,0.7713,0.7201,0.0895,0.6683,647,True
ACH-000396,Binimetinib,0.05,25649,0.7503,0.7143,0.0713,0.49,1724,True
ACH-000396,Binimetinib,0.5,25893,0.7724,0.8019,0.0567,0.2941,1069,True
ACH-000396,Binimetinib,5.0,23977,0.6616,0.8594,0.0845,0.5094,3148,True
ACH-000396,Busulfan,5.0,25002,0.7978,0.6701,0.1137,0.5897,914,True
ACH-000396,Captopril,0.05,23819,0.735,0.7617,0.0608,-0.0157,861,True
ACH-000396,Cepharanthine,5.0,25464,0.7725,0.8331,0.0937,0.6996,872,True
ACH-000396,Chlorhexidine (diacetate),0.5,25293,0.7968,0.6816,-0.0051,-0.2482,1642,True
ACH-000396,Chlorhexidine (diacetate),5.0,25958,0.7661,0.6727,0.0793,0.7623,457,True
ACH-000396,Ciclopirox,5.0,25037,0.7644,0.7198,0.1278,0.6419,592,True
ACH-000396,Clonidine (hydrochloride),5.0,26562,0.7827,0.647,0.086,0.7677,632,True
ACH-000396,Clotrimazole,5.0,26137,0.7718,0.7061,0.0891,0.615,726,True
ACH-000396,Cloxacillin (sodium),5.0,26021,0.7648,0.6366,0.0678,0.733,447,True
ACH-000396,Cysteamine (hydrochloride),5.0,25760,0.7701,0.6334,0.0552,0.5678,504,True
ACH-000396,Cytarabine,0.05,24090,0.7555,0.7736,0.0224,0.3741,1122,True
ACH-000396,Cytarabine,0.5,24716,0.7689,0.6661,0.0131,-0.0463,692,True
ACH-000396,Cytarabine,5.0,23275,0.6929,0.8365,0.0301,0.3889,701,True
ACH-000396,DTP3,0.05,24307,3.4297,0.7591,0.0089,-0.0085,8463,True
ACH-000396,Daidzin,0.05,23439,0.7387,0.7805,0.004,0.0441,1028,True
ACH-000396,Daidzin,0.5,24863,0.7762,0.6499,0.0127,-0.1361,729,True
ACH-000396,Daidzin,5.0,23106,0.8249,0.7218,0.0087,0.2177,816,True
ACH-000396,Darinaparsin,5.0,25745,0.7794,0.748,0.0877,0.6933,1066,True
ACH-000396,Demeclocycline,5.0,25825,0.77,0.6909,0.0467,0.5349,578,True
ACH-000396,Diammonium Glycyrrhizinate,5.0,25456,0.7714,0.6766,0.0952,0.6269,645,True
ACH-000396,Docetaxel,5.0,26660,0.7677,0.7742,0.0823,0.732,1328,True
ACH-000396,Elagolix sodium,5.0,25181,0.7808,0.6782,0.1007,0.6415,1096,True
ACH-000396,Flumatinib (mesylate),0.05,23060,0.7052,0.7878,0.003,0.2869,1112,True
ACH-000396,Flumatinib (mesylate),0.5,24831,0.7491,0.7444,0.0106,0.2289,1223,True
ACH-000396,Flumatinib (mesylate),5.0,22984,0.7132,0.7857,0.0018,-0.271,732,True
ACH-000396,Fluvoxamine (maleate),5.0,25556,0.7587,0.7285,0.0904,0.7534,413,True
ACH-000396,Folic acid,5.0,25516,0.7697,0.6242,0.0559,0.6217,370,True
ACH-000396,Fumaric acid,0.05,23277,0.7324,0.805,-0.0001,0.2188,934,True
ACH-000396,Fumaric acid,0.5,25132,0.765,0.7261,0.0181,0.1807,803,True
ACH-000396,Fumaric acid,5.0,23767,0.7635,0.7968,-0.0205,-0.2675,900,True
ACH-000396,Furosemide,5.0,25977,0.7526,0.6833,0.0584,0.6838,450,True
ACH-000396,Fusidic acid,5.0,25751,0.7654,0.6595,0.0806,0.777,424,True
ACH-000396,Gallic acid,5.0,25869,0.7791,0.6455,0.0712,0.7123,635,True
ACH-000396,Gallic acid (hydrate),5.0,25570,0.7802,0.696,0.0964,0.6424,885,True
ACH-000396,Gemfibrozil,5.0,25938,0.794,0.7045,0.0783,0.674,1118,True
ACH-000396,Goserelin (acetate),5.0,26217,0.7787,0.6436,0.0879,0.7855,583,True
ACH-000396,Hexylresorcinol,5.0,26780,0.7827,0.6702,0.0849,0.7658,877,True
ACH-000396,Homoharringtonine,5.0,26552,1.3948,1.543,0.6532,0.8955,9822,True
ACH-000396,Hydroxyfasudil,0.05,24215,2.3555,0.7412,0.0126,0.0029,406,True
ACH-000396,Idarubicin (hydrochloride),5.0,27056,1.336,1.463,0.6162,0.8608,7829,True
ACH-000396,Irinotecan (hydrochloride),0.05,22524,0.7581,0.7556,0.0384,0.0553,1829,True
ACH-000396,Irinotecan (hydrochloride),0.5,24714,0.8358,0.7143,-0.011,-0.0955,2541,True
ACH-000396,Irinotecan (hydrochloride),5.0,23368,0.8367,0.7501,-0.0446,-0.16,2435,True
ACH-000396,Isocorydine,5.0,25729,0.7731,0.673,0.0679,0.65,635,True
ACH-000396,L-Thyroxine (sodium salt pentahydrate),5.0,24264,3.3135,0.6229,-0.0142,,48,True
ACH-000396,Larotrectinib,5.0,25755,0.7692,0.7712,0.0971,0.5809,566,True
ACH-000396,Lenalidomide (hemihydrate),5.0,25279,0.7582,0.6755,0.1066,0.7329,494,True
ACH-000396,Lidocaine (hydrochloride),5.0,25177,0.7838,0.7745,0.1253,0.6416,1640,True
ACH-000396,Lipoic acid,5.0,26291,0.7704,0.6519,0.0589,0.6086,574,True
ACH-000396,Lumateperone (tosylate),5.0,25892,0.766,0.6414,0.082,0.707,421,True
ACH-000396,Malotilate,0.05,24210,0.7893,0.7575,0.014,-0.0403,3842,True
ACH-000396,Medroxyprogesterone acetate,5.0,25195,0.7782,0.6912,0.1052,0.5678,925,True
ACH-000396,Megestrol,5.0,26289,0.751,0.6953,0.0429,0.6802,476,True
ACH-000396,Methylprednisolone succinate,0.05,24055,3.2791,0.739,-0.0069,-0.011,7061,True
ACH-000396,Mitoxantrone (dihydrochloride),5.0,26108,0.7792,1.0959,0.0698,0.4182,983,True
ACH-000396,Naproxen,0.05,22593,0.6789,0.7734,0.0153,0.082,500,True
ACH-000396,Naproxen,0.5,24919,0.7364,0.6969,-0.0165,-0.2613,540,True
ACH-000396,Naproxen,5.0,22905,0.7156,0.7568,-0.0006,-0.4097,510,True
ACH-000396,Neratinib (maleate),5.0,25724,0.7788,0.7072,0.1019,0.683,847,True
ACH-000396,Norepinephrine (hydrochloride),5.0,25449,0.7644,0.712,0.0787,0.6593,604,True
ACH-000396,Olanzapine,5.0,25801,0.774,0.6971,0.1111,0.7925,621,True
ACH-000396,PF-06260933,0.05,24158,3.452,0.7202,-0.0198,-0.0181,8267,True
ACH-000396,Palmatine (chloride),5.0,25607,0.7603,0.703,0.08,0.7241,485,True
ACH-000396,Pasireotide (acetate),5.0,26108,0.7986,0.6587,0.0844,0.6465,961,True
ACH-000396,Pentagastrin,5.0,26425,0.788,0.6327,0.068,0.6381,493,True
ACH-000396,Pentamidine (isethionate),0.5,24447,0.7998,0.6689,0.0404,-0.0847,726,True
ACH-000396,Pentamidine (isethionate),5.0,26003,0.7682,0.7506,0.0773,0.6975,800,True
ACH-000396,Pralsetinib,0.05,25091,0.7324,0.7451,0.0026,-0.0308,1506,True
ACH-000396,Pravastatin (sodium),0.05,22444,0.703,0.7565,0.04,0.319,727,True
ACH-000396,Pravastatin (sodium),0.5,24404,0.7576,0.677,0.0192,0.0289,775,True
ACH-000396,Pravastatin (sodium),5.0,23201,0.789,0.7522,-0.0483,-0.2928,1029,True
ACH-000396,Pyridoxine,5.0,25429,0.7838,0.7118,0.0831,0.6504,764,True
ACH-000396,Pyridoxine (hydrochloride),5.0,25723,0.7836,0.6302,0.0659,0.7114,603,True
ACH-000396,Quinestrol,5.0,26160,0.7675,0.6925,0.0941,0.7104,658,True
ACH-000396,Radotinib,5.0,25245,0.7929,0.7031,0.1414,0.7209,1234,True
ACH-000396,Raltitrexed,5.0,26288,0.7706,0.6521,0.0622,0.7948,454,True
ACH-000396,Rapamycin,5.0,25812,0.7864,0.7141,0.0944,0.6231,946,True
ACH-000396,Regorafenib,0.05,24902,0.7271,0.7382,-0.022,-0.1262,883,True
ACH-000396,Regorafenib,0.5,25212,0.7787,0.6317,-0.0045,-0.3605,632,True
ACH-000396,Regorafenib,5.0,23198,0.7178,0.8162,0.0188,-0.3287,734,True
ACH-000396,Relugolix,5.0,26191,0.7738,0.6215,0.0428,0.6905,360,True
ACH-000396,Resveratrol,5.0,25194,0.7996,0.6634,0.0895,0.5905,1170,True
ACH-000396,Retinoic acid,5.0,26303,0.7857,0.6896,0.0905,0.6382,839,True
ACH-000396,Riluzole hydrochloride,5.0,25823,0.8033,0.6996,0.1183,0.6732,1449,True
ACH-000396,Rimonabant,5.0,26050,0.7808,0.6731,0.099,0.7521,647,True
ACH-000396,Ritonavir,5.0,25656,0.7633,0.7078,0.0957,0.7514,561,True
ACH-000396,Ropivacaine (hydrochloride monohydrate),5.0,25542,0.7712,0.6921,0.1076,0.7307,953,True
ACH-000396,S-Adenosyl-L-methionine (disulfate tosylate),5.0,25610,0.7795,0.749,0.1201,0.8519,754,True
ACH-000396,Salicylic acid,5.0,26163,0.7469,0.7898,0.0426,0.6817,648,True
ACH-000396,Saquinavir,5.0,24824,0.7775,0.7572,0.1492,0.5326,654,True
ACH-000396,Selinexor ,5.0,24762,1.2675,0.8905,0.3029,0.6621,2164,True
ACH-000396,Sinomenine,5.0,25689,0.7623,0.6554,0.0742,0.7036,513,True
ACH-000396,Sodium Salicylate,5.0,26442,0.7762,0.7341,0.0855,0.6024,1459,True
ACH-000396,Sonidegib,0.05,24377,3.3653,0.7438,0.0291,-0.0205,8119,True
ACH-000396,Sulfisoxazole,0.5,24613,0.8213,0.6929,0.0628,0.1573,1227,True
ACH-000396,Sulfisoxazole,5.0,25959,0.7851,0.707,0.0911,0.6747,499,True
ACH-000396,Temsirolimus,5.0,25671,0.7609,0.7309,0.099,0.7445,701,True
ACH-000396,Terfenadine,0.5,23797,0.7999,0.7309,0.0923,-0.1616,965,True
ACH-000396,Terfenadine,5.0,25310,0.7728,0.7608,0.1075,0.6223,760,True
ACH-000396,Thymol,5.0,25236,0.7668,0.6751,0.0882,0.5501,997,True
ACH-000396,Tofacitinib,5.0,25740,0.7994,0.6984,0.1175,0.7082,808,True
ACH-000396,Tofacitinib (citrate),5.0,25939,0.7779,0.7061,0.0944,0.6267,869,True
ACH-000396,Tolcapone,5.0,25739,0.7601,0.7085,0.085,0.7195,456,True
ACH-000396,Topotecan (hydrochloride),0.05,22318,0.6949,0.7988,0.0112,0.0857,1046,True
ACH-000396,Topotecan (hydrochloride),0.5,25161,0.7565,0.8398,-0.0202,-0.4869,877,True
ACH-000396,Topotecan (hydrochloride),5.0,22508,0.7123,1.0317,-0.0099,-0.2356,910,True
ACH-000396,Trametinib,0.05,24999,0.759,0.7574,0.1383,0.3543,1671,True
ACH-000396,Trametinib,0.5,25593,0.7882,0.7913,0.1148,0.5902,1865,True
ACH-000396,Trametinib,5.0,25593,0.7505,0.9266,0.1095,0.5434,4275,True
ACH-000396,Triamcinolone,5.0,25860,0.8023,0.7503,0.1237,0.7117,1321,True
ACH-000396,Triclosan,5.0,26177,0.7653,0.6971,0.0815,0.6796,682,True
ACH-000396,Trifluridine,5.0,25516,0.7532,0.6902,0.0802,0.6758,398,True
ACH-000396,Trimetrexate,5.0,25342,0.7663,0.716,0.1038,0.6205,669,True
ACH-000396,Tucidinostat,5.0,26647,0.8381,1.0096,0.2583,0.8247,2087,True
ACH-000396,Vilanterol,5.0,25466,0.7686,0.7234,0.0873,0.6933,611,True
ACH-000396,Vinblastine (sulfate),5.0,25503,0.7834,0.7783,0.1239,0.6432,758,True
ACH-000396,c-Kit-IN-1,0.05,23741,3.2182,0.8382,0.0279,0.0341,6652,True
ACH-000396,olaparib,0.05,24111,3.3317,0.7486,0.0593,0.0035,7526,True
ACH-000437,(R)-Verapamil (hydrochloride),5.0,15414,0.9412,0.9406,0.0134,,0,True
ACH-000437,18β-Glycyrrhetinic acid,5.0,14630,0.9804,1.0993,0.0861,,43,True
ACH-000437,8-Hydroxyquinoline,5.0,15449,0.9822,0.9182,0.0379,,10,True
ACH-000437,Abemaciclib,0.05,12110,1.5534,1.2072,0.0439,,30,True
ACH-000437,Acetohexamide,5.0,15453,0.9194,0.9749,0.0068,,4,True
ACH-000437,Adagrasib,0.05,21160,0.5643,0.664,0.0578,,38,True
ACH-000437,Adenine,5.0,15274,0.9805,0.8961,0.0334,,6,True
ACH-000437,Adenosine,5.0,15062,0.9261,1.0272,0.0298,,1,True
ACH-000437,Afatinib,0.05,12415,0.8502,1.1787,0.0184,,43,False
ACH-000437,Afatinib,0.5,15305,0.9658,0.7175,-0.0012,,3,False
ACH-000437,Afatinib,5.0,13718,0.9435,1.0544,0.0076,,3,False
ACH-000437,Aliskiren,5.0,15067,0.9725,0.9524,0.0396,,5,True
ACH-000437,Allantoin,5.0,15246,0.9908,0.947,0.0447,,40,True
ACH-000437,Almonertinib (hydrochloride),5.0,14437,1.051,0.9836,0.1292,0.277,91,True
ACH-000437,Almonertinib (mesylate),0.05,10108,1.1435,1.2614,0.0055,,0,True
ACH-000437,Almonertinib (mesylate),0.5,11995,1.179,0.9626,-0.012,,1,True
ACH-000437,Almonertinib (mesylate),5.0,10439,1.212,1.101,-0.012,,12,True
ACH-000437,Amsacrine,5.0,14920,0.9627,1.0403,0.0577,,6,True
ACH-000437,Anethole trithione,5.0,15056,0.9884,0.9231,0.0537,,21,True
ACH-000437,Artesunate,5.0,15104,0.9866,0.9262,0.0562,,8,True
ACH-000437,Azithromycin (hydrate),5.0,14668,1.0098,1.0354,0.085,,39,True
ACH-000437,Baicalin,5.0,15817,1.0121,0.8791,0.0424,,6,True
ACH-000437,Balsalazide (sodium hydrate),5.0,15642,0.9459,0.9269,0.0138,,2,True
ACH-000437,Belumosudil,0.05,10393,1.1062,1.2486,0.007,,1,True
ACH-000437,Belumosudil,0.5,11772,1.141,1.0546,-0.0033,,1,True
ACH-000437,Belumosudil,5.0,10271,1.17,1.1681,0.0033,,0,True
ACH-000437,Berbamine,0.5,12509,1.2083,0.8888,-0.0234,,1,True
ACH-000437,Berbamine,5.0,15091,0.9816,0.9026,0.041,,11,True
ACH-000437,Berbamine (dihydrochloride),0.05,9872,1.1633,1.2368,0.0263,,4,True
ACH-000437,Berbamine (dihydrochloride),0.5,11421,1.2179,1.026,-0.0083,,1,True
ACH-000437,Berbamine (dihydrochloride),5.0,10005,1.1952,1.162,0.0063,,5,True
ACH-000437,Berberine (chloride hydrate),5.0,15782,0.9974,0.8542,0.0367,,4,True
ACH-000437,Bergenin,5.0,14895,0.9803,0.9527,0.0638,,11,True
ACH-000437,Bimatoprost,5.0,15288,0.9256,0.9957,0.0243,,5,True
ACH-000437,Binimetinib,0.05,14533,1.0671,1.0009,0.0317,0.1573,231,True
ACH-000437,Binimetinib,0.5,14095,1.0711,0.837,0.0042,,1,True
ACH-000437,Binimetinib,5.0,12706,0.9762,1.1397,0.0173,,33,True
ACH-000437,Busulfan,5.0,15283,0.9903,0.9618,0.0444,,10,True
ACH-000437,Captopril,0.05,10934,1.1324,1.2054,0.0924,,48,True
ACH-000437,Cepharanthine,5.0,14812,0.9687,1.0953,0.0668,,20,True
ACH-000437,Chlorhexidine (diacetate),0.5,12750,1.1799,0.886,-0.0137,,2,True
ACH-000437,Chlorhexidine (diacetate),5.0,15635,0.9695,0.936,0.0463,,20,True
ACH-000437,Ciclopirox,5.0,14551,0.9979,1.0538,0.0879,,18,True
ACH-000437,Clonidine (hydrochloride),5.0,16133,0.9931,0.8388,0.0171,,5,True
ACH-000437,Clotrimazole,5.0,15145,0.9574,1.0003,0.0391,,14,True
ACH-000437,Cloxacillin (sodium),5.0,14971,0.9916,0.932,0.0336,,26,True
ACH-000437,Cysteamine (hydrochloride),5.0,15516,0.9373,0.9189,0.0162,,3,True
ACH-000437,Cytarabine,0.05,10821,1.1103,1.2366,0.0239,,3,True
ACH-000437,Cytarabine,0.5,11642,1.1616,1.0326,-0.009,,1,True
ACH-000437,Cytarabine,5.0,10916,1.152,1.1743,0.0062,,4,True
ACH-000437,DTP3,0.05,12571,1.5152,1.1656,-0.0456,-0.0492,57,True
ACH-000437,Daidzin,0.05,10410,1.1731,1.2142,0.0018,,2,True
ACH-000437,Daidzin,0.5,11352,1.2012,0.9939,-0.0315,,0,True
ACH-000437,Daidzin,5.0,10442,1.2162,1.1536,0.0108,,2,True
ACH-000437,Darinaparsin,5.0,15062,0.9289,1.0998,0.0081,,5,True
ACH-000437,Demeclocycline,5.0,15291,0.9247,0.9823,0.0057,,5,True
ACH-000437,Diammonium Glycyrrhizinate,5.0,15698,0.9661,0.9171,0.0299,,14,True
ACH-000437,Docetaxel,5.0,15808,0.8843,1.0273,0.0107,0.439,59,True
ACH-000437,Elagolix sodium,5.0,14878,1.002,0.9402,0.0589,,26,True
ACH-000437,Flumatinib (mesylate),0.05,9642,1.164,1.2385,0.0063,,3,True
ACH-000437,Flumatinib (mesylate),0.5,11046,1.1709,1.0819,0.0308,,2,True
ACH-000437,Flumatinib (mesylate),5.0,10266,1.2084,1.1589,0.0145,,3,True
ACH-000437,Fluvoxamine (maleate),5.0,14885,0.9818,0.9681,0.0722,,14,True
ACH-000437,Folic acid,5.0,14984,1.013,0.8878,0.0439,,17,True
ACH-000437,Fumaric acid,0.05,10031,1.1428,1.2481,-0.0001,,3,True
ACH-000437,Fumaric acid,0.5,11540,1.1811,1.0696,-0.012,,3,True
ACH-000437,Fumaric acid,5.0,10803,1.1858,1.156,-0.0168,,1,True
ACH-000437,Furosemide,5.0,15413,0.9296,0.952,0.0287,,1,True
ACH-000437,Fusidic acid,5.0,15070,0.9767,0.9604,0.0485,,1,True
ACH-000437,Gallic acid,5.0,15184,0.9819,0.898,0.0294,,6,True
ACH-000437,Gallic acid (hydrate),5.0,14927,0.981,1.0181,0.0498,,26,True
ACH-000437,Gemfibrozil,5.0,15147,0.9824,0.9929,0.0508,,22,True
ACH-000437,Goserelin (acetate),5.0,15322,1.0087,0.9007,0.0468,,34,True
ACH-000437,Hexylresorcinol,5.0,15853,0.9715,0.9126,0.0457,,9,True
ACH-000437,Homoharringtonine,5.0,15508,1.4332,1.5007,0.5225,0.8559,1996,True
ACH-000437,Hydroxyfasudil,0.05,12821,1.5982,1.1311,-0.038,-0.1294,82,True
ACH-000437,Idarubicin (hydrochloride),5.0,16996,1.297,1.3027,0.4093,0.857,911,True
ACH-000437,Irinotecan (hydrochloride),0.05,9921,1.1842,1.2485,0.0215,,3,True
ACH-000437,Irinotecan (hydrochloride),0.5,11921,1.1837,1.0132,-0.0182,,4,True
ACH-000437,Irinotecan (hydrochloride),5.0,10365,1.2642,1.1634,-0.0098,,12,True
ACH-000437,Isocorydine,5.0,15559,0.9972,0.9264,0.0321,0.3833,58,True
ACH-000437,L-Thyroxine (sodium salt pentahydrate),5.0,14339,1.8432,0.8826,0.01,,23,True
ACH-000437,Larotrectinib,5.0,14859,0.9445,1.1382,0.0732,,16,True
ACH-000437,Lenalidomide (hemihydrate),5.0,14566,0.9797,1.0088,0.0829,,8,True
ACH-000437,Lidocaine (hydrochloride),5.0,14996,0.937,1.1125,0.0037,,28,True
ACH-000437,Lipoic acid,5.0,15339,0.9299,0.9665,0.0057,,2,True
ACH-000437,Lumateperone (tosylate),5.0,15176,0.9834,0.918,0.0252,,5,True
ACH-000437,Malotilate,0.05,11406,1.0847,1.1954,0.012,-0.2088,102,True
ACH-000437,Medroxyprogesterone acetate,5.0,14513,1.0042,1.0168,0.0966,,30,True
ACH-000437,Megestrol,5.0,15624,0.9124,0.9779,0.0252,,21,True
ACH-000437,Mitoxantrone (dihydrochloride),5.0,15647,0.9079,1.168,0.0527,,17,True
ACH-000437,Naproxen,0.05,9817,1.1628,1.2343,0.0207,,1,True
ACH-000437,Naproxen,0.5,11192,1.1374,1.1037,-0.0039,,1,True
ACH-000437,Naproxen,5.0,10139,1.1895,1.1538,0.0331,,1,True
ACH-000437,Neratinib (maleate),5.0,14908,1.0469,0.9167,0.0494,0.4747,86,True
ACH-000437,Norepinephrine (hydrochloride),5.0,15135,0.9532,1.0212,0.0211,,14,True
ACH-000437,Olanzapine,5.0,15431,0.9364,0.9888,0.0272,,6,True
ACH-000437,PF-06260933,0.05,12359,1.5844,1.1846,0.0053,,11,True
ACH-000437,Palmatine (chloride),5.0,15173,0.9495,0.9552,0.0254,,7,True
ACH-000437,Pasireotide (acetate),5.0,15291,1.0244,0.916,0.0451,,38,True
ACH-000437,Pentagastrin,5.0,15548,1.0059,0.8421,0.0035,,10,True
ACH-000437,Pentamidine (isethionate),0.5,11151,1.158,0.8868,0.0594,,2,True
ACH-000437,Pentamidine (isethionate),5.0,15282,0.9299,1.0091,0.0394,,23,True
ACH-000437,Pralsetinib,0.05,12460,0.8935,1.1988,0.0037,-0.4828,75,True
ACH-000437,Pravastatin (sodium),0.05,10020,1.1407,1.2409,-0.0048,,1,True
ACH-000437,Pravastatin (sodium),0.5,11431,1.1753,1.0676,0.0056,,2,True
ACH-000437,Pravastatin (sodium),5.0,10380,1.2518,1.1053,-0.0451,,25,True
ACH-000437,Pyridoxine,5.0,15062,0.9434,0.9832,-0.0024,,11,True
ACH-000437,Pyridoxine (hydrochloride),5.0,14965,1.0227,0.9118,0.039,,28,True
ACH-000437,Quinestrol,5.0,15167,0.9618,0.9436,0.0547,,5,True
ACH-000437,Radotinib,5.0,15060,0.9883,1.0086,0.0716,,4,True
ACH-000437,Raltitrexed,5.0,16085,1.0115,0.8418,0.0497,,12,True
ACH-000437,Rapamycin,5.0,15357,0.9688,1.01,0.0486,,27,True
ACH-000437,Regorafenib,0.05,12747,0.8217,1.1604,-0.0075,,35,True
ACH-000437,Regorafenib,0.5,11820,1.1984,0.6906,0.0052,,5,True
ACH-000437,Regorafenib,5.0,12025,1.16,1.0884,0.0097,,0,True
ACH-000437,Relugolix,5.0,15068,1.0002,0.8849,0.0128,,28,True
ACH-000437,Resveratrol,5.0,14909,1.0377,0.9427,0.0227,0.4356,57,True
ACH-000437,Retinoic acid,5.0,15217,0.9803,0.9422,0.0459,,29,True
ACH-000437,Riluzole hydrochloride,5.0,15778,0.9046,0.974,0.0253,,4,True
ACH-000437,Rimonabant,5.0,15070,0.9815,0.9374,0.0379,,3,True
ACH-000437,Ritonavir,5.0,14986,0.976,0.9845,0.0544,,13,True
ACH-000437,Ropivacaine (hydrochloride monohydrate),5.0,14809,0.998,0.9382,0.0642,,20,True
ACH-000437,S-Adenosyl-L-methionine (disulfate tosylate),5.0,15618,0.9787,0.9521,0.071,,9,True
ACH-000437,Salicylic acid,5.0,14996,0.9341,1.0886,0.0313,,6,True
ACH-000437,Saquinavir,5.0,14398,1.0168,1.0672,0.1236,,26,True
ACH-000437,Selinexor ,5.0,14602,1.1959,0.9966,0.1584,0.4008,154,True
ACH-000437,Sinomenine,5.0,14816,0.9782,0.9756,0.0684,,16,True
ACH-000437,Sodium Salicylate,5.0,15492,0.9473,1.0024,0.0242,,4,True
ACH-000437,Sonidegib,0.05,12346,1.768,1.2146,0.0079,,8,True
ACH-000437,Sulfisoxazole,0.5,11385,1.2062,0.9326,0.0948,,5,True
ACH-000437,Sulfisoxazole,5.0,15056,0.9924,0.9706,0.0784,,16,True
ACH-000437,Temsirolimus,5.0,15025,0.9658,1.0188,0.064,,9,True
ACH-000437,Terfenadine,0.5,11545,1.2092,0.8721,0.0184,,6,True
ACH-000437,Terfenadine,5.0,14852,0.9918,0.9835,0.0663,,17,True
ACH-000437,Thymol,5.0,15029,0.9445,0.9987,0.0026,,5,True
ACH-000437,Tofacitinib,5.0,14872,0.9977,0.9592,0.0503,,8,True
ACH-000437,Tofacitinib (citrate),5.0,14847,0.9813,0.9933,0.0485,,9,True
ACH-000437,Tolcapone,5.0,15630,0.9697,0.9329,0.0542,,5,True
ACH-000437,Topotecan (hydrochloride),0.05,10015,1.0834,1.226,-0.0027,,4,True
ACH-000437,Topotecan (hydrochloride),0.5,11115,1.1456,1.1676,-0.0193,,1,True
ACH-000437,Topotecan (hydrochloride),5.0,10262,1.1608,1.2902,-0.005,,3,True
ACH-000437,Trametinib,0.05,13914,0.8901,1.0652,0.0508,0.4828,77,True
ACH-000437,Trametinib,0.5,14006,1.0905,0.8483,0.0731,,20,True
ACH-000437,Trametinib,5.0,13158,1.0706,1.1737,0.0563,0.6149,95,True
ACH-000437,Triamcinolone,5.0,14805,1.0068,1.06,0.1043,0.8426,69,True
ACH-000437,Triclosan,5.0,15231,0.9806,0.9574,0.0476,,7,True
ACH-000437,Trifluridine,5.0,14817,0.9796,0.9781,0.0399,,7,True
ACH-000437,Trimetrexate,5.0,14699,1.0067,1.0123,0.0804,,26,True
ACH-000437,Tucidinostat,5.0,15375,1.0032,1.2224,0.1545,,47,True
ACH-000437,Vilanterol,5.0,14855,0.9874,0.9676,0.0786,,23,True
ACH-000437,Vinblastine (sulfate),5.0,14842,1.0036,1.0213,0.0938,0.5631,66,True
ACH-000437,olaparib,0.05,12245,1.5004,1.1971,0.0177,,25,True
ACH-000463,(R)-Verapamil (hydrochloride),5.0,28162,0.7104,0.6994,0.0525,0.6669,875,True
ACH-000463,18β-Glycyrrhetinic acid,5.0,27146,0.721,0.7743,0.0828,0.6652,1195,True
ACH-000463,8-Hydroxyquinoline,5.0,27993,0.7494,0.6934,0.0975,0.7376,1389,True
ACH-000463,Abemaciclib,0.05,27165,3.1032,0.6961,0.0022,-0.0006,7618,True
ACH-000463,Acetohexamide,5.0,27946,0.7221,0.7319,0.0598,0.4024,1285,True
ACH-000463,Adagrasib,0.05,36734,0.4267,0.5035,0.1179,0.6859,6156,True
ACH-000463,Adenine,5.0,27779,0.7404,0.6517,0.0789,0.6825,1304,True
ACH-000463,Adenosine,5.0,27992,0.716,0.7592,0.0785,0.6122,1568,True
ACH-000463,Afatinib,0.05,28099,0.6084,0.7447,0.0268,-0.009,2946,False
ACH-000463,Afatinib,0.5,31489,0.5889,0.6892,0.0099,-0.098,2387,False
ACH-000463,Afatinib,5.0,27413,0.5724,0.8945,-0.0112,0.2206,2214,False
ACH-000463,Aliskiren,5.0,28098,0.7241,0.7023,0.0647,0.6388,944,True
ACH-000463,Allantoin,5.0,27511,0.7735,0.737,0.1198,0.6635,2649,True
ACH-000463,Almonertinib (hydrochloride),5.0,27239,0.7448,0.7189,0.0932,0.5042,1598,True
ACH-000463,Almonertinib (mesylate),0.05,25341,0.6662,0.768,0.0175,0.13,1060,True
ACH-000463,Almonertinib (mesylate),0.5,29519,0.7484,0.6428,0.0179,0.3618,1768,True
ACH-000463,Almonertinib (mesylate),5.0,26629,0.8436,0.6812,-0.0332,-0.1213,1037,True
ACH-000463,Amsacrine,5.0,27727,0.7518,0.7935,0.152,0.6876,1927,True
ACH-000463,Anethole trithione,5.0,27964,0.7589,0.702,0.1006,0.6518,2074,True
ACH-000463,Artesunate,5.0,27708,0.7625,0.6942,0.1065,0.7788,2062,True
ACH-000463,Azithromycin (hydrate),5.0,27393,0.7499,0.7342,0.1125,0.5454,1683,True
ACH-000463,Baicalin,5.0,28514,0.7562,0.6842,0.0916,0.6042,1533,True
ACH-000463,Balsalazide (sodium hydrate),5.0,28694,0.7252,0.679,0.0914,0.6408,1010,True
ACH-000463,Belumosudil,0.05,26335,0.6569,0.7765,0.02,0.2874,1126,True
ACH-000463,Belumosudil,0.5,29085,0.7209,0.6702,0.0323,0.213,1682,True
ACH-000463,Belumosudil,5.0,26150,0.7376,0.7938,0.0422,-0.1087,1566,True
ACH-000463,Berbamine,0.5,27161,0.7076,0.728,-0.0379,-0.3166,3211,True
ACH-000463,Berbamine,5.0,27601,0.7228,0.6844,0.0698,0.5229,848,True
ACH-000463,Berbamine (dihydrochloride),0.05,25988,0.6544,0.7714,0.0405,0.3515,1663,True
ACH-000463,Berbamine (dihydrochloride),0.5,28324,0.7548,0.6362,0.0179,0.0623,1801,True
ACH-000463,Berbamine (dihydrochloride),5.0,26373,0.8187,0.7353,0.0329,0.1396,1780,True
ACH-000463,Berberine (chloride hydrate),5.0,28538,0.7609,0.6575,0.0652,0.6012,1343,True
ACH-000463,Bergenin,5.0,27716,0.7291,0.6979,0.0584,0.4754,1064,True
ACH-000463,Bimatoprost,5.0,28266,0.73,0.7519,0.0916,0.5707,1755,True
ACH-000463,Binimetinib,0.05,28525,0.8027,0.6796,0.0947,0.5042,3018,True
ACH-000463,Binimetinib,0.5,29893,0.7704,0.8465,0.1446,0.4486,5435,True
ACH-000463,Binimetinib,5.0,23567,0.6219,0.9229,0.1746,0.515,6179,True
ACH-000463,Busulfan,5.0,27274,0.7562,0.7114,0.1202,0.5608,1837,True
ACH-000463,Captopril,0.05,27354,0.6964,0.7587,0.0585,0.0143,2837,True
ACH-000463,Cepharanthine,5.0,27123,0.7262,0.8368,0.1039,0.5646,1799,True
ACH-000463,Chlorhexidine (diacetate),0.5,27374,0.7207,0.7318,-0.0196,-0.1658,2951,True
ACH-000463,Chlorhexidine (diacetate),5.0,28130,0.7758,0.7885,0.1545,0.7754,2432,True
ACH-000463,Ciclopirox,5.0,26931,0.7351,0.7718,0.1197,0.5131,1213,True
ACH-000463,Clonidine (hydrochloride),5.0,28909,0.7629,0.6595,0.0849,0.7394,1526,True
ACH-000463,Clotrimazole,5.0,28050,0.7263,0.7188,0.0609,0.5664,1093,True
ACH-000463,Cloxacillin (sodium),5.0,27770,0.7212,0.6566,0.0551,0.637,951,True
ACH-000463,Cysteamine (hydrochloride),5.0,28094,0.7247,0.6808,0.0567,0.6105,1062,True
ACH-000463,Cytarabine,0.05,26843,0.6999,0.7842,0.0695,0.3272,1863,True
ACH-000463,Cytarabine,0.5,28731,0.7421,0.6686,-0.0037,0.0806,1359,True
ACH-000463,Cytarabine,5.0,27135,0.6772,0.8117,0.016,0.3042,1043,True
ACH-000463,DTP3,0.05,27355,3.2591,0.7192,-0.0058,-0.0134,7393,True
ACH-000463,Daidzin,0.05,26094,0.6951,0.7611,-0.0009,-0.0017,1675,True
ACH-000463,Daidzin,0.5,28335,0.7564,0.62,0.0187,-0.0062,1923,True
ACH-000463,Daidzin,5.0,26630,0.8424,0.6866,0.0149,0.1517,1571,True
ACH-000463,Darinaparsin,5.0,27667,0.7466,0.786,0.0986,0.7073,2260,True
ACH-000463,Demeclocycline,5.0,27766,0.7083,0.7095,0.0462,0.44,1408,True
ACH-000463,Diammonium Glycyrrhizinate,5.0,27904,0.7345,0.7165,0.0801,0.692,1128,True
ACH-000463,Docetaxel,5.0,28607,0.7095,0.7704,0.0884,0.6527,2221,True
ACH-000463,Elagolix sodium,5.0,27266,0.7608,0.7128,0.1177,0.5787,2062,True
ACH-000463,Flumatinib (mesylate),0.05,25556,0.6514,0.7879,0.0302,0.0952,1722,True
ACH-000463,Flumatinib (mesylate),0.5,28700,0.7336,0.7368,0.056,0.4034,2437,True
ACH-000463,Flumatinib (mesylate),5.0,26430,0.6954,0.747,-0.0038,-0.2616,1257,True
ACH-000463,Fluvoxamine (maleate),5.0,27761,0.7319,0.7217,0.0942,0.6997,951,True
ACH-000463,Folic acid,5.0,27710,0.7479,0.635,0.0714,0.5553,752,True
ACH-000463,Fumaric acid,0.05,25938,0.6856,0.8079,0.0137,0.1699,1647,True
ACH-000463,Fumaric acid,0.5,28590,0.7615,0.6936,0.0322,0.2067,1704,True
ACH-000463,Fumaric acid,5.0,27270,0.7541,0.7669,-0.0503,-0.329,2002,True
ACH-000463,Furosemide,5.0,27854,0.7037,0.7023,0.0648,0.6405,1027,True
ACH-000463,Fusidic acid,5.0,28093,0.74,0.683,0.0871,0.6873,1091,True
ACH-000463,Gallic acid,5.0,28072,0.7509,0.6586,0.0711,0.7258,1278,True
ACH-000463,Gallic acid (hydrate),5.0,27564,0.7541,0.717,0.08,0.5932,1562,True
ACH-000463,Gemfibrozil,5.0,27661,0.7446,0.7142,0.0627,0.5809,1873,True
ACH-000463,Goserelin (acetate),5.0,28276,0.7516,0.6634,0.0895,0.6412,1474,True
ACH-000463,Hexylresorcinol,5.0,28893,0.758,0.6872,0.0977,0.7186,1840,True
ACH-000463,Homoharringtonine,5.0,29151,1.5646,1.6717,0.7349,0.9142,12935,True
ACH-000463,Hydroxyfasudil,0.05,27366,1.8118,0.6953,-0.0126,0.0106,855,True
ACH-000463,Idarubicin (hydrochloride),5.0,30114,1.5083,1.6197,0.701,0.8926,12343,True
ACH-000463,Irinotecan (hydrochloride),0.05,25197,0.7266,0.7631,0.0476,0.1224,3048,True
ACH-000463,Irinotecan (hydrochloride),0.5,28620,0.7762,0.6612,-0.039,-0.2261,2713,True
ACH-000463,Irinotecan (hydrochloride),5.0,26462,0.8135,0.7243,-0.0103,-0.0617,2533,True
ACH-000463,Isocorydine,5.0,28243,0.7449,0.6859,0.063,0.6662,1522,True
ACH-000463,L-Thyroxine (sodium salt pentahydrate),5.0,26331,2.0571,0.6396,0.0498,0.1211,528,True
ACH-000463,Larotrectinib,5.0,27561,0.736,0.8097,0.1066,0.5635,1391,True
ACH-000463,Lenalidomide (hemihydrate),5.0,27018,0.7187,0.7144,0.0879,0.5456,1006,True
ACH-000463,Lidocaine (hydrochloride),5.0,27038,0.7543,0.8686,0.096,0.5366,2953,True
ACH-000463,Lipoic acid,5.0,28100,0.7251,0.6748,0.0596,0.6305,1050,True
ACH-000463,Lumateperone (tosylate),5.0,27899,0.7351,0.6651,0.076,0.658,980,True
ACH-000463,Malotilate,0.05,27470,0.7712,0.7424,0.0473,-0.0113,6152,True
ACH-000463,Medroxyprogesterone acetate,5.0,27049,0.7557,0.7216,0.1192,0.58,1737,True
ACH-000463,Megestrol,5.0,28353,0.7148,0.71,0.0814,0.6446,1443,True
ACH-000463,Methylprednisolone succinate,0.05,26886,3.4654,0.7037,-0.0291,-0.0038,9696,True
ACH-000463,Mitoxantrone (dihydrochloride),5.0,28301,0.7383,1.0498,0.1134,0.4334,2016,True
ACH-000463,Naproxen,0.05,24849,0.6325,0.767,0.0152,-0.0906,688,True
ACH-000463,Naproxen,0.5,28540,0.7169,0.6851,-0.0149,-0.1571,1077,True
ACH-000463,Naproxen,5.0,26338,0.6919,0.7256,0.0045,-0.2882,777,True
ACH-000463,Neratinib (maleate),5.0,27811,0.7674,0.7517,0.115,0.6694,1955,True
ACH-000463,Norepinephrine (hydrochloride),5.0,27445,0.7448,0.7435,0.0845,0.4354,1510,True
ACH-000463,Olanzapine,5.0,27904,0.7403,0.7265,0.082,0.6956,1698,True
ACH-000463,PF-06260933,0.05,27104,2.4141,0.6774,-0.051,-0.0465,639,True
ACH-000463,Palmatine (chloride),5.0,27489,0.7247,0.7118,0.0792,0.6111,1020,True
ACH-000463,Pasireotide (acetate),5.0,28186,0.7792,0.6961,0.0973,0.5679,1933,True
ACH-000463,Pentagastrin,5.0,28631,0.7431,0.6571,0.0595,0.574,980,True
ACH-000463,Pentamidine (isethionate),0.5,26401,0.7481,0.7171,0.0451,0.1029,1223,True
ACH-000463,Pentamidine (isethionate),5.0,28019,0.7312,0.7585,0.1113,0.6835,1914,True
ACH-000463,Pralsetinib,0.05,27967,0.7522,0.7007,0.0066,0.0903,2859,True
ACH-000463,Pravastatin (sodium),0.05,25034,0.6654,0.7531,0.0267,0.0839,1414,True
ACH-000463,Pravastatin (sodium),0.5,27901,0.745,0.6652,0.0008,0.0322,1656,True
ACH-000463,Pravastatin (sodium),5.0,26653,0.7583,0.7221,-0.0588,-0.4983,1814,True
ACH-000463,Pyridoxine,5.0,27549,0.738,0.7219,0.0676,0.5925,1613,True
ACH-000463,Pyridoxine (hydrochloride),5.0,27896,0.7619,0.6662,0.0955,0.6253,1371,True
ACH-000463,Quinestrol,5.0,28118,0.7286,0.7079,0.0902,0.6871,1177,True
ACH-000463,Radotinib,5.0,27614,0.7649,0.7326,0.1061,0.6794,2611,True
ACH-000463,Ralimetinib dimesylate,0.05,26945,2.8005,0.6965,0.0027,-0.0061,4594,True
ACH-000463,Raltitrexed,5.0,28495,0.7594,0.6631,0.0942,0.7497,1323,True
ACH-000463,Rapamycin,5.0,28128,0.7546,0.7683,0.0901,0.6085,1909,True
ACH-000463,Regorafenib,0.05,28030,0.7158,0.6938,-0.0237,-0.1145,1846,True
ACH-000463,Regorafenib,0.5,28351,0.757,0.6211,0.0184,-0.2682,1212,True
ACH-000463,Regorafenib,5.0,24522,0.6337,0.8692,0.0154,-0.1472,1394,True
ACH-000463,Relugolix,5.0,28138,0.7356,0.6379,0.0495,0.6774,854,True
ACH-000463,Resveratrol,5.0,27126,0.7669,0.6975,0.0928,0.479,1861,True
ACH-000463,Retinoic acid,5.0,28339,0.7396,0.7098,0.0865,0.7257,1471,True
ACH-000463,Riluzole hydrochloride,5.0,28228,0.7651,0.7573,0.1287,0.7286,2587,True
ACH-000463,Rimonabant,5.0,27935,0.7379,0.7041,0.1025,0.7266,1488,True
ACH-000463,Ritonavir,5.0,27414,0.7225,0.7413,0.0823,0.7703,1220,True
ACH-000463,Ropivacaine (hydrochloride monohydrate),5.0,27346,0.7342,0.7174,0.0867,0.7608,1577,True
ACH-000463,S-Adenosyl-L-methionine (disulfate tosylate),5.0,28077,0.7615,0.7453,0.1065,0.7809,1969,True
ACH-000463,Salicylic acid,5.0,27923,0.7029,0.7789,0.076,0.6714,1372,True
ACH-000463,Saquinavir,5.0,26623,0.7364,0.791,0.1285,0.501,1229,True
ACH-000463,Selinexor ,5.0,27052,0.9221,0.7633,0.2311,0.7125,3117,True
ACH-000463,Sinomenine,5.0,27506,0.727,0.6732,0.0956,0.4969,1187,True
ACH-000463,Sodium Salicylate,5.0,28162,0.7367,0.7574,0.0979,0.6018,2087,True
ACH-000463,Sonidegib,0.05,27433,2.4556,0.6707,-0.0187,-0.092,572,True
ACH-000463,Sulfisoxazole,0.5,26399,0.7587,0.7508,0.1055,0.2189,1981,True
ACH-000463,Sulfisoxazole,5.0,27726,0.7497,0.7406,0.1094,0.5341,1265,True
ACH-000463,Temsirolimus,5.0,27640,0.7343,0.7611,0.1096,0.7192,1376,True
ACH-000463,Terfenadine,0.5,26010,0.7707,0.7293,0.0789,0.0255,1837,True
ACH-000463,Terfenadine,5.0,27468,0.7295,0.7314,0.0881,0.5769,1290,True
ACH-000463,Thymol,5.0,27256,0.7465,0.7138,0.0791,0.4713,2153,True
ACH-000463,Tofacitinib,5.0,27452,0.7422,0.731,0.1168,0.6118,1468,True
ACH-000463,Tofacitinib (citrate),5.0,27781,0.7309,0.7276,0.0916,0.5991,1343,True
ACH-000463,Tolcapone,5.0,28008,0.7432,0.7205,0.0859,0.68,1080,True
ACH-000463,Topotecan (hydrochloride),0.05,24976,0.6482,0.7993,0.0064,0.06,2025,True
ACH-000463,Topotecan (hydrochloride),0.5,28692,0.7174,0.7853,-0.0306,-0.2985,1638,True
ACH-000463,Topotecan (hydrochloride),5.0,26148,0.705,0.9999,-0.0048,-0.1082,1727,True
ACH-000463,Trametinib,0.05,28230,0.7665,0.7783,0.1618,0.5154,3112,True
ACH-000463,Trametinib,0.5,29662,0.7961,0.8621,0.2032,0.5379,5554,True
ACH-000463,Trametinib,5.0,25887,0.7065,0.9997,0.1682,0.5597,6598,True
ACH-000463,Triamcinolone,5.0,27798,0.7939,0.8044,0.1454,0.5316,2954,True
ACH-000463,Triclosan,5.0,27951,0.7327,0.7287,0.0823,0.7124,1334,True
ACH-000463,Trifluridine,5.0,27314,0.7158,0.7205,0.0929,0.6076,893,True
ACH-000463,Trimetrexate,5.0,27328,0.7261,0.7386,0.093,0.5374,1204,True
ACH-000463,Tucidinostat,5.0,28792,0.8627,1.1383,0.3696,0.85,4412,True
ACH-000463,Vilanterol,5.0,27348,0.7278,0.7306,0.078,0.5854,1242,True
ACH-000463,Vinblastine (sulfate),5.0,27587,0.7641,0.8326,0.1491,0.7275,2278,True
ACH-000463,c-Kit-IN-1,0.05,27254,2.8169,0.9493,0.039,0.0724,4300,True
ACH-000463,olaparib,0.05,27258,2.8504,0.6912,0.0451,0.0966,537,True
ACH-000493,(R)-Verapamil (hydrochloride),5.0,25906,0.7508,0.7087,0.0485,0.7376,397,True
ACH-000493,18β-Glycyrrhetinic acid,5.0,25083,0.7512,0.8221,0.0913,0.5999,772,True
ACH-000493,8-Hydroxyquinoline,5.0,25582,0.7602,0.6898,0.0867,0.7718,743,True
ACH-000493,Abemaciclib,0.05,23551,3.2879,0.7821,0.0047,-0.0254,6989,True
ACH-000493,Acetohexamide,5.0,25435,0.7468,0.7506,0.0551,0.4854,635,True
ACH-000493,Adagrasib,0.05,33689,0.4469,0.5188,0.118,0.7459,2940,True
ACH-000493,Adenine,5.0,25748,0.7658,0.6683,0.0606,0.5915,883,True
ACH-000493,Adenosine,5.0,25514,0.7436,0.8211,0.0505,0.6341,814,True
ACH-000493,Afatinib,0.05,23555,0.6132,0.8081,0.0255,0.0422,1054,False
ACH-000493,Afatinib,0.5,27462,0.6574,0.6626,0.0144,-0.0461,561,False
ACH-000493,Afatinib,5.0,24654,0.6583,0.8582,0.0122,0.3794,505,False
ACH-000493,Aliskiren,5.0,25655,0.7449,0.7314,0.0629,0.7838,491,True
ACH-000493,Allantoin,5.0,25579,0.7931,0.7223,0.0946,0.5909,1553,True
ACH-000493,Almonertinib (hydrochloride),5.0,25003,0.7656,0.746,0.1069,0.6747,854,True
ACH-000493,Almonertinib (mesylate),0.05,21207,0.735,0.8197,0.0014,0.2418,260,True
ACH-000493,Almonertinib (mesylate),0.5,24452,0.7653,0.6965,0.0226,0.3783,451,True
ACH-000493,Almonertinib (mesylate),5.0,21857,0.8677,0.6989,-0.0492,-0.0978,411,True
ACH-000493,Amsacrine,5.0,25452,0.7704,0.7828,0.1063,0.6972,1088,True
ACH-000493,Anethole trithione,5.0,25543,0.7724,0.7191,0.1062,0.8058,792,True
ACH-000493,Artesunate,5.0,25602,0.7794,0.6981,0.1048,0.7389,1179,True
ACH-000493,Azithromycin (hydrate),5.0,25333,0.7687,0.7826,0.0666,0.5492,1032,True
ACH-000493,Baicalin,5.0,26092,0.7796,0.6897,0.0876,0.7071,651,True
ACH-000493,Balsalazide (sodium hydrate),5.0,26394,0.7534,0.6877,0.0807,0.7192,528,True
ACH-000493,Belumosudil,0.05,21751,0.7224,0.8069,-0.0126,0.2913,268,True
ACH-000493,Belumosudil,0.5,23954,0.7687,0.72,0.0037,-0.0924,384,True
ACH-000493,Belumosudil,5.0,21393,0.7769,0.8442,0.0004,-0.0744,373,True
ACH-000493,Berbamine,0.5,24203,0.8089,0.6697,-0.0294,-0.3748,854,True
ACH-000493,Berbamine,5.0,25424,0.7563,0.6889,0.0615,0.6593,589,True
ACH-000493,Berbamine (dihydrochloride),0.05,21742,0.6993,0.8114,0.0222,0.1969,522,True
ACH-000493,Berbamine (dihydrochloride),0.5,23835,0.8071,0.6666,0.0033,0.1765,267,True
ACH-000493,Berbamine (dihydrochloride),5.0,21377,0.8525,0.7647,0.0117,0.0959,371,True
ACH-000493,Berberine (chloride hydrate),5.0,26129,0.7691,0.7211,0.0681,0.5305,630,True
ACH-000493,Bergenin,5.0,25549,0.7591,0.7005,0.0648,0.5972,596,True
ACH-000493,Bimatoprost,5.0,25921,0.7662,0.7493,0.0888,0.6007,957,True
ACH-000493,Binimetinib,0.05,25513,0.7526,0.7326,0.0611,0.3857,1675,True
ACH-000493,Binimetinib,0.5,25963,0.7774,0.7745,0.0487,0.2659,1352,True
ACH-000493,Binimetinib,5.0,23504,0.6872,0.8485,0.0429,0.3799,2119,True
ACH-000493,Busulfan,5.0,24941,0.7907,0.711,0.1326,0.4753,987,True
ACH-000493,Captopril,0.05,22684,0.7513,0.8016,0.0454,-0.0708,683,True
ACH-000493,Cepharanthine,5.0,25075,0.7581,1.0304,0.0747,0.6434,994,True
ACH-000493,Chlorhexidine (diacetate),0.5,23945,0.8188,0.6588,-0.0161,-0.1496,600,True
ACH-000493,Chlorhexidine (diacetate),5.0,25785,0.7716,0.7179,0.0951,0.8027,587,True
ACH-000493,Ciclopirox,5.0,24858,0.7544,0.7769,0.1249,0.6242,663,True
ACH-000493,Clonidine (hydrochloride),5.0,26495,0.7834,0.6765,0.0835,0.7271,675,True
ACH-000493,Clotrimazole,5.0,25683,0.7507,0.7324,0.0756,0.6324,554,True
ACH-000493,Cloxacillin (sodium),5.0,25805,0.7513,0.6633,0.0528,0.7984,462,True
ACH-000493,Cysteamine (hydrochloride),5.0,25671,0.7506,0.6714,0.0571,0.5317,514,True
ACH-000493,Cytarabine,0.05,22285,0.7524,0.8059,0.0207,0.2402,502,True
ACH-000493,Cytarabine,0.5,23464,0.7997,0.6979,0.0061,-0.119,377,True
ACH-000493,Cytarabine,5.0,22122,0.7193,0.8312,0.0174,0.2604,368,True
ACH-000493,DTP3,0.05,23568,2.9878,0.7924,-0.0177,-0.0217,5366,True
ACH-000493,Daidzin,0.05,21718,0.76,0.7882,0.0125,-0.1531,402,True
ACH-000493,Daidzin,0.5,23511,0.8118,0.6501,0.0075,0.0233,367,True
ACH-000493,Daidzin,5.0,21736,0.8458,0.7311,-0.0031,0.0447,450,True
ACH-000493,Darinaparsin,5.0,25394,0.7619,0.8259,0.0825,0.7257,1247,True
ACH-000493,Demeclocycline,5.0,25635,0.7542,0.7229,0.06,0.428,678,True
ACH-000493,Diammonium Glycyrrhizinate,5.0,25472,0.7588,0.707,0.0791,0.6343,770,True
ACH-000493,Docetaxel,5.0,26243,0.7387,0.7949,0.0742,0.75,1290,True
ACH-000493,Elagolix sodium,5.0,24991,0.7837,0.6925,0.1002,0.545,998,True
ACH-000493,Flumatinib (mesylate),0.05,21475,0.6979,0.838,-0.0096,0.1676,451,True
ACH-000493,Flumatinib (mesylate),0.5,23642,0.7656,0.7884,0.0484,0.3534,564,True
ACH-000493,Flumatinib (mesylate),5.0,21715,0.7563,0.8016,-0.0181,-0.3218,217,True
ACH-000493,Fluvoxamine (maleate),5.0,25248,0.7538,0.7549,0.0749,0.6645,494,True
ACH-000493,Folic acid,5.0,25234,0.7713,0.6536,0.051,0.5521,374,True
ACH-000493,Fumaric acid,0.05,21539,0.7235,0.8251,0.01,-0.0325,300,True
ACH-000493,Fumaric acid,0.5,23754,0.7998,0.7368,0.027,0.2782,224,True
ACH-000493,Fumaric acid,5.0,22561,0.798,0.7929,-0.0453,-0.3098,349,True
ACH-000493,Furosemide,5.0,25529,0.7334,0.7052,0.0559,0.6069,483,True
ACH-000493,Fusidic acid,5.0,25580,0.755,0.6951,0.0677,0.763,530,True
ACH-000493,Gallic acid,5.0,25961,0.771,0.6788,0.0683,0.7147,726,True
ACH-000493,Gallic acid (hydrate),5.0,25359,0.7777,0.7283,0.0884,0.6454,925,True
ACH-000493,Gemfibrozil,5.0,25665,0.7723,0.7274,0.0662,0.6385,1141,True
ACH-000493,Goserelin (acetate),5.0,25846,0.7704,0.6652,0.0676,0.6741,705,True
ACH-000493,Hexylresorcinol,5.0,26479,0.7666,0.6963,0.0693,0.6735,793,True
ACH-000493,Homoharringtonine,5.0,25675,1.5097,1.6073,0.6958,0.8859,9706,True
ACH-000493,Hydroxyfasudil,0.05,23555,2.0943,0.7613,-0.0152,0.0968,426,True
ACH-000493,Idarubicin (hydrochloride),5.0,27343,1.4282,1.5871,0.6649,0.8784,9432,True
ACH-000493,Irinotecan (hydrochloride),0.05,20934,0.7778,0.8068,0.0114,0.0826,1017,True
ACH-000493,Irinotecan (hydrochloride),0.5,23676,0.8384,0.7285,0.0064,0.0729,1451,True
ACH-000493,Irinotecan (hydrochloride),5.0,21842,0.866,0.7426,-0.0598,-0.2476,1580,True
ACH-000493,Isocorydine,5.0,25476,0.7559,0.6938,0.0487,0.6239,562,True
ACH-000493,L-Thyroxine (sodium salt pentahydrate),5.0,24247,3.0491,0.6506,0.0321,0.0198,166,True
ACH-000493,Larotrectinib,5.0,25299,0.7591,0.8872,0.104,0.5519,636,True
ACH-000493,Lenalidomide (hemihydrate),5.0,24909,0.746,0.7223,0.0916,0.6738,561,True
ACH-000493,Lidocaine (hydrochloride),5.0,24964,0.7863,0.8328,0.1152,0.6331,1772,True
ACH-000493,Lipoic acid,5.0,25985,0.7482,0.6866,0.037,0.7405,520,True
ACH-000493,Lumateperone (tosylate),5.0,25607,0.7534,0.6867,0.0736,0.7014,431,True
ACH-000493,Malotilate,0.05,22893,0.7927,0.7939,0.0238,0.0667,3665,True
ACH-000493,Medroxyprogesterone acetate,5.0,25149,0.7803,0.715,0.0994,0.54,1082,True
ACH-000493,Megestrol,5.0,25880,0.7428,0.7214,0.0482,0.6594,639,True
ACH-000493,Methylprednisolone succinate,0.05,23159,2.8319,0.7762,-0.0184,-0.0317,184,True
ACH-000493,Mitoxantrone (dihydrochloride),5.0,25662,0.77,1.1956,0.1117,0.5162,1103,True
ACH-000493,Naproxen,0.05,20925,0.6949,0.8112,0.0005,-0.2755,128,True
ACH-000493,Naproxen,0.5,23790,0.7422,0.7227,-0.0129,-0.2433,223,True
ACH-000493,Naproxen,5.0,21624,0.7473,0.764,-0.0118,-0.6606,137,True
ACH-000493,Neratinib (maleate),5.0,25555,0.7821,0.7206,0.094,0.6452,824,True
ACH-000493,Norepinephrine (hydrochloride),5.0,25285,0.7545,0.7519,0.0776,0.5737,713,True
ACH-000493,Olanzapine,5.0,25611,0.7686,0.7252,0.0902,0.7367,812,True
ACH-000493,PF-06260933,0.05,23463,2.2176,0.7611,-0.0227,0.0763,464,True
ACH-000493,Palmatine (chloride),5.0,25182,0.7464,0.7404,0.0872,0.6744,556,True
ACH-000493,Pasireotide (acetate),5.0,25747,0.7951,0.6905,0.0897,0.4741,948,True
ACH-000493,Pentagastrin,5.0,26035,0.7705,0.6573,0.0623,0.6372,529,True
ACH-000493,Pentamidine (isethionate),0.5,23033,0.8367,0.6433,0.0326,0.027,362,True
ACH-000493,Pentamidine (isethionate),5.0,25628,0.7453,0.7853,0.0774,0.6687,801,True
ACH-000493,Pralsetinib,0.05,24252,0.7098,0.7842,0.0228,0.0654,1268,True
ACH-000493,Pravastatin (sodium),0.05,20895,0.722,0.803,0.0031,0.1589,201,True
ACH-000493,Pravastatin (sodium),0.5,23036,0.7909,0.6969,0.0066,0.153,448,True
ACH-000493,Pravastatin (sodium),5.0,21897,0.8165,0.754,-0.0583,-0.41,552,True
ACH-000493,Pyridoxine,5.0,25122,0.7563,0.7617,0.0617,0.655,756,True
ACH-000493,Pyridoxine (hydrochloride),5.0,25384,0.793,0.6626,0.0836,0.4936,703,True
ACH-000493,Quinestrol,5.0,25784,0.764,0.7173,0.07,0.647,720,True
ACH-000493,Radotinib,5.0,25072,0.7855,0.7509,0.1239,0.6582,1644,True
ACH-000493,Ralimetinib dimesylate,0.05,23121,2.7072,0.7829,0.0246,0.0082,3256,True
ACH-000493,Raltitrexed,5.0,26209,0.7651,0.6751,0.0587,0.7616,546,True
ACH-000493,Rapamycin,5.0,25561,0.7708,0.7423,0.0794,0.6468,822,True
ACH-000493,Regorafenib,0.05,24233,0.7298,0.7649,-0.0154,-0.053,923,True
ACH-000493,Regorafenib,0.5,23956,0.8222,0.5932,-0.01,-0.3021,236,True
ACH-000493,Regorafenib,5.0,22428,0.7614,0.8054,-0.0072,-0.4122,269,True
ACH-000493,Relugolix,5.0,25869,0.7641,0.6685,0.0501,0.6077,443,True
ACH-000493,Resveratrol,5.0,25045,0.8012,0.6945,0.0929,0.5321,1063,True
ACH-000493,Retinoic acid,5.0,26017,0.7682,0.7157,0.0714,0.6413,708,True
ACH-000493,Riluzole hydrochloride,5.0,25690,0.7967,0.7238,0.0965,0.6815,1299,True
ACH-000493,Rimonabant,5.0,25602,0.7622,0.7095,0.074,0.7299,630,True
ACH-000493,Ritonavir,5.0,25396,0.7578,0.7472,0.0866,0.7183,789,True
ACH-000493,Ropivacaine (hydrochloride monohydrate),5.0,25366,0.7603,0.7231,0.0942,0.7264,852,True
ACH-000493,S-Adenosyl-L-methionine (disulfate tosylate),5.0,25547,0.7701,0.756,0.0928,0.7437,910,True
ACH-000493,Salicylic acid,5.0,25676,0.7287,0.8399,0.0696,0.6085,619,True
ACH-000493,Saquinavir,5.0,24614,0.7681,0.7901,0.1457,0.5062,748,True
ACH-000493,Selinexor ,5.0,24652,1.1165,0.8424,0.2614,0.6987,2037,True
ACH-000493,Sinomenine,5.0,25351,0.7574,0.699,0.0935,0.6687,670,True
ACH-000493,Sodium Salicylate,5.0,26085,0.76,0.7641,0.073,0.6118,1370,True
ACH-000493,Sonidegib,0.05,23636,2.3697,0.7755,-0.0207,-0.0768,398,True
ACH-000493,Sulfisoxazole,0.5,23101,0.8395,0.6768,0.0443,0.1708,517,True
ACH-000493,Sulfisoxazole,5.0,25617,0.7635,0.7367,0.0877,0.5801,534,True
ACH-000493,Temsirolimus,5.0,25374,0.7553,0.7655,0.094,0.6799,802,True
ACH-000493,Terfenadine,0.5,22415,0.8327,0.6884,0.0549,0.0801,425,True
ACH-000493,Terfenadine,5.0,25031,0.7593,0.7763,0.098,0.6547,793,True
ACH-000493,Thymol,5.0,25203,0.7698,0.7313,0.0975,0.514,1141,True
ACH-000493,Tofacitinib,5.0,25331,0.7774,0.7418,0.1228,0.6317,1002,True
ACH-000493,Tofacitinib (citrate),5.0,25596,0.761,0.7415,0.0739,0.5775,662,True
ACH-000493,Tolcapone,5.0,25643,0.7601,0.7153,0.0758,0.7019,571,True
ACH-000493,Topotecan (hydrochloride),0.05,20581,0.6916,0.8325,-0.0034,-0.0235,436,True
ACH-000493,Topotecan (hydrochloride),0.5,23549,0.7687,0.7743,-0.0445,-0.4772,508,True
ACH-000493,Topotecan (hydrochloride),5.0,21545,0.7589,0.9411,-0.0121,-0.2793,343,True
ACH-000493,Trametinib,0.05,24736,0.7479,0.7599,0.1203,0.3758,1462,True
ACH-000493,Trametinib,0.5,25692,0.7834,0.7889,0.0907,0.4555,1049,True
ACH-000493,Trametinib,5.0,24454,0.739,0.9202,0.082,0.4781,2669,True
ACH-000493,Triamcinolone,5.0,25288,0.7888,0.8089,0.1563,0.6348,1478,True
ACH-000493,Triclosan,5.0,25836,0.7546,0.7284,0.0729,0.6211,811,True
ACH-000493,Trifluridine,5.0,25244,0.7498,0.7159,0.0722,0.7039,448,True
ACH-000493,Trimetrexate,5.0,25186,0.7622,0.7549,0.1087,0.5089,649,True
ACH-000493,Tucidinostat,5.0,26635,0.8577,1.1315,0.3104,0.8277,2516,True
ACH-000493,Vilanterol,5.0,25089,0.7531,0.764,0.0965,0.6689,671,True
ACH-000493,Vinblastine (sulfate),5.0,25125,0.7687,0.8208,0.117,0.6927,716,True
ACH-000493,c-Kit-IN-1,0.05,23521,2.8185,0.8971,0.035,0.0017,4072,True
ACH-000493,olaparib,0.05,23316,3.0484,0.8016,0.0592,-0.0033,54,True
ACH-000496,(R)-Verapamil (hydrochloride),5.0,23878,0.7843,0.7081,0.0488,0.7412,412,True
ACH-000496,18β-Glycyrrhetinic acid,5.0,23172,0.8046,0.7985,0.0725,0.6429,542,True
ACH-000496,8-Hydroxyquinoline,5.0,23447,0.8097,0.7042,0.0897,0.7245,421,True
ACH-000496,Acetohexamide,5.0,23673,0.7945,0.7375,0.0643,0.6692,462,True
ACH-000496,Adagrasib,0.05,32775,0.4895,0.5452,0.1695,0.7996,5343,True
ACH-000496,Adenine,5.0,23475,0.8086,0.68,0.0799,0.6432,502,True
ACH-000496,Adenosine,5.0,23682,0.7814,0.7842,0.0504,0.7286,677,True
ACH-000496,Afatinib,0.05,24511,0.6376,0.7566,0.0294,-0.0147,1305,False
ACH-000496,Afatinib,0.5,27094,0.5843,0.7349,0.0117,-0.0774,1779,False
ACH-000496,Afatinib,5.0,22605,0.5667,1.0017,0.0146,0.1853,883,False
ACH-000496,Aliskiren,5.0,23871,0.7893,0.7181,0.0568,0.5902,455,True
ACH-000496,Allantoin,5.0,23224,0.8393,0.7378,0.1196,0.6817,868,True
ACH-000496,Almonertinib (hydrochloride),5.0,23051,0.8091,0.7573,0.0896,0.5852,569,True
ACH-000496,Almonertinib (mesylate),0.05,22356,0.6906,0.7873,0.0303,0.3458,687,True
ACH-000496,Almonertinib (mesylate),0.5,25591,0.77,0.6653,0.0165,0.4203,1135,True
ACH-000496,Almonertinib (mesylate),5.0,23157,0.8038,0.7222,-0.0366,-0.1629,863,True
ACH-000496,Amsacrine,5.0,23842,0.8483,0.7971,0.1269,0.6447,930,True
ACH-000496,Anethole trithione,5.0,23672,0.8262,0.7168,0.1002,0.757,741,True
ACH-000496,Artesunate,5.0,23378,0.8163,0.6846,0.0981,0.7851,573,True
ACH-000496,Azithromycin (hydrate),5.0,23399,0.8155,0.7465,0.0789,0.6655,607,True
ACH-000496,Baicalin,5.0,24030,0.8255,0.6881,0.0739,0.7117,540,True
ACH-000496,Balsalazide (sodium hydrate),5.0,24205,0.7962,0.6883,0.047,0.7515,305,True
ACH-000496,Belumosudil,0.05,23037,0.6995,0.7878,0.0158,0.321,706,True
ACH-000496,Belumosudil,0.5,25441,0.7533,0.7189,0.02,0.3363,1000,True
ACH-000496,Belumosudil,5.0,22358,0.7539,0.9598,0.075,-0.1618,1040,True
ACH-000496,Berbamine,0.5,23901,0.74,0.7437,-0.0445,-0.4282,1972,True
ACH-000496,Berbamine,5.0,23262,0.7976,0.7124,0.0741,0.6973,396,True
ACH-000496,Berbamine (dihydrochloride),0.05,22698,0.6857,0.7845,0.0169,0.3646,1054,True
ACH-000496,Berbamine (dihydrochloride),0.5,24808,0.772,0.6654,0.0188,0.0996,939,True
ACH-000496,Berbamine (dihydrochloride),5.0,22925,0.8446,0.7488,0.0031,0.0994,936,True
ACH-000496,Berberine (chloride hydrate),5.0,23913,0.8215,0.676,0.0652,0.6919,537,True
ACH-000496,Bergenin,5.0,23506,0.8094,0.7082,0.0676,0.5893,455,True
ACH-000496,Bimatoprost,5.0,23870,0.8066,0.7471,0.0716,0.5076,881,True
ACH-000496,Binimetinib,0.05,24017,0.8398,0.7209,0.1018,0.6304,1835,True
ACH-000496,Binimetinib,0.5,24703,0.7664,0.8898,0.159,0.5019,1955,True
ACH-000496,Binimetinib,5.0,20828,0.6205,0.9552,0.1119,0.5464,2574,True
ACH-000496,Busulfan,5.0,23138,0.813,0.7193,0.1072,0.6905,582,True
ACH-000496,Captopril,0.05,23645,0.7664,0.7731,0.0443,-0.0116,2330,True
ACH-000496,Cepharanthine,5.0,23017,0.7962,0.8857,0.0783,0.6503,614,True
ACH-000496,Chlorhexidine (diacetate),0.5,24069,0.7553,0.7466,-0.0131,-0.2523,1803,True
ACH-000496,Chlorhexidine (diacetate),5.0,23829,0.7989,0.7234,0.0697,0.799,360,True
ACH-000496,Ciclopirox,5.0,22833,0.8007,0.7765,0.1082,0.6073,572,True
ACH-000496,Clonidine (hydrochloride),5.0,24325,0.8095,0.6784,0.0599,0.8114,471,True
ACH-000496,Clotrimazole,5.0,23756,0.8048,0.7361,0.075,0.7103,711,True
ACH-000496,Cloxacillin (sodium),5.0,23737,0.8017,0.6692,0.0555,0.7182,294,True
ACH-000496,Cysteamine (hydrochloride),5.0,23877,0.7962,0.6956,0.0705,0.7481,411,True
ACH-000496,Cytarabine,0.05,23505,0.7142,0.7955,0.0355,0.2213,891,True
ACH-000496,Cytarabine,0.5,24889,0.7629,0.6586,-0.007,-0.0428,882,True
ACH-000496,Cytarabine,5.0,23261,0.686,0.8103,0.0189,0.1772,744,True
ACH-000496,Daidzin,0.05,22961,0.719,0.7937,-0.0074,-0.0249,1090,True
ACH-000496,Daidzin,0.5,24804,0.7857,0.6455,-0.0009,-0.0583,1345,True
ACH-000496,Daidzin,5.0,23181,0.8368,0.7357,0.0083,-0.0485,957,True
ACH-000496,Darinaparsin,5.0,23543,0.8115,0.8019,0.0876,0.6841,760,True
ACH-000496,Demeclocycline,5.0,23387,0.7993,0.7316,0.0286,0.4553,533,True
ACH-000496,Diammonium Glycyrrhizinate,5.0,23482,0.8069,0.7056,0.0933,0.7888,326,True
ACH-000496,Docetaxel,5.0,24013,0.7783,0.7871,0.0736,0.7061,730,True
ACH-000496,Elagolix sodium,5.0,22919,0.8265,0.7206,0.1115,0.661,659,True
ACH-000496,Flumatinib (mesylate),0.05,22609,0.6872,0.8046,0.0128,0.2175,921,True
ACH-000496,Flumatinib (mesylate),0.5,24876,0.7652,0.7339,0.0465,0.4182,1185,True
ACH-000496,Flumatinib (mesylate),5.0,22858,0.7082,0.782,-0.02,-0.2845,737,True
ACH-000496,Fluvoxamine (maleate),5.0,23404,0.7834,0.7337,0.0614,0.5238,451,True
ACH-000496,Folic acid,5.0,23148,0.807,0.6526,0.0584,0.5794,352,True
ACH-000496,Fumaric acid,0.05,22733,0.7,0.8116,0.0231,0.2822,936,True
ACH-000496,Fumaric acid,0.5,25191,0.7732,0.7063,0.0229,0.2659,898,True
ACH-000496,Fumaric acid,5.0,23698,0.7704,0.8016,-0.0475,-0.2005,1185,True
ACH-000496,Furosemide,5.0,23452,0.7677,0.7192,0.0538,0.7984,284,True
ACH-000496,Fusidic acid,5.0,23628,0.8063,0.6854,0.0764,0.6478,490,True
ACH-000496,Gallic acid,5.0,23528,0.8144,0.681,0.0821,0.7302,484,True
ACH-000496,Gallic acid (hydrate),5.0,23442,0.8148,0.7306,0.0777,0.673,600,True
ACH-000496,Gemfibrozil,5.0,23684,0.8163,0.7327,0.0672,0.7217,716,True
ACH-000496,Goserelin (acetate),5.0,23763,0.8259,0.672,0.0771,0.6739,511,True
ACH-000496,Hexylresorcinol,5.0,24493,0.8117,0.7089,0.0748,0.7051,617,True
ACH-000496,Homoharringtonine,5.0,22467,1.7108,1.9504,0.7503,0.8892,5516,True
ACH-000496,Hydroxyfasudil,0.05,23214,2.2097,0.6843,0.0045,0.1398,368,True
ACH-000496,Idarubicin (hydrochloride),5.0,24368,1.482,1.6016,0.6516,0.8621,6825,True
ACH-000496,Irinotecan (hydrochloride),0.05,21991,0.728,0.7893,0.0206,0.0952,1861,True
ACH-000496,Irinotecan (hydrochloride),0.5,24926,0.8032,0.6758,-0.0308,-0.1511,1923,True
ACH-000496,Irinotecan (hydrochloride),5.0,23010,0.8202,0.7482,-0.0438,-0.2038,2315,True
ACH-000496,Isocorydine,5.0,23714,0.7993,0.7002,0.0619,0.502,469,True
ACH-000496,L-Thyroxine (sodium salt pentahydrate),5.0,21997,2.547,0.6451,0.036,-0.032,191,True
ACH-000496,Larotrectinib,5.0,23503,0.8025,0.8376,0.0951,0.655,505,True
ACH-000496,Lenalidomide (hemihydrate),5.0,22921,0.7838,0.7213,0.0942,0.6631,447,True
ACH-000496,Lidocaine (hydrochloride),5.0,22909,0.8285,0.8575,0.0989,0.6054,1027,True
ACH-000496,Lipoic acid,5.0,23709,0.8088,0.6854,0.0603,0.7546,503,True
ACH-000496,Lumateperone (tosylate),5.0,23595,0.81,0.6765,0.0693,0.6702,374,True
ACH-000496,Malotilate,0.05,23907,0.8166,0.7613,0.0394,-0.018,3891,True
ACH-000496,Medroxyprogesterone acetate,5.0,22817,0.8272,0.7713,0.1282,0.6969,794,True
ACH-000496,Megestrol,5.0,24136,0.7962,0.7471,0.0702,0.7338,793,True
ACH-000496,Methylprednisolone succinate,0.05,22990,3.489,0.7137,-0.022,0.0034,7675,True
ACH-000496,Mitoxantrone (dihydrochloride),5.0,23950,0.8049,0.9022,0.0832,0.6508,644,True
ACH-000496,Naproxen,0.05,22039,0.6558,0.7974,0.0236,0.1731,431,True
ACH-000496,Naproxen,0.5,24960,0.7504,0.691,-0.0186,-0.1096,678,True
ACH-000496,Naproxen,5.0,22855,0.6997,0.7611,-0.0105,-0.4341,424,True
ACH-000496,Neratinib (maleate),5.0,23344,0.8308,0.7619,0.1284,0.6491,723,True
ACH-000496,Norepinephrine (hydrochloride),5.0,23181,0.8101,0.7533,0.0715,0.6672,567,True
ACH-000496,Olanzapine,5.0,23556,0.8155,0.7331,0.083,0.6809,645,True
ACH-000496,PF-06260933,0.05,22987,3.1828,0.6929,-0.0262,-0.0169,6301,True
ACH-000496,Palmatine (chloride),5.0,23337,0.7914,0.7223,0.0696,0.7786,347,True
ACH-000496,Pasireotide (acetate),5.0,24184,0.8237,0.7032,0.08,0.6769,741,True
ACH-000496,Pentagastrin,5.0,24172,0.8159,0.6613,0.0501,0.5558,407,True
ACH-000496,Pentamidine (isethionate),0.5,23069,0.7971,0.7525,0.0492,0.0217,1034,True
ACH-000496,Pentamidine (isethionate),5.0,23762,0.7911,0.7924,0.081,0.7712,771,True
ACH-000496,Pralsetinib,0.05,24207,0.7883,0.7274,-0.0007,-0.0818,1282,True
ACH-000496,Pravastatin (sodium),0.05,22036,0.6884,0.7794,0.0147,0.147,954,True
ACH-000496,Pravastatin (sodium),0.5,24497,0.7639,0.6635,0.0141,0.1346,1138,True
ACH-000496,Pravastatin (sodium),5.0,23255,0.784,0.758,-0.0554,-0.3667,1509,True
ACH-000496,Pyridoxine,5.0,23333,0.8066,0.7357,0.0576,0.68,576,True
ACH-000496,Pyridoxine (hydrochloride),5.0,23216,0.8225,0.6681,0.0784,0.6952,547,True
ACH-000496,Quinestrol,5.0,23795,0.7977,0.7269,0.0738,0.7557,498,True
ACH-000496,Radotinib,5.0,23287,0.8798,0.768,0.1482,0.7243,1992,True
ACH-000496,Raltitrexed,5.0,23851,0.8081,0.6766,0.0742,0.824,346,True
ACH-000496,Rapamycin,5.0,23739,0.8287,0.7341,0.0835,0.6113,809,True
ACH-000496,Regorafenib,0.05,24120,0.7683,0.7123,-0.0058,-0.4838,773,True
ACH-000496,Regorafenib,0.5,24776,0.7643,0.6811,-0.0206,-0.4206,794,True
ACH-000496,Regorafenib,5.0,21734,0.6552,0.9411,-0.0144,-0.1965,951,True
ACH-000496,Relugolix,5.0,23894,0.8045,0.6534,0.0384,0.6503,240,True
ACH-000496,Resveratrol,5.0,22846,0.8306,0.6835,0.0826,0.5854,780,True
ACH-000496,Retinoic acid,5.0,24092,0.8016,0.7725,0.1085,0.7315,718,True
ACH-000496,Riluzole hydrochloride,5.0,23998,0.8143,0.7497,0.1106,0.745,981,True
ACH-000496,Rimonabant,5.0,23453,0.8113,0.7149,0.0827,0.7325,453,True
ACH-000496,Ritonavir,5.0,23403,0.802,0.7504,0.073,0.6234,482,True
ACH-000496,Ropivacaine (hydrochloride monohydrate),5.0,23213,0.8021,0.7084,0.0816,0.7559,555,True
ACH-000496,S-Adenosyl-L-methionine (disulfate tosylate),5.0,23702,0.814,0.7466,0.0932,0.7712,645,True
ACH-000496,Salicylic acid,5.0,23624,0.7823,0.8381,0.0482,0.7275,496,True
ACH-000496,Saquinavir,5.0,22484,0.8227,0.7944,0.1363,0.6287,705,True
ACH-000496,Selinexor ,5.0,22551,1.0486,0.762,0.212,0.6453,1523,True
ACH-000496,Sinomenine,5.0,23402,0.8083,0.696,0.0897,0.6431,466,True
ACH-000496,Sodium Salicylate,5.0,24147,0.8034,0.7727,0.074,0.6409,935,True
ACH-000496,Sonidegib,0.05,23252,2.6462,0.7021,0.0017,-0.0883,317,True
ACH-000496,Sulfisoxazole,0.5,23306,0.7891,0.7637,0.0756,0.1333,1171,True
ACH-000496,Sulfisoxazole,5.0,23611,0.8275,0.7396,0.077,0.542,513,True
ACH-000496,Temsirolimus,5.0,23367,0.8088,0.7358,0.0963,0.6964,548,True
ACH-000496,Terfenadine,0.5,22716,0.8338,0.7506,0.0902,-0.0035,1960,True
ACH-000496,Terfenadine,5.0,23198,0.8047,0.744,0.0521,0.4945,459,True
ACH-000496,Thymol,5.0,23126,0.8168,0.7363,0.0847,0.5759,686,True
ACH-000496,Tofacitinib,5.0,23352,0.8421,0.7707,0.1288,0.6931,893,True
ACH-000496,Tofacitinib (citrate),5.0,23647,0.8059,0.7743,0.0887,0.5576,713,True
ACH-000496,Tolcapone,5.0,23737,0.8014,0.7165,0.0692,0.7582,414,True
ACH-000496,Topotecan (hydrochloride),0.05,22020,0.6772,0.7986,0.0001,0.116,866,True
ACH-000496,Topotecan (hydrochloride),0.5,25042,0.7566,0.7257,-0.045,-0.4815,920,True
ACH-000496,Topotecan (hydrochloride),5.0,22632,0.7088,0.9403,-0.023,-0.2322,982,True
ACH-000496,Trametinib,0.05,23710,0.7955,0.7956,0.1531,0.4746,1323,True
ACH-000496,Trametinib,0.5,24420,0.7903,0.9059,0.1968,0.6053,2079,True
ACH-000496,Trametinib,5.0,21606,0.6782,1.0395,0.1532,0.6609,2821,True
ACH-000496,Triamcinolone,5.0,23770,0.8477,0.8545,0.1499,0.7353,1408,True
ACH-000496,Triclosan,5.0,23847,0.7884,0.7372,0.0604,0.7768,352,True
ACH-000496,Trifluridine,5.0,23160,0.7793,0.726,0.0749,0.6511,332,True
ACH-000496,Trimetrexate,5.0,23269,0.8075,0.7521,0.0929,0.6312,519,True
ACH-000496,Tucidinostat,5.0,24459,0.8603,1.0115,0.2462,0.7897,1500,True
ACH-000496,Vilanterol,5.0,23264,0.8057,0.732,0.0777,0.7341,455,True
ACH-000496,Vinblastine (sulfate),5.0,23478,0.8197,0.8135,0.1247,0.7352,784,True
ACH-000521,(R)-Verapamil (hydrochloride),5.0,28151,0.7156,0.6824,0.0641,0.7442,704,True
ACH-000521,18β-Glycyrrhetinic acid,5.0,27503,0.7323,0.8047,0.0856,0.565,1198,True
ACH-000521,8-Hydroxyquinoline,5.0,27998,0.752,0.6661,0.0833,0.6272,1803,True
ACH-000521,Abemaciclib,0.05,25143,3.4381,0.802,-0.0251,-0.0344,8922,True
ACH-000521,Acetohexamide,5.0,27985,0.7225,0.7316,0.067,0.3481,984,True
ACH-000521,Adagrasib,0.05,35082,0.4713,0.551,0.1827,0.7351,7058,True
ACH-000521,Adenine,5.0,27765,0.7381,0.628,0.0741,0.5523,1366,True
ACH-000521,Adenosine,5.0,27877,0.7343,0.7653,0.086,0.6294,1424,True
ACH-000521,Afatinib,0.05,24644,0.6009,0.8161,0.0288,-0.0479,2396,False
ACH-000521,Afatinib,0.5,28495,0.6796,0.6122,0.0146,-0.0459,556,False
ACH-000521,Afatinib,5.0,26162,0.6733,0.8786,0.0341,0.4648,654,False
ACH-000521,Aliskiren,5.0,28191,0.7232,0.6909,0.0597,0.5657,795,True
ACH-000521,Allantoin,5.0,27777,0.7729,0.7177,0.1108,0.51,2843,True
ACH-000521,Almonertinib (hydrochloride),5.0,27356,0.7629,0.7191,0.1213,0.4483,2194,True
ACH-000521,Almonertinib (mesylate),0.05,21408,0.7253,0.817,0.0125,0.138,130,True
ACH-000521,Almonertinib (mesylate),0.5,24833,0.7941,0.7,0.0115,0.4971,440,True
ACH-000521,Almonertinib (mesylate),5.0,22433,0.8284,0.7122,-0.0289,-0.2844,273,True
ACH-000521,Amsacrine,5.0,27936,0.778,0.7849,0.143,0.6443,2786,True
ACH-000521,Anethole trithione,5.0,27935,0.7869,0.678,0.105,0.6379,2755,True
ACH-000521,Artesunate,5.0,27645,0.7843,0.7017,0.1578,0.761,2884,True
ACH-000521,Azithromycin (hydrate),5.0,27603,0.7459,0.7557,0.0864,0.5784,1617,True
ACH-000521,Baicalin,5.0,28249,0.7655,0.6675,0.1043,0.6497,1406,True
ACH-000521,Balsalazide (sodium hydrate),5.0,28592,0.7351,0.675,0.0733,0.6557,674,True
ACH-000521,Belumosudil,0.05,22009,0.6959,0.7983,0.0225,0.2509,191,True
ACH-000521,Belumosudil,0.5,24332,0.7779,0.7394,0.0373,0.3787,496,True
ACH-000521,Belumosudil,5.0,21702,0.7626,0.8611,0.041,-0.1151,373,True
ACH-000521,Berbamine,0.5,25551,0.8119,0.6261,-0.0361,-0.3231,1087,True
ACH-000521,Berbamine,5.0,27732,0.7263,0.6702,0.0534,0.6266,728,True
ACH-000521,Berbamine (dihydrochloride),0.05,22037,0.6969,0.8149,0.0325,0.5489,505,True
ACH-000521,Berbamine (dihydrochloride),0.5,23852,0.7977,0.671,0.0004,0.2473,329,True
ACH-000521,Berbamine (dihydrochloride),5.0,22186,0.8333,0.7514,0.0189,0.2157,488,True
ACH-000521,Berberine (chloride hydrate),5.0,28430,0.7437,0.6572,0.0562,0.5452,989,True
ACH-000521,Bergenin,5.0,27866,0.7536,0.6975,0.0798,0.5394,1460,True
ACH-000521,Bimatoprost,5.0,28212,0.7399,0.7307,0.077,0.4337,1307,True
ACH-000521,Binimetinib,0.05,27350,0.7212,0.7568,0.0869,0.4388,3261,True
ACH-000521,Binimetinib,0.5,27195,0.7815,0.7551,0.0999,0.3959,2014,True
ACH-000521,Binimetinib,5.0,25188,0.7331,0.8391,0.0848,0.58,2647,True
ACH-000521,Busulfan,5.0,27602,0.749,0.6971,0.0872,0.5406,1664,True
ACH-000521,Captopril,0.05,23287,0.7304,0.7843,0.0513,-0.0866,782,True
ACH-000521,Cepharanthine,5.0,27418,0.7462,0.8769,0.1214,0.6324,2094,True
ACH-000521,Chlorhexidine (diacetate),0.5,25122,0.8313,0.6139,-0.004,0.0107,848,True
ACH-000521,Chlorhexidine (diacetate),5.0,28407,0.7591,0.6997,0.1055,0.6198,1867,True
ACH-000521,Ciclopirox,5.0,27322,0.746,0.7475,0.1205,0.6024,1329,True
ACH-000521,Clonidine (hydrochloride),5.0,28723,0.7622,0.6501,0.0789,0.6728,1627,True
ACH-000521,Clotrimazole,5.0,28188,0.7301,0.7209,0.0776,0.6905,995,True
ACH-000521,Cloxacillin (sodium),5.0,27883,0.7302,0.6433,0.0697,0.7219,1142,True
ACH-000521,Cysteamine (hydrochloride),5.0,28232,0.7263,0.6502,0.0563,0.6033,464,True
ACH-000521,Cytarabine,0.05,22701,0.7341,0.8201,0.0272,0.1466,370,True
ACH-000521,Cytarabine,0.5,24108,0.7862,0.6818,-0.0024,-0.2305,263,True
ACH-000521,Cytarabine,5.0,22886,0.7188,0.8253,0.018,0.6095,234,True
ACH-000521,DTP3,0.05,25125,3.1248,0.8086,-0.0292,-0.017,7307,True
ACH-000521,Daidzin,0.05,22233,0.7354,0.7978,-0.0024,0.0503,403,True
ACH-000521,Daidzin,0.5,23894,0.8151,0.6526,0.0107,0.0431,168,True
ACH-000521,Daidzin,5.0,22450,0.851,0.7219,0.0011,-0.1281,401,True
ACH-000521,Darinaparsin,5.0,27761,0.7428,0.8034,0.0776,0.539,2064,True
ACH-000521,Demeclocycline,5.0,27902,0.7224,0.7065,0.0602,0.6416,922,True
ACH-000521,Diammonium Glycyrrhizinate,5.0,28086,0.7437,0.7138,0.0828,0.6827,1240,True
ACH-000521,Docetaxel,5.0,28366,0.7404,0.7709,0.0795,0.5544,2085,True
ACH-000521,Elagolix sodium,5.0,27361,0.7599,0.7005,0.1122,0.3336,1920,True
ACH-000521,Flumatinib (mesylate),0.05,21698,0.6955,0.8378,0.0226,0.282,556,True
ACH-000521,Flumatinib (mesylate),0.5,23807,0.7864,0.7796,0.0487,0.6638,701,True
ACH-000521,Flumatinib (mesylate),5.0,22230,0.758,0.7955,0.0098,-0.2517,247,True
ACH-000521,Fluvoxamine (maleate),5.0,27710,0.7392,0.7297,0.0859,0.6818,1529,True
ACH-000521,Folic acid,5.0,27522,0.7459,0.6254,0.0892,0.4796,536,True
ACH-000521,Fumaric acid,0.05,21878,0.7145,0.831,0.0002,-0.0058,263,True
ACH-000521,Fumaric acid,0.5,24080,0.7824,0.7485,0.0107,0.4705,242,True
ACH-000521,Fumaric acid,5.0,23192,0.792,0.7921,-0.0253,-0.2647,301,True
ACH-000521,Furosemide,5.0,28053,0.7145,0.6908,0.0199,0.4236,1233,True
ACH-000521,Fusidic acid,5.0,27895,0.7332,0.6667,0.0782,0.6819,751,True
ACH-000521,Gallic acid,5.0,28045,0.7485,0.6379,0.0726,0.645,1551,True
ACH-000521,Gallic acid (hydrate),5.0,27784,0.7448,0.7347,0.0816,0.5478,1525,True
ACH-000521,Gemfibrozil,5.0,28041,0.7452,0.7266,0.0757,0.6262,1968,True
ACH-000521,Goserelin (acetate),5.0,28059,0.7635,0.6477,0.0939,0.592,2218,True
ACH-000521,Hexylresorcinol,5.0,28620,0.7702,0.6807,0.0853,0.71,1780,True
ACH-000521,Homoharringtonine,5.0,28617,1.4545,1.5511,0.6938,0.8929,11864,True
ACH-000521,Hydroxyfasudil,0.05,25210,2.0824,0.7864,-0.0363,-0.0651,603,True
ACH-000521,Idarubicin (hydrochloride),5.0,28912,1.3426,1.4159,0.6229,0.855,9520,True
ACH-000521,Irinotecan (hydrochloride),0.05,21366,0.7853,0.807,0.0219,0.1222,1242,True
ACH-000521,Irinotecan (hydrochloride),0.5,23889,0.8379,0.6987,-0.0038,-0.0594,1284,True
ACH-000521,Irinotecan (hydrochloride),5.0,22093,0.9049,0.7363,-0.022,-0.0728,1278,True
ACH-000521,Isocorydine,5.0,28033,0.7642,0.6684,0.0809,0.5329,2721,True
ACH-000521,L-Thyroxine (sodium salt pentahydrate),5.0,26458,2.8676,0.6282,0.0014,0.0265,5159,True
ACH-000521,Larotrectinib,5.0,27776,0.7374,0.8034,0.0859,0.4034,982,True
ACH-000521,Lenalidomide (hemihydrate),5.0,27201,0.7259,0.7084,0.0931,0.599,949,True
ACH-000521,Lidocaine (hydrochloride),5.0,27501,0.7598,0.7998,0.1112,0.571,3016,True
ACH-000521,Lipoic acid,5.0,28112,0.7342,0.6567,0.0573,0.7438,1020,True
ACH-000521,Lumateperone (tosylate),5.0,27913,0.7307,0.6479,0.077,0.6637,574,True
ACH-000521,Malotilate,0.05,23447,0.7753,0.7844,0.0475,0.0471,3417,True
ACH-000521,Medroxyprogesterone acetate,5.0,27407,0.7525,0.7021,0.1068,0.4944,1854,True
ACH-000521,Megestrol,5.0,28215,0.7101,0.7099,0.0577,0.4815,1171,True
ACH-000521,Methylprednisolone succinate,0.05,24441,2.675,0.8018,-0.0305,-0.0017,4990,True
ACH-000521,Mitoxantrone (dihydrochloride),5.0,27993,0.739,1.1851,0.0966,0.457,1662,True
ACH-000521,Naproxen,0.05,21141,0.6962,0.8026,0.0072,-0.2448,105,True
ACH-000521,Naproxen,0.5,24061,0.7553,0.7239,-0.0219,-0.2424,258,True
ACH-000521,Naproxen,5.0,22227,0.7447,0.7576,-0.005,-0.6079,118,True
ACH-000521,Neratinib (maleate),5.0,27704,0.7674,0.7485,0.1132,0.5963,1806,True
ACH-000521,Norepinephrine (hydrochloride),5.0,27661,0.736,0.7427,0.0705,0.3435,1289,True
ACH-000521,Olanzapine,5.0,27992,0.741,0.7154,0.0869,0.5892,1334,True
ACH-000521,PF-06260933,0.05,25015,2.908,0.7787,-0.0629,-0.0429,6179,True
ACH-000521,Palmatine (chloride),5.0,27668,0.7307,0.7168,0.0713,0.6279,822,True
ACH-000521,Pasireotide (acetate),5.0,28092,0.7812,0.6923,0.0807,0.5258,2128,True
ACH-000521,Pentagastrin,5.0,28432,0.7602,0.6567,0.0687,0.6697,1144,True
ACH-000521,Pentamidine (isethionate),0.5,23487,0.8205,0.5934,0.0321,0.1557,306,True
ACH-000521,Pentamidine (isethionate),5.0,27974,0.7538,0.7755,0.1119,0.5275,2451,True
ACH-000521,Pralsetinib,0.05,25258,0.6507,0.7962,0.0216,0.0615,2693,True
ACH-000521,Pravastatin (sodium),0.05,21205,0.72,0.7991,0.0111,0.1668,171,True
ACH-000521,Pravastatin (sodium),0.5,23689,0.7824,0.7161,-0.005,0.0723,365,True
ACH-000521,Pravastatin (sodium),5.0,22683,0.8108,0.7605,-0.051,-0.283,694,True
ACH-000521,Pyridoxine,5.0,27664,0.7321,0.7478,0.0612,0.5438,1057,True
ACH-000521,Pyridoxine (hydrochloride),5.0,27693,0.7713,0.6318,0.0719,0.458,1551,True
ACH-000521,Quinestrol,5.0,28120,0.7341,0.7137,0.1055,0.6904,1152,True
ACH-000521,Radotinib,5.0,27529,0.7882,0.7458,0.1499,0.7111,3060,True
ACH-000521,Ralimetinib dimesylate,0.05,24458,2.347,0.803,-0.0054,0.0036,2631,True
ACH-000521,Raltitrexed,5.0,28402,0.7528,0.6454,0.0801,0.679,1229,True
ACH-000521,Rapamycin,5.0,27839,0.7678,0.7428,0.0762,0.3399,2286,True
ACH-000521,Regorafenib,0.05,25670,0.6212,0.7784,-0.0103,0.0625,1726,True
ACH-000521,Regorafenib,0.5,24768,0.8116,0.5741,0.0133,-0.5731,181,True
ACH-000521,Regorafenib,5.0,23907,0.7651,0.7532,0.0208,-0.1417,127,True
ACH-000521,Relugolix,5.0,28201,0.7414,0.6256,0.0521,0.4982,884,True
ACH-000521,Resveratrol,5.0,27303,0.7702,0.7068,0.0977,0.4351,1806,True
ACH-000521,Retinoic acid,5.0,28242,0.7565,0.6726,0.0866,0.6591,1908,True
ACH-000521,Riluzole hydrochloride,5.0,28328,0.7502,0.7311,0.1061,0.6697,2263,True
ACH-000521,Rimonabant,5.0,27926,0.743,0.6939,0.0915,0.7578,1087,True
ACH-000521,Ritonavir,5.0,27719,0.7265,0.7228,0.0811,0.7006,1028,True
ACH-000521,Ropivacaine (hydrochloride monohydrate),5.0,27666,0.7473,0.6879,0.0991,0.7509,1970,True
ACH-000521,S-Adenosyl-L-methionine (disulfate tosylate),5.0,28140,0.7632,0.7254,0.1072,0.7717,2080,True
ACH-000521,Salicylic acid,5.0,27966,0.7148,0.8399,0.0632,0.533,1051,True
ACH-000521,Saquinavir,5.0,27007,0.743,0.8152,0.1301,0.5107,1169,True
ACH-000521,Selinexor ,5.0,26890,1.0314,0.7068,0.1839,0.5404,2356,True
ACH-000521,Sinomenine,5.0,27622,0.734,0.6648,0.0959,0.5917,1206,True
ACH-000521,Sodium Salicylate,5.0,28441,0.7465,0.7537,0.0744,0.4237,2664,True
ACH-000521,Sonidegib,0.05,25145,2.148,0.7818,-0.0665,-0.0133,726,True
ACH-000521,Sulfisoxazole,0.5,23988,0.8357,0.6411,0.0632,0.234,949,True
ACH-000521,Sulfisoxazole,5.0,27855,0.7477,0.7268,0.0949,0.4729,902,True
ACH-000521,Temsirolimus,5.0,27733,0.7322,0.7459,0.1105,0.7876,1176,True
ACH-000521,Terfenadine,0.5,23227,0.8394,0.6026,0.0333,0.2105,593,True
ACH-000521,Terfenadine,5.0,27611,0.7764,0.7103,0.1126,0.5109,2993,True
ACH-000521,Thymol,5.0,27546,0.7493,0.7058,0.0685,0.4404,1848,True
ACH-000521,Tofacitinib,5.0,27774,0.7437,0.7202,0.0868,0.4927,1361,True
ACH-000521,Tofacitinib (citrate),5.0,27823,0.7485,0.7298,0.114,0.6812,1909,True
ACH-000521,Tolcapone,5.0,28071,0.7347,0.715,0.0849,0.6946,790,True
ACH-000521,Topotecan (hydrochloride),0.05,20951,0.6943,0.8122,0.0158,-0.077,425,True
ACH-000521,Topotecan (hydrochloride),0.5,24034,0.7532,0.7956,-0.0118,-0.2734,346,True
ACH-000521,Topotecan (hydrochloride),5.0,22025,0.7418,1.1232,-0.0382,-0.196,315,True
ACH-000521,Trametinib,0.05,26684,0.7072,0.8045,0.132,0.4039,3259,True
ACH-000521,Trametinib,0.5,27101,0.8068,0.7394,0.1205,0.6204,2120,True
ACH-000521,Trametinib,5.0,26212,0.8007,0.929,0.1063,0.4777,3300,True
ACH-000521,Triamcinolone,5.0,27606,0.7719,0.7929,0.1525,0.5904,2470,True
ACH-000521,Triclosan,5.0,28106,0.7234,0.7323,0.0744,0.6242,1169,True
ACH-000521,Trifluridine,5.0,27597,0.7149,0.7101,0.0846,0.6334,563,True
ACH-000521,Trimetrexate,5.0,27565,0.735,0.7492,0.1013,0.5814,1064,True
ACH-000521,Tucidinostat,5.0,28692,0.7987,0.9406,0.2419,0.8287,3454,True
ACH-000521,Vilanterol,5.0,27480,0.7306,0.6983,0.0864,0.7553,1521,True
ACH-000521,Vinblastine (sulfate),5.0,27755,0.7656,0.8054,0.1283,0.6874,2774,True
ACH-000521,c-Kit-IN-1,0.05,24579,2.6725,0.9421,0.0442,0.0465,5063,True
ACH-000521,olaparib,0.05,24781,2.9307,0.7982,0.0259,0.0047,6260,True
ACH-000552,(R)-Verapamil (hydrochloride),5.0,25278,0.765,0.7155,0.0593,0.6525,547,True
ACH-000552,18β-Glycyrrhetinic acid,5.0,24348,0.7878,0.8024,0.0967,0.6754,822,True
ACH-000552,8-Hydroxyquinoline,5.0,24659,0.7833,0.6958,0.091,0.6878,819,True
ACH-000552,Abemaciclib,0.05,23982,3.1345,0.7956,0.0574,0.0297,6685,True
ACH-000552,Acetohexamide,5.0,24926,0.7786,0.7484,0.0686,0.3627,1043,True
ACH-000552,Adagrasib,0.05,33460,0.4504,0.5188,0.1161,0.708,3850,True
ACH-000552,Adenine,5.0,24702,0.7928,0.6663,0.0835,0.6687,980,True
ACH-000552,Adenosine,5.0,25063,0.7742,0.743,0.065,0.6469,1046,True
ACH-000552,Afatinib,0.05,24567,0.6478,0.7764,0.0315,-0.042,2268,False
ACH-000552,Afatinib,0.5,27181,0.6146,0.7226,0.0219,0.0025,1074,False
ACH-000552,Afatinib,5.0,24385,0.6247,0.9825,0.021,0.3146,733,False
ACH-000552,Aliskiren,5.0,25165,0.784,0.717,0.0846,0.5835,771,True
ACH-000552,Allantoin,5.0,24578,0.8287,0.7113,0.1082,0.5729,1744,True
ACH-000552,Almonertinib (hydrochloride),5.0,24266,0.803,0.7883,0.1391,0.5936,1333,True
ACH-000552,Almonertinib (mesylate),0.05,21688,0.6918,0.8372,0.0033,0.0659,221,True
ACH-000552,Almonertinib (mesylate),0.5,24898,0.7826,0.6814,-0.0134,0.2887,570,True
ACH-000552,Almonertinib (mesylate),5.0,22572,0.85,0.7563,-0.0423,-0.1876,1082,True
ACH-000552,Amsacrine,5.0,24927,0.7954,0.7614,0.1199,0.6947,956,True
ACH-000552,Anethole trithione,5.0,25004,0.8097,0.7135,0.1262,0.7352,1194,True
ACH-000552,Artesunate,5.0,24687,0.8117,0.7308,0.1397,0.8032,1422,True
ACH-000552,Azithromycin (hydrate),5.0,24580,0.8002,0.7683,0.1057,0.5271,991,True
ACH-000552,Baicalin,5.0,25209,0.8008,0.6852,0.0819,0.6617,826,True
ACH-000552,Balsalazide (sodium hydrate),5.0,25343,0.7784,0.6938,0.0636,0.7059,579,True
ACH-000552,Belumosudil,0.05,22386,0.6956,0.7952,-0.0062,0.2467,398,True
ACH-000552,Belumosudil,0.5,24587,0.7527,0.7108,0.0155,0.0843,417,True
ACH-000552,Belumosudil,5.0,22359,0.7866,0.8095,0.0016,-0.1725,1114,True
ACH-000552,Berbamine,0.5,24675,0.7834,0.7181,-0.0358,-0.3571,1715,True
ACH-000552,Berbamine,5.0,24693,0.7841,0.6996,0.0689,0.5479,589,True
ACH-000552,Berbamine (dihydrochloride),0.05,21960,0.7105,0.8189,0.0261,0.356,878,True
ACH-000552,Berbamine (dihydrochloride),0.5,24062,0.7987,0.6851,-0.0061,0.0964,1239,True
ACH-000552,Berbamine (dihydrochloride),5.0,22306,0.8854,0.796,0.0052,-0.0364,1169,True
ACH-000552,Berberine (chloride hydrate),5.0,25234,0.8032,0.6626,0.0742,0.614,896,True
ACH-000552,Bergenin,5.0,24823,0.8006,0.7009,0.0746,0.5255,728,True
ACH-000552,Bimatoprost,5.0,25366,0.7813,0.7675,0.0996,0.5996,869,True
ACH-000552,Binimetinib,0.05,25198,0.7873,0.7674,0.1077,0.4555,2173,True
ACH-000552,Binimetinib,0.5,25092,0.7891,0.8041,0.1071,0.5012,1640,True
ACH-000552,Binimetinib,5.0,22692,0.699,0.8958,0.1068,0.6009,2630,True
ACH-000552,Busulfan,5.0,24587,0.8077,0.7143,0.1033,0.7003,1189,True
ACH-000552,Captopril,0.05,23289,0.7546,0.8029,0.0427,-0.1416,1324,True
ACH-000552,Cepharanthine,5.0,24254,0.7977,0.8488,0.1103,0.6657,1289,True
ACH-000552,Chlorhexidine (diacetate),0.5,24602,0.7982,0.7255,-0.013,-0.0125,1470,True
ACH-000552,Chlorhexidine (diacetate),5.0,25112,0.7823,0.7019,0.0747,0.7231,518,True
ACH-000552,Ciclopirox,5.0,24185,0.7836,0.7635,0.1116,0.5373,819,True
ACH-000552,Clonidine (hydrochloride),5.0,25488,0.8015,0.6849,0.1003,0.7853,657,True
ACH-000552,Clotrimazole,5.0,25087,0.7842,0.7317,0.0731,0.6834,765,True
ACH-000552,Cloxacillin (sodium),5.0,24911,0.7812,0.6837,0.0743,0.655,580,True
ACH-000552,Cysteamine (hydrochloride),5.0,25198,0.7805,0.6799,0.042,0.5789,862,True
ACH-000552,Cytarabine,0.05,22779,0.7305,0.8264,0.0333,0.079,641,True
ACH-000552,Cytarabine,0.5,24477,0.7816,0.6937,0.009,-0.2487,546,True
ACH-000552,Cytarabine,5.0,22695,0.7049,0.8397,0.0108,0.2365,329,True
ACH-000552,DTP3,0.05,24532,3.1689,0.8006,-0.0231,-0.0127,6340,True
ACH-000552,Daidzin,0.05,22297,0.7321,0.8185,-0.0116,-0.0549,786,True
ACH-000552,Daidzin,0.5,24050,0.781,0.6732,-0.0088,-0.071,673,True
ACH-000552,Daidzin,5.0,22525,0.8844,0.7637,0.0002,0.0199,736,True
ACH-000552,Darinaparsin,5.0,24741,0.7938,0.788,0.0907,0.6544,1280,True
ACH-000552,Demeclocycline,5.0,24742,0.7785,0.7127,0.0495,0.4439,841,True
ACH-000552,Diammonium Glycyrrhizinate,5.0,24991,0.7954,0.7182,0.0903,0.7133,786,True
ACH-000552,Docetaxel,5.0,25357,0.786,0.7935,0.0887,0.6931,1907,True
ACH-000552,Elagolix sodium,5.0,24342,0.8146,0.6972,0.0963,0.5742,1154,True
ACH-000552,Flumatinib (mesylate),0.05,21670,0.6921,0.8267,0.0118,0.3204,745,True
ACH-000552,Flumatinib (mesylate),0.5,24134,0.7589,0.7298,0.0092,0.2099,626,True
ACH-000552,Flumatinib (mesylate),5.0,22237,0.7321,0.8213,-0.0149,-0.4163,591,True
ACH-000552,Fluvoxamine (maleate),5.0,24723,0.783,0.7198,0.0798,0.6502,638,True
ACH-000552,Folic acid,5.0,24515,0.7943,0.6671,0.0714,0.5675,561,True
ACH-000552,Fumaric acid,0.05,22060,0.7185,0.8614,0.006,0.0356,758,True
ACH-000552,Fumaric acid,0.5,24411,0.7843,0.7312,-0.0061,0.0188,712,True
ACH-000552,Fumaric acid,5.0,23068,0.7862,0.8368,-0.0668,-0.3916,1204,True
ACH-000552,Furosemide,5.0,24891,0.7609,0.7171,0.04,0.622,657,True
ACH-000552,Fusidic acid,5.0,24878,0.7911,0.7009,0.0872,0.7929,673,True
ACH-000552,Gallic acid,5.0,25006,0.786,0.6801,0.0815,0.5784,686,True
ACH-000552,Gallic acid (hydrate),5.0,24743,0.8104,0.7314,0.1015,0.6044,1039,True
ACH-000552,Gemfibrozil,5.0,25118,0.8075,0.7182,0.067,0.6076,1294,True
ACH-000552,Goserelin (acetate),5.0,25126,0.8102,0.6675,0.0591,0.65,1050,True
ACH-000552,Hexylresorcinol,5.0,25956,0.7866,0.7087,0.0759,0.6532,710,True
ACH-000552,Homoharringtonine,5.0,25535,1.2813,1.3503,0.5965,0.8958,8532,True
ACH-000552,Hydroxyfasudil,0.05,24376,1.7856,0.7667,-0.0134,0.0196,606,True
ACH-000552,Idarubicin (hydrochloride),5.0,27207,1.3954,1.5227,0.64,0.8889,8303,True
ACH-000552,Irinotecan (hydrochloride),0.05,21324,0.7396,0.8154,0.0209,0.0929,1320,True
ACH-000552,Irinotecan (hydrochloride),0.5,24193,0.8148,0.7046,-0.0403,-0.1912,1302,True
ACH-000552,Irinotecan (hydrochloride),5.0,22594,0.8408,0.7932,-0.0404,-0.2877,1756,True
ACH-000552,Isocorydine,5.0,25002,0.7837,0.6813,0.0791,0.5863,608,True
ACH-000552,L-Thyroxine (sodium salt pentahydrate),5.0,23335,1.992,0.6566,0.0518,0.0116,418,True
ACH-000552,Larotrectinib,5.0,24976,0.8103,0.834,0.1174,0.4753,973,True
ACH-000552,Lenalidomide (hemihydrate),5.0,24247,0.7689,0.7216,0.103,0.688,766,True
ACH-000552,Lidocaine (hydrochloride),5.0,24247,0.8098,0.8226,0.0875,0.4565,2039,True
ACH-000552,Lipoic acid,5.0,25133,0.7737,0.6945,0.0628,0.7542,798,True
ACH-000552,Lumateperone (tosylate),5.0,25012,0.7831,0.6694,0.0636,0.6558,520,True
ACH-000552,Malotilate,0.05,23403,0.7909,0.7783,0.0489,0.0716,2810,True
ACH-000552,Medroxyprogesterone acetate,5.0,24182,0.8033,0.7016,0.1073,0.5252,1047,True
ACH-000552,Megestrol,5.0,25178,0.7644,0.723,0.0643,0.6553,700,True
ACH-000552,Mitoxantrone (dihydrochloride),5.0,25048,0.7913,0.8463,0.0895,0.5308,1309,True
ACH-000552,Naproxen,0.05,21247,0.6784,0.8167,0.0036,0.0696,273,True
ACH-000552,Naproxen,0.5,24335,0.7653,0.7201,-0.0011,-0.1614,387,True
ACH-000552,Naproxen,5.0,22087,0.7148,0.7844,-0.0068,-0.4703,439,True
ACH-000552,Neratinib (maleate),5.0,24626,0.8134,0.7501,0.1187,0.7163,1188,True
ACH-000552,Norepinephrine (hydrochloride),5.0,24651,0.8047,0.7363,0.0801,0.4939,1117,True
ACH-000552,Olanzapine,5.0,25017,0.7913,0.7251,0.101,0.7393,829,True
ACH-000552,PF-06260933,0.05,24047,3.6318,0.7423,-0.0234,-0.0021,9255,True
ACH-000552,Palmatine (chloride),5.0,24589,0.7771,0.7167,0.0859,0.7076,550,True
ACH-000552,Pasireotide (acetate),5.0,25337,0.8309,0.7008,0.1087,0.6804,1330,True
ACH-000552,Pentagastrin,5.0,25376,0.7966,0.6643,0.0379,0.6103,728,True
ACH-000552,Pentamidine (isethionate),0.5,23466,0.8497,0.7059,0.07,0.1259,917,True
ACH-000552,Pentamidine (isethionate),5.0,25070,0.7922,0.7594,0.0653,0.5135,1132,True
ACH-000552,Pralsetinib,0.05,24803,0.7489,0.7742,0.0101,0.0062,2463,True
ACH-000552,Pravastatin (sodium),0.05,21397,0.6918,0.8056,0.0182,0.188,561,True
ACH-000552,Pravastatin (sodium),0.5,23909,0.7628,0.7144,-0.0014,-0.1612,569,True
ACH-000552,Pravastatin (sodium),5.0,22752,0.821,0.7935,-0.0818,-0.3903,1540,True
ACH-000552,Pyridoxine,5.0,24493,0.7881,0.7405,0.0736,0.6488,852,True
ACH-000552,Pyridoxine (hydrochloride),5.0,24697,0.8116,0.6631,0.1008,0.6241,983,True
ACH-000552,Quinestrol,5.0,25110,0.7799,0.7152,0.0715,0.664,684,True
ACH-000552,Radotinib,5.0,24573,0.8347,0.7806,0.1464,0.7065,2048,True
ACH-000552,Raltitrexed,5.0,25266,0.7922,0.6881,0.0771,0.7601,700,True
ACH-000552,Rapamycin,5.0,24885,0.8111,0.7406,0.077,0.4582,1281,True
ACH-000552,Regorafenib,0.05,24876,0.7144,0.7752,-0.0078,-0.1123,1485,True
ACH-000552,Regorafenib,0.5,24602,0.8026,0.6749,-0.0134,-0.459,658,True
ACH-000552,Regorafenib,5.0,22737,0.7167,0.8592,-0.0038,-0.1283,493,True
ACH-000552,Relugolix,5.0,25047,0.7705,0.659,0.0475,0.5059,368,True
ACH-000552,Resveratrol,5.0,24296,0.811,0.6934,0.1094,0.6331,1197,True
ACH-000552,Retinoic acid,5.0,25300,0.7983,0.7002,0.0801,0.5998,1039,True
ACH-000552,Riluzole hydrochloride,5.0,25515,0.7987,0.7507,0.096,0.6645,1622,True
ACH-000552,Rimonabant,5.0,24859,0.7906,0.7029,0.081,0.789,790,True
ACH-000552,Ritonavir,5.0,24499,0.7839,0.7404,0.1094,0.6159,727,True
ACH-000552,Ropivacaine (hydrochloride monohydrate),5.0,24643,0.7747,0.7164,0.0965,0.7245,659,True
ACH-000552,S-Adenosyl-L-methionine (disulfate tosylate),5.0,25148,0.8093,0.7274,0.097,0.7007,1078,True
ACH-000552,Salicylic acid,5.0,25116,0.7691,0.7886,0.0871,0.6468,808,True
ACH-000552,Saquinavir,5.0,23882,0.7932,0.7952,0.1518,0.545,808,True
ACH-000552,Selinexor ,5.0,23936,0.9522,0.8246,0.2719,0.7294,2517,True
ACH-000552,Sinomenine,5.0,24702,0.7876,0.6891,0.0976,0.6828,880,True
ACH-000552,Sodium Salicylate,5.0,25455,0.7943,0.7728,0.0886,0.583,1473,True
ACH-000552,Sonidegib,0.05,24318,2.461,0.7645,-0.0009,-0.1066,474,True
ACH-000552,Sulfisoxazole,0.5,23635,0.8767,0.7406,0.1052,0.0841,1638,True
ACH-000552,Sulfisoxazole,5.0,24910,0.8057,0.7301,0.103,0.5679,765,True
ACH-000552,Temsirolimus,5.0,24783,0.7917,0.7416,0.0902,0.7301,836,True
ACH-000552,Terfenadine,0.5,23108,0.9061,0.6918,0.0695,-0.0228,1120,True
ACH-000552,Terfenadine,5.0,24510,0.7962,0.7359,0.0885,0.5709,1144,True
ACH-000552,Thymol,5.0,24428,0.7978,0.7187,0.096,0.4992,1376,True
ACH-000552,Tofacitinib,5.0,24606,0.8045,0.7649,0.1347,0.6446,1139,True
ACH-000552,Tofacitinib (citrate),5.0,24838,0.7889,0.7556,0.1003,0.6887,884,True
ACH-000552,Tolcapone,5.0,25183,0.7848,0.7159,0.0884,0.7012,782,True
ACH-000552,Topotecan (hydrochloride),0.05,21174,0.6895,0.821,-0.0248,-0.2078,772,True
ACH-000552,Topotecan (hydrochloride),0.5,24440,0.7615,0.8243,-0.0231,-0.4647,499,True
ACH-000552,Topotecan (hydrochloride),5.0,22085,0.7225,1.1264,-0.0203,-0.1488,841,True
ACH-000552,Trametinib,0.05,24825,0.7713,0.8197,0.1499,0.4438,2294,True
ACH-000552,Trametinib,0.5,24906,0.8154,0.8214,0.1494,0.5427,1626,True
ACH-000552,Trametinib,5.0,23842,0.7525,1.0069,0.1398,0.6144,2923,True
ACH-000552,Triamcinolone,5.0,24808,0.8219,0.7651,0.1143,0.6655,1647,True
ACH-000552,Triclosan,5.0,25183,0.7804,0.7492,0.0679,0.6697,942,True
ACH-000552,Trifluridine,5.0,24600,0.7844,0.7338,0.0893,0.6867,624,True
ACH-000552,Trimetrexate,5.0,24468,0.7991,0.7654,0.1183,0.6868,1006,True
ACH-000552,Tucidinostat,5.0,25787,0.8955,1.1424,0.3327,0.8311,2386,True
ACH-000552,Vilanterol,5.0,24672,0.7925,0.7243,0.0817,0.6501,1011,True
ACH-000552,Vinblastine (sulfate),5.0,24524,0.827,0.9095,0.2034,0.7175,1795,True
ACH-000552,c-Kit-IN-1,0.05,23911,3.3067,0.9921,0.1007,0.0556,6723,True
ACH-000552,olaparib,0.05,24326,3.2647,0.7459,0.0447,0.0013,6567,True
ACH-000555,(R)-Verapamil (hydrochloride),5.0,27643,0.7385,0.6816,0.0685,0.7367,733,True
ACH-000555,18β-Glycyrrhetinic acid,5.0,27030,0.7368,0.769,0.0844,0.5996,1067,True
ACH-000555,8-Hydroxyquinoline,5.0,27534,0.7562,0.6635,0.1083,0.7147,1461,True
ACH-000555,Acetohexamide,5.0,27436,0.7381,0.7143,0.0676,0.3782,1036,True
ACH-000555,Adagrasib,0.05,36228,0.4346,0.4951,0.1413,0.6946,5881,True
ACH-000555,Adenine,5.0,27446,0.7378,0.6308,0.0724,0.5929,1328,True
ACH-000555,Adenosine,5.0,27411,0.7193,0.7611,0.0564,0.6444,1267,True
ACH-000555,Afatinib,0.05,26921,0.5984,0.7501,0.0296,-0.0901,2382,False
ACH-000555,Afatinib,0.5,30337,0.5964,0.6837,0.0156,-0.0487,2097,False
ACH-000555,Afatinib,5.0,27074,0.5978,0.924,0.0296,0.316,1701,False
ACH-000555,Aliskiren,5.0,27695,0.7318,0.6765,0.0653,0.6848,953,True
ACH-000555,Allantoin,5.0,27269,0.7794,0.6936,0.1035,0.5744,2539,True
ACH-000555,Almonertinib (hydrochloride),5.0,26975,0.7742,0.7117,0.1127,0.5219,2226,True
ACH-000555,Almonertinib (mesylate),0.05,24985,0.6967,0.7641,0.0254,0.2386,979,True
ACH-000555,Almonertinib (mesylate),0.5,28254,0.7314,0.6807,0.0188,0.3731,1160,True
ACH-000555,Almonertinib (mesylate),5.0,25905,0.7867,0.6869,-0.0397,-0.2459,1192,True
ACH-000555,Amsacrine,5.0,27619,0.7878,0.8135,0.1727,0.6759,2465,True
ACH-000555,Anethole trithione,5.0,27545,0.7726,0.6784,0.1113,0.6736,2077,True
ACH-000555,Artesunate,5.0,27508,0.7865,0.685,0.1409,0.7598,2066,True
ACH-000555,Azithromycin (hydrate),5.0,27258,0.7489,0.7299,0.0909,0.6589,1484,True
ACH-000555,Baicalin,5.0,27918,0.7559,0.6546,0.1068,0.659,1098,True
ACH-000555,Balsalazide (sodium hydrate),5.0,28127,0.7371,0.6418,0.0669,0.7211,998,True
ACH-000555,Belumosudil,0.05,25653,0.6809,0.7577,0.0279,0.3775,1269,True
ACH-000555,Belumosudil,0.5,27867,0.7311,0.6871,0.0202,0.2777,1464,True
ACH-000555,Belumosudil,5.0,25445,0.7404,0.7825,-0.003,-0.1954,1731,True
ACH-000555,Berbamine,0.5,27503,0.7491,0.6686,-0.0138,-0.3386,2516,True
ACH-000555,Berbamine,5.0,27365,0.7325,0.6564,0.0577,0.6349,1001,True
ACH-000555,Berbamine (dihydrochloride),0.05,25668,0.6671,0.7693,0.0401,0.3738,1439,True
ACH-000555,Berbamine (dihydrochloride),0.5,27584,0.7592,0.6449,-0.0077,0.1325,1351,True
ACH-000555,Berbamine (dihydrochloride),5.0,25386,0.79,0.737,0.0064,0.0873,1110,True
ACH-000555,Berberine (chloride hydrate),5.0,27868,0.7566,0.6417,0.0788,0.6599,1017,True
ACH-000555,Bergenin,5.0,27390,0.7388,0.6629,0.0668,0.5896,1062,True
ACH-000555,Bimatoprost,5.0,27777,0.7615,0.6998,0.0958,0.5166,1637,True
ACH-000555,Binimetinib,0.05,27704,0.7574,0.6558,0.0779,0.4457,3087,True
ACH-000555,Binimetinib,0.5,28802,0.7594,0.7966,0.0748,0.2448,4292,True
ACH-000555,Binimetinib,5.0,25254,0.617,0.8762,0.0772,0.4289,4624,True
ACH-000555,Busulfan,5.0,26804,0.7703,0.6697,0.1255,0.6234,1350,True
ACH-000555,Captopril,0.05,26530,0.7013,0.7485,0.0592,0.0248,1703,True
ACH-000555,Cepharanthine,5.0,27018,0.7505,0.8652,0.0976,0.5786,1519,True
ACH-000555,Chlorhexidine (diacetate),0.5,27250,0.7724,0.6793,-0.0055,-0.0262,2317,True
ACH-000555,Chlorhexidine (diacetate),5.0,27841,0.7437,0.6924,0.0793,0.7476,1265,True
ACH-000555,Ciclopirox,5.0,26712,0.7455,0.7562,0.1304,0.7145,1068,True
ACH-000555,Clonidine (hydrochloride),5.0,28368,0.7715,0.6444,0.0734,0.7196,1210,True
ACH-000555,Clotrimazole,5.0,27728,0.7483,0.7229,0.0974,0.6886,1351,True
ACH-000555,Cloxacillin (sodium),5.0,27466,0.7537,0.6324,0.067,0.7412,1090,True
ACH-000555,Cysteamine (hydrochloride),5.0,27491,0.7331,0.6334,0.0639,0.6755,821,True
ACH-000555,Cytarabine,0.05,26389,0.7147,0.7571,0.0244,0.1734,1511,True
ACH-000555,Cytarabine,0.5,27350,0.7558,0.6616,0.0053,0.0166,1102,True
ACH-000555,Cytarabine,5.0,25969,0.6765,0.8052,0.0109,0.3786,949,True
ACH-000555,Daidzin,0.05,25722,0.7192,0.7473,-0.0003,-0.1107,1465,True
ACH-000555,Daidzin,0.5,27311,0.7628,0.6335,-0.0082,-0.0103,1164,True
ACH-000555,Daidzin,5.0,25684,0.8188,0.6972,-0.0171,-0.0846,1327,True
ACH-000555,Darinaparsin,5.0,27261,0.7485,0.7607,0.0903,0.6634,1549,True
ACH-000555,Demeclocycline,5.0,27366,0.7333,0.685,0.0533,0.4948,904,True
ACH-000555,Diammonium Glycyrrhizinate,5.0,27237,0.7388,0.6892,0.0976,0.7206,1107,True
ACH-000555,Docetaxel,5.0,28194,0.746,0.7462,0.0946,0.6151,2180,True
ACH-000555,Elagolix sodium,5.0,26845,0.7645,0.6765,0.1004,0.5796,1643,True
ACH-000555,Flumatinib (mesylate),0.05,25255,0.6655,0.8021,0.0048,0.2318,1346,True
ACH-000555,Flumatinib (mesylate),0.5,27439,0.742,0.7861,0.0515,0.5947,2176,True
ACH-000555,Flumatinib (mesylate),5.0,25569,0.7164,0.7663,0.0183,-0.1892,1023,True
ACH-000555,Fluvoxamine (maleate),5.0,27227,0.742,0.7237,0.112,0.745,1247,True
ACH-000555,Folic acid,5.0,27053,0.755,0.6234,0.0632,0.462,604,True
ACH-000555,Fumaric acid,0.05,25474,0.6903,0.7922,0.012,0.1904,1335,True
ACH-000555,Fumaric acid,0.5,27730,0.7503,0.7184,0.0189,0.3199,1526,True
ACH-000555,Fumaric acid,5.0,26520,0.7594,0.7786,-0.0361,-0.337,1374,True
ACH-000555,Furosemide,5.0,27532,0.7248,0.6754,0.051,0.6722,913,True
ACH-000555,Fusidic acid,5.0,27556,0.7451,0.6648,0.0875,0.7432,715,True
ACH-000555,Gallic acid,5.0,27685,0.7561,0.6314,0.0793,0.6608,1079,True
ACH-000555,Gallic acid (hydrate),5.0,27304,0.7581,0.7172,0.0815,0.6816,1578,True
ACH-000555,Gemfibrozil,5.0,27622,0.7542,0.7135,0.0747,0.6514,1913,True
ACH-000555,Goserelin (acetate),5.0,27673,0.7715,0.633,0.0712,0.7347,1716,True
ACH-000555,Hexylresorcinol,5.0,28235,0.7625,0.6659,0.0942,0.6926,1646,True
ACH-000555,Homoharringtonine,5.0,26870,1.3527,1.5268,0.6548,0.8735,9615,True
ACH-000555,Hydroxyfasudil,0.05,25966,2.3584,0.6899,-0.0181,0.0531,670,True
ACH-000555,Idarubicin (hydrochloride),5.0,29700,1.6413,1.715,0.7258,0.8831,12292,True
ACH-000555,Irinotecan (hydrochloride),0.05,24613,0.748,0.7655,0.0472,0.1634,3261,True
ACH-000555,Irinotecan (hydrochloride),0.5,27380,0.806,0.6932,0.0016,0.1351,3649,True
ACH-000555,Irinotecan (hydrochloride),5.0,25771,0.8476,0.7246,-0.0661,-0.3004,3645,True
ACH-000555,Isocorydine,5.0,27444,0.7701,0.6593,0.0721,0.5435,2081,True
ACH-000555,L-Thyroxine (sodium salt pentahydrate),5.0,25942,3.5282,0.6256,-0.0304,0.0422,8723,True
ACH-000555,Larotrectinib,5.0,27409,0.7438,0.8122,0.1111,0.564,1077,True
ACH-000555,Lenalidomide (hemihydrate),5.0,26816,0.7206,0.6953,0.0992,0.7502,1069,True
ACH-000555,Lidocaine (hydrochloride),5.0,26767,0.7648,0.7845,0.1266,0.5839,2444,True
ACH-000555,Lipoic acid,5.0,27710,0.7435,0.6456,0.0661,0.638,920,True
ACH-000555,Lumateperone (tosylate),5.0,27431,0.7349,0.6369,0.0649,0.5561,798,True
ACH-000555,Malotilate,0.05,26858,0.7756,0.7563,0.0471,0.0811,5942,True
ACH-000555,Medroxyprogesterone acetate,5.0,26865,0.7498,0.7188,0.1161,0.6315,1448,True
ACH-000555,Megestrol,5.0,27819,0.7346,0.7041,0.0605,0.6563,1234,True
ACH-000555,Mitoxantrone (dihydrochloride),5.0,27484,0.761,1.1498,0.1252,0.4945,1709,True
ACH-000555,Naproxen,0.05,24554,0.6476,0.7646,-0.0026,0.0492,661,True
ACH-000555,Naproxen,0.5,27547,0.7146,0.7095,-0.0091,0.001,1131,True
ACH-000555,Naproxen,5.0,25350,0.6941,0.7264,-0.0,-0.4684,604,True
ACH-000555,Neratinib (maleate),5.0,27191,0.7773,0.7483,0.1507,0.7102,1614,True
ACH-000555,Norepinephrine (hydrochloride),5.0,27074,0.7312,0.7242,0.0864,0.5547,999,True
ACH-000555,Olanzapine,5.0,27516,0.7455,0.6989,0.08,0.6815,1149,True
ACH-000555,PF-06260933,0.05,25862,3.6299,0.676,-0.0392,-0.0197,9757,True
ACH-000555,Palmatine (chloride),5.0,27174,0.7316,0.6991,0.0897,0.6942,852,True
ACH-000555,Pasireotide (acetate),5.0,27758,0.7829,0.6715,0.1062,0.6419,1640,True
ACH-000555,Pentagastrin,5.0,27922,0.7604,0.6327,0.0548,0.5899,1125,True
ACH-000555,Pentamidine (isethionate),0.5,26106,0.7608,0.6591,0.0507,0.1269,1126,True
ACH-000555,Pentamidine (isethionate),5.0,27555,0.7528,0.7568,0.0889,0.5745,1899,True
ACH-000555,Pralsetinib,0.05,26941,0.7289,0.7043,0.0072,0.0823,2066,True
ACH-000555,Pravastatin (sodium),0.05,24595,0.6963,0.7528,0.0394,0.2417,1389,True
ACH-000555,Pravastatin (sodium),0.5,26938,0.756,0.6806,0.0164,0.1668,1544,True
ACH-000555,Pravastatin (sodium),5.0,25891,0.7642,0.7303,-0.0421,-0.3711,1773,True
ACH-000555,Pyridoxine,5.0,27052,0.7435,0.7074,0.0915,0.6167,1406,True
ACH-000555,Pyridoxine (hydrochloride),5.0,27144,0.7756,0.6389,0.0984,0.5797,1543,True
ACH-000555,Quinestrol,5.0,27920,0.742,0.6959,0.0853,0.7757,1293,True
ACH-000555,Radotinib,5.0,27125,0.7768,0.7164,0.1397,0.6835,2182,True
ACH-000555,Raltitrexed,5.0,28060,0.7545,0.6393,0.0782,0.6758,947,True
ACH-000555,Rapamycin,5.0,27204,0.747,0.738,0.0966,0.4023,1483,True
ACH-000555,Regorafenib,0.05,26965,0.7132,0.6793,-0.0251,-0.0401,1470,True
ACH-000555,Regorafenib,0.5,27392,0.7514,0.6504,-0.0051,-0.3592,910,True
ACH-000555,Regorafenib,5.0,24867,0.668,0.7883,0.0107,-0.2335,986,True
ACH-000555,Relugolix,5.0,27648,0.7327,0.6177,0.0376,0.574,581,True
ACH-000555,Resveratrol,5.0,26768,0.7683,0.6685,0.1004,0.5878,1514,True
ACH-000555,Retinoic acid,5.0,28039,0.7575,0.6738,0.0669,0.6777,1297,True
ACH-000555,Riluzole hydrochloride,5.0,27599,0.7552,0.7074,0.0936,0.7289,1655,True
ACH-000555,Rimonabant,5.0,27510,0.7515,0.6712,0.0914,0.6601,1058,True
ACH-000555,Ritonavir,5.0,27231,0.7356,0.7083,0.1019,0.722,935,True
ACH-000555,Ropivacaine (hydrochloride monohydrate),5.0,27109,0.7435,0.6823,0.0874,0.7376,1297,True
ACH-000555,S-Adenosyl-L-methionine (disulfate tosylate),5.0,27486,0.755,0.7204,0.1117,0.7655,1716,True
ACH-000555,Salicylic acid,5.0,27605,0.7267,0.8391,0.0707,0.5582,1138,True
ACH-000555,Saquinavir,5.0,26394,0.7491,0.7887,0.1622,0.6006,1004,True
ACH-000555,Selinexor ,5.0,26354,1.2314,0.7899,0.278,0.6591,2529,True
ACH-000555,Sinomenine,5.0,27171,0.7348,0.6548,0.0998,0.6766,1005,True
ACH-000555,Sodium Salicylate,5.0,28036,0.7558,0.7367,0.0862,0.588,2260,True
ACH-000555,Sonidegib,0.05,26046,2.8906,0.6723,-0.0087,-0.0241,4815,True
ACH-000555,Sulfisoxazole,0.5,26594,0.7881,0.6864,0.0664,0.1944,1786,True
ACH-000555,Sulfisoxazole,5.0,27409,0.7405,0.7165,0.1048,0.5946,810,True
ACH-000555,Temsirolimus,5.0,27359,0.7455,0.733,0.1228,0.7752,1314,True
ACH-000555,Terfenadine,0.5,25780,0.7722,0.7095,0.1025,0.111,1698,True
ACH-000555,Terfenadine,5.0,26984,0.7856,0.7214,0.1188,0.5338,2635,True
ACH-000555,Thymol,5.0,26856,0.7391,0.6791,0.0862,0.5971,1771,True
ACH-000555,Tofacitinib,5.0,27153,0.7551,0.718,0.1325,0.663,1714,True
ACH-000555,Tofacitinib (citrate),5.0,27450,0.7657,0.7454,0.1079,0.6202,1855,True
ACH-000555,Tolcapone,5.0,27554,0.749,0.699,0.098,0.7765,713,True
ACH-000555,Topotecan (hydrochloride),0.05,24350,0.6787,0.7785,0.0092,0.0769,2127,True
ACH-000555,Topotecan (hydrochloride),0.5,27506,0.721,0.7961,-0.0309,-0.2775,1157,True
ACH-000555,Topotecan (hydrochloride),5.0,25311,0.721,0.955,-0.0139,-0.118,1655,True
ACH-000555,Trametinib,0.05,27038,0.7439,0.7124,0.1418,0.4705,2477,True
ACH-000555,Trametinib,0.5,28527,0.7427,0.8011,0.1189,0.421,3131,True
ACH-000555,Trametinib,5.0,26691,0.6625,0.9364,0.0851,0.3953,5089,True
ACH-000555,Triamcinolone,5.0,27751,0.816,0.8197,0.142,0.5045,3114,True
ACH-000555,Triclosan,5.0,27705,0.7331,0.7123,0.0776,0.6472,947,True
ACH-000555,Trifluridine,5.0,27109,0.7231,0.6849,0.0853,0.563,733,True
ACH-000555,Trimetrexate,5.0,27103,0.7467,0.7382,0.1351,0.707,1269,True
ACH-000555,Tucidinostat,5.0,28125,0.8368,0.9995,0.284,0.8198,3927,True
ACH-000555,Vilanterol,5.0,27087,0.7432,0.7162,0.1067,0.6652,1275,True
ACH-000555,Vinblastine (sulfate),5.0,27305,0.7693,0.7803,0.1415,0.7254,2095,True
ACH-000555,c-Kit-IN-1,0.05,25216,3.481,0.8817,0.0618,0.0805,8942,True
ACH-000555,olaparib,0.05,25932,3.5511,0.6946,0.0531,-0.0053,8984,True
ACH-000558,(R)-Verapamil (hydrochloride),5.0,27889,0.7387,0.685,0.0685,0.7489,847,True
ACH-000558,18β-Glycyrrhetinic acid,5.0,27075,0.7456,0.763,0.1008,0.6309,1331,True
ACH-000558,8-Hydroxyquinoline,5.0,27635,0.761,0.6699,0.1011,0.7157,1365,True
ACH-000558,Acetohexamide,5.0,27523,0.7462,0.731,0.0699,0.3507,1047,True
ACH-000558,Adagrasib,0.05,34768,0.443,0.5207,0.1296,0.686,4086,True
ACH-000558,Adenine,5.0,27499,0.749,0.6428,0.0739,0.6522,929,True
ACH-000558,Adenosine,5.0,27594,0.7329,0.7822,0.0915,0.6918,1358,True
ACH-000558,Afatinib,0.05,24796,0.6287,0.7877,0.0323,0.0695,1816,False
ACH-000558,Afatinib,0.5,28516,0.6388,0.6515,0.0425,-0.1094,890,False
ACH-000558,Afatinib,5.0,26167,0.6855,0.8312,0.0165,0.348,637,False
ACH-000558,Aliskiren,5.0,27827,0.7298,0.7075,0.0824,0.7157,869,True
ACH-000558,Allantoin,5.0,27368,0.7784,0.6976,0.1149,0.6663,2154,True
ACH-000558,Almonertinib (hydrochloride),5.0,27193,0.7669,0.7006,0.1106,0.6217,1720,True
ACH-000558,Almonertinib (mesylate),0.05,21360,0.6869,0.8255,0.0109,0.2864,265,True
ACH-000558,Almonertinib (mesylate),0.5,25075,0.7743,0.6926,0.0236,0.4107,499,True
ACH-000558,Almonertinib (mesylate),5.0,22364,0.838,0.7321,-0.031,0.0617,393,True
ACH-000558,Amsacrine,5.0,27838,0.794,0.8155,0.1855,0.7153,1738,True
ACH-000558,Anethole trithione,5.0,27788,0.797,0.6748,0.1158,0.6537,1974,True
ACH-000558,Artesunate,5.0,27367,0.7906,0.7141,0.1579,0.7663,2284,True
ACH-000558,Azithromycin (hydrate),5.0,27318,0.7569,0.7214,0.1005,0.7314,1170,True
ACH-000558,Baicalin,5.0,28014,0.7713,0.6663,0.096,0.7647,1123,True
ACH-000558,Balsalazide (sodium hydrate),5.0,28277,0.7536,0.6589,0.0691,0.7577,730,True
ACH-000558,Belumosudil,0.05,22249,0.6815,0.7921,0.0181,0.254,276,True
ACH-000558,Belumosudil,0.5,24895,0.7538,0.6952,0.0273,0.1732,550,True
ACH-000558,Belumosudil,5.0,21975,0.7738,0.8176,0.024,-0.1082,496,True
ACH-000558,Berbamine,0.5,25481,0.7955,0.6418,-0.0429,-0.4137,743,True
ACH-000558,Berbamine,5.0,27349,0.7394,0.6755,0.0726,0.6371,756,True
ACH-000558,Berbamine (dihydrochloride),0.05,21807,0.6724,0.8166,0.0243,0.5818,442,True
ACH-000558,Berbamine (dihydrochloride),0.5,24314,0.7937,0.6599,0.0151,0.1137,392,True
ACH-000558,Berbamine (dihydrochloride),5.0,22033,0.8776,0.7586,0.0076,0.0207,416,True
ACH-000558,Berberine (chloride hydrate),5.0,27998,0.7636,0.6534,0.077,0.7553,1109,True
ACH-000558,Bergenin,5.0,27553,0.7573,0.673,0.0816,0.6448,1184,True
ACH-000558,Bimatoprost,5.0,28049,0.7513,0.7265,0.105,0.6609,1150,True
ACH-000558,Binimetinib,0.05,25965,0.7083,0.757,0.0769,0.4314,2062,True
ACH-000558,Binimetinib,0.5,25893,0.788,0.7547,0.0454,0.3024,960,True
ACH-000558,Binimetinib,5.0,24716,0.7136,0.8589,0.1114,0.6587,2252,True
ACH-000558,Busulfan,5.0,26918,0.7759,0.6776,0.1337,0.6,1328,True
ACH-000558,Captopril,0.05,23045,0.7403,0.7635,0.0448,-0.0693,886,True
ACH-000558,Cepharanthine,5.0,27206,0.7581,0.8197,0.1207,0.7208,1413,True
ACH-000558,Chlorhexidine (diacetate),0.5,25407,0.8073,0.6455,0.0039,-0.0852,777,True
ACH-000558,Chlorhexidine (diacetate),5.0,27810,0.7622,0.7272,0.1188,0.782,1422,True
ACH-000558,Ciclopirox,5.0,26876,0.7483,0.7294,0.1388,0.637,1132,True
ACH-000558,Clonidine (hydrochloride),5.0,28451,0.7737,0.6476,0.0913,0.7257,1242,True
ACH-000558,Clotrimazole,5.0,27763,0.7524,0.7311,0.1004,0.6513,1284,True
ACH-000558,Cloxacillin (sodium),5.0,27650,0.7495,0.6429,0.0722,0.6921,988,True
ACH-000558,Cysteamine (hydrochloride),5.0,27835,0.7564,0.6467,0.0658,0.6039,766,True
ACH-000558,Cytarabine,0.05,22580,0.702,0.8107,0.0298,0.291,454,True
ACH-000558,Cytarabine,0.5,24585,0.7787,0.6679,0.0007,-0.0108,442,True
ACH-000558,Cytarabine,5.0,22730,0.6999,0.8346,0.0095,0.2481,248,True
ACH-000558,Daidzin,0.05,22058,0.7132,0.8142,-0.0019,-0.1469,554,True
ACH-000558,Daidzin,0.5,24120,0.7848,0.641,0.0117,0.0101,503,True
ACH-000558,Daidzin,5.0,22234,0.8809,0.7308,0.0044,0.0611,568,True
ACH-000558,Darinaparsin,5.0,27441,0.7523,0.7504,0.1047,0.7166,1514,True
ACH-000558,Demeclocycline,5.0,27541,0.7399,0.689,0.0526,0.4379,816,True
ACH-000558,Diammonium Glycyrrhizinate,5.0,27303,0.7507,0.6816,0.0955,0.7201,1106,True
ACH-000558,Docetaxel,5.0,28447,0.757,0.7996,0.1362,0.7043,2739,True
ACH-000558,Elagolix sodium,5.0,26726,0.7688,0.6834,0.1302,0.6128,1397,True
ACH-000558,Flumatinib (mesylate),0.05,21516,0.6662,0.8349,0.0332,0.4606,372,True
ACH-000558,Flumatinib (mesylate),0.5,24427,0.7733,0.7386,0.0457,0.5216,788,True
ACH-000558,Flumatinib (mesylate),5.0,22020,0.7234,0.8004,0.0038,-0.2875,351,True
ACH-000558,Fluvoxamine (maleate),5.0,27367,0.7512,0.7419,0.1087,0.6973,1111,True
ACH-000558,Folic acid,5.0,27148,0.7586,0.6334,0.0717,0.5909,598,True
ACH-000558,Fumaric acid,0.05,21872,0.6889,0.8437,0.0219,0.2792,415,True
ACH-000558,Fumaric acid,0.5,24567,0.7859,0.7175,0.0311,0.3093,484,True
ACH-000558,Fumaric acid,5.0,23040,0.7725,0.8127,-0.0663,-0.2764,418,True
ACH-000558,Furosemide,5.0,27611,0.7278,0.7014,0.0408,0.6774,676,True
ACH-000558,Fusidic acid,5.0,27599,0.7492,0.6661,0.0916,0.7017,891,True
ACH-000558,Gallic acid,5.0,27800,0.7649,0.6495,0.0755,0.6426,1271,True
ACH-000558,Gallic acid (hydrate),5.0,27482,0.7853,0.7165,0.1029,0.6318,1699,True
ACH-000558,Gemfibrozil,5.0,27673,0.762,0.7135,0.0741,0.6874,1543,True
ACH-000558,Goserelin (acetate),5.0,28044,0.7876,0.6538,0.0878,0.7245,1750,True
ACH-000558,Hexylresorcinol,5.0,28557,0.7689,0.6771,0.1213,0.6497,1707,True
ACH-000558,Homoharringtonine,5.0,28424,1.5771,1.6705,0.744,0.9208,12320,True
ACH-000558,Hydroxyfasudil,0.05,24855,2.0993,0.7687,-0.02,0.0276,539,True
ACH-000558,Idarubicin (hydrochloride),5.0,29367,1.5254,1.6215,0.6945,0.8807,11799,True
ACH-000558,Irinotecan (hydrochloride),0.05,20974,0.7488,0.8027,0.0239,0.0968,1421,True
ACH-000558,Irinotecan (hydrochloride),0.5,24293,0.866,0.7015,-0.0064,0.0322,2223,True
ACH-000558,Irinotecan (hydrochloride),5.0,22255,0.8931,0.7658,-0.0396,-0.0647,2201,True
ACH-000558,Isocorydine,5.0,27614,0.7741,0.691,0.0999,0.6264,1872,True
ACH-000558,L-Thyroxine (sodium salt pentahydrate),5.0,25985,2.9367,0.6338,0.0074,0.0297,4413,True
ACH-000558,Larotrectinib,5.0,27583,0.7579,0.8093,0.1243,0.6426,1059,True
ACH-000558,Lenalidomide (hemihydrate),5.0,26918,0.7465,0.6928,0.0877,0.7007,964,True
ACH-000558,Lidocaine (hydrochloride),5.0,27018,0.7673,0.7813,0.1246,0.5949,2226,True
ACH-000558,Lipoic acid,5.0,27943,0.7498,0.6615,0.0763,0.5537,957,True
ACH-000558,Lumateperone (tosylate),5.0,27683,0.745,0.6494,0.0783,0.6894,561,True
ACH-000558,Malotilate,0.05,23083,0.8014,0.7575,0.0483,-0.0471,2396,True
ACH-000558,Medroxyprogesterone acetate,5.0,26923,0.7435,0.6897,0.1052,0.504,1082,True
ACH-000558,Megestrol,5.0,27925,0.7402,0.6961,0.0622,0.6952,1034,True
ACH-000558,Mitoxantrone (dihydrochloride),5.0,27619,0.766,1.63,0.1372,0.428,1585,True
ACH-000558,Naproxen,0.05,20825,0.6509,0.8117,0.0156,0.0761,173,True
ACH-000558,Naproxen,0.5,24399,0.7484,0.6984,-0.0073,-0.2585,294,True
ACH-000558,Naproxen,5.0,21855,0.7108,0.7659,0.0005,-0.3847,166,True
ACH-000558,Neratinib (maleate),5.0,27425,0.7837,0.7496,0.1324,0.7155,1736,True
ACH-000558,Norepinephrine (hydrochloride),5.0,27222,0.7445,0.7151,0.0921,0.5482,1041,True
ACH-000558,Olanzapine,5.0,27750,0.7541,0.697,0.1046,0.6619,1064,True
ACH-000558,Palmatine (chloride),5.0,27297,0.7344,0.7124,0.0951,0.7181,885,True
ACH-000558,Pasireotide (acetate),5.0,27960,0.792,0.6779,0.0889,0.6511,2019,True
ACH-000558,Pentagastrin,5.0,28281,0.771,0.6393,0.0725,0.6502,969,True
ACH-000558,Pentamidine (isethionate),0.5,23810,0.8283,0.6174,0.0199,-0.3416,306,True
ACH-000558,Pentamidine (isethionate),5.0,27653,0.7592,0.772,0.0954,0.6547,1859,True
ACH-000558,Pralsetinib,0.05,25174,0.6815,0.7828,0.019,0.0623,2125,True
ACH-000558,Pravastatin (sodium),0.05,21127,0.6919,0.8126,0.0091,0.1583,369,True
ACH-000558,Pravastatin (sodium),0.5,23925,0.7827,0.6654,-0.0021,0.0966,498,True
ACH-000558,Pravastatin (sodium),5.0,22578,0.8092,0.7624,-0.0582,-0.3603,729,True
ACH-000558,Pyridoxine,5.0,27161,0.7509,0.7427,0.0847,0.605,1429,True
ACH-000558,Pyridoxine (hydrochloride),5.0,27211,0.776,0.626,0.1056,0.6171,1066,True
ACH-000558,Quinestrol,5.0,27900,0.7447,0.7,0.0887,0.6626,1042,True
ACH-000558,Radotinib,5.0,27095,0.7799,0.7251,0.1441,0.7465,2081,True
ACH-000558,Raltitrexed,5.0,27990,0.7601,0.6555,0.0907,0.7935,926,True
ACH-000558,Rapamycin,5.0,27502,0.7742,0.7465,0.1087,0.6208,1553,True
ACH-000558,Regorafenib,0.05,25431,0.6822,0.7529,-0.028,-0.021,1607,True
ACH-000558,Regorafenib,0.5,25025,0.8005,0.5906,-0.0013,-0.3706,322,True
ACH-000558,Regorafenib,5.0,23750,0.7421,0.782,0.0125,-0.3355,329,True
ACH-000558,Relugolix,5.0,27793,0.7449,0.6223,0.0473,0.6791,529,True
ACH-000558,Resveratrol,5.0,27003,0.7768,0.6777,0.1109,0.6197,1260,True
ACH-000558,Retinoic acid,5.0,28074,0.7643,0.7131,0.1135,0.711,1898,True
ACH-000558,Riluzole hydrochloride,5.0,27904,0.778,0.7272,0.1286,0.7036,1766,True
ACH-000558,Rimonabant,5.0,27599,0.7596,0.6841,0.1101,0.7462,1020,True
ACH-000558,Ritonavir,5.0,27189,0.7367,0.7175,0.1002,0.6669,1020,True
ACH-000558,Ropivacaine (hydrochloride monohydrate),5.0,27288,0.7426,0.6917,0.1121,0.7618,1310,True
ACH-000558,S-Adenosyl-L-methionine (disulfate tosylate),5.0,27567,0.7762,0.7551,0.1343,0.8121,1622,True
ACH-000558,Salicylic acid,5.0,27703,0.7318,0.8129,0.0758,0.7481,1121,True
ACH-000558,Saquinavir,5.0,26475,0.7501,0.7703,0.1631,0.5696,781,True
ACH-000558,Selinexor ,5.0,26555,1.042,0.8078,0.262,0.7046,2927,True
ACH-000558,Sinomenine,5.0,27391,0.7562,0.6554,0.0989,0.6189,1097,True
ACH-000558,Sodium Salicylate,5.0,28093,0.7559,0.7475,0.0896,0.5921,1734,True
ACH-000558,Sonidegib,0.05,24867,2.6262,0.7817,0.0103,0.0024,4203,True
ACH-000558,Sulfisoxazole,0.5,24174,0.8734,0.6585,0.0911,0.2086,1232,True
ACH-000558,Sulfisoxazole,5.0,27579,0.7577,0.7106,0.1082,0.6836,950,True
ACH-000558,Temsirolimus,5.0,27586,0.7655,0.7565,0.1255,0.7293,1264,True
ACH-000558,Terfenadine,0.5,23459,0.8437,0.6665,0.0662,-0.1614,651,True
ACH-000558,Terfenadine,5.0,27219,0.7745,0.7593,0.1295,0.7127,1990,True
ACH-000558,Thymol,5.0,27119,0.7541,0.6835,0.0793,0.5156,1613,True
ACH-000558,Tofacitinib,5.0,27267,0.7612,0.7376,0.1554,0.7223,1419,True
ACH-000558,Tofacitinib (citrate),5.0,27652,0.7644,0.7461,0.1298,0.635,1986,True
ACH-000558,Tolcapone,5.0,27635,0.7469,0.7182,0.0998,0.7051,788,True
ACH-000558,Topotecan (hydrochloride),0.05,20768,0.6514,0.8249,0.0086,-0.0123,499,True
ACH-000558,Topotecan (hydrochloride),0.5,24592,0.7574,0.7859,-0.0093,-0.2762,566,True
ACH-000558,Topotecan (hydrochloride),5.0,21743,0.7082,1.0004,-0.0204,-0.1521,520,True
ACH-000558,Trametinib,0.05,25321,0.7183,0.7831,0.1247,0.4746,2319,True
ACH-000558,Trametinib,0.5,25744,0.8266,0.7695,0.1291,0.6597,1844,True
ACH-000558,Trametinib,5.0,26106,0.8283,0.9328,0.1727,0.675,3677,True
ACH-000558,Triamcinolone,5.0,27814,0.8399,0.7686,0.1309,0.3633,2987,True
ACH-000558,Triclosan,5.0,27942,0.7553,0.7259,0.0949,0.6767,1329,True
ACH-000558,Trifluridine,5.0,27222,0.7341,0.6949,0.0987,0.6393,753,True
ACH-000558,Trimetrexate,5.0,27279,0.7561,0.7443,0.1205,0.6508,1135,True
ACH-000558,Tucidinostat,5.0,28122,0.8441,1.0648,0.3005,0.8095,3488,True
ACH-000558,Vilanterol,5.0,27287,0.7564,0.7186,0.1044,0.6689,1317,True
ACH-000558,Vinblastine (sulfate),5.0,27343,0.7885,0.8137,0.1637,0.7549,2428,True
ACH-000558,c-Kit-IN-1,0.05,24506,2.7012,0.8874,0.0723,0.0435,4073,True
ACH-000580,(R)-Verapamil (hydrochloride),5.0,25103,0.7532,0.7311,0.0728,0.7484,496,True
ACH-000580,18β-Glycyrrhetinic acid,5.0,24409,0.7677,0.8374,0.0726,0.6554,736,True
ACH-000580,8-Hydroxyquinoline,5.0,24740,0.7883,0.7049,0.0868,0.687,727,True
ACH-000580,Acetohexamide,5.0,24889,0.7727,0.7631,0.0714,0.585,653,True
ACH-000580,Adagrasib,0.05,32807,0.4595,0.5471,0.1297,0.7422,2533,True
ACH-000580,Adenine,5.0,24690,0.7722,0.6729,0.0731,0.6246,700,True
ACH-000580,Adenosine,5.0,24945,0.7727,0.7804,0.0674,0.7494,776,True
ACH-000580,Afatinib,0.05,23196,0.6653,0.8178,0.0215,-0.0912,1426,False
ACH-000580,Afatinib,0.5,26852,0.6576,0.692,0.012,-0.3381,591,False
ACH-000580,Afatinib,5.0,23114,0.6698,0.9709,-0.0009,0.3118,351,False
ACH-000580,Aliskiren,5.0,25137,0.7593,0.7247,0.0543,0.6845,579,True
ACH-000580,Allantoin,5.0,24388,0.7909,0.7342,0.1026,0.5825,1291,True
ACH-000580,Almonertinib (hydrochloride),5.0,24308,0.7892,0.761,0.0955,0.4584,1264,True
ACH-000580,Almonertinib (mesylate),0.05,20160,0.722,0.8504,0.0353,0.2795,146,True
ACH-000580,Almonertinib (mesylate),0.5,23832,0.8163,0.6868,0.0117,0.3018,453,True
ACH-000580,Almonertinib (mesylate),5.0,21009,0.9068,0.7591,-0.0199,0.1031,458,True
ACH-000580,Amsacrine,5.0,24665,0.7971,0.8316,0.1441,0.7298,1113,True
ACH-000580,Anethole trithione,5.0,24990,0.8129,0.7068,0.0896,0.6584,1316,True
ACH-000580,Artesunate,5.0,24686,0.8056,0.7346,0.1359,0.7525,1595,True
ACH-000580,Azithromycin (hydrate),5.0,24551,0.7854,0.7662,0.0991,0.6339,833,True
ACH-000580,Baicalin,5.0,25248,0.8143,0.7194,0.0836,0.5993,840,True
ACH-000580,Balsalazide (sodium hydrate),5.0,25469,0.7779,0.7095,0.0585,0.7545,474,True
ACH-000580,Belumosudil,0.05,20974,0.7164,0.8417,0.0145,0.6538,347,True
ACH-000580,Belumosudil,0.5,23468,0.7855,0.7326,0.0275,0.3698,542,True
ACH-000580,Belumosudil,5.0,20226,0.7942,0.934,0.0556,-0.1964,485,True
ACH-000580,Berbamine,0.5,23482,0.8015,0.7247,-0.0303,-0.3144,731,True
ACH-000580,Berbamine,5.0,24584,0.7503,0.7228,0.0685,0.7582,433,True
ACH-000580,Berbamine (dihydrochloride),0.05,20647,0.716,0.8514,0.0398,0.5253,462,True
ACH-000580,Berbamine (dihydrochloride),0.5,22889,0.8131,0.6732,0.0108,0.1917,353,True
ACH-000580,Berbamine (dihydrochloride),5.0,20686,0.9077,0.796,0.0008,0.0572,467,True
ACH-000580,Berberine (chloride hydrate),5.0,25366,0.8004,0.7,0.0608,0.558,567,True
ACH-000580,Bergenin,5.0,24693,0.7891,0.708,0.0595,0.5705,758,True
ACH-000580,Bimatoprost,5.0,25076,0.7823,0.783,0.0768,0.6173,690,True
ACH-000580,Binimetinib,0.05,24285,0.8475,0.8086,0.1366,0.5513,2379,True
ACH-000580,Binimetinib,0.5,24527,0.896,0.8781,0.2129,0.6886,2852,True
ACH-000580,Binimetinib,5.0,20731,0.7631,1.0235,0.1878,0.6337,3895,True
ACH-000580,Busulfan,5.0,24350,0.7919,0.7374,0.1144,0.6032,884,True
ACH-000580,Captopril,0.05,21987,0.7512,0.8172,0.0344,-0.0979,1019,True
ACH-000580,Cepharanthine,5.0,24327,0.7898,0.8603,0.1102,0.666,1241,True
ACH-000580,Chlorhexidine (diacetate),0.5,23424,0.8151,0.7298,-0.0255,-0.1397,731,True
ACH-000580,Chlorhexidine (diacetate),5.0,25068,0.7719,0.7385,0.0878,0.7693,553,True
ACH-000580,Ciclopirox,5.0,24039,0.788,0.775,0.1185,0.5065,850,True
ACH-000580,Clonidine (hydrochloride),5.0,25613,0.8093,0.6837,0.0776,0.7489,681,True
ACH-000580,Clotrimazole,5.0,25055,0.7696,0.7478,0.062,0.6392,710,True
ACH-000580,Cloxacillin (sodium),5.0,24891,0.7789,0.6915,0.0554,0.6938,719,True
ACH-000580,Cysteamine (hydrochloride),5.0,25003,0.7688,0.6982,0.0662,0.6743,432,True
ACH-000580,Cytarabine,0.05,21462,0.7445,0.8541,0.0501,0.3812,351,True
ACH-000580,Cytarabine,0.5,23227,0.8151,0.7067,0.019,0.0993,336,True
ACH-000580,Cytarabine,5.0,21393,0.7231,0.876,0.0074,0.2539,274,True
ACH-000580,Daidzin,0.05,20905,0.7637,0.8296,0.0153,-0.0239,431,True
ACH-000580,Daidzin,0.5,22859,0.8137,0.6724,0.0074,-0.2067,524,True
ACH-000580,Daidzin,5.0,20975,0.9249,0.7566,-0.008,-0.0558,369,True
ACH-000580,Darinaparsin,5.0,24681,0.783,0.8088,0.1074,0.7005,898,True
ACH-000580,Demeclocycline,5.0,24751,0.7637,0.7173,0.0327,0.601,478,True
ACH-000580,Diammonium Glycyrrhizinate,5.0,24759,0.7728,0.7384,0.0726,0.7195,635,True
ACH-000580,Docetaxel,5.0,25445,0.7645,0.8074,0.0926,0.6867,1174,True
ACH-000580,Elagolix sodium,5.0,24325,0.8097,0.7361,0.1122,0.5391,1002,True
ACH-000580,Flumatinib (mesylate),0.05,20107,0.696,0.8668,0.0411,0.3114,420,True
ACH-000580,Flumatinib (mesylate),0.5,22905,0.801,0.7751,0.0244,0.5068,705,True
ACH-000580,Flumatinib (mesylate),5.0,20629,0.7607,0.8454,0.0062,-0.3029,336,True
ACH-000580,Fluvoxamine (maleate),5.0,24668,0.7778,0.7555,0.0798,0.7279,865,True
ACH-000580,Folic acid,5.0,24413,0.7914,0.6645,0.0583,0.6777,436,True
ACH-000580,Fumaric acid,0.05,20436,0.728,0.8691,0.0304,0.1606,405,True
ACH-000580,Fumaric acid,0.5,23098,0.8291,0.744,0.0311,0.2803,373,True
ACH-000580,Fumaric acid,5.0,21577,0.7963,0.8329,-0.0373,-0.3525,468,True
ACH-000580,Furosemide,5.0,24845,0.752,0.7328,0.0422,0.5065,498,True
ACH-000580,Fusidic acid,5.0,24891,0.768,0.7098,0.0681,0.7263,531,True
ACH-000580,Gallic acid,5.0,24808,0.7835,0.6825,0.0616,0.5847,841,True
ACH-000580,Gallic acid (hydrate),5.0,24617,0.7892,0.7562,0.0899,0.6108,884,True
ACH-000580,Gemfibrozil,5.0,24655,0.7767,0.7589,0.0655,0.6633,824,True
ACH-000580,Goserelin (acetate),5.0,25211,0.8262,0.6798,0.0678,0.6553,1622,True
ACH-000580,Hexylresorcinol,5.0,25787,0.8164,0.7164,0.0998,0.632,1126,True
ACH-000580,Homoharringtonine,5.0,27498,1.7115,1.8933,0.7532,0.9183,11333,True
ACH-000580,Hydroxyfasudil,0.05,22930,2.0483,0.7806,-0.0449,-0.0257,488,True
ACH-000580,Idarubicin (hydrochloride),5.0,27741,1.5079,1.7021,0.6762,0.8884,9060,True
ACH-000580,Irinotecan (hydrochloride),0.05,19743,0.7835,0.8331,0.025,0.176,858,True
ACH-000580,Irinotecan (hydrochloride),0.5,23068,0.877,0.7066,-0.0181,-0.0846,1366,True
ACH-000580,Irinotecan (hydrochloride),5.0,20680,1.0105,0.8032,-0.0142,0.0406,1858,True
ACH-000580,Isocorydine,5.0,24919,0.8006,0.7094,0.0616,0.5934,1483,True
ACH-000580,L-Thyroxine (sodium salt pentahydrate),5.0,23466,3.2867,0.668,0.0412,0.2197,155,True
ACH-000580,Larotrectinib,5.0,24655,0.7875,0.8561,0.1146,0.585,803,True
ACH-000580,Lenalidomide (hemihydrate),5.0,24142,0.7814,0.7433,0.1,0.5832,858,True
ACH-000580,Lidocaine (hydrochloride),5.0,24096,0.7944,0.8805,0.1207,0.6223,1263,True
ACH-000580,Lipoic acid,5.0,24943,0.7769,0.7019,0.0517,0.7335,643,True
ACH-000580,Lumateperone (tosylate),5.0,24998,0.7836,0.6986,0.0648,0.7694,500,True
ACH-000580,Malotilate,0.05,21979,0.8407,0.8128,0.0749,0.0683,2727,True
ACH-000580,Medroxyprogesterone acetate,5.0,24035,0.7913,0.7265,0.0995,0.577,802,True
ACH-000580,Megestrol,5.0,25187,0.779,0.7344,0.0727,0.6788,882,True
ACH-000580,Methylprednisolone succinate,0.05,22513,3.6138,0.793,-0.0329,-0.0046,8484,True
ACH-000580,Mitoxantrone (dihydrochloride),5.0,25030,0.7871,0.9873,0.1078,0.5496,938,True
ACH-000580,Naproxen,0.05,19624,0.6856,0.8497,0.0268,-0.0456,116,True
ACH-000580,Naproxen,0.5,23048,0.7763,0.7297,0.0089,-0.0978,177,True
ACH-000580,Naproxen,5.0,20472,0.7331,0.8131,-0.0024,-0.4147,136,True
ACH-000580,Neratinib (maleate),5.0,24691,0.817,0.7466,0.1027,0.655,1277,True
ACH-000580,Norepinephrine (hydrochloride),5.0,24452,0.7826,0.7713,0.081,0.354,700,True
ACH-000580,Olanzapine,5.0,24805,0.7776,0.7455,0.0951,0.7098,658,True
ACH-000580,PF-06260933,0.05,22704,2.7231,0.7722,-0.0524,-0.057,2931,True
ACH-000580,Palmatine (chloride),5.0,24436,0.7643,0.7366,0.0888,0.7767,586,True
ACH-000580,Pasireotide (acetate),5.0,25071,0.8388,0.7207,0.1167,0.6097,1683,True
ACH-000580,Pentagastrin,5.0,25658,0.8015,0.6714,0.0779,0.6824,846,True
ACH-000580,Pentamidine (isethionate),0.5,21959,0.8614,0.7164,0.0591,0.0714,393,True
ACH-000580,Pentamidine (isethionate),5.0,24882,0.784,0.7929,0.0778,0.6194,1134,True
ACH-000580,Pralsetinib,0.05,23410,0.7758,0.8023,0.0175,0.067,2145,True
ACH-000580,Pravastatin (sodium),0.05,19748,0.7327,0.8468,0.0176,0.3266,308,True
ACH-000580,Pravastatin (sodium),0.5,22474,0.8033,0.6952,0.0029,-0.0291,315,True
ACH-000580,Pravastatin (sodium),5.0,21173,0.8215,0.7844,-0.0503,-0.4043,533,True
ACH-000580,Pyridoxine,5.0,24502,0.7767,0.7419,0.0735,0.627,662,True
ACH-000580,Pyridoxine (hydrochloride),5.0,24605,0.805,0.6768,0.0884,0.7071,866,True
ACH-000580,Quinestrol,5.0,25034,0.7673,0.729,0.0592,0.7825,567,True
ACH-000580,Radotinib,5.0,24225,0.8517,0.811,0.1875,0.7112,2360,True
ACH-000580,Ralimetinib dimesylate,0.05,22561,3.5849,0.7891,-0.0003,0.0123,8171,True
ACH-000580,Raltitrexed,5.0,25290,0.7856,0.6954,0.0748,0.6987,693,True
ACH-000580,Rapamycin,5.0,24813,0.7869,0.8211,0.0953,0.5203,1017,True
ACH-000580,Regorafenib,0.05,23663,0.7381,0.7778,-0.0023,-0.0102,925,True
ACH-000580,Regorafenib,0.5,23392,0.8394,0.6176,0.0294,-0.4677,385,True
ACH-000580,Regorafenib,5.0,20785,0.7392,0.886,-0.0073,-0.3181,363,True
ACH-000580,Relugolix,5.0,25156,0.7752,0.6682,0.0411,0.6993,456,True
ACH-000580,Resveratrol,5.0,24113,0.8142,0.7411,0.1024,0.5065,1088,True
ACH-000580,Retinoic acid,5.0,25349,0.7945,0.736,0.077,0.7136,1314,True
ACH-000580,Riluzole hydrochloride,5.0,25081,0.787,0.7637,0.102,0.7092,797,True
ACH-000580,Rimonabant,5.0,24944,0.7843,0.716,0.0886,0.7818,819,True
ACH-000580,Ritonavir,5.0,24370,0.7636,0.7873,0.1007,0.6103,660,True
ACH-000580,Ropivacaine (hydrochloride monohydrate),5.0,24457,0.78,0.7273,0.1079,0.7148,990,True
ACH-000580,S-Adenosyl-L-methionine (disulfate tosylate),5.0,25034,0.7978,0.77,0.1173,0.8446,1084,True
ACH-000580,Salicylic acid,5.0,24982,0.7661,0.8317,0.0716,0.672,647,True
ACH-000580,Saquinavir,5.0,23759,0.7845,0.8572,0.1638,0.6648,579,True
ACH-000580,Selinexor ,5.0,23939,1.101,0.8917,0.2822,0.6877,2269,True
ACH-000580,Sinomenine,5.0,24581,0.7819,0.6941,0.0741,0.7028,781,True
ACH-000580,Sodium Salicylate,5.0,25400,0.7945,0.7919,0.0967,0.611,1150,True
ACH-000580,Sonidegib,0.05,23186,2.512,0.7628,-0.045,-0.0875,434,True
ACH-000580,Sulfisoxazole,0.5,22199,0.9077,0.7411,0.102,0.2875,1123,True
ACH-000580,Sulfisoxazole,5.0,24773,0.8025,0.7617,0.1049,0.4868,729,True
ACH-000580,Temsirolimus,5.0,24664,0.7893,0.8085,0.0927,0.7866,969,True
ACH-000580,Terfenadine,0.5,21360,1.0269,0.7209,0.0871,-0.1532,1485,True
ACH-000580,Terfenadine,5.0,24466,0.8007,0.7672,0.0745,0.5284,1357,True
ACH-000580,Thymol,5.0,24353,0.7698,0.7364,0.075,0.5066,902,True
ACH-000580,Tofacitinib,5.0,24439,0.807,0.8218,0.1528,0.6618,1490,True
ACH-000580,Tofacitinib (citrate),5.0,24901,0.7998,0.8245,0.1033,0.6062,1391,True
ACH-000580,Tolcapone,5.0,24964,0.7698,0.7443,0.0882,0.7552,525,True
ACH-000580,Topotecan (hydrochloride),0.05,19630,0.6881,0.9017,-0.0191,-0.07,393,True
ACH-000580,Topotecan (hydrochloride),0.5,23267,0.7809,0.8923,-0.0249,-0.2394,449,True
ACH-000580,Topotecan (hydrochloride),5.0,20199,0.7422,1.1042,-0.0189,-0.0546,356,True
ACH-000580,Trametinib,0.05,23909,0.7802,0.8978,0.1444,0.4176,1664,True
ACH-000580,Trametinib,0.5,24314,0.8909,0.8626,0.2114,0.7233,2540,True
ACH-000580,Trametinib,5.0,22484,0.8204,1.0697,0.2107,0.7074,4086,True
ACH-000580,Triamcinolone,5.0,24740,0.8141,0.7839,0.1232,0.6799,1641,True
ACH-000580,Triclosan,5.0,24932,0.791,0.7494,0.076,0.663,688,True
ACH-000580,Trifluridine,5.0,24398,0.7604,0.7482,0.092,0.6526,363,True
ACH-000580,Trimetrexate,5.0,24411,0.7783,0.7856,0.0855,0.6572,771,True
ACH-000580,Tucidinostat,5.0,25589,0.9009,1.1893,0.3798,0.8714,2463,True
ACH-000580,Vilanterol,5.0,24430,0.7968,0.7624,0.0774,0.6185,1157,True
ACH-000580,Vinblastine (sulfate),5.0,24565,0.8229,0.8742,0.1733,0.7793,1903,True
ACH-000580,olaparib,0.05,23036,3.3974,0.7711,0.0132,-0.0264,7468,True
ACH-000601,(R)-Verapamil (hydrochloride),5.0,22359,0.818,0.691,0.0678,0.8944,109,True
ACH-000601,18β-Glycyrrhetinic acid,5.0,21878,0.8226,0.7731,0.0892,0.7857,169,True
ACH-000601,8-Hydroxyquinoline,5.0,22209,0.8431,0.6686,0.0922,0.8433,232,True
ACH-000601,Acetohexamide,5.0,22178,0.8302,0.7421,0.0669,0.4449,200,True
ACH-000601,Adagrasib,0.05,33669,0.5487,0.5754,0.2502,0.827,8371,True
ACH-000601,Adenine,5.0,21776,0.8305,0.6147,0.0771,0.753,222,True
ACH-000601,Adenosine,5.0,22298,0.8071,0.7825,0.0869,0.7844,182,True
ACH-000601,Afatinib,0.05,25454,0.6585,0.7238,0.0451,0.0585,1301,False
ACH-000601,Afatinib,0.5,26755,0.5257,0.778,0.0216,-0.0745,2686,False
ACH-000601,Afatinib,5.0,23526,0.5262,0.9972,0.0081,0.3546,1547,False
ACH-000601,Aliskiren,5.0,22436,0.8279,0.7064,0.08,0.8508,136,True
ACH-000601,Allantoin,5.0,21831,0.8398,0.6997,0.1,0.6877,435,True
ACH-000601,Almonertinib (hydrochloride),5.0,21594,0.8399,0.7318,0.1113,0.5109,325,True
ACH-000601,Almonertinib (mesylate),0.05,24227,0.6644,0.7736,0.0096,0.3995,1077,True
ACH-000601,Almonertinib (mesylate),0.5,27322,0.7596,0.6611,0.002,0.1375,1629,True
ACH-000601,Almonertinib (mesylate),5.0,25084,0.7945,0.7316,-0.0252,-0.2651,1362,True
ACH-000601,Amsacrine,5.0,22251,0.8538,0.729,0.1326,0.8591,279,True
ACH-000601,Anethole trithione,5.0,22418,0.8472,0.6661,0.0902,0.7503,369,True
ACH-000601,Artesunate,5.0,21975,0.8399,0.7031,0.1196,0.8324,389,True
ACH-000601,Azithromycin (hydrate),5.0,21961,0.8326,0.7431,0.1032,0.7488,177,True
ACH-000601,Baicalin,5.0,22345,0.8332,0.6535,0.1003,0.8567,146,True
ACH-000601,Balsalazide (sodium hydrate),5.0,22626,0.8154,0.6542,0.0736,0.7772,108,True
ACH-000601,Belumosudil,0.05,24856,0.679,0.7747,0.0362,0.3013,1295,True
ACH-000601,Belumosudil,0.5,26862,0.7372,0.6774,0.0403,0.13,1452,True
ACH-000601,Belumosudil,5.0,23796,0.7098,0.9481,0.1014,-0.0321,1738,True
ACH-000601,Berbamine,0.5,24705,0.6991,0.7523,-0.0358,-0.2348,3472,True
ACH-000601,Berbamine,5.0,21946,0.8123,0.6709,0.0588,0.8116,157,True
ACH-000601,Berbamine (dihydrochloride),0.05,24529,0.6807,0.7779,0.0563,0.3958,2259,True
ACH-000601,Berbamine (dihydrochloride),0.5,26911,0.7723,0.6528,0.015,0.0917,2487,True
ACH-000601,Berbamine (dihydrochloride),5.0,24563,0.8185,0.7695,0.031,0.051,1804,True
ACH-000601,Berberine (chloride hydrate),5.0,22337,0.8338,0.6507,0.0727,0.6701,150,True
ACH-000601,Bergenin,5.0,21862,0.8192,0.6618,0.0713,0.709,180,True
ACH-000601,Bimatoprost,5.0,22462,0.8342,0.7299,0.1029,0.6195,157,True
ACH-000601,Binimetinib,0.05,23497,0.8579,0.679,0.1168,0.6267,1212,True
ACH-000601,Binimetinib,0.5,24552,0.7941,0.9442,0.1732,0.5635,4478,True
ACH-000601,Binimetinib,5.0,21001,0.6334,1.0232,0.1818,0.4411,6842,True
ACH-000601,Busulfan,5.0,21560,0.8557,0.6932,0.1328,0.5964,373,True
ACH-000601,Captopril,0.05,25361,0.7446,0.7514,0.0722,-0.0392,2332,True
ACH-000601,Cepharanthine,5.0,21857,0.8219,0.8365,0.0921,0.6542,249,True
ACH-000601,Chlorhexidine (diacetate),0.5,24863,0.7157,0.772,-0.0039,-0.0969,3244,True
ACH-000601,Chlorhexidine (diacetate),5.0,22158,0.8501,0.7371,0.1338,0.8521,508,True
ACH-000601,Ciclopirox,5.0,21677,0.8285,0.7377,0.107,0.7716,207,True
ACH-000601,Clonidine (hydrochloride),5.0,22687,0.8328,0.6357,0.0734,0.7749,183,True
ACH-000601,Clotrimazole,5.0,22504,0.8225,0.7433,0.0752,0.7367,182,True
ACH-000601,Cloxacillin (sodium),5.0,22398,0.8245,0.6307,0.0458,0.758,208,True
ACH-000601,Cysteamine (hydrochloride),5.0,22114,0.8154,0.6424,0.0455,0.7472,123,True
ACH-000601,Cytarabine,0.05,25342,0.7289,0.7794,0.0666,0.3395,2042,True
ACH-000601,Cytarabine,0.5,26677,0.7431,0.642,0.0037,-0.0892,1445,True
ACH-000601,Cytarabine,5.0,25148,0.6929,0.8007,0.0356,0.189,1374,True
ACH-000601,DTP3,0.05,22642,3.1046,0.663,0.0126,0.074,103,True
ACH-000601,Daidzin,0.05,24568,0.7008,0.7707,0.0062,0.0388,2099,True
ACH-000601,Daidzin,0.5,26791,0.7501,0.6376,0.0218,0.0461,1703,True
ACH-000601,Daidzin,5.0,24978,0.8418,0.7461,0.008,0.0382,1468,True
ACH-000601,Darinaparsin,5.0,22118,0.8375,0.7517,0.0994,0.7741,316,True
ACH-000601,Demeclocycline,5.0,22200,0.8144,0.7009,0.0509,0.6255,141,True
ACH-000601,Diammonium Glycyrrhizinate,5.0,22052,0.8341,0.6946,0.0824,0.7851,175,True
ACH-000601,Docetaxel,5.0,22787,0.8136,0.7465,0.0456,0.7274,300,True
ACH-000601,Elagolix sodium,5.0,21734,0.8484,0.6806,0.1079,0.7559,380,True
ACH-000601,Flumatinib (mesylate),0.05,24276,0.6791,0.791,0.0044,0.1103,2108,True
ACH-000601,Flumatinib (mesylate),0.5,26520,0.7523,0.7172,0.0478,0.1426,2071,True
ACH-000601,Flumatinib (mesylate),5.0,24827,0.7099,0.7814,0.0009,-0.2241,1630,True
ACH-000601,Fluvoxamine (maleate),5.0,22015,0.8322,0.7371,0.0838,0.7983,210,True
ACH-000601,Folic acid,5.0,21793,0.841,0.6234,0.0444,0.4307,160,True
ACH-000601,Fumaric acid,0.05,24551,0.6957,0.8099,0.0243,0.2549,1915,True
ACH-000601,Fumaric acid,0.5,27165,0.7594,0.7128,0.014,0.1677,1900,True
ACH-000601,Fumaric acid,5.0,25146,0.7693,0.803,-0.0348,-0.1807,2131,True
ACH-000601,Furosemide,5.0,22244,0.814,0.701,0.0589,0.7499,78,True
ACH-000601,Fusidic acid,5.0,21974,0.8179,0.6558,0.0733,0.8312,166,True
ACH-000601,Gallic acid,5.0,22055,0.8179,0.6348,0.061,0.7181,243,True
ACH-000601,Gallic acid (hydrate),5.0,21929,0.8502,0.7072,0.1053,0.724,246,True
ACH-000601,Gemfibrozil,5.0,22249,0.8416,0.7022,0.0801,0.5907,405,True
ACH-000601,Goserelin (acetate),5.0,22586,0.8365,0.6479,0.0542,0.7572,318,True
ACH-000601,Hexylresorcinol,5.0,23051,0.8199,0.6687,0.0742,0.8413,206,True
ACH-000601,Homoharringtonine,5.0,21018,1.3923,1.6098,0.65,0.8401,3746,True
ACH-000601,Hydroxyfasudil,0.05,22574,2.3444,0.636,0.0228,-0.0212,379,True
ACH-000601,Idarubicin (hydrochloride),5.0,23279,1.3904,1.4818,0.6192,0.875,5491,True
ACH-000601,Irinotecan (hydrochloride),0.05,23999,0.7299,0.7658,0.0423,0.2399,2763,True
ACH-000601,Irinotecan (hydrochloride),0.5,26639,0.7914,0.6793,-0.0108,-0.185,2900,True
ACH-000601,Irinotecan (hydrochloride),5.0,25027,0.809,0.7668,-0.0069,-0.1001,3261,True
ACH-000601,Isocorydine,5.0,22200,0.8412,0.6579,0.071,0.7021,295,True
ACH-000601,Larotrectinib,5.0,22270,0.8408,0.7952,0.117,0.6048,194,True
ACH-000601,Lenalidomide (hemihydrate),5.0,21617,0.8081,0.699,0.0846,0.7839,207,True
ACH-000601,Lidocaine (hydrochloride),5.0,21586,0.8292,0.8047,0.1249,0.6942,545,True
ACH-000601,Lipoic acid,5.0,22565,0.8263,0.6442,0.0489,0.7692,219,True
ACH-000601,Lumateperone (tosylate),5.0,22213,0.8173,0.6401,0.0793,0.857,79,True
ACH-000601,Malotilate,0.05,25680,0.7899,0.7438,0.045,-0.1308,4485,True
ACH-000601,Medroxyprogesterone acetate,5.0,21537,0.8394,0.685,0.0656,0.4519,378,True
ACH-000601,Megestrol,5.0,22738,0.8263,0.7002,0.0647,0.7033,190,True
ACH-000601,Methylprednisolone succinate,0.05,22425,3.0318,0.6453,-0.028,0.0001,2885,True
ACH-000601,Mitoxantrone (dihydrochloride),5.0,22398,0.8413,1.1433,0.1002,0.5589,294,True
ACH-000601,Naproxen,0.05,23910,0.6514,0.7788,0.0113,0.0074,1122,True
ACH-000601,Naproxen,0.5,26810,0.7283,0.6768,-0.0217,-0.2103,1246,True
ACH-000601,Naproxen,5.0,24814,0.6954,0.7535,0.0001,-0.2882,1324,True
ACH-000601,Neratinib (maleate),5.0,21909,0.8486,0.7133,0.0987,0.806,363,True
ACH-000601,Norepinephrine (hydrochloride),5.0,21742,0.8256,0.7222,0.0807,0.4658,227,True
ACH-000601,Olanzapine,5.0,22194,0.8418,0.7059,0.0963,0.8577,249,True
ACH-000601,Palmatine (chloride),5.0,22004,0.821,0.7164,0.0808,0.7871,187,True
ACH-000601,Pasireotide (acetate),5.0,22547,0.8584,0.6899,0.0893,0.8294,283,True
ACH-000601,Pentagastrin,5.0,22763,0.8373,0.6278,0.0383,0.7785,196,True
ACH-000601,Pentamidine (isethionate),0.5,24187,0.7545,0.7734,0.0558,-0.0741,1681,True
ACH-000601,Pentamidine (isethionate),5.0,22315,0.8342,0.7659,0.1069,0.8046,351,True
ACH-000601,Pralsetinib,0.05,24081,0.8311,0.6603,0.0153,-0.0786,764,True
ACH-000601,Pravastatin (sodium),0.05,23864,0.6804,0.7624,0.0341,0.2942,1639,True
ACH-000601,Pravastatin (sodium),0.5,26360,0.7382,0.66,0.0252,0.0155,1607,True
ACH-000601,Pravastatin (sodium),5.0,24833,0.7662,0.7689,-0.0506,-0.3128,1855,True
ACH-000601,Pyridoxine,5.0,21650,0.8209,0.7279,0.0813,0.7018,196,True
ACH-000601,Pyridoxine (hydrochloride),5.0,21934,0.8432,0.6266,0.0928,0.6265,245,True
ACH-000601,Quinestrol,5.0,22277,0.8256,0.6885,0.0829,0.8195,162,True
ACH-000601,Radotinib,5.0,22049,0.8537,0.7099,0.0958,0.7665,458,True
ACH-000601,Raltitrexed,5.0,22588,0.832,0.6404,0.0659,0.8642,146,True
ACH-000601,Rapamycin,5.0,22238,0.8576,0.7502,0.1139,0.7234,363,True
ACH-000601,Regorafenib,0.05,23448,0.8204,0.6381,-0.0004,-0.0638,540,True
ACH-000601,Regorafenib,0.5,25118,0.7223,0.7587,-0.0077,-0.312,1672,True
ACH-000601,Regorafenib,5.0,21461,0.5822,0.8861,0.0287,0.0446,1420,True
ACH-000601,Relugolix,5.0,22299,0.8234,0.6233,0.0464,0.6551,119,True
ACH-000601,Resveratrol,5.0,21737,0.8427,0.6758,0.0812,0.6407,549,True
ACH-000601,Retinoic acid,5.0,22580,0.8396,0.6766,0.0761,0.6532,277,True
ACH-000601,Riluzole hydrochloride,5.0,22116,0.8475,0.706,0.1119,0.7687,369,True
ACH-000601,Rimonabant,5.0,22455,0.8288,0.6727,0.0914,0.8177,275,True
ACH-000601,Ritonavir,5.0,22063,0.8253,0.7375,0.0925,0.8218,127,True
ACH-000601,Ropivacaine (hydrochloride monohydrate),5.0,22000,0.8301,0.6934,0.1003,0.8646,261,True
ACH-000601,S-Adenosyl-L-methionine (disulfate tosylate),5.0,22213,0.8368,0.7449,0.1197,0.8472,310,True
ACH-000601,Salicylic acid,5.0,22516,0.8008,0.8102,0.0748,0.7655,194,True
ACH-000601,Saquinavir,5.0,21230,0.8378,0.7841,0.137,0.5759,258,True
ACH-000601,Selinexor ,5.0,21114,1.0506,0.7271,0.1924,0.5978,783,True
ACH-000601,Sinomenine,5.0,22121,0.8412,0.6599,0.0726,0.7977,214,True
ACH-000601,Sodium Salicylate,5.0,22689,0.8364,0.7527,0.0982,0.7763,283,True
ACH-000601,Sonidegib,0.05,22466,2.7524,0.6518,0.0207,0.0231,192,True
ACH-000601,Sulfisoxazole,0.5,24133,0.7622,0.7929,0.0983,0.1937,2147,True
ACH-000601,Sulfisoxazole,5.0,22073,0.8279,0.6972,0.094,0.8079,148,True
ACH-000601,Temsirolimus,5.0,22066,0.8292,0.7538,0.0994,0.7964,246,True
ACH-000601,Terfenadine,0.5,23505,0.7686,0.7932,0.1249,0.078,2170,True
ACH-000601,Terfenadine,5.0,21890,0.8252,0.7539,0.0854,0.7631,251,True
ACH-000601,Thymol,5.0,21645,0.8375,0.6967,0.0934,0.6755,366,True
ACH-000601,Tofacitinib,5.0,21917,0.8608,0.7443,0.1515,0.7449,476,True
ACH-000601,Tofacitinib (citrate),5.0,22499,0.8363,0.7508,0.1065,0.5481,300,True
ACH-000601,Tolcapone,5.0,22287,0.8296,0.7091,0.0782,0.8101,184,True
ACH-000601,Topotecan (hydrochloride),0.05,23687,0.6797,0.784,0.0095,-0.0357,1912,True
ACH-000601,Topotecan (hydrochloride),0.5,26892,0.7358,0.8386,-0.0264,-0.257,1568,True
ACH-000601,Topotecan (hydrochloride),5.0,24113,0.6968,1.4754,-0.0318,-0.141,2215,True
ACH-000601,Trametinib,0.05,23173,0.837,0.7749,0.1305,0.4799,863,True
ACH-000601,Trametinib,0.5,24473,0.8038,0.9199,0.1808,0.5843,4020,True
ACH-000601,Trametinib,5.0,22338,0.6864,1.0547,0.1783,0.4851,6734,True
ACH-000601,Triamcinolone,5.0,22092,0.8634,0.7457,0.1193,0.6102,467,True
ACH-000601,Triclosan,5.0,22411,0.8286,0.7141,0.0716,0.8332,146,True
ACH-000601,Trifluridine,5.0,21792,0.8055,0.7023,0.0957,0.7303,129,True
ACH-000601,Trimetrexate,5.0,21755,0.8291,0.7398,0.1044,0.7401,208,True
ACH-000601,Tucidinostat,5.0,22687,0.9321,0.9958,0.2812,0.8463,921,True
ACH-000601,Vilanterol,5.0,21737,0.8142,0.7153,0.0769,0.8628,225,True
ACH-000601,Vinblastine (sulfate),5.0,22232,0.8867,0.8527,0.1819,0.8273,1130,True
ACH-000628,(R)-Verapamil (hydrochloride),5.0,3879,1.4971,1.4006,0.0082,,0,True
ACH-000628,18β-Glycyrrhetinic acid,5.0,4235,1.4634,1.3189,-0.0007,,0,True
ACH-000628,8-Hydroxyquinoline,5.0,3792,1.4262,1.4642,0.0252,,0,True
ACH-000628,Acetohexamide,5.0,4319,1.4504,1.3318,-0.0111,,0,True
ACH-000628,Adagrasib,0.05,12415,0.7815,0.7961,0.0127,,0,True
ACH-000628,Adenine,5.0,3858,1.5242,1.3649,0.0031,,0,True
ACH-000628,Adenosine,5.0,3674,1.5064,1.2926,0.0427,,0,True
ACH-000628,Afatinib,0.05,5065,1.1358,1.3729,0.0068,,0,False
ACH-000628,Afatinib,0.5,6321,1.1341,1.4678,-0.0289,,0,False
ACH-000628,Afatinib,5.0,5825,1.1373,1.3574,0.051,,0,False
ACH-000628,Aliskiren,5.0,3945,1.4892,1.3889,-0.0239,,0,True
ACH-000628,Allantoin,5.0,4234,1.5045,1.4156,0.0106,,0,True
ACH-000628,Almonertinib (hydrochloride),5.0,4040,1.5017,1.3587,0.0083,,0,True
ACH-000628,Almonertinib (mesylate),0.05,4308,1.406,1.3239,0.0001,,0,True
ACH-000628,Almonertinib (mesylate),0.5,5679,1.4239,1.3314,-0.0071,,0,True
ACH-000628,Almonertinib (mesylate),5.0,5382,1.4455,1.3993,-0.0308,,0,True
ACH-000628,Amsacrine,5.0,3912,1.4904,1.3795,0.0332,,0,True
ACH-000628,Anethole trithione,5.0,3407,1.4514,1.3916,0.0669,,0,True
ACH-000628,Artesunate,5.0,4031,1.4817,1.3893,0.0176,,0,True
ACH-000628,Azithromycin (hydrate),5.0,4208,1.4698,1.2984,-0.0041,,0,True
ACH-000628,Baicalin,5.0,3851,1.4986,1.3302,0.0243,,0,True
ACH-000628,Balsalazide (sodium hydrate),5.0,3888,1.4951,1.3094,-0.0028,,0,True
ACH-000628,Belumosudil,0.05,4935,1.4522,1.4349,0.0049,,0,True
ACH-000628,Belumosudil,0.5,6042,1.3886,1.3021,-0.0439,,0,True
ACH-000628,Belumosudil,5.0,4710,1.4689,1.3882,0.0149,,0,True
ACH-000628,Berbamine,0.5,4325,1.4419,1.4506,-0.0029,,0,True
ACH-000628,Berbamine,5.0,4155,1.5197,1.4251,0.0011,,0,True
ACH-000628,Berbamine (dihydrochloride),0.05,4942,1.4333,1.4455,-0.0147,,0,True
ACH-000628,Berbamine (dihydrochloride),0.5,5760,1.4343,1.3404,0.0055,,0,True
ACH-000628,Berbamine (dihydrochloride),5.0,4742,1.4,1.3864,0.0089,,0,True
ACH-000628,Berberine (chloride hydrate),5.0,4247,1.4816,1.3795,-0.0142,,0,True
ACH-000628,Bergenin,5.0,4816,1.444,1.4139,0.0114,,0,True
ACH-000628,Bimatoprost,5.0,4056,1.5003,1.3947,0.0149,,0,True
ACH-000628,Binimetinib,0.05,5001,1.481,1.427,0.0055,,0,True
ACH-000628,Binimetinib,0.5,4987,1.3778,1.49,0.0101,,0,True
ACH-000628,Binimetinib,5.0,5009,1.449,1.2925,0.0129,,0,True
ACH-000628,Busulfan,5.0,4639,1.4424,1.415,0.0011,,0,True
ACH-000628,Captopril,0.05,4898,1.2879,1.4436,0.011,,0,True
ACH-000628,Cepharanthine,5.0,3579,1.5223,1.3177,0.005,,0,True
ACH-000628,Chlorhexidine (diacetate),0.5,4457,1.4226,1.4283,0.0057,,0,True
ACH-000628,Chlorhexidine (diacetate),5.0,4407,1.4992,1.4184,0.0006,,0,True
ACH-000628,Ciclopirox,5.0,4188,1.4896,1.4318,-0.0011,,0,True
ACH-000628,Clonidine (hydrochloride),5.0,3370,1.3249,1.372,0.064,,0,True
ACH-000628,Clotrimazole,5.0,4543,1.4093,1.3034,-0.0252,,0,True
ACH-000628,Cloxacillin (sodium),5.0,4433,1.472,1.389,-0.005,,0,True
ACH-000628,Cysteamine (hydrochloride),5.0,4422,1.4602,1.3719,-0.0071,,0,True
ACH-000628,Cytarabine,0.05,4508,1.45,1.4649,0.0083,,0,True
ACH-000628,Cytarabine,0.5,5420,1.4277,1.3128,-0.0144,,0,True
ACH-000628,Cytarabine,5.0,4969,1.4232,1.2896,0.0142,,0,True
ACH-000628,Daidzin,0.05,4129,1.3677,1.3977,0.0325,,0,True
ACH-000628,Daidzin,0.5,6163,1.3769,1.3511,-0.0301,,0,True
ACH-000628,Daidzin,5.0,4811,1.427,1.4065,0.0151,,0,True
ACH-000628,Darinaparsin,5.0,3752,1.4789,1.175,-0.0617,,0,True
ACH-000628,Demeclocycline,5.0,3695,1.515,1.2236,-0.0142,,0,True
ACH-000628,Diammonium Glycyrrhizinate,5.0,4862,1.4659,1.4079,-0.0081,,0,True
ACH-000628,Docetaxel,5.0,3652,1.5054,1.3949,0.0238,,0,True
ACH-000628,Elagolix sodium,5.0,3594,1.4471,1.4448,0.0188,,0,True
ACH-000628,Flumatinib (mesylate),0.05,4848,1.4275,1.4119,-0.0002,,0,True
ACH-000628,Flumatinib (mesylate),0.5,5597,1.4396,1.3394,-0.0285,,0,True
ACH-000628,Flumatinib (mesylate),5.0,4977,1.4291,1.3701,0.0407,,0,True
ACH-000628,Fluvoxamine (maleate),5.0,3740,1.4937,1.3254,0.0184,,0,True
ACH-000628,Folic acid,5.0,3283,1.3605,1.3542,-0.0077,,0,True
ACH-000628,Fumaric acid,0.05,4426,1.4056,1.4383,-0.0028,,0,True
ACH-000628,Fumaric acid,0.5,6069,1.4123,1.3205,-0.0066,,0,True
ACH-000628,Fumaric acid,5.0,5180,1.4624,1.3867,0.0198,,0,True
ACH-000628,Furosemide,5.0,3690,1.4838,1.3012,-0.0081,,0,True
ACH-000628,Fusidic acid,5.0,3571,1.4704,1.3906,0.0451,,0,True
ACH-000628,Gallic acid,5.0,4132,1.4917,1.3085,-0.001,,0,True
ACH-000628,Gallic acid (hydrate),5.0,4470,1.4218,1.3182,0.0034,,0,True
ACH-000628,Gemfibrozil,5.0,5484,1.3178,1.4258,0.0233,,0,True
ACH-000628,Goserelin (acetate),5.0,3802,1.4964,1.4053,-0.0169,,0,True
ACH-000628,Hexylresorcinol,5.0,4337,1.4825,1.4399,0.0292,,0,True
ACH-000628,Homoharringtonine,5.0,3653,1.4961,1.5549,0.1997,,0,True
ACH-000628,Idarubicin (hydrochloride),5.0,4507,1.5553,1.5285,0.1389,,0,True
ACH-000628,Irinotecan (hydrochloride),0.05,4823,1.4158,1.4415,0.0032,,0,True
ACH-000628,Irinotecan (hydrochloride),0.5,6103,1.3654,1.3,-0.0134,,0,True
ACH-000628,Irinotecan (hydrochloride),5.0,5596,1.4392,1.4095,0.0173,,0,True
ACH-000628,Isocorydine,5.0,3708,1.5004,1.4022,0.0412,,0,True
ACH-000628,L-Thyroxine (sodium salt pentahydrate),5.0,3081,1.1283,1.4129,0.0003,,0,True
ACH-000628,Larotrectinib,5.0,3551,1.4402,1.2881,-0.0183,,0,True
ACH-000628,Lenalidomide (hemihydrate),5.0,4278,1.4551,1.3055,-0.0291,,0,True
ACH-000628,Lidocaine (hydrochloride),5.0,4137,1.4797,1.331,-0.0173,,0,True
ACH-000628,Lipoic acid,5.0,4354,1.468,1.397,0.0064,,0,True
ACH-000628,Lumateperone (tosylate),5.0,3835,1.507,1.3529,-0.0051,,0,True
ACH-000628,Malotilate,0.05,5179,1.4212,1.4479,0.0056,,0,True
ACH-000628,Medroxyprogesterone acetate,5.0,4598,1.4527,1.4315,-0.008,,0,True
ACH-000628,Megestrol,5.0,4340,1.4321,1.315,-0.0257,,0,True
ACH-000628,Mitoxantrone (dihydrochloride),5.0,3872,1.4717,1.4008,0.0075,,0,True
ACH-000628,Naproxen,0.05,4697,1.3946,1.4618,0.0016,,0,True
ACH-000628,Naproxen,0.5,6204,1.3814,1.343,0.0077,,0,True
ACH-000628,Naproxen,5.0,4365,1.3866,1.322,0.0315,,0,True
ACH-000628,Neratinib (maleate),5.0,4365,1.5093,1.4215,0.0062,,0,True
ACH-000628,Norepinephrine (hydrochloride),5.0,4038,1.497,1.4317,0.0327,,0,True
ACH-000628,Olanzapine,5.0,3938,1.4991,1.3346,-0.0353,,0,True
ACH-000628,Palmatine (chloride),5.0,4032,1.5205,1.391,0.0248,,0,True
ACH-000628,Pasireotide (acetate),5.0,4625,1.4917,1.4163,-0.017,,0,True
ACH-000628,Pentagastrin,5.0,3913,1.4661,1.3118,-0.023,,0,True
ACH-000628,Pentamidine (isethionate),0.5,4700,1.4539,1.4234,-0.0009,,0,True
ACH-000628,Pentamidine (isethionate),5.0,4386,1.4522,1.3126,-0.0428,,0,True
ACH-000628,Pralsetinib,0.05,4841,1.466,1.4588,-0.0034,,0,True
ACH-000628,Pravastatin (sodium),0.05,4700,1.3785,1.391,-0.0148,,0,True
ACH-000628,Pravastatin (sodium),0.5,5628,1.4248,1.2988,0.0015,,0,True
ACH-000628,Pravastatin (sodium),5.0,5541,1.4535,1.3908,0.0114,,0,True
ACH-000628,Pyridoxine,5.0,4236,1.4693,1.3264,-0.0209,,0,True
ACH-000628,Pyridoxine (hydrochloride),5.0,3993,1.4963,1.317,0.0083,,0,True
ACH-000628,Quinestrol,5.0,4282,1.5095,1.385,0.03,,0,True
ACH-000628,Radotinib,5.0,4315,1.4858,1.2998,0.0075,,0,True
ACH-000628,Raltitrexed,5.0,4257,1.4929,1.3634,0.0254,,0,True
ACH-000628,Rapamycin,5.0,4214,1.5027,1.4146,0.0107,,0,True
ACH-000628,Regorafenib,0.05,4041,1.3611,1.4474,-0.0125,,0,True
ACH-000628,Regorafenib,0.5,4257,1.4137,1.4873,0.0366,,0,True
ACH-000628,Regorafenib,5.0,4812,1.4526,1.4198,-0.0247,,0,True
ACH-000628,Relugolix,5.0,3963,1.4956,1.3582,0.0266,,0,True
ACH-000628,Resveratrol,5.0,4286,1.4745,1.4108,-0.0062,,0,True
ACH-000628,Retinoic acid,5.0,4467,1.5043,1.3965,-0.0039,,0,True
ACH-000628,Riluzole hydrochloride,5.0,4476,1.4458,1.4336,0.0171,,0,True
ACH-000628,Rimonabant,5.0,3830,1.4854,1.2926,-0.0314,,0,True
ACH-000628,Ritonavir,5.0,3804,1.5411,1.407,0.0298,,0,True
ACH-000628,Ropivacaine (hydrochloride monohydrate),5.0,4430,1.4873,1.4121,0.01,,0,True
ACH-000628,S-Adenosyl-L-methionine (disulfate tosylate),5.0,4250,1.4374,1.3021,-0.0179,,0,True
ACH-000628,Salicylic acid,5.0,4165,1.507,1.328,-0.0167,,0,True
ACH-000628,Saquinavir,5.0,4184,1.4605,1.3315,-0.0121,,0,True
ACH-000628,Selinexor ,5.0,3987,1.4737,1.4321,0.0489,,0,True
ACH-000628,Sinomenine,5.0,4112,1.4727,1.4222,0.0146,,0,True
ACH-000628,Sodium Salicylate,5.0,4867,1.4289,1.4344,-0.0218,,0,True
ACH-000628,Sulfisoxazole,0.5,4602,1.4513,1.4214,0.018,,0,True
ACH-000628,Sulfisoxazole,5.0,4229,1.4902,1.3388,0.0011,,0,True
ACH-000628,Temsirolimus,5.0,4602,1.4563,1.3928,-0.0045,,0,True
ACH-000628,Terfenadine,0.5,4060,1.4622,1.4419,0.0324,,0,True
ACH-000628,Terfenadine,5.0,4221,1.517,1.4392,-0.0019,,0,True
ACH-000628,Thymol,5.0,3863,1.4748,1.2411,-0.0386,,0,True
ACH-000628,Tofacitinib,5.0,4280,1.5064,1.454,0.0045,,0,True
ACH-000628,Tofacitinib (citrate),5.0,4347,1.4379,1.3039,-0.0178,,0,True
ACH-000628,Tolcapone,5.0,4401,1.4846,1.4331,0.0096,,0,True
ACH-000628,Topotecan (hydrochloride),0.05,4400,1.439,1.3732,0.0208,,0,True
ACH-000628,Topotecan (hydrochloride),0.5,5097,1.4294,1.3222,0.0063,,0,True
ACH-000628,Topotecan (hydrochloride),5.0,4661,1.4135,1.4107,-0.0013,,0,True
ACH-000628,Trametinib,0.05,4139,1.3492,1.3864,0.028,,0,True
ACH-000628,Trametinib,0.5,4489,1.3056,1.4976,0.0381,,0,True
ACH-000628,Trametinib,5.0,5836,1.4378,1.4497,0.0461,,0,True
ACH-000628,Triamcinolone,5.0,4662,1.438,1.3182,0.0136,,0,True
ACH-000628,Triclosan,5.0,5247,1.4246,1.4181,0.0326,,0,True
ACH-000628,Trifluridine,5.0,4181,1.4873,1.3325,-0.0296,,0,True
ACH-000628,Trimetrexate,5.0,4292,1.4866,1.3389,-0.021,,0,True
ACH-000628,Tucidinostat,5.0,5018,1.4445,1.4828,-0.0132,,0,True
ACH-000628,Vilanterol,5.0,4482,1.4676,1.3374,-0.0136,,0,True
ACH-000628,Vinblastine (sulfate),5.0,4738,1.4328,1.33,-0.0413,,0,True
ACH-000669,(R)-Verapamil (hydrochloride),5.0,24377,0.7861,0.742,0.0592,0.7436,266,True
ACH-000669,18β-Glycyrrhetinic acid,5.0,23529,0.8143,0.8457,0.0692,0.6226,297,True
ACH-000669,8-Hydroxyquinoline,5.0,23889,0.801,0.6968,0.0717,0.7318,358,True
ACH-000669,Abemaciclib,0.05,22898,2.6845,0.7606,-0.0081,0.0185,140,True
ACH-000669,Acetohexamide,5.0,24097,0.7856,0.7681,0.0415,0.421,358,True
ACH-000669,Adagrasib,0.05,32754,0.4566,0.5227,0.1001,0.7932,1834,True
ACH-000669,Adenine,5.0,23903,0.811,0.6884,0.073,0.556,422,True
ACH-000669,Adenosine,5.0,24131,0.798,0.7795,0.0735,0.6728,517,True
ACH-000669,Afatinib,0.05,23716,0.6325,0.7946,0.0355,-0.1061,707,False
ACH-000669,Afatinib,0.5,26878,0.6384,0.7117,0.0147,-0.0154,477,False
ACH-000669,Afatinib,5.0,23481,0.6158,0.9328,0.0305,0.3964,494,False
ACH-000669,Aliskiren,5.0,24298,0.7915,0.7422,0.0633,0.6369,268,True
ACH-000669,Allantoin,5.0,23861,0.8323,0.7419,0.1077,0.601,728,True
ACH-000669,Almonertinib (hydrochloride),5.0,23518,0.8189,0.752,0.0976,0.5656,560,True
ACH-000669,Almonertinib (mesylate),0.05,21495,0.7173,0.8202,0.0129,0.1992,176,True
ACH-000669,Almonertinib (mesylate),0.5,24763,0.7762,0.6827,0.0142,0.3419,322,True
ACH-000669,Almonertinib (mesylate),5.0,22288,0.8434,0.7226,-0.0387,-0.367,391,True
ACH-000669,Amsacrine,5.0,24026,0.8178,0.771,0.0972,0.7288,457,True
ACH-000669,Anethole trithione,5.0,24106,0.8396,0.7181,0.1113,0.6955,649,True
ACH-000669,Artesunate,5.0,24110,0.8277,0.7231,0.1132,0.8087,591,True
ACH-000669,Azithromycin (hydrate),5.0,23707,0.8183,0.7853,0.0832,0.6015,311,True
ACH-000669,Baicalin,5.0,24455,0.8286,0.7083,0.1058,0.7445,345,True
ACH-000669,Balsalazide (sodium hydrate),5.0,24607,0.8051,0.7081,0.0605,0.7211,264,True
ACH-000669,Belumosudil,0.05,22003,0.7031,0.8144,0.0302,0.3306,222,True
ACH-000669,Belumosudil,0.5,24362,0.7694,0.7131,0.0155,0.269,380,True
ACH-000669,Belumosudil,5.0,21991,0.776,0.8179,-0.0086,-0.2076,547,True
ACH-000669,Berbamine,0.5,23507,0.7713,0.7611,-0.0434,-0.3283,865,True
ACH-000669,Berbamine,5.0,23779,0.7941,0.7048,0.0584,0.7611,235,True
ACH-000669,Berbamine (dihydrochloride),0.05,21942,0.7029,0.8275,0.0271,0.5377,350,True
ACH-000669,Berbamine (dihydrochloride),0.5,23794,0.7993,0.6724,0.0026,0.1151,312,True
ACH-000669,Berbamine (dihydrochloride),5.0,21914,0.862,0.7741,0.0008,0.0985,501,True
ACH-000669,Berberine (chloride hydrate),5.0,24565,0.8253,0.6884,0.0521,0.6637,419,True
ACH-000669,Bergenin,5.0,23952,0.8199,0.718,0.0758,0.6346,389,True
ACH-000669,Bimatoprost,5.0,24354,0.7897,0.7753,0.0794,0.5941,526,True
ACH-000669,Binimetinib,0.05,24471,0.812,0.7257,0.0934,0.6675,1255,True
ACH-000669,Binimetinib,0.5,25036,0.781,0.8298,0.0636,0.5034,1496,True
ACH-000669,Binimetinib,5.0,21403,0.648,0.9361,0.0931,0.5216,2513,True
ACH-000669,Busulfan,5.0,23572,0.8186,0.7449,0.0988,0.5594,429,True
ACH-000669,Captopril,0.05,22959,0.755,0.7834,0.018,-0.1529,1021,True
ACH-000669,Cepharanthine,5.0,23668,0.8087,0.9204,0.0501,0.6359,560,True
ACH-000669,Chlorhexidine (diacetate),0.5,23545,0.7819,0.7466,-0.0098,-0.0606,697,True
ACH-000669,Chlorhexidine (diacetate),5.0,24312,0.7986,0.7408,0.072,0.7921,274,True
ACH-000669,Ciclopirox,5.0,23353,0.7934,0.7863,0.1181,0.6341,439,True
ACH-000669,Clonidine (hydrochloride),5.0,24768,0.8281,0.6801,0.0802,0.8076,353,True
ACH-000669,Clotrimazole,5.0,24309,0.7992,0.7669,0.0709,0.6955,424,True
ACH-000669,Cloxacillin (sodium),5.0,24057,0.8017,0.6898,0.0648,0.623,246,True
ACH-000669,Cysteamine (hydrochloride),5.0,24389,0.7958,0.7014,0.0587,0.6531,271,True
ACH-000669,Cytarabine,0.05,22605,0.7281,0.8139,0.0408,0.2751,405,True
ACH-000669,Cytarabine,0.5,23972,0.7889,0.6874,0.0037,0.1612,285,True
ACH-000669,Cytarabine,5.0,22521,0.7036,0.8284,0.0169,0.1839,142,True
ACH-000669,DTP3,0.05,23227,2.9026,0.7601,-0.0156,0.0836,71,True
ACH-000669,Daidzin,0.05,21929,0.7504,0.8181,0.0089,-0.1931,398,True
ACH-000669,Daidzin,0.5,23884,0.8122,0.655,-0.0012,-0.0832,480,True
ACH-000669,Daidzin,5.0,22156,0.8809,0.7347,-0.014,-0.0735,525,True
ACH-000669,Darinaparsin,5.0,23991,0.795,0.8054,0.0669,0.7222,505,True
ACH-000669,Demeclocycline,5.0,24051,0.7942,0.7331,0.0354,0.6044,304,True
ACH-000669,Diammonium Glycyrrhizinate,5.0,24058,0.8088,0.7343,0.0702,0.749,358,True
ACH-000669,Docetaxel,5.0,24669,0.7691,0.7774,0.051,0.7197,566,True
ACH-000669,Elagolix sodium,5.0,23521,0.8178,0.7256,0.0894,0.6801,399,True
ACH-000669,Flumatinib (mesylate),0.05,21616,0.6976,0.8295,0.0027,0.3334,278,True
ACH-000669,Flumatinib (mesylate),0.5,24005,0.7756,0.7737,0.0322,0.558,765,True
ACH-000669,Flumatinib (mesylate),5.0,22036,0.7436,0.8234,-0.0287,-0.4115,243,True
ACH-000669,Fluvoxamine (maleate),5.0,23756,0.8098,0.7658,0.0549,0.7621,302,True
ACH-000669,Folic acid,5.0,23741,0.8122,0.6812,0.0511,0.629,260,True
ACH-000669,Fumaric acid,0.05,21777,0.7133,0.8407,0.0054,0.0884,347,True
ACH-000669,Fumaric acid,0.5,23996,0.7967,0.732,0.0124,0.297,389,True
ACH-000669,Fumaric acid,5.0,22964,0.7898,0.8194,-0.0618,-0.4088,470,True
ACH-000669,Furosemide,5.0,24155,0.7704,0.7276,0.022,0.7199,254,True
ACH-000669,Fusidic acid,5.0,24031,0.8111,0.7154,0.0921,0.7065,314,True
ACH-000669,Gallic acid,5.0,24134,0.8224,0.7049,0.0743,0.7298,297,True
ACH-000669,Gallic acid (hydrate),5.0,23920,0.8336,0.754,0.0939,0.6182,443,True
ACH-000669,Gemfibrozil,5.0,24114,0.8118,0.7573,0.0514,0.5983,518,True
ACH-000669,Goserelin (acetate),5.0,24266,0.8277,0.71,0.0855,0.6771,376,True
ACH-000669,Hexylresorcinol,5.0,24809,0.8165,0.7223,0.0843,0.7453,425,True
ACH-000669,Homoharringtonine,5.0,23734,1.331,1.4056,0.6069,0.8674,6764,True
ACH-000669,Hydroxyfasudil,0.05,23245,1.6519,0.7356,-0.0328,0.0754,495,True
ACH-000669,Idarubicin (hydrochloride),5.0,25350,1.3396,1.4422,0.5969,0.8555,5950,True
ACH-000669,Irinotecan (hydrochloride),0.05,21197,0.7583,0.8036,0.03,0.1026,1145,True
ACH-000669,Irinotecan (hydrochloride),0.5,23924,0.818,0.7216,-0.0154,-0.0747,1141,True
ACH-000669,Irinotecan (hydrochloride),5.0,22207,0.8653,0.7736,-0.0402,-0.2008,1611,True
ACH-000669,Isocorydine,5.0,24173,0.8195,0.701,0.0725,0.7247,530,True
ACH-000669,L-Thyroxine (sodium salt pentahydrate),5.0,22668,2.3195,0.6758,0.0282,-0.1146,261,True
ACH-000669,Larotrectinib,5.0,23863,0.804,0.8632,0.0932,0.5931,293,True
ACH-000669,Lenalidomide (hemihydrate),5.0,23398,0.7941,0.7398,0.0896,0.6954,304,True
ACH-000669,Lidocaine (hydrochloride),5.0,23556,0.8184,0.8636,0.0833,0.6192,862,True
ACH-000669,Lipoic acid,5.0,24242,0.7996,0.7104,0.0473,0.7037,314,True
ACH-000669,Lumateperone (tosylate),5.0,24119,0.807,0.7035,0.0739,0.8331,191,True
ACH-000669,Malotilate,0.05,23094,0.7978,0.7701,0.0289,0.022,2564,True
ACH-000669,Medroxyprogesterone acetate,5.0,23413,0.8087,0.7447,0.1124,0.5568,453,True
ACH-000669,Megestrol,5.0,24470,0.7835,0.7465,0.0608,0.678,468,True
ACH-000669,Mitoxantrone (dihydrochloride),5.0,24299,0.8051,0.9961,0.0623,0.5797,512,True
ACH-000669,Naproxen,0.05,21154,0.6984,0.8263,0.0158,-0.0678,126,True
ACH-000669,Naproxen,0.5,24027,0.7589,0.7245,-0.0222,-0.0752,252,True
ACH-000669,Naproxen,5.0,21671,0.7313,0.7927,0.0042,-0.5736,150,True
ACH-000669,Neratinib (maleate),5.0,23950,0.8207,0.7476,0.1069,0.696,545,True
ACH-000669,Norepinephrine (hydrochloride),5.0,23777,0.8032,0.7769,0.0768,0.4793,339,True
ACH-000669,Olanzapine,5.0,24148,0.7984,0.7489,0.0862,0.7678,354,True
ACH-000669,PF-06260933,0.05,22992,2.7104,0.727,-0.032,-0.1803,200,True
ACH-000669,Palmatine (chloride),5.0,23709,0.7877,0.7404,0.0507,0.7499,152,True
ACH-000669,Pasireotide (acetate),5.0,24279,0.8459,0.7196,0.0998,0.6589,692,True
ACH-000669,Pentagastrin,5.0,24583,0.8252,0.6836,0.0523,0.6517,246,True
ACH-000669,Pentamidine (isethionate),0.5,22466,0.8173,0.7394,0.0317,0.0474,367,True
ACH-000669,Pentamidine (isethionate),5.0,24035,0.7921,0.7896,0.0609,0.7241,518,True
ACH-000669,Pralsetinib,0.05,23722,0.7692,0.765,0.0148,0.1016,897,True
ACH-000669,Pravastatin (sodium),0.05,21259,0.7208,0.8119,0.0037,0.1962,426,True
ACH-000669,Pravastatin (sodium),0.5,23566,0.7828,0.7119,0.0181,-0.0965,390,True
ACH-000669,Pravastatin (sodium),5.0,22375,0.8174,0.7692,-0.0651,-0.4949,681,True
ACH-000669,Pyridoxine,5.0,23762,0.808,0.7689,0.075,0.6981,435,True
ACH-000669,Pyridoxine (hydrochloride),5.0,23812,0.8319,0.6725,0.073,0.5935,453,True
ACH-000669,Quinestrol,5.0,24366,0.7991,0.7547,0.0898,0.7686,413,True
ACH-000669,Radotinib,5.0,23737,0.8576,0.7729,0.1317,0.7459,921,True
ACH-000669,Ralimetinib dimesylate,0.05,22820,2.5638,0.7564,-0.0015,0.0028,1572,True
ACH-000669,Raltitrexed,5.0,24512,0.8064,0.6763,0.0504,0.7246,184,True
ACH-000669,Rapamycin,5.0,24303,0.8233,0.7593,0.0679,0.5638,608,True
ACH-000669,Regorafenib,0.05,23814,0.7565,0.7456,-0.0267,-0.2666,530,True
ACH-000669,Regorafenib,0.5,24012,0.7964,0.6942,-0.0199,-0.3667,279,True
ACH-000669,Regorafenib,5.0,21530,0.7002,0.9072,-0.0242,-0.3762,259,True
ACH-000669,Relugolix,5.0,24210,0.7993,0.6798,0.0469,0.691,172,True
ACH-000669,Resveratrol,5.0,23393,0.83,0.7248,0.0965,0.5814,520,True
ACH-000669,Retinoic acid,5.0,24538,0.8122,0.7361,0.0758,0.7,528,True
ACH-000669,Riluzole hydrochloride,5.0,24557,0.7974,0.7707,0.0972,0.7372,525,True
ACH-000669,Rimonabant,5.0,24006,0.8095,0.73,0.0905,0.7516,350,True
ACH-000669,Ritonavir,5.0,23789,0.8039,0.7703,0.0835,0.7234,386,True
ACH-000669,Ropivacaine (hydrochloride monohydrate),5.0,23719,0.8066,0.7195,0.094,0.7792,325,True
ACH-000669,S-Adenosyl-L-methionine (disulfate tosylate),5.0,24031,0.8068,0.7648,0.0822,0.7922,420,True
ACH-000669,Salicylic acid,5.0,24132,0.7762,0.8312,0.0514,0.7236,348,True
ACH-000669,Saquinavir,5.0,23071,0.8136,0.8175,0.1176,0.5104,482,True
ACH-000669,Selinexor ,5.0,23269,0.9827,0.7534,0.2003,0.7006,1216,True
ACH-000669,Sinomenine,5.0,23787,0.8129,0.7149,0.1101,0.6528,354,True
ACH-000669,Sodium Salicylate,5.0,24544,0.7972,0.7804,0.0664,0.5848,579,True
ACH-000669,Sonidegib,0.05,23187,2.2182,0.7215,-0.0308,-0.062,300,True
ACH-000669,Sulfisoxazole,0.5,22582,0.8095,0.7712,0.0751,0.0664,583,True
ACH-000669,Sulfisoxazole,5.0,23931,0.8225,0.7629,0.1015,0.6431,374,True
ACH-000669,Temsirolimus,5.0,23808,0.8,0.7638,0.0823,0.773,366,True
ACH-000669,Terfenadine,0.5,22130,0.8224,0.7547,0.0498,0.0051,626,True
ACH-000669,Terfenadine,5.0,23704,0.8333,0.7444,0.0797,0.5776,592,True
ACH-000669,Thymol,5.0,23620,0.8171,0.7418,0.0702,0.5454,516,True
ACH-000669,Tofacitinib,5.0,23785,0.8155,0.769,0.109,0.6856,481,True
ACH-000669,Tofacitinib (citrate),5.0,24066,0.8069,0.7772,0.0746,0.6289,482,True
ACH-000669,Tolcapone,5.0,24226,0.7958,0.7358,0.0794,0.6987,279,True
ACH-000669,Topotecan (hydrochloride),0.05,21083,0.6883,0.8308,0.0122,-0.0179,471,True
ACH-000669,Topotecan (hydrochloride),0.5,24048,0.7526,0.8288,-0.0213,-0.3706,318,True
ACH-000669,Topotecan (hydrochloride),5.0,21497,0.7261,1.1477,-0.0258,-0.0929,436,True
ACH-000669,Trametinib,0.05,24099,0.7883,0.7808,0.147,0.5524,1044,True
ACH-000669,Trametinib,0.5,24679,0.7965,0.831,0.1373,0.6359,1571,True
ACH-000669,Trametinib,5.0,22585,0.7123,1.0018,0.1277,0.5785,2825,True
ACH-000669,Triamcinolone,5.0,23830,0.8225,0.8304,0.1195,0.7477,762,True
ACH-000669,Triclosan,5.0,24270,0.7993,0.7524,0.0901,0.6713,373,True
ACH-000669,Trifluridine,5.0,23634,0.7887,0.7311,0.0669,0.505,194,True
ACH-000669,Trimetrexate,5.0,23715,0.8126,0.7738,0.1142,0.6153,297,True
ACH-000669,Tucidinostat,5.0,24771,0.8542,1.0198,0.2258,0.8257,1143,True
ACH-000669,Vilanterol,5.0,23743,0.8141,0.7549,0.0854,0.6739,389,True
ACH-000669,Vinblastine (sulfate),5.0,23859,0.8308,0.8466,0.1296,0.7389,755,True
ACH-000669,olaparib,0.05,23066,3.0737,0.7391,0.0219,-0.2809,52,True
ACH-000681,(R)-Verapamil (hydrochloride),5.0,25446,0.7649,0.7054,0.0715,0.6156,380,True
ACH-000681,18β-Glycyrrhetinic acid,5.0,24618,0.7765,0.7682,0.0872,0.702,481,True
ACH-000681,8-Hydroxyquinoline,5.0,24995,0.7777,0.671,0.074,0.767,614,True
ACH-000681,Abemaciclib,0.05,23875,3.5605,0.7479,0.0108,-0.0065,8765,True
ACH-000681,Acetohexamide,5.0,25137,0.7743,0.7166,0.0626,0.497,517,True
ACH-000681,Adagrasib,0.05,33592,0.4458,0.5206,0.1102,0.731,2816,True
ACH-000681,Adenine,5.0,24969,0.7819,0.6404,0.0705,0.6582,576,True
ACH-000681,Adenosine,5.0,25374,0.774,0.7547,0.0696,0.6569,737,True
ACH-000681,Afatinib,0.05,24593,0.618,0.7735,0.0357,-0.1771,1202,False
ACH-000681,Afatinib,0.5,27766,0.627,0.7014,0.0188,-0.1059,707,False
ACH-000681,Afatinib,5.0,25039,0.6393,0.8927,-0.0081,0.257,578,False
ACH-000681,Aliskiren,5.0,25369,0.7634,0.7023,0.0627,0.5871,363,True
ACH-000681,Allantoin,5.0,24734,0.8063,0.714,0.0967,0.6616,1198,True
ACH-000681,Almonertinib (hydrochloride),5.0,24508,0.8011,0.7057,0.0867,0.6152,940,True
ACH-000681,Almonertinib (mesylate),0.05,22023,0.6993,0.7931,0.0083,0.2969,325,True
ACH-000681,Almonertinib (mesylate),0.5,25278,0.7733,0.6959,0.0107,0.4778,624,True
ACH-000681,Almonertinib (mesylate),5.0,22793,0.8144,0.7299,-0.0263,-0.1465,566,True
ACH-000681,Amsacrine,5.0,25320,0.8463,0.8744,0.2095,0.7949,1491,True
ACH-000681,Anethole trithione,5.0,25262,0.8121,0.6766,0.0947,0.7113,1102,True
ACH-000681,Artesunate,5.0,24866,0.8071,0.6877,0.1182,0.8245,968,True
ACH-000681,Azithromycin (hydrate),5.0,24847,0.7769,0.7158,0.0904,0.6705,569,True
ACH-000681,Baicalin,5.0,25513,0.8044,0.6821,0.0896,0.8021,509,True
ACH-000681,Balsalazide (sodium hydrate),5.0,25804,0.7699,0.6672,0.0471,0.7436,341,True
ACH-000681,Belumosudil,0.05,22765,0.7073,0.8002,0.0105,0.5155,396,True
ACH-000681,Belumosudil,0.5,24843,0.7537,0.7439,0.022,0.6195,591,True
ACH-000681,Belumosudil,5.0,22181,0.7563,0.8264,0.0243,-0.0683,682,True
ACH-000681,Berbamine,0.5,24685,0.774,0.7184,-0.0228,-0.443,1162,True
ACH-000681,Berbamine,5.0,24864,0.7716,0.6875,0.0527,0.6876,425,True
ACH-000681,Berbamine (dihydrochloride),0.05,22490,0.689,0.7993,0.0477,0.5225,508,True
ACH-000681,Berbamine (dihydrochloride),0.5,24521,0.7748,0.6801,0.0113,0.0895,541,True
ACH-000681,Berbamine (dihydrochloride),5.0,22489,0.8236,0.7854,0.0155,0.1051,529,True
ACH-000681,Berberine (chloride hydrate),5.0,25503,0.7975,0.6685,0.0644,0.5342,470,True
ACH-000681,Bergenin,5.0,24960,0.7831,0.6819,0.0615,0.6322,480,True
ACH-000681,Bimatoprost,5.0,25504,0.8014,0.745,0.0818,0.4826,952,True
ACH-000681,Binimetinib,0.05,25361,0.765,0.7421,0.082,0.5232,2004,True
ACH-000681,Binimetinib,0.5,25905,0.8067,0.81,0.0696,0.3986,2257,True
ACH-000681,Binimetinib,5.0,22297,0.6553,0.9153,0.1379,0.5755,2848,True
ACH-000681,Busulfan,5.0,24491,0.7992,0.6888,0.0963,0.5942,858,True
ACH-000681,Captopril,0.05,23285,0.7271,0.7734,0.0702,-0.01,756,True
ACH-000681,Cepharanthine,5.0,24554,0.804,0.8123,0.1122,0.7915,876,True
ACH-000681,Chlorhexidine (diacetate),0.5,24744,0.7765,0.7143,-0.0015,-0.0874,972,True
ACH-000681,Chlorhexidine (diacetate),5.0,25290,0.7904,0.7055,0.0896,0.7992,591,True
ACH-000681,Ciclopirox,5.0,24316,0.7775,0.7521,0.1196,0.7349,664,True
ACH-000681,Clonidine (hydrochloride),5.0,25915,0.7997,0.6611,0.0737,0.8036,650,True
ACH-000681,Clotrimazole,5.0,25486,0.7761,0.7437,0.0759,0.6604,570,True
ACH-000681,Cloxacillin (sodium),5.0,25277,0.7823,0.6496,0.0647,0.772,454,True
ACH-000681,Cysteamine (hydrochloride),5.0,25301,0.7739,0.673,0.0617,0.6636,463,True
ACH-000681,Cytarabine,0.05,23228,0.7214,0.8101,0.053,0.3796,577,True
ACH-000681,Cytarabine,0.5,24500,0.7765,0.692,0.0281,0.0354,494,True
ACH-000681,Cytarabine,5.0,22958,0.7007,0.8381,0.0288,0.3486,315,True
ACH-000681,DTP3,0.05,24188,3.3128,0.7584,-0.0092,-0.0142,7401,True
ACH-000681,Daidzin,0.05,22630,0.719,0.7963,0.001,-0.2335,655,True
ACH-000681,Daidzin,0.5,24491,0.7829,0.6744,0.03,-0.0819,685,True
ACH-000681,Daidzin,5.0,22768,0.8441,0.7624,0.0029,-0.1092,567,True
ACH-000681,Darinaparsin,5.0,24951,0.7833,0.7706,0.0987,0.7294,924,True
ACH-000681,Demeclocycline,5.0,25146,0.7704,0.697,0.0375,0.5103,520,True
ACH-000681,Diammonium Glycyrrhizinate,5.0,24862,0.7828,0.7051,0.0893,0.6897,565,True
ACH-000681,Docetaxel,5.0,25853,0.7657,0.7489,0.0699,0.7007,1161,True
ACH-000681,Elagolix sodium,5.0,24491,0.7917,0.698,0.1023,0.6369,835,True
ACH-000681,Flumatinib (mesylate),0.05,22282,0.6845,0.8081,0.0224,0.2811,580,True
ACH-000681,Flumatinib (mesylate),0.5,24630,0.7697,0.785,0.0645,0.5151,1038,True
ACH-000681,Flumatinib (mesylate),5.0,22504,0.7195,0.8117,-0.0018,-0.264,375,True
ACH-000681,Fluvoxamine (maleate),5.0,24891,0.7737,0.7323,0.0633,0.7881,360,True
ACH-000681,Folic acid,5.0,24701,0.7829,0.6284,0.0507,0.6179,388,True
ACH-000681,Fumaric acid,0.05,22562,0.7136,0.8206,0.0082,0.0726,568,True
ACH-000681,Fumaric acid,0.5,24899,0.7863,0.7407,0.028,0.3859,666,True
ACH-000681,Fumaric acid,5.0,23265,0.7654,0.809,-0.0431,-0.3098,680,True
ACH-000681,Furosemide,5.0,25169,0.7537,0.6907,0.0197,0.6056,482,True
ACH-000681,Fusidic acid,5.0,25201,0.7825,0.6659,0.075,0.7962,386,True
ACH-000681,Gallic acid,5.0,25318,0.7948,0.6678,0.056,0.693,514,True
ACH-000681,Gallic acid (hydrate),5.0,24903,0.8031,0.7157,0.0996,0.6679,691,True
ACH-000681,Gemfibrozil,5.0,25135,0.7917,0.7283,0.078,0.6626,853,True
ACH-000681,Goserelin (acetate),5.0,25439,0.8011,0.6609,0.0645,0.7379,786,True
ACH-000681,Hexylresorcinol,5.0,25968,0.7919,0.6845,0.0746,0.7726,673,True
ACH-000681,Homoharringtonine,5.0,25442,1.4097,1.4573,0.6527,0.911,9309,True
ACH-000681,Hydroxyfasudil,0.05,24118,2.1868,0.7313,-0.0105,0.0906,504,True
ACH-000681,Idarubicin (hydrochloride),5.0,28781,1.7066,1.7711,0.7254,0.8999,11227,True
ACH-000681,Irinotecan (hydrochloride),0.05,21795,0.746,0.7861,0.0208,0.1205,1501,True
ACH-000681,Irinotecan (hydrochloride),0.5,24536,0.8271,0.7176,0.0002,0.0268,1905,True
ACH-000681,Irinotecan (hydrochloride),5.0,22749,0.8431,0.7685,-0.0424,-0.166,2295,True
ACH-000681,Isocorydine,5.0,25229,0.7797,0.6695,0.0754,0.6842,708,True
ACH-000681,L-Thyroxine (sodium salt pentahydrate),5.0,23426,3.2391,0.6417,0.0132,-0.0476,91,True
ACH-000681,Larotrectinib,5.0,24945,0.7899,0.7681,0.106,0.5968,441,True
ACH-000681,Lenalidomide (hemihydrate),5.0,24425,0.7565,0.7086,0.0882,0.7858,408,True
ACH-000681,Lidocaine (hydrochloride),5.0,24474,0.8017,0.8089,0.1078,0.5802,1407,True
ACH-000681,Lipoic acid,5.0,25479,0.7896,0.6776,0.0454,0.6035,521,True
ACH-000681,Lumateperone (tosylate),5.0,25111,0.7796,0.6559,0.0661,0.6531,318,True
ACH-000681,Malotilate,0.05,23593,0.8007,0.7583,0.0507,0.035,2982,True
ACH-000681,Medroxyprogesterone acetate,5.0,24390,0.8032,0.7374,0.1229,0.6628,889,True
ACH-000681,Megestrol,5.0,25712,0.7766,0.7193,0.0668,0.7416,727,True
ACH-000681,Mitoxantrone (dihydrochloride),5.0,25526,0.7989,1.1558,0.107,0.4844,886,True
ACH-000681,Naproxen,0.05,21587,0.6654,0.8031,0.0153,-0.0617,225,True
ACH-000681,Naproxen,0.5,24505,0.7445,0.7246,0.0091,0.0166,417,True
ACH-000681,Naproxen,5.0,22386,0.7138,0.7729,0.0013,-0.4576,262,True
ACH-000681,Neratinib (maleate),5.0,24999,0.8032,0.7013,0.0857,0.6568,802,True
ACH-000681,Norepinephrine (hydrochloride),5.0,24767,0.7924,0.7401,0.0817,0.4911,691,True
ACH-000681,Olanzapine,5.0,25176,0.786,0.7183,0.0874,0.6659,633,True
ACH-000681,PF-06260933,0.05,23937,3.9163,0.727,-0.0373,-0.008,10072,True
ACH-000681,Palmatine (chloride),5.0,24699,0.7711,0.7097,0.0884,0.7742,358,True
ACH-000681,Pasireotide (acetate),5.0,25586,0.8207,0.6906,0.0884,0.6277,952,True
ACH-000681,Pentagastrin,5.0,25531,0.7806,0.6476,0.0434,0.7497,474,True
ACH-000681,Pentamidine (isethionate),0.5,23555,0.7931,0.6996,0.0273,0.0517,439,True
ACH-000681,Pentamidine (isethionate),5.0,25087,0.7909,0.7634,0.0876,0.654,1140,True
ACH-000681,Pralsetinib,0.05,24769,0.7547,0.7548,0.0185,0.1126,1601,True
ACH-000681,Pravastatin (sodium),0.05,21655,0.7019,0.7743,0.0205,0.185,541,True
ACH-000681,Pravastatin (sodium),0.5,24061,0.773,0.7004,0.0167,0.1424,587,True
ACH-000681,Pravastatin (sodium),5.0,22677,0.7986,0.778,-0.0617,-0.341,955,True
ACH-000681,Pyridoxine,5.0,24751,0.7863,0.734,0.0753,0.6238,681,True
ACH-000681,Pyridoxine (hydrochloride),5.0,24903,0.7896,0.64,0.089,0.5936,626,True
ACH-000681,Quinestrol,5.0,25493,0.7693,0.7082,0.077,0.831,595,True
ACH-000681,Radotinib,5.0,24847,0.8269,0.7283,0.1168,0.7434,1492,True
ACH-000681,Ralimetinib dimesylate,0.05,23715,3.1462,0.7445,0.0079,0.0166,6694,True
ACH-000681,Raltitrexed,5.0,25523,0.784,0.6598,0.0759,0.8097,534,True
ACH-000681,Rapamycin,5.0,25115,0.8015,0.7395,0.0793,0.5465,907,True
ACH-000681,Regorafenib,0.05,24854,0.734,0.7383,0.0064,-0.1676,885,True
ACH-000681,Regorafenib,0.5,25084,0.7949,0.645,0.0195,-0.3273,483,True
ACH-000681,Regorafenib,5.0,22605,0.711,0.8722,0.0016,-0.3096,404,True
ACH-000681,Relugolix,5.0,25348,0.7714,0.6289,0.053,0.6619,192,True
ACH-000681,Resveratrol,5.0,24511,0.8092,0.6739,0.0984,0.6468,871,True
ACH-000681,Retinoic acid,5.0,25708,0.7833,0.722,0.0893,0.7481,652,True
ACH-000681,Riluzole hydrochloride,5.0,25571,0.7972,0.7407,0.1009,0.7348,990,True
ACH-000681,Rimonabant,5.0,25134,0.7887,0.6877,0.0855,0.8164,598,True
ACH-000681,Ritonavir,5.0,24771,0.7674,0.7279,0.085,0.6706,567,True
ACH-000681,Ropivacaine (hydrochloride monohydrate),5.0,24698,0.777,0.6934,0.0937,0.7462,742,True
ACH-000681,S-Adenosyl-L-methionine (disulfate tosylate),5.0,25146,0.8048,0.7501,0.1155,0.8115,1025,True
ACH-000681,Salicylic acid,5.0,25250,0.7511,0.7999,0.0699,0.5969,400,True
ACH-000681,Saquinavir,5.0,23912,0.7803,0.7746,0.1318,0.6114,686,True
ACH-000681,Selinexor ,5.0,24062,1.0197,0.8124,0.2536,0.7095,2399,True
ACH-000681,Sinomenine,5.0,25021,0.7834,0.6738,0.0879,0.6456,423,True
ACH-000681,Sodium Salicylate,5.0,25625,0.7794,0.7503,0.0828,0.6683,905,True
ACH-000681,Sonidegib,0.05,24097,2.6091,0.7331,-0.0059,-0.0925,366,True
ACH-000681,Sulfisoxazole,0.5,23806,0.8009,0.7243,0.0751,0.3442,736,True
ACH-000681,Sulfisoxazole,5.0,25144,0.796,0.7238,0.089,0.6372,469,True
ACH-000681,Temsirolimus,5.0,25004,0.7781,0.724,0.0948,0.795,513,True
ACH-000681,Terfenadine,0.5,23165,0.8206,0.721,0.0936,-0.0476,924,True
ACH-000681,Terfenadine,5.0,24625,0.799,0.7189,0.0927,0.696,960,True
ACH-000681,Thymol,5.0,24561,0.7963,0.7103,0.0692,0.4618,991,True
ACH-000681,Tofacitinib,5.0,24801,0.7975,0.7481,0.1315,0.7153,701,True
ACH-000681,Tofacitinib (citrate),5.0,25110,0.7922,0.7512,0.0996,0.6093,1001,True
ACH-000681,Tolcapone,5.0,25174,0.777,0.7281,0.0765,0.7971,377,True
ACH-000681,Topotecan (hydrochloride),0.05,21712,0.6828,0.8205,0.0085,0.0335,635,True
ACH-000681,Topotecan (hydrochloride),0.5,24788,0.7576,0.782,-0.0154,-0.3739,472,True
ACH-000681,Topotecan (hydrochloride),5.0,22619,0.7272,0.9073,0.004,-0.1621,628,True
ACH-000681,Trametinib,0.05,24661,0.7623,0.7897,0.1358,0.5797,1625,True
ACH-000681,Trametinib,0.5,25500,0.8116,0.8115,0.1399,0.6084,2166,True
ACH-000681,Trametinib,5.0,23647,0.7244,0.982,0.1414,0.6052,3065,True
ACH-000681,Triamcinolone,5.0,25408,0.8541,0.808,0.1469,0.6425,2172,True
ACH-000681,Triclosan,5.0,25434,0.7709,0.7395,0.0729,0.7469,570,True
ACH-000681,Trifluridine,5.0,24769,0.7782,0.7283,0.0782,0.7166,389,True
ACH-000681,Trimetrexate,5.0,24742,0.7795,0.752,0.1051,0.7106,418,True
ACH-000681,Tucidinostat,5.0,25982,0.8627,1.0047,0.2926,0.8528,1625,True
ACH-000681,Vilanterol,5.0,24737,0.7867,0.7173,0.0999,0.7494,670,True
ACH-000681,Vinblastine (sulfate),5.0,25071,0.8082,0.8247,0.1311,0.7414,1314,True
ACH-000681,olaparib,0.05,24018,3.1968,0.7319,0.0504,0.003,6077,True
ACH-000750,(R)-Verapamil (hydrochloride),5.0,24854,0.8025,0.711,0.0518,0.7823,393,True
ACH-000750,18β-Glycyrrhetinic acid,5.0,24248,0.8144,0.7843,0.105,0.7103,613,True
ACH-000750,8-Hydroxyquinoline,5.0,24625,0.813,0.6851,0.092,0.7735,505,True
ACH-000750,Acetohexamide,5.0,24629,0.7984,0.7492,0.0706,0.509,424,True
ACH-000750,Adagrasib,0.05,34015,0.4562,0.5211,0.1288,0.6982,3438,True
ACH-000750,Adenine,5.0,24539,0.8006,0.6451,0.068,0.6877,531,True
ACH-000750,Adenosine,5.0,24915,0.7944,0.7822,0.0704,0.7213,681,True
ACH-000750,Afatinib,0.05,25235,0.6237,0.7776,0.0476,0.0346,1533,False
ACH-000750,Afatinib,0.5,28116,0.6091,0.7474,0.0175,-0.0113,1196,False
ACH-000750,Afatinib,5.0,24896,0.6245,0.9448,0.0077,0.2725,1052,False
ACH-000750,Aliskiren,5.0,24970,0.7985,0.6966,0.0597,0.6857,417,True
ACH-000750,Allantoin,5.0,24217,0.8294,0.7221,0.1139,0.6565,1053,True
ACH-000750,Almonertinib (hydrochloride),5.0,24316,0.8328,0.7354,0.0992,0.6984,822,True
ACH-000750,Almonertinib (mesylate),0.05,23075,0.7156,0.7998,0.0206,0.1806,568,True
ACH-000750,Almonertinib (mesylate),0.5,26013,0.7982,0.7005,-0.0012,0.1723,795,True
ACH-000750,Almonertinib (mesylate),5.0,23725,0.8505,0.7437,-0.0278,-0.1248,1098,True
ACH-000750,Amsacrine,5.0,24528,0.8208,0.7881,0.114,0.7316,777,True
ACH-000750,Anethole trithione,5.0,24759,0.8412,0.7024,0.0957,0.6711,929,True
ACH-000750,Artesunate,5.0,24413,0.8343,0.708,0.1091,0.8185,998,True
ACH-000750,Azithromycin (hydrate),5.0,24497,0.822,0.7497,0.104,0.7071,704,True
ACH-000750,Baicalin,5.0,24931,0.8358,0.6821,0.0914,0.7579,605,True
ACH-000750,Balsalazide (sodium hydrate),5.0,25229,0.8146,0.6862,0.0673,0.7386,439,True
ACH-000750,Belumosudil,0.05,23807,0.7231,0.8001,0.0182,0.4687,592,True
ACH-000750,Belumosudil,0.5,25815,0.7719,0.7128,0.0268,0.0899,688,True
ACH-000750,Belumosudil,5.0,23417,0.7816,0.8214,0.032,-0.1011,1281,True
ACH-000750,Berbamine,0.5,25168,0.7804,0.7267,-0.0315,-0.3495,1830,True
ACH-000750,Berbamine,5.0,24383,0.8028,0.7029,0.0704,0.6827,480,True
ACH-000750,Berbamine (dihydrochloride),0.05,23600,0.7231,0.8079,0.0356,0.3791,967,True
ACH-000750,Berbamine (dihydrochloride),0.5,25369,0.7988,0.6789,0.0085,0.0382,839,True
ACH-000750,Berbamine (dihydrochloride),5.0,23558,0.8382,0.7654,0.0011,0.065,893,True
ACH-000750,Berberine (chloride hydrate),5.0,24997,0.8276,0.6717,0.058,0.6673,469,True
ACH-000750,Bergenin,5.0,24627,0.8188,0.7054,0.0631,0.6552,679,True
ACH-000750,Bimatoprost,5.0,25044,0.8073,0.7529,0.1035,0.6148,611,True
ACH-000750,Binimetinib,0.05,25360,0.7894,0.7359,0.0907,0.4294,1691,True
ACH-000750,Binimetinib,0.5,25489,0.7832,0.8408,0.0851,0.3068,1674,True
ACH-000750,Binimetinib,5.0,23063,0.6763,0.9143,0.1039,0.4965,3201,True
ACH-000750,Busulfan,5.0,24044,0.8389,0.7189,0.1275,0.6307,698,True
ACH-000750,Captopril,0.05,24094,0.7542,0.8016,0.0542,-0.1112,1405,True
ACH-000750,Cepharanthine,5.0,24357,0.8312,0.831,0.099,0.6797,1015,True
ACH-000750,Chlorhexidine (diacetate),0.5,25210,0.801,0.7258,-0.0162,-0.1585,1704,True
ACH-000750,Chlorhexidine (diacetate),5.0,24864,0.8038,0.7094,0.0942,0.7821,372,True
ACH-000750,Ciclopirox,5.0,23989,0.8048,0.7586,0.1007,0.7058,657,True
ACH-000750,Clonidine (hydrochloride),5.0,25319,0.8349,0.6664,0.0774,0.7194,746,True
ACH-000750,Clotrimazole,5.0,24886,0.8166,0.7274,0.0845,0.6829,609,True
ACH-000750,Cloxacillin (sodium),5.0,24797,0.8036,0.6538,0.0685,0.753,402,True
ACH-000750,Cysteamine (hydrochloride),5.0,24663,0.8064,0.6679,0.0692,0.6829,364,True
ACH-000750,Cytarabine,0.05,24295,0.7653,0.8077,0.0225,0.2214,940,True
ACH-000750,Cytarabine,0.5,25327,0.7858,0.6866,0.0158,0.081,602,True
ACH-000750,Cytarabine,5.0,23855,0.7136,0.8525,0.0285,0.178,626,True
ACH-000750,DTP3,0.05,24280,3.5254,0.7648,-0.005,-0.0147,8437,True
ACH-000750,Daidzin,0.05,23754,0.7541,0.7869,0.0039,-0.0064,931,True
ACH-000750,Daidzin,0.5,25275,0.787,0.6681,0.0155,0.084,822,True
ACH-000750,Daidzin,5.0,23760,0.8704,0.7316,0.0011,-0.0789,1085,True
ACH-000750,Darinaparsin,5.0,24343,0.8099,0.7777,0.0633,0.6128,751,True
ACH-000750,Demeclocycline,5.0,24554,0.7896,0.7127,0.0487,0.584,371,True
ACH-000750,Diammonium Glycyrrhizinate,5.0,24637,0.811,0.7048,0.0947,0.6322,405,True
ACH-000750,Docetaxel,5.0,25392,0.7906,0.7885,0.0987,0.6995,1000,True
ACH-000750,Elagolix sodium,5.0,24151,0.8165,0.7185,0.1193,0.7121,842,True
ACH-000750,Flumatinib (mesylate),0.05,23233,0.7207,0.8151,0.0181,0.2704,1022,True
ACH-000750,Flumatinib (mesylate),0.5,25335,0.7864,0.7627,0.0469,0.3906,1079,True
ACH-000750,Flumatinib (mesylate),5.0,23523,0.7459,0.807,-0.0034,-0.3445,650,True
ACH-000750,Fluvoxamine (maleate),5.0,24433,0.8053,0.7278,0.0785,0.7685,509,True
ACH-000750,Folic acid,5.0,24284,0.8122,0.6322,0.0485,0.4873,382,True
ACH-000750,Fumaric acid,0.05,23666,0.762,0.8263,0.0108,0.0075,833,True
ACH-000750,Fumaric acid,0.5,25648,0.7999,0.7361,-0.0045,0.0273,868,True
ACH-000750,Fumaric acid,5.0,24310,0.7998,0.8203,-0.0581,-0.3116,1266,True
ACH-000750,Furosemide,5.0,24808,0.7842,0.7033,0.0415,0.6687,358,True
ACH-000750,Fusidic acid,5.0,24682,0.8097,0.6805,0.0902,0.8103,374,True
ACH-000750,Gallic acid,5.0,24602,0.8177,0.6624,0.074,0.6995,539,True
ACH-000750,Gallic acid (hydrate),5.0,24537,0.8271,0.7285,0.0871,0.6504,665,True
ACH-000750,Gemfibrozil,5.0,24742,0.8266,0.7311,0.0865,0.6885,879,True
ACH-000750,Goserelin (acetate),5.0,24978,0.8297,0.6744,0.0555,0.7264,756,True
ACH-000750,Hexylresorcinol,5.0,25397,0.8315,0.6855,0.0999,0.6809,1046,True
ACH-000750,Homoharringtonine,5.0,24712,1.4702,1.6357,0.6728,0.8854,7598,True
ACH-000750,Hydroxyfasudil,0.05,24040,2.4369,0.7423,0.0015,0.0765,440,True
ACH-000750,Idarubicin (hydrochloride),5.0,25547,1.519,1.6791,0.6566,0.8524,7229,True
ACH-000750,Irinotecan (hydrochloride),0.05,22900,0.7912,0.8034,0.0212,-0.0064,1664,True
ACH-000750,Irinotecan (hydrochloride),0.5,25057,0.8487,0.7102,-0.0472,-0.3079,2348,True
ACH-000750,Irinotecan (hydrochloride),5.0,23615,0.9034,0.8031,-0.0546,-0.2904,2481,True
ACH-000750,Isocorydine,5.0,24730,0.8187,0.6733,0.0619,0.675,618,True
ACH-000750,L-Thyroxine (sodium salt pentahydrate),5.0,23057,2.6993,0.6524,0.027,0.109,318,True
ACH-000750,Larotrectinib,5.0,24690,0.8111,0.78,0.1036,0.5932,456,True
ACH-000750,Lenalidomide (hemihydrate),5.0,24142,0.7868,0.7304,0.0952,0.7159,506,True
ACH-000750,Lidocaine (hydrochloride),5.0,23895,0.8079,0.8141,0.1259,0.694,1295,True
ACH-000750,Lipoic acid,5.0,24865,0.8041,0.6824,0.0702,0.7562,426,True
ACH-000750,Lumateperone (tosylate),5.0,24709,0.8126,0.6723,0.0761,0.753,342,True
ACH-000750,Malotilate,0.05,24259,0.8342,0.7781,0.0675,0.0817,3561,True
ACH-000750,Medroxyprogesterone acetate,5.0,24026,0.821,0.7116,0.1025,0.5836,755,True
ACH-000750,Megestrol,5.0,25202,0.7986,0.7056,0.0655,0.5881,580,True
ACH-000750,Methylprednisolone succinate,0.05,23949,3.3689,0.7455,-0.0046,0.0063,6387,True
ACH-000750,Mitoxantrone (dihydrochloride),5.0,24760,0.816,1.2462,0.0736,0.1378,602,True
ACH-000750,Naproxen,0.05,22733,0.6911,0.8062,0.009,0.0149,421,True
ACH-000750,Naproxen,0.5,25511,0.7682,0.7013,-0.0026,-0.3014,533,True
ACH-000750,Naproxen,5.0,23423,0.7346,0.7731,0.0121,-0.3418,547,True
ACH-000750,Neratinib (maleate),5.0,24426,0.8383,0.7187,0.1114,0.627,913,True
ACH-000750,Norepinephrine (hydrochloride),5.0,24440,0.8212,0.7593,0.0761,0.4231,639,True
ACH-000750,Olanzapine,5.0,24716,0.8155,0.7305,0.0959,0.7037,535,True
ACH-000750,PF-06260933,0.05,24019,3.2097,0.7197,-0.022,-0.0148,2620,True
ACH-000750,Palmatine (chloride),5.0,24416,0.8,0.7115,0.0681,0.75,507,True
ACH-000750,Pasireotide (acetate),5.0,25050,0.8716,0.6841,0.0927,0.5697,1123,True
ACH-000750,Pentagastrin,5.0,25231,0.8227,0.6831,0.0395,0.5809,532,True
ACH-000750,Pentamidine (isethionate),0.5,24294,0.8209,0.7251,0.0619,0.1166,936,True
ACH-000750,Pentamidine (isethionate),5.0,25027,0.7917,0.7689,0.0525,0.7307,618,True
ACH-000750,Pralsetinib,0.05,25089,0.7978,0.7616,0.0376,0.1356,1958,True
ACH-000750,Pravastatin (sodium),0.05,22828,0.731,0.7886,0.0221,0.182,710,True
ACH-000750,Pravastatin (sodium),0.5,25041,0.7911,0.6994,0.0167,-0.041,858,True
ACH-000750,Pravastatin (sodium),5.0,23750,0.8088,0.7848,-0.0604,-0.4315,1465,True
ACH-000750,Pyridoxine,5.0,24102,0.802,0.7513,0.0798,0.5933,506,True
ACH-000750,Pyridoxine (hydrochloride),5.0,24525,0.8102,0.6513,0.0745,0.7164,470,True
ACH-000750,Quinestrol,5.0,25059,0.8045,0.7194,0.0812,0.7246,633,True
ACH-000750,Radotinib,5.0,24264,0.8525,0.7475,0.1553,0.7311,1127,True
ACH-000750,Raltitrexed,5.0,25010,0.8141,0.659,0.0666,0.7579,573,True
ACH-000750,Rapamycin,5.0,24539,0.8192,0.7549,0.1036,0.631,619,True
ACH-000750,Regorafenib,0.05,24954,0.7547,0.7431,-0.0148,-0.0804,923,True
ACH-000750,Regorafenib,0.5,25367,0.7996,0.6884,0.0055,-0.317,771,True
ACH-000750,Regorafenib,5.0,23047,0.7298,0.8844,0.02,-0.0921,792,True
ACH-000750,Relugolix,5.0,25027,0.8044,0.6494,0.0474,0.6242,321,True
ACH-000750,Resveratrol,5.0,23993,0.8457,0.7215,0.1048,0.5392,1028,True
ACH-000750,Retinoic acid,5.0,25046,0.8369,0.7112,0.0849,0.7366,941,True
ACH-000750,Riluzole hydrochloride,5.0,24954,0.841,0.7406,0.12,0.7617,982,True
ACH-000750,Rimonabant,5.0,24820,0.8238,0.7008,0.0777,0.7278,690,True
ACH-000750,Ritonavir,5.0,24489,0.8002,0.7477,0.0902,0.7685,471,True
ACH-000750,Ropivacaine (hydrochloride monohydrate),5.0,24366,0.8134,0.7101,0.1057,0.8489,726,True
ACH-000750,S-Adenosyl-L-methionine (disulfate tosylate),5.0,24602,0.8257,0.7461,0.1114,0.8258,901,True
ACH-000750,Salicylic acid,5.0,24890,0.7782,0.8186,0.075,0.7071,565,True
ACH-000750,Saquinavir,5.0,23551,0.8103,0.7958,0.1398,0.5516,634,True
ACH-000750,Selinexor ,5.0,23482,1.0391,0.8026,0.2422,0.6879,1568,True
ACH-000750,Sinomenine,5.0,24493,0.8121,0.6695,0.0815,0.6619,527,True
ACH-000750,Sodium Salicylate,5.0,25348,0.8126,0.7818,0.0933,0.6347,1197,True
ACH-000750,Sonidegib,0.05,24247,2.7375,0.7263,-0.0074,-0.0244,2831,True
ACH-000750,Sulfisoxazole,0.5,24357,0.8965,0.7485,0.1103,0.1657,2310,True
ACH-000750,Sulfisoxazole,5.0,24675,0.8283,0.7389,0.0921,0.6278,520,True
ACH-000750,Temsirolimus,5.0,24495,0.8091,0.7562,0.1171,0.7771,684,True
ACH-000750,Terfenadine,0.5,23698,0.8467,0.7515,0.1247,0.0505,1290,True
ACH-000750,Terfenadine,5.0,24211,0.8265,0.7489,0.1049,0.7008,1115,True
ACH-000750,Thymol,5.0,24025,0.8102,0.6983,0.0849,0.6262,906,True
ACH-000750,Tofacitinib,5.0,24434,0.8241,0.7337,0.1161,0.6583,531,True
ACH-000750,Tofacitinib (citrate),5.0,24876,0.8232,0.7396,0.0974,0.6243,915,True
ACH-000750,Tolcapone,5.0,24640,0.8123,0.722,0.0943,0.8063,419,True
ACH-000750,Topotecan (hydrochloride),0.05,22564,0.7059,0.8429,0.0056,-0.0283,951,True
ACH-000750,Topotecan (hydrochloride),0.5,25334,0.7656,0.8136,-0.0307,-0.4521,803,True
ACH-000750,Topotecan (hydrochloride),5.0,23119,0.7343,1.1249,-0.0121,-0.1791,885,True
ACH-000750,Trametinib,0.05,24706,0.7824,0.8004,0.1259,0.4274,1511,True
ACH-000750,Trametinib,0.5,25263,0.8177,0.8603,0.1564,0.544,2196,True
ACH-000750,Trametinib,5.0,24427,0.7949,1.0157,0.1101,0.5068,4733,True
ACH-000750,Triamcinolone,5.0,24738,0.8479,0.7838,0.1211,0.607,1353,True
ACH-000750,Triclosan,5.0,24895,0.8133,0.7434,0.0743,0.7162,699,True
ACH-000750,Trifluridine,5.0,24297,0.7966,0.7353,0.0998,0.6427,445,True
ACH-000750,Trimetrexate,5.0,24246,0.8221,0.7573,0.1119,0.6614,521,True
ACH-000750,Tucidinostat,5.0,25627,0.8954,1.054,0.2873,0.8461,2055,True
ACH-000750,Vilanterol,5.0,24382,0.8082,0.7513,0.0963,0.7779,786,True
ACH-000750,Vinblastine (sulfate),5.0,24419,0.8369,0.8358,0.138,0.7679,954,True
ACH-000750,c-Kit-IN-1,0.05,24044,3.3895,0.9045,0.0215,0.0193,7692,True
ACH-000750,olaparib,0.05,24146,3.5349,0.7342,0.0663,0.0076,8443,True
ACH-000757,(R)-Verapamil (hydrochloride),5.0,25558,0.7436,0.6235,0.0578,0.6428,50,True
ACH-000757,18β-Glycyrrhetinic acid,5.0,25132,0.7608,0.704,0.0679,0.8053,119,True
ACH-000757,8-Hydroxyquinoline,5.0,25181,0.7709,0.6374,0.0874,0.8117,236,True
ACH-000757,Acetohexamide,5.0,25327,0.7572,0.6771,0.0461,0.5279,142,True
ACH-000757,Adagrasib,0.05,34184,0.4419,0.496,0.1392,0.8062,2411,True
ACH-000757,Adenine,5.0,25196,0.7493,0.5812,0.07,0.6662,154,True
ACH-000757,Adenosine,5.0,25577,0.748,0.7225,0.0655,0.7175,256,True
ACH-000757,Afatinib,0.05,25357,0.6036,0.7106,0.0378,0.0004,915,False
ACH-000757,Afatinib,0.5,28099,0.5765,0.6832,0.0331,0.0877,802,False
ACH-000757,Afatinib,5.0,24896,0.593,0.9386,0.0364,0.4134,580,False
ACH-000757,Aliskiren,5.0,25412,0.7537,0.6394,0.0652,0.7672,85,True
ACH-000757,Allantoin,5.0,25036,0.7849,0.6498,0.1111,0.6439,550,True
ACH-000757,Almonertinib (hydrochloride),5.0,24947,0.7709,0.657,0.0846,0.7179,206,True
ACH-000757,Almonertinib (mesylate),0.05,22805,0.6351,0.7685,0.007,0.145,149,True
ACH-000757,Almonertinib (mesylate),0.5,25728,0.7249,0.6731,0.0001,0.4395,285,True
ACH-000757,Almonertinib (mesylate),5.0,23473,0.796,0.7415,-0.0044,-0.0264,626,True
ACH-000757,Amsacrine,5.0,25548,0.775,0.685,0.1173,0.8344,272,True
ACH-000757,Anethole trithione,5.0,25431,0.7796,0.6464,0.1017,0.8132,328,True
ACH-000757,Artesunate,5.0,25439,0.7932,0.6571,0.1323,0.8552,661,True
ACH-000757,Azithromycin (hydrate),5.0,25319,0.7773,0.6712,0.0691,0.7375,366,True
ACH-000757,Baicalin,5.0,25715,0.7852,0.6135,0.0996,0.7684,239,True
ACH-000757,Balsalazide (sodium hydrate),5.0,25947,0.7719,0.6096,0.0703,0.8118,85,True
ACH-000757,Belumosudil,0.05,23409,0.6524,0.7489,0.0102,-0.024,223,True
ACH-000757,Belumosudil,0.5,25673,0.7217,0.6684,0.0232,-0.0312,245,True
ACH-000757,Belumosudil,5.0,22971,0.705,0.79,0.0383,-0.0297,817,True
ACH-000757,Berbamine,0.5,25986,0.7415,0.6577,-0.0102,-0.3485,1562,True
ACH-000757,Berbamine,5.0,24707,0.7488,0.6132,0.0667,0.8178,97,True
ACH-000757,Berbamine (dihydrochloride),0.05,23241,0.6477,0.7743,0.0163,0.4857,515,True
ACH-000757,Berbamine (dihydrochloride),0.5,25542,0.7338,0.6334,0.0015,0.0093,434,True
ACH-000757,Berbamine (dihydrochloride),5.0,23522,0.8159,0.7407,0.0196,0.1249,813,True
ACH-000757,Berberine (chloride hydrate),5.0,25669,0.784,0.6122,0.0631,0.5962,163,True
ACH-000757,Bergenin,5.0,25423,0.7616,0.6228,0.0405,0.6513,132,True
ACH-000757,Bimatoprost,5.0,25512,0.7646,0.6651,0.081,0.7258,95,True
ACH-000757,Binimetinib,0.05,25405,0.7241,0.6988,0.0934,0.4233,1417,True
ACH-000757,Binimetinib,0.5,24783,0.7735,0.7918,0.0888,0.4002,975,True
ACH-000757,Binimetinib,5.0,23570,0.6708,0.9136,0.1338,0.6069,3201,True
ACH-000757,Busulfan,5.0,24707,0.8026,0.6291,0.1084,0.5343,502,True
ACH-000757,Captopril,0.05,24164,0.7016,0.7218,0.0454,-0.0654,696,True
ACH-000757,Cepharanthine,5.0,24888,0.7704,0.7777,0.1214,0.8661,320,True
ACH-000757,Chlorhexidine (diacetate),0.5,25927,0.761,0.6632,-0.002,0.045,1322,True
ACH-000757,Chlorhexidine (diacetate),5.0,25255,0.7858,0.6889,0.1172,0.8283,577,True
ACH-000757,Ciclopirox,5.0,24854,0.7438,0.6741,0.0955,0.6929,171,True
ACH-000757,Clonidine (hydrochloride),5.0,26030,0.7791,0.6136,0.0918,0.8758,131,True
ACH-000757,Clotrimazole,5.0,25674,0.7524,0.6913,0.0585,0.6913,172,True
ACH-000757,Cloxacillin (sodium),5.0,25670,0.7555,0.5905,0.0379,0.736,148,True
ACH-000757,Cysteamine (hydrochloride),5.0,25028,0.7495,0.5963,0.0506,0.6125,81,True
ACH-000757,Cytarabine,0.05,24017,0.6853,0.7657,0.0285,0.1417,589,True
ACH-000757,Cytarabine,0.5,25337,0.7165,0.6576,0.0047,-0.103,234,True
ACH-000757,Cytarabine,5.0,23720,0.6452,0.8304,0.0395,0.0197,246,True
ACH-000757,Daidzin,0.05,23362,0.671,0.7534,0.0043,-0.1186,568,True
ACH-000757,Daidzin,0.5,25319,0.7258,0.6342,0.0192,-0.0571,292,True
ACH-000757,Daidzin,5.0,23652,0.847,0.7218,-0.0084,0.0501,542,True
ACH-000757,Darinaparsin,5.0,25144,0.7756,0.6995,0.1014,0.8174,289,True
ACH-000757,Demeclocycline,5.0,25387,0.7609,0.668,0.0518,0.7562,134,True
ACH-000757,Diammonium Glycyrrhizinate,5.0,25177,0.7634,0.6314,0.0613,0.7619,145,True
ACH-000757,Docetaxel,5.0,26003,0.7589,0.7054,0.0635,0.8152,331,True
ACH-000757,Elagolix sodium,5.0,24851,0.7737,0.6457,0.1033,0.716,551,True
ACH-000757,Flumatinib (mesylate),0.05,23054,0.6332,0.7834,0.0186,0.2153,441,True
ACH-000757,Flumatinib (mesylate),0.5,25194,0.717,0.6945,0.0341,0.4067,306,True
ACH-000757,Flumatinib (mesylate),5.0,23283,0.6706,0.7758,0.0246,-0.2957,326,True
ACH-000757,Fluvoxamine (maleate),5.0,24941,0.7473,0.6607,0.071,0.7396,74,True
ACH-000757,Folic acid,5.0,24904,0.7681,0.5804,0.0504,0.5894,123,True
ACH-000757,Fumaric acid,0.05,23120,0.6621,0.7952,0.0088,-0.0017,420,True
ACH-000757,Fumaric acid,0.5,25480,0.7289,0.6933,0.0149,0.2846,419,True
ACH-000757,Fumaric acid,5.0,24006,0.7155,0.7868,-0.0467,-0.4779,516,True
ACH-000757,Furosemide,5.0,25566,0.7378,0.6678,0.0412,0.7554,175,True
ACH-000757,Fusidic acid,5.0,25461,0.7627,0.6107,0.0684,0.7971,59,True
ACH-000757,Gallic acid,5.0,25424,0.754,0.594,0.0645,0.7716,134,True
ACH-000757,Gallic acid (hydrate),5.0,25026,0.7745,0.6512,0.0772,0.6736,235,True
ACH-000757,Gemfibrozil,5.0,25349,0.7767,0.6507,0.0663,0.6505,440,True
ACH-000757,Goserelin (acetate),5.0,25866,0.772,0.6045,0.0529,0.792,152,True
ACH-000757,Hexylresorcinol,5.0,26195,0.7626,0.6283,0.0553,0.801,279,True
ACH-000757,Homoharringtonine,5.0,23819,1.4739,2.0587,0.6952,0.8223,2950,True
ACH-000757,Hydroxyfasudil,0.05,24758,2.1665,0.7091,0.0296,0.0392,431,True
ACH-000757,Idarubicin (hydrochloride),5.0,23699,1.5287,2.2308,0.7034,0.8095,1501,True
ACH-000757,Irinotecan (hydrochloride),0.05,22416,0.727,0.7716,0.0538,0.0453,1652,True
ACH-000757,Irinotecan (hydrochloride),0.5,24744,0.7908,0.6512,0.0019,-0.118,2075,True
ACH-000757,Irinotecan (hydrochloride),5.0,23204,0.9413,0.7507,-0.0019,-0.0886,1452,True
ACH-000757,Isocorydine,5.0,25104,0.745,0.6159,0.0579,0.6648,95,True
ACH-000757,L-Thyroxine (sodium salt pentahydrate),5.0,23755,2.5454,0.5673,-0.0031,-0.0511,202,True
ACH-000757,Larotrectinib,5.0,25518,0.7717,0.7292,0.0905,0.6622,136,True
ACH-000757,Lenalidomide (hemihydrate),5.0,24810,0.7467,0.6421,0.0862,0.7318,154,True
ACH-000757,Lidocaine (hydrochloride),5.0,24918,0.7899,0.7527,0.1117,0.6484,796,True
ACH-000757,Lipoic acid,5.0,25722,0.7581,0.5956,0.057,0.9004,81,True
ACH-000757,Lumateperone (tosylate),5.0,25415,0.7645,0.5857,0.0673,0.8244,96,True
ACH-000757,Malotilate,0.05,24296,0.757,0.7158,0.0313,-0.069,2269,True
ACH-000757,Medroxyprogesterone acetate,5.0,25019,0.7579,0.6372,0.0834,0.4533,280,True
ACH-000757,Megestrol,5.0,25790,0.7488,0.644,0.0362,0.4939,162,True
ACH-000757,Mitoxantrone (dihydrochloride),5.0,24930,0.7608,1.7352,0.0111,0.0132,213,True
ACH-000757,Naproxen,0.05,22512,0.6217,0.7534,-0.0102,-0.2615,196,True
ACH-000757,Naproxen,0.5,25398,0.7174,0.6661,-0.0107,-0.4904,222,True
ACH-000757,Naproxen,5.0,23386,0.6649,0.7424,0.0078,-0.4484,301,True
ACH-000757,Neratinib (maleate),5.0,25377,0.7704,0.6775,0.1108,0.8777,246,True
ACH-000757,Norepinephrine (hydrochloride),5.0,25059,0.7726,0.661,0.0773,0.6812,234,True
ACH-000757,Olanzapine,5.0,25158,0.7637,0.6438,0.0989,0.8422,152,True
ACH-000757,PF-06260933,0.05,24715,3.371,0.683,0.0017,0.0072,7927,True
ACH-000757,Palmatine (chloride),5.0,24981,0.7516,0.6464,0.0811,0.8112,121,True
ACH-000757,Pasireotide (acetate),5.0,25240,0.7822,0.6104,0.0734,0.6433,245,True
ACH-000757,Pentagastrin,5.0,25959,0.7704,0.59,0.064,0.8175,106,True
ACH-000757,Pentamidine (isethionate),0.5,24880,0.7764,0.6497,0.0457,0.0142,508,True
ACH-000757,Pentamidine (isethionate),5.0,25486,0.7585,0.7383,0.08,0.8693,300,True
ACH-000757,Pralsetinib,0.05,25473,0.709,0.7243,0.0448,0.0864,1286,True
ACH-000757,Pravastatin (sodium),0.05,22458,0.6454,0.7495,0.0143,-0.1341,356,True
ACH-000757,Pravastatin (sodium),0.5,25072,0.7112,0.6506,-0.0015,-0.2042,354,True
ACH-000757,Pravastatin (sodium),5.0,23554,0.7581,0.7576,-0.0557,-0.4455,1020,True
ACH-000757,Pyridoxine,5.0,24879,0.7643,0.6763,0.0735,0.7777,220,True
ACH-000757,Pyridoxine (hydrochloride),5.0,25232,0.7532,0.5915,0.0715,0.7866,166,True
ACH-000757,Quinestrol,5.0,25591,0.751,0.652,0.069,0.8447,137,True
ACH-000757,Radotinib,5.0,24944,0.7795,0.6833,0.1127,0.7981,645,True
ACH-000757,Raltitrexed,5.0,25539,0.763,0.5984,0.0591,0.7769,172,True
ACH-000757,Rapamycin,5.0,25322,0.7626,0.6694,0.0876,0.797,221,True
ACH-000757,Regorafenib,0.05,25310,0.7092,0.7027,0.0183,-0.1145,543,True
ACH-000757,Regorafenib,0.5,25637,0.7295,0.6352,0.0201,-0.2456,289,True
ACH-000757,Regorafenib,5.0,23279,0.6422,0.8526,0.0346,0.0343,230,True
ACH-000757,Relugolix,5.0,25847,0.7645,0.5805,0.042,0.4925,152,True
ACH-000757,Resveratrol,5.0,24861,0.7742,0.6281,0.0758,0.5815,571,True
ACH-000757,Retinoic acid,5.0,25459,0.7685,0.6291,0.0749,0.7862,197,True
ACH-000757,Riluzole hydrochloride,5.0,25049,0.7738,0.6586,0.1368,0.7445,637,True
ACH-000757,Rimonabant,5.0,25469,0.7659,0.6229,0.1036,0.8871,158,True
ACH-000757,Ritonavir,5.0,25051,0.762,0.6732,0.0756,0.7381,126,True
ACH-000757,Ropivacaine (hydrochloride monohydrate),5.0,25183,0.7625,0.6528,0.083,0.7849,427,True
ACH-000757,S-Adenosyl-L-methionine (disulfate tosylate),5.0,25107,0.7626,0.6902,0.0994,0.7762,239,True
ACH-000757,Salicylic acid,5.0,25778,0.7518,0.7188,0.0414,0.7283,259,True
ACH-000757,Saquinavir,5.0,24499,0.7704,0.7206,0.1274,0.6109,219,True
ACH-000757,Selinexor ,5.0,23940,1.1486,0.7966,0.2976,0.6276,1393,True
ACH-000757,Sinomenine,5.0,25293,0.7595,0.6073,0.0732,0.7661,92,True
ACH-000757,Sodium Salicylate,5.0,25942,0.7665,0.6979,0.0745,0.7085,628,True
ACH-000757,Sonidegib,0.05,24743,3.1442,0.701,0.0462,-0.0094,7082,True
ACH-000757,Sulfisoxazole,0.5,25123,0.794,0.6602,0.0592,0.196,1311,True
ACH-000757,Sulfisoxazole,5.0,25525,0.7789,0.6615,0.0931,0.4161,97,True
ACH-000757,Temsirolimus,5.0,25365,0.765,0.6717,0.1021,0.7121,239,True
ACH-000757,Terfenadine,0.5,24451,0.8376,0.6702,0.1062,0.0154,891,True
ACH-000757,Terfenadine,5.0,24858,0.7573,0.6726,0.0843,0.6429,195,True
ACH-000757,Thymol,5.0,24806,0.756,0.641,0.0905,0.5159,433,True
ACH-000757,Tofacitinib,5.0,25083,0.7699,0.6685,0.1119,0.6624,169,True
ACH-000757,Tofacitinib (citrate),5.0,25617,0.7502,0.6761,0.0659,0.7375,157,True
ACH-000757,Tolcapone,5.0,25125,0.7523,0.6435,0.0763,0.784,118,True
ACH-000757,Topotecan (hydrochloride),0.05,22256,0.6285,0.7756,-0.0127,-0.12,478,True
ACH-000757,Topotecan (hydrochloride),0.5,25367,0.703,0.7116,-0.0292,-0.371,349,True
ACH-000757,Topotecan (hydrochloride),5.0,22825,0.659,1.017,0.0043,-0.1197,547,True
ACH-000757,Trametinib,0.05,25034,0.7513,0.7639,0.1353,0.5069,1426,True
ACH-000757,Trametinib,0.5,24447,0.8165,0.8104,0.1565,0.6252,1715,True
ACH-000757,Trametinib,5.0,24247,0.7033,0.9834,0.1784,0.6294,3546,True
ACH-000757,Triamcinolone,5.0,25073,0.7623,0.665,0.1123,0.8065,264,True
ACH-000757,Triclosan,5.0,25590,0.76,0.6669,0.0634,0.6325,191,True
ACH-000757,Trifluridine,5.0,24750,0.7547,0.6724,0.0954,0.7776,156,True
ACH-000757,Trimetrexate,5.0,24903,0.7565,0.6795,0.0942,0.6407,182,True
ACH-000757,Tucidinostat,5.0,26037,0.841,0.9604,0.2897,0.8752,898,True
ACH-000757,Vilanterol,5.0,25025,0.7537,0.6596,0.0686,0.8345,161,True
ACH-000757,Vinblastine (sulfate),5.0,25146,0.7672,0.7222,0.1304,0.8119,362,True
ACH-000757,c-Kit-IN-1,0.05,23945,2.9736,0.8263,0.1536,0.1083,4574,True
ACH-000757,olaparib,0.05,24589,2.9836,0.7191,0.1078,0.0396,5492,True
ACH-000790,(R)-Verapamil (hydrochloride),5.0,22486,0.8234,0.6849,0.0422,,45,True
ACH-000790,18β-Glycyrrhetinic acid,5.0,21653,0.8333,0.7419,0.0748,0.6203,62,True
ACH-000790,8-Hydroxyquinoline,5.0,22096,0.8536,0.6421,0.0583,0.8998,70,True
ACH-000790,Acetohexamide,5.0,22349,0.8378,0.7344,0.0515,0.7228,69,True
ACH-000790,Adagrasib,0.05,33792,0.4698,0.5287,0.1158,0.6699,1517,True
ACH-000790,Adenine,5.0,22344,0.8459,0.6244,0.0463,0.79,65,True
ACH-000790,Adenosine,5.0,22696,0.8141,0.736,0.0477,0.8056,102,True
ACH-000790,Afatinib,0.05,25546,0.6549,0.7038,0.0151,0.0629,647,False
ACH-000790,Afatinib,0.5,27239,0.5338,0.7778,0.0057,-0.0389,1013,False
ACH-000790,Afatinib,5.0,22742,0.5332,0.9514,-0.0226,0.1761,494,False
ACH-000790,Aliskiren,5.0,22397,0.8386,0.6715,0.0451,0.8098,57,True
ACH-000790,Allantoin,5.0,21790,0.8577,0.7002,0.0781,0.6625,158,True
ACH-000790,Almonertinib (hydrochloride),5.0,21600,0.8426,0.6772,0.0683,0.7324,97,True
ACH-000790,Almonertinib (mesylate),0.05,24209,0.6621,0.7616,0.0343,0.2209,319,True
ACH-000790,Almonertinib (mesylate),0.5,27450,0.7511,0.6405,0.0106,0.1236,358,True
ACH-000790,Almonertinib (mesylate),5.0,24664,0.8138,0.7357,-0.0492,0.0964,471,True
ACH-000790,Amsacrine,5.0,22886,0.8443,0.6987,0.0787,0.7785,177,True
ACH-000790,Anethole trithione,5.0,22340,0.8675,0.6528,0.0997,0.7829,149,True
ACH-000790,Artesunate,5.0,21323,0.9178,0.7441,0.1713,0.8023,662,True
ACH-000790,Azithromycin (hydrate),5.0,22020,0.859,0.705,0.0764,0.8644,91,True
ACH-000790,Baicalin,5.0,22693,0.8578,0.6688,0.066,0.7717,121,True
ACH-000790,Balsalazide (sodium hydrate),5.0,22797,0.8438,0.6514,0.0497,,48,True
ACH-000790,Belumosudil,0.05,24958,0.6717,0.7749,0.0205,0.2557,348,True
ACH-000790,Belumosudil,0.5,27173,0.7301,0.6696,0.0081,-0.0764,388,True
ACH-000790,Belumosudil,5.0,23883,0.717,0.7998,0.0283,-0.0093,815,True
ACH-000790,Berbamine,0.5,24012,0.6364,0.7891,-0.0173,-0.2128,1615,True
ACH-000790,Berbamine,5.0,21794,0.8257,0.6227,0.0421,,44,True
ACH-000790,Berbamine (dihydrochloride),0.05,24608,0.6671,0.7703,0.0589,0.4565,551,True
ACH-000790,Berbamine (dihydrochloride),0.5,27169,0.7615,0.6373,0.0118,0.0996,624,True
ACH-000790,Berbamine (dihydrochloride),5.0,24637,0.7597,0.7572,-0.0051,0.0824,681,True
ACH-000790,Berberine (chloride hydrate),5.0,22463,0.865,0.6252,0.0628,0.8676,68,True
ACH-000790,Bergenin,5.0,21953,0.845,0.6636,0.0451,0.8149,73,True
ACH-000790,Bimatoprost,5.0,22754,0.838,0.744,0.062,0.6304,151,True
ACH-000790,Binimetinib,0.05,23539,0.8508,0.6356,0.1203,0.7278,666,True
ACH-000790,Binimetinib,0.5,24510,0.7398,0.8572,0.1157,0.6571,1163,True
ACH-000790,Binimetinib,5.0,19137,0.4519,0.9996,0.1188,0.4394,2729,True
ACH-000790,Busulfan,5.0,21520,0.8557,0.681,0.0646,0.6646,97,True
ACH-000790,Captopril,0.05,25561,0.6999,0.7576,0.0649,-0.0627,644,True
ACH-000790,Cepharanthine,5.0,21876,0.8427,0.7956,0.0565,0.8351,68,True
ACH-000790,Chlorhexidine (diacetate),0.5,24368,0.6609,0.7892,-0.0018,-0.1087,1452,True
ACH-000790,Chlorhexidine (diacetate),5.0,22242,0.8424,0.6453,0.068,,37,True
ACH-000790,Ciclopirox,5.0,21548,0.8424,0.736,0.069,0.5864,85,True
ACH-000790,Clonidine (hydrochloride),5.0,22728,0.8604,0.6099,0.0592,0.8445,74,True
ACH-000790,Clotrimazole,5.0,22685,0.839,0.722,0.0649,0.7623,95,True
ACH-000790,Cloxacillin (sodium),5.0,22227,0.8402,0.6336,0.0434,,43,True
ACH-000790,Cysteamine (hydrochloride),5.0,22244,0.8479,0.6326,0.0435,,42,True
ACH-000790,Cytarabine,0.05,25541,0.715,0.795,0.0752,0.2435,813,True
ACH-000790,Cytarabine,0.5,26993,0.7431,0.6363,0.0059,-0.0693,354,True
ACH-000790,Cytarabine,5.0,24900,0.6716,0.8311,0.0118,0.097,335,True
ACH-000790,DTP3,0.05,22631,2.6816,0.6016,0.017,0.2558,104,True
ACH-000790,Daidzin,0.05,24785,0.6989,0.7741,0.0165,-0.141,719,True
ACH-000790,Daidzin,0.5,26936,0.7545,0.6233,0.012,0.121,491,True
ACH-000790,Daidzin,5.0,24908,0.8118,0.7304,-0.0373,-0.0488,609,True
ACH-000790,Darinaparsin,5.0,22281,0.8282,0.7197,0.067,0.904,113,True
ACH-000790,Demeclocycline,5.0,22332,0.8184,0.7217,0.0222,0.4198,62,True
ACH-000790,Diammonium Glycyrrhizinate,5.0,21793,0.8381,0.6655,0.0602,0.7383,68,True
ACH-000790,Docetaxel,5.0,23203,0.8029,0.7271,0.0353,0.8004,123,True
ACH-000790,Elagolix sodium,5.0,21896,0.845,0.6744,0.0582,0.8508,75,True
ACH-000790,Flumatinib (mesylate),0.05,24389,0.6592,0.7836,0.0341,0.2625,702,True
ACH-000790,Flumatinib (mesylate),0.5,26936,0.7385,0.7012,0.0333,0.3536,768,True
ACH-000790,Flumatinib (mesylate),5.0,24208,0.6837,0.8042,-0.0044,-0.2722,480,True
ACH-000790,Fluvoxamine (maleate),5.0,21959,0.8422,0.6883,0.0616,,38,True
ACH-000790,Folic acid,5.0,22029,0.83,0.608,0.0423,0.6488,52,True
ACH-000790,Fumaric acid,0.05,24675,0.698,0.7979,0.0167,0.1322,654,True
ACH-000790,Fumaric acid,0.5,27117,0.7637,0.685,0.019,0.2548,732,True
ACH-000790,Fumaric acid,5.0,24994,0.7389,0.8155,-0.0462,-0.2507,917,True
ACH-000790,Furosemide,5.0,22544,0.8108,0.6877,0.0133,,43,True
ACH-000790,Fusidic acid,5.0,22385,0.8387,0.6473,0.058,0.7865,53,True
ACH-000790,Gallic acid,5.0,22209,0.8476,0.6167,0.0485,0.7617,88,True
ACH-000790,Gallic acid (hydrate),5.0,21884,0.862,0.7004,0.079,0.8071,95,True
ACH-000790,Gemfibrozil,5.0,22007,0.8428,0.6882,0.0576,0.8703,111,True
ACH-000790,Goserelin (acetate),5.0,22594,0.8448,0.6426,0.0689,0.7359,67,True
ACH-000790,Hexylresorcinol,5.0,23045,0.8494,0.6797,0.0607,0.7728,122,True
ACH-000790,Homoharringtonine,5.0,23194,1.1018,1.1017,0.4484,0.8857,3210,True
ACH-000790,Hydroxyfasudil,0.05,22612,1.6413,0.5842,-0.0035,0.144,252,True
ACH-000790,Idarubicin (hydrochloride),5.0,22014,1.2128,1.2425,0.5209,0.828,2489,True
ACH-000790,Irinotecan (hydrochloride),0.05,24047,0.7271,0.7582,0.0471,0.1907,1543,True
ACH-000790,Irinotecan (hydrochloride),0.5,27110,0.7669,0.6684,-0.007,-0.2882,1170,True
ACH-000790,Irinotecan (hydrochloride),5.0,24763,0.7746,0.766,-0.0368,-0.1698,1484,True
ACH-000790,Isocorydine,5.0,22136,0.8537,0.6287,0.046,0.6864,77,True
ACH-000790,L-Thyroxine (sodium salt pentahydrate),5.0,20516,1.7218,0.6032,0.0266,0.1273,251,True
ACH-000790,Larotrectinib,5.0,22293,0.8491,0.7557,0.0827,0.7327,68,True
ACH-000790,Lenalidomide (hemihydrate),5.0,21487,0.8172,0.6915,0.0601,0.7706,53,True
ACH-000790,Lidocaine (hydrochloride),5.0,21629,0.8538,0.8238,0.0871,0.7229,204,True
ACH-000790,Lipoic acid,5.0,22954,0.8293,0.6508,0.0315,0.7245,94,True
ACH-000790,Lumateperone (tosylate),5.0,22390,0.8381,0.6404,0.0586,0.7691,58,True
ACH-000790,Malotilate,0.05,25567,0.799,0.7365,0.0571,-0.0072,2648,True
ACH-000790,Medroxyprogesterone acetate,5.0,21453,0.8457,0.7099,0.076,0.5855,142,True
ACH-000790,Megestrol,5.0,22980,0.8141,0.7015,0.0488,0.6838,99,True
ACH-000790,Methylprednisolone succinate,0.05,22451,2.4081,0.5909,-0.03,-0.0377,185,True
ACH-000790,Mitoxantrone (dihydrochloride),5.0,23122,0.8257,0.7417,0.0615,0.7231,151,True
ACH-000790,Naproxen,0.05,23827,0.6444,0.7843,0.0195,-0.114,241,True
ACH-000790,Naproxen,0.5,26788,0.7252,0.6591,0.0004,-0.2071,251,True
ACH-000790,Naproxen,5.0,23934,0.6605,0.7718,0.0076,-0.5063,393,True
ACH-000790,Neratinib (maleate),5.0,22016,0.8547,0.6903,0.083,0.8054,166,True
ACH-000790,Norepinephrine (hydrochloride),5.0,22010,0.8435,0.7224,0.0483,0.7203,86,True
ACH-000790,Olanzapine,5.0,22393,0.8423,0.7048,0.0681,0.8842,100,True
ACH-000790,PF-06260933,0.05,22465,2.6375,0.568,-0.0225,,30,True
ACH-000790,Palmatine (chloride),5.0,21966,0.8347,0.6792,0.0497,0.7747,52,True
ACH-000790,Pasireotide (acetate),5.0,22656,0.8791,0.6508,0.0795,0.8426,104,True
ACH-000790,Pentagastrin,5.0,22800,0.8566,0.6283,0.0486,0.7429,53,True
ACH-000790,Pentamidine (isethionate),0.5,23732,0.7127,0.7793,0.032,0.1317,473,True
ACH-000790,Pentamidine (isethionate),5.0,22727,0.8285,0.7293,0.0513,0.8376,113,True
ACH-000790,Pralsetinib,0.05,23806,0.8568,0.6292,0.0268,0.0206,386,True
ACH-000790,Pravastatin (sodium),0.05,23824,0.6863,0.7604,0.0585,0.1583,584,True
ACH-000790,Pravastatin (sodium),0.5,26412,0.7368,0.6418,0.0034,-0.179,547,True
ACH-000790,Pravastatin (sodium),5.0,24550,0.7776,0.7667,-0.049,-0.1923,1105,True
ACH-000790,Pyridoxine,5.0,21917,0.848,0.7256,0.0534,0.6028,91,True
ACH-000790,Pyridoxine (hydrochloride),5.0,22716,0.8506,0.6214,0.0701,0.7752,54,True
ACH-000790,Quinestrol,5.0,22682,0.8347,0.6963,0.0682,0.8796,132,True
ACH-000790,Radotinib,5.0,21842,0.8674,0.7005,0.0934,0.8066,138,True
ACH-000790,Ralimetinib dimesylate,0.05,22330,2.6069,0.5971,0.0102,-0.0359,92,True
ACH-000790,Raltitrexed,5.0,22521,0.8568,0.6165,0.0724,0.8496,82,True
ACH-000790,Rapamycin,5.0,22629,0.8383,0.734,0.0633,0.7612,101,True
ACH-000790,Regorafenib,0.05,23512,0.8365,0.6,-0.0044,-0.2579,219,True
ACH-000790,Regorafenib,0.5,25348,0.7055,0.7298,0.0084,0.0213,541,True
ACH-000790,Regorafenib,5.0,19855,0.5096,0.9981,-0.0,-0.1017,401,True
ACH-000790,Relugolix,5.0,22421,0.8415,0.5982,0.0299,,26,True
ACH-000790,Resveratrol,5.0,21635,0.8493,0.6737,0.0513,0.751,151,True
ACH-000790,Retinoic acid,5.0,22498,0.862,0.6733,0.0842,0.8693,145,True
ACH-000790,Riluzole hydrochloride,5.0,22536,0.8555,0.6973,0.0954,0.8641,86,True
ACH-000790,Rimonabant,5.0,22617,0.8448,0.6711,0.0503,0.8352,102,True
ACH-000790,Ritonavir,5.0,21814,0.844,0.7099,0.0802,0.8267,58,True
ACH-000790,Ropivacaine (hydrochloride monohydrate),5.0,21945,0.8481,0.6821,0.0756,0.8224,127,True
ACH-000790,S-Adenosyl-L-methionine (disulfate tosylate),5.0,21878,0.8557,0.7082,0.0826,0.7538,97,True
ACH-000790,Salicylic acid,5.0,22839,0.8339,0.7182,0.0506,0.7426,89,True
ACH-000790,Saquinavir,5.0,21195,0.841,0.7494,0.0956,0.7907,114,True
ACH-000790,Selinexor ,5.0,21470,0.905,0.6892,0.1507,0.7887,385,True
ACH-000790,Sinomenine,5.0,22055,0.8443,0.6538,0.0628,0.6865,70,True
ACH-000790,Sodium Salicylate,5.0,22955,0.8346,0.7526,0.0768,0.7743,152,True
ACH-000790,Sonidegib,0.05,22615,2.4625,0.5486,0.0113,0.1293,151,True
ACH-000790,Sulfisoxazole,0.5,23407,0.7751,0.8189,0.1017,0.2333,2283,True
ACH-000790,Sulfisoxazole,5.0,22199,0.8603,0.7039,0.0704,0.7384,55,True
ACH-000790,Temsirolimus,5.0,22283,0.8349,0.722,0.0736,0.8986,63,True
ACH-000790,Terfenadine,0.5,22999,0.7628,0.8174,0.1,0.0849,1667,True
ACH-000790,Terfenadine,5.0,21650,0.8395,0.7033,0.054,0.783,55,True
ACH-000790,Thymol,5.0,21736,0.8482,0.6886,0.0622,0.3586,86,True
ACH-000790,Tofacitinib,5.0,22036,0.8648,0.7408,0.1125,0.7865,153,True
ACH-000790,Tofacitinib (citrate),5.0,22473,0.8509,0.7449,0.092,0.6091,166,True
ACH-000790,Tolcapone,5.0,22116,0.8435,0.6835,0.0736,0.892,63,True
ACH-000790,Topotecan (hydrochloride),0.05,24062,0.666,0.7561,0.0162,-0.0293,722,True
ACH-000790,Topotecan (hydrochloride),0.5,27463,0.7332,0.7344,-0.0325,-0.317,484,True
ACH-000790,Topotecan (hydrochloride),5.0,23690,0.6566,0.9613,-0.0195,-0.0836,719,True
ACH-000790,Trametinib,0.05,23278,0.8395,0.6763,0.1077,0.646,460,True
ACH-000790,Trametinib,0.5,24235,0.7511,0.8532,0.1351,0.5913,1174,True
ACH-000790,Trametinib,5.0,21033,0.5225,1.0237,0.1489,0.511,3130,True
ACH-000790,Triamcinolone,5.0,22575,0.845,0.79,0.0892,0.8524,183,True
ACH-000790,Triclosan,5.0,22444,0.8212,0.714,0.0538,,49,True
ACH-000790,Trifluridine,5.0,21702,0.836,0.6705,0.0517,,37,True
ACH-000790,Trimetrexate,5.0,21577,0.8394,0.7199,0.0784,0.8211,73,True
ACH-000790,Tucidinostat,5.0,23024,0.8933,1.0055,0.2293,0.8615,181,True
ACH-000790,Vilanterol,5.0,21957,0.8322,0.7219,0.0588,0.7787,51,True
ACH-000790,Vinblastine (sulfate),5.0,21919,0.874,0.7787,0.1503,0.8027,264,True
ACH-000790,olaparib,0.05,22578,2.5581,0.5679,0.0575,0.0398,54,True
ACH-000793,(R)-Verapamil (hydrochloride),5.0,25773,0.7665,0.7164,0.0675,0.7756,541,True
ACH-000793,18β-Glycyrrhetinic acid,5.0,24988,0.7793,0.778,0.1065,0.6954,821,True
ACH-000793,8-Hydroxyquinoline,5.0,25339,0.7863,0.6919,0.0933,0.6949,685,True
ACH-000793,Acetohexamide,5.0,25318,0.78,0.7376,0.062,0.4411,843,True
ACH-000793,Adagrasib,0.05,33986,0.4481,0.5129,0.1331,0.7372,3698,True
ACH-000793,Adenine,5.0,25278,0.7818,0.6783,0.0624,0.6189,929,True
ACH-000793,Adenosine,5.0,25455,0.7753,0.7482,0.0764,0.7214,913,True
ACH-000793,Afatinib,0.05,25194,0.6443,0.7712,0.0301,0.0083,2176,False
ACH-000793,Afatinib,0.5,28066,0.616,0.7266,0.0238,-0.0206,1227,False
ACH-000793,Afatinib,5.0,25602,0.6492,0.9094,0.0489,0.5136,1158,False
ACH-000793,Aliskiren,5.0,25638,0.7702,0.7194,0.0633,0.6399,677,True
ACH-000793,Allantoin,5.0,24978,0.8071,0.7362,0.1078,0.6175,1805,True
ACH-000793,Almonertinib (hydrochloride),5.0,24855,0.7881,0.7488,0.1131,0.5931,1143,True
ACH-000793,Almonertinib (mesylate),0.05,22329,0.681,0.816,0.0058,0.2829,310,True
ACH-000793,Almonertinib (mesylate),0.5,25596,0.7732,0.6772,-0.009,0.1529,434,True
ACH-000793,Almonertinib (mesylate),5.0,23367,0.8174,0.7512,-0.0278,-0.2102,701,True
ACH-000793,Amsacrine,5.0,25624,0.8072,0.7246,0.1001,0.7494,1061,True
ACH-000793,Anethole trithione,5.0,25482,0.8256,0.7029,0.1149,0.7172,1621,True
ACH-000793,Artesunate,5.0,24988,0.843,0.7892,0.192,0.7978,2477,True
ACH-000793,Azithromycin (hydrate),5.0,25014,0.7804,0.7581,0.1088,0.7257,853,True
ACH-000793,Baicalin,5.0,25756,0.8111,0.7061,0.1104,0.7752,963,True
ACH-000793,Balsalazide (sodium hydrate),5.0,25795,0.7922,0.7038,0.0729,0.7372,493,True
ACH-000793,Belumosudil,0.05,23190,0.6873,0.7983,0.0237,0.4325,448,True
ACH-000793,Belumosudil,0.5,25483,0.7553,0.7081,0.0219,0.08,554,True
ACH-000793,Belumosudil,5.0,22905,0.754,0.8206,0.026,-0.0981,1036,True
ACH-000793,Berbamine,0.5,25121,0.7655,0.7204,-0.0257,-0.2363,1544,True
ACH-000793,Berbamine,5.0,25372,0.7734,0.6974,0.0514,0.7671,542,True
ACH-000793,Berbamine (dihydrochloride),0.05,22638,0.6981,0.8144,0.0165,0.2867,896,True
ACH-000793,Berbamine (dihydrochloride),0.5,24947,0.7772,0.6785,0.0189,0.1507,1085,True
ACH-000793,Berbamine (dihydrochloride),5.0,23208,0.8446,0.7752,0.0098,0.1882,1032,True
ACH-000793,Berberine (chloride hydrate),5.0,25812,0.7947,0.6784,0.0863,0.7174,701,True
ACH-000793,Bergenin,5.0,25350,0.7973,0.7094,0.0669,0.7149,1086,True
ACH-000793,Bimatoprost,5.0,25771,0.7767,0.7736,0.1034,0.6924,725,True
ACH-000793,Binimetinib,0.05,25730,0.7428,0.7286,0.0804,0.5314,1566,True
ACH-000793,Binimetinib,0.5,25681,0.7754,0.7556,0.0525,0.3128,1587,True
ACH-000793,Binimetinib,5.0,23655,0.667,0.8596,0.1015,0.5757,2206,True
ACH-000793,Busulfan,5.0,25071,0.8021,0.7269,0.1047,0.6354,1142,True
ACH-000793,Captopril,0.05,23960,0.7382,0.7715,0.0239,-0.1096,1544,True
ACH-000793,Cepharanthine,5.0,24818,0.8057,0.8168,0.1253,0.7198,1435,True
ACH-000793,Chlorhexidine (diacetate),0.5,25309,0.7738,0.7318,-0.0026,-0.0093,1389,True
ACH-000793,Chlorhexidine (diacetate),5.0,25428,0.7901,0.7368,0.1029,0.7793,751,True
ACH-000793,Ciclopirox,5.0,24762,0.7773,0.776,0.1131,0.6801,697,True
ACH-000793,Clonidine (hydrochloride),5.0,25975,0.8021,0.6826,0.0897,0.8068,1010,True
ACH-000793,Clotrimazole,5.0,25520,0.7922,0.7647,0.0847,0.6279,793,True
ACH-000793,Cloxacillin (sodium),5.0,25507,0.789,0.6883,0.0725,0.7635,691,True
ACH-000793,Cysteamine (hydrochloride),5.0,25818,0.7654,0.6803,0.0611,0.7291,588,True
ACH-000793,Cytarabine,0.05,23441,0.7181,0.8175,0.0508,0.2474,911,True
ACH-000793,Cytarabine,0.5,25169,0.7708,0.6869,0.0035,-0.0504,627,True
ACH-000793,Cytarabine,5.0,23363,0.6839,0.8355,0.0256,0.2915,334,True
ACH-000793,DTP3,0.05,24868,3.3227,0.7752,-0.0003,-0.0093,7746,True
ACH-000793,Daidzin,0.05,22982,0.7049,0.8129,0.0028,-0.1026,712,True
ACH-000793,Daidzin,0.5,24805,0.7707,0.6648,0.0219,0.0933,521,True
ACH-000793,Daidzin,5.0,23391,0.8613,0.7583,0.0145,0.005,825,True
ACH-000793,Darinaparsin,5.0,25212,0.7898,0.781,0.0929,0.7179,1055,True
ACH-000793,Demeclocycline,5.0,25359,0.7712,0.7114,0.0539,0.485,618,True
ACH-000793,Diammonium Glycyrrhizinate,5.0,25399,0.7911,0.7167,0.0776,0.7133,687,True
ACH-000793,Docetaxel,5.0,25664,0.7713,0.8209,0.0844,0.641,976,True
ACH-000793,Elagolix sodium,5.0,24714,0.7975,0.7219,0.1089,0.5754,1117,True
ACH-000793,Flumatinib (mesylate),0.05,22361,0.6826,0.8199,0.0212,0.2122,696,True
ACH-000793,Flumatinib (mesylate),0.5,24950,0.7541,0.7196,0.0461,0.3027,734,True
ACH-000793,Flumatinib (mesylate),5.0,23092,0.7242,0.8078,-0.0092,-0.3695,613,True
ACH-000793,Fluvoxamine (maleate),5.0,25215,0.7793,0.7237,0.079,0.5999,660,True
ACH-000793,Folic acid,5.0,24984,0.7871,0.6615,0.0783,0.5797,367,True
ACH-000793,Fumaric acid,0.05,22717,0.7151,0.8273,0.0028,0.1403,620,True
ACH-000793,Fumaric acid,0.5,25174,0.7777,0.7198,0.0042,0.185,637,True
ACH-000793,Fumaric acid,5.0,23821,0.7648,0.8197,-0.0728,-0.2365,779,True
ACH-000793,Furosemide,5.0,25364,0.758,0.7126,0.0444,0.5841,582,True
ACH-000793,Fusidic acid,5.0,25454,0.7869,0.7058,0.0747,0.842,845,True
ACH-000793,Gallic acid,5.0,25516,0.7883,0.6819,0.0788,0.7776,736,True
ACH-000793,Gallic acid (hydrate),5.0,25309,0.7945,0.7449,0.0923,0.6306,945,True
ACH-000793,Gemfibrozil,5.0,25518,0.7865,0.7214,0.0796,0.611,1012,True
ACH-000793,Goserelin (acetate),5.0,25652,0.8078,0.6919,0.0917,0.7733,1393,True
ACH-000793,Hexylresorcinol,5.0,26152,0.7966,0.7181,0.0925,0.7879,1048,True
ACH-000793,Homoharringtonine,5.0,24674,1.2489,1.3901,0.5971,0.8619,6841,True
ACH-000793,Hydroxyfasudil,0.05,24738,2.3124,0.804,0.0718,0.22,578,True
ACH-000793,Idarubicin (hydrochloride),5.0,28035,1.3894,1.5074,0.6328,0.8848,8226,True
ACH-000793,Irinotecan (hydrochloride),0.05,21903,0.769,0.7904,0.0127,0.0017,2614,True
ACH-000793,Irinotecan (hydrochloride),0.5,25311,0.8821,0.7038,-0.0053,-0.1224,3394,True
ACH-000793,Irinotecan (hydrochloride),5.0,23196,0.8631,0.7871,-0.035,-0.2177,2767,True
ACH-000793,Isocorydine,5.0,25588,0.7878,0.6873,0.0834,0.6703,965,True
ACH-000793,L-Thyroxine (sodium salt pentahydrate),5.0,23885,2.3242,0.6586,0.0627,0.1239,300,True
ACH-000793,Larotrectinib,5.0,25199,0.8064,0.804,0.1426,0.5987,887,True
ACH-000793,Lenalidomide (hemihydrate),5.0,24700,0.7531,0.7238,0.0874,0.7231,732,True
ACH-000793,Lidocaine (hydrochloride),5.0,24774,0.7948,0.8166,0.114,0.5769,1614,True
ACH-000793,Lipoic acid,5.0,25696,0.773,0.6936,0.0647,0.7415,832,True
ACH-000793,Lumateperone (tosylate),5.0,25535,0.7762,0.6803,0.0768,0.7739,533,True
ACH-000793,Malotilate,0.05,24087,0.7895,0.7623,0.0571,-0.0887,2791,True
ACH-000793,Medroxyprogesterone acetate,5.0,24492,0.7985,0.7195,0.1096,0.5464,1076,True
ACH-000793,Megestrol,5.0,25783,0.7628,0.7365,0.0578,0.7016,637,True
ACH-000793,Methylprednisolone succinate,0.05,24392,3.612,0.742,-0.0242,0.022,9317,True
ACH-000793,Mitoxantrone (dihydrochloride),5.0,25443,0.7887,0.9133,0.078,0.5583,963,True
ACH-000793,Naproxen,0.05,22012,0.6528,0.7933,0.0119,-0.0626,286,True
ACH-000793,Naproxen,0.5,25119,0.7517,0.7079,-0.0035,-0.2656,357,True
ACH-000793,Naproxen,5.0,22914,0.7142,0.772,-0.011,-0.0989,456,True
ACH-000793,Neratinib (maleate),5.0,25281,0.8019,0.76,0.1373,0.7392,1157,True
ACH-000793,Norepinephrine (hydrochloride),5.0,25066,0.7827,0.7449,0.0832,0.5701,918,True
ACH-000793,Olanzapine,5.0,25451,0.7799,0.7412,0.0885,0.7657,808,True
ACH-000793,Palmatine (chloride),5.0,24939,0.764,0.719,0.0733,0.7061,518,True
ACH-000793,Pasireotide (acetate),5.0,25794,0.8215,0.7162,0.1203,0.7168,1305,True
ACH-000793,Pentagastrin,5.0,25956,0.8048,0.6702,0.0645,0.7165,634,True
ACH-000793,Pentamidine (isethionate),0.5,24069,0.8274,0.7181,0.0609,0.1212,855,True
ACH-000793,Pentamidine (isethionate),5.0,25438,0.7884,0.7643,0.0681,0.6018,1226,True
ACH-000793,Pralsetinib,0.05,25290,0.7678,0.7638,0.0304,0.1674,2242,True
ACH-000793,Pravastatin (sodium),0.05,21973,0.6914,0.7965,0.0311,0.2579,547,True
ACH-000793,Pravastatin (sodium),0.5,24716,0.7599,0.6991,0.0101,-0.0037,559,True
ACH-000793,Pravastatin (sodium),5.0,23314,0.7846,0.7964,-0.0565,-0.4098,1055,True
ACH-000793,Pyridoxine,5.0,25124,0.7822,0.7294,0.0769,0.6244,840,True
ACH-000793,Pyridoxine (hydrochloride),5.0,25266,0.7977,0.6655,0.079,0.6758,900,True
ACH-000793,Quinestrol,5.0,25663,0.7726,0.7217,0.0902,0.8221,866,True
ACH-000793,Radotinib,5.0,25100,0.7982,0.7401,0.1046,0.7981,1229,True
ACH-000793,Raltitrexed,5.0,25646,0.7768,0.6694,0.0718,0.6865,536,True
ACH-000793,Rapamycin,5.0,25375,0.8077,0.7701,0.1015,0.5232,1392,True
ACH-000793,Regorafenib,0.05,25361,0.7521,0.7397,0.0183,-0.0402,1562,True
ACH-000793,Regorafenib,0.5,25468,0.775,0.691,0.0025,-0.2883,640,True
ACH-000793,Regorafenib,5.0,23392,0.687,0.9163,0.0066,-0.0761,302,True
ACH-000793,Relugolix,5.0,25531,0.7683,0.6556,0.0507,0.611,387,True
ACH-000793,Resveratrol,5.0,24737,0.8032,0.7104,0.0954,0.5776,1017,True
ACH-000793,Retinoic acid,5.0,25883,0.7976,0.7401,0.0919,0.7794,1220,True
ACH-000793,Riluzole hydrochloride,5.0,25930,0.7872,0.7685,0.0984,0.6704,1336,True
ACH-000793,Rimonabant,5.0,25303,0.8041,0.7253,0.1162,0.8167,1200,True
ACH-000793,Ritonavir,5.0,24869,0.7703,0.7468,0.094,0.6846,641,True
ACH-000793,Ropivacaine (hydrochloride monohydrate),5.0,25096,0.7759,0.7072,0.0934,0.6864,844,True
ACH-000793,S-Adenosyl-L-methionine (disulfate tosylate),5.0,25567,0.8085,0.7419,0.1128,0.7403,1217,True
ACH-000793,Salicylic acid,5.0,25488,0.7704,0.7917,0.0926,0.7827,669,True
ACH-000793,Saquinavir,5.0,24297,0.7839,0.7776,0.1389,0.7195,752,True
ACH-000793,Selinexor ,5.0,24308,0.9638,0.808,0.2403,0.7015,2403,True
ACH-000793,Sinomenine,5.0,25248,0.7904,0.6908,0.0959,0.6222,843,True
ACH-000793,Sodium Salicylate,5.0,25849,0.7968,0.7793,0.1084,0.6743,1228,True
ACH-000793,Sonidegib,0.05,24646,2.6933,0.8218,0.0759,0.0343,3567,True
ACH-000793,Sulfisoxazole,0.5,24128,0.8582,0.7652,0.1254,0.2152,1752,True
ACH-000793,Sulfisoxazole,5.0,25416,0.8056,0.7687,0.1259,0.6164,747,True
ACH-000793,Temsirolimus,5.0,25211,0.7871,0.7647,0.1045,0.7292,1099,True
ACH-000793,Terfenadine,0.5,23801,0.8465,0.7096,0.0566,-0.1636,1298,True
ACH-000793,Terfenadine,5.0,25146,0.7965,0.7273,0.087,0.6686,1392,True
ACH-000793,Thymol,5.0,24988,0.7863,0.7142,0.0804,0.5867,992,True
ACH-000793,Tofacitinib,5.0,25162,0.803,0.7643,0.1346,0.6723,903,True
ACH-000793,Tofacitinib (citrate),5.0,25442,0.7915,0.7882,0.0889,0.6301,1253,True
ACH-000793,Tolcapone,5.0,25447,0.7848,0.7219,0.0785,0.7374,485,True
ACH-000793,Topotecan (hydrochloride),0.05,21865,0.6763,0.8087,0.0025,-0.0262,915,True
ACH-000793,Topotecan (hydrochloride),0.5,25215,0.7443,0.8314,-0.0143,-0.211,547,True
ACH-000793,Topotecan (hydrochloride),5.0,22661,0.7081,1.0724,-0.0139,-0.0997,853,True
ACH-000793,Trametinib,0.05,25250,0.7715,0.771,0.1415,0.5324,2166,True
ACH-000793,Trametinib,0.5,25542,0.8138,0.7911,0.1198,0.5113,2171,True
ACH-000793,Trametinib,5.0,24696,0.7545,0.9921,0.1111,0.592,3573,True
ACH-000793,Triamcinolone,5.0,25387,0.8137,0.7536,0.106,0.6882,1679,True
ACH-000793,Triclosan,5.0,25492,0.776,0.7537,0.0882,0.6709,862,True
ACH-000793,Trifluridine,5.0,25011,0.7673,0.719,0.0943,0.712,489,True
ACH-000793,Trimetrexate,5.0,24997,0.7839,0.7651,0.1213,0.7136,803,True
ACH-000793,Tucidinostat,5.0,26049,0.9109,1.1854,0.3389,0.83,2696,True
ACH-000793,Vilanterol,5.0,25115,0.785,0.7093,0.0873,0.7269,881,True
ACH-000793,Vinblastine (sulfate),5.0,25280,0.8216,0.8922,0.1706,0.739,1773,True
ACH-000793,olaparib,0.05,24607,3.5829,0.8098,0.1215,0.0152,8842,True
ACH-000842,(R)-Verapamil (hydrochloride),5.0,29742,0.7161,0.6622,0.0664,0.6834,897,True
ACH-000842,18β-Glycyrrhetinic acid,5.0,28824,0.7415,0.734,0.0801,0.576,1559,True
ACH-000842,8-Hydroxyquinoline,5.0,29087,0.7602,0.6429,0.1301,0.673,1648,True
ACH-000842,Abemaciclib,0.05,28341,3.8548,0.6962,0.0309,0.0243,11875,True
ACH-000842,Acetohexamide,5.0,29308,0.7442,0.687,0.0778,0.4652,1619,True
ACH-000842,Adagrasib,0.05,37769,0.4117,0.4816,0.1463,0.6946,7390,True
ACH-000842,Adenine,5.0,29199,0.7355,0.6137,0.0769,0.6294,1389,True
ACH-000842,Adenosine,5.0,29493,0.724,0.7077,0.0896,0.6361,1917,True
ACH-000842,Afatinib,0.05,29688,0.6099,0.7138,0.0229,-0.0879,3805,False
ACH-000842,Afatinib,0.5,32519,0.5627,0.698,0.0026,-0.0636,3364,False
ACH-000842,Afatinib,5.0,29136,0.5776,0.9198,0.0019,0.147,2580,False
ACH-000842,Aliskiren,5.0,29647,0.7238,0.6713,0.083,0.6504,1361,True
ACH-000842,Allantoin,5.0,28837,0.7683,0.6723,0.1213,0.64,2852,True
ACH-000842,Almonertinib (hydrochloride),5.0,28656,0.7439,0.6722,0.095,0.529,1847,True
ACH-000842,Almonertinib (mesylate),0.05,26833,0.6321,0.7809,0.0335,0.2288,1300,True
ACH-000842,Almonertinib (mesylate),0.5,30456,0.7255,0.6224,0.0054,0.2553,2220,True
ACH-000842,Almonertinib (mesylate),5.0,27971,0.7874,0.7022,-0.029,-0.2212,1992,True
ACH-000842,Amsacrine,5.0,29629,0.7806,0.7407,0.1583,0.7026,2567,True
ACH-000842,Anethole trithione,5.0,29497,0.7641,0.6595,0.1196,0.732,2179,True
ACH-000842,Artesunate,5.0,29046,0.7827,0.6929,0.1682,0.8011,2837,True
ACH-000842,Azithromycin (hydrate),5.0,28846,0.749,0.6865,0.1029,0.5208,1931,True
ACH-000842,Baicalin,5.0,29610,0.7666,0.6443,0.1041,0.6715,1682,True
ACH-000842,Balsalazide (sodium hydrate),5.0,29833,0.7408,0.6378,0.0886,0.7051,1149,True
ACH-000842,Belumosudil,0.05,27651,0.6361,0.7598,0.032,0.3551,1556,True
ACH-000842,Belumosudil,0.5,30335,0.6987,0.6459,0.0147,0.1266,1873,True
ACH-000842,Belumosudil,5.0,27733,0.7186,0.7836,-0.0198,-0.1069,2520,True
ACH-000842,Berbamine,0.5,29240,0.7019,0.7018,-0.0195,-0.2463,4010,True
ACH-000842,Berbamine,5.0,29008,0.7295,0.6426,0.0543,0.5505,1141,True
ACH-000842,Berbamine (dihydrochloride),0.05,27127,0.6418,0.7657,0.0315,0.3013,2197,True
ACH-000842,Berbamine (dihydrochloride),0.5,29783,0.7362,0.6204,0.0076,0.0408,2631,True
ACH-000842,Berbamine (dihydrochloride),5.0,27595,0.7723,0.7329,0.0157,0.1389,1700,True
ACH-000842,Berberine (chloride hydrate),5.0,29678,0.7613,0.6213,0.075,0.605,1613,True
ACH-000842,Bergenin,5.0,29252,0.7382,0.6438,0.0638,0.5678,1516,True
ACH-000842,Bimatoprost,5.0,29597,0.7276,0.6991,0.1148,0.598,1559,True
ACH-000842,Binimetinib,0.05,29578,0.793,0.747,0.1653,0.6483,4823,True
ACH-000842,Binimetinib,0.5,30078,0.8176,0.8283,0.2152,0.608,6601,True
ACH-000842,Binimetinib,5.0,26002,0.6635,0.8883,0.2033,0.5722,8106,True
ACH-000842,Busulfan,5.0,28725,0.7728,0.6779,0.1375,0.5841,2496,True
ACH-000842,Captopril,0.05,28394,0.6785,0.7308,0.0463,-0.0123,2842,True
ACH-000842,Cepharanthine,5.0,28881,0.7467,0.7478,0.0913,0.6396,2114,True
ACH-000842,Chlorhexidine (diacetate),0.5,29426,0.7205,0.7069,-0.0057,-0.042,3900,True
ACH-000842,Chlorhexidine (diacetate),5.0,29605,0.7393,0.6725,0.0882,0.7497,1144,True
ACH-000842,Ciclopirox,5.0,28552,0.7262,0.7142,0.1082,0.3756,1199,True
ACH-000842,Clonidine (hydrochloride),5.0,30082,0.754,0.6275,0.091,0.7422,1446,True
ACH-000842,Clotrimazole,5.0,29484,0.7355,0.6967,0.0838,0.5885,1401,True
ACH-000842,Cloxacillin (sodium),5.0,29311,0.7321,0.6217,0.0736,0.6757,958,True
ACH-000842,Cysteamine (hydrochloride),5.0,29633,0.7241,0.6329,0.0682,0.588,1085,True
ACH-000842,Cytarabine,0.05,28030,0.6715,0.7683,0.0396,0.3562,2483,True
ACH-000842,Cytarabine,0.5,30179,0.7225,0.6364,0.0008,-0.0506,1958,True
ACH-000842,Cytarabine,5.0,28252,0.6412,0.8148,0.0247,0.1944,1466,True
ACH-000842,DTP3,0.05,28831,3.4532,0.7103,-0.0003,-0.0055,10211,True
ACH-000842,Daidzin,0.05,27294,0.6695,0.7673,-0.0144,0.0326,2510,True
ACH-000842,Daidzin,0.5,29676,0.7263,0.6089,0.0194,0.0029,2131,True
ACH-000842,Daidzin,5.0,27835,0.8106,0.7091,0.0132,0.0427,1670,True
ACH-000842,Darinaparsin,5.0,29289,0.762,0.731,0.1158,0.6967,2627,True
ACH-000842,Demeclocycline,5.0,29146,0.731,0.678,0.0494,0.3916,1600,True
ACH-000842,Diammonium Glycyrrhizinate,5.0,29192,0.7573,0.6626,0.0976,0.6688,1485,True
ACH-000842,Docetaxel,5.0,30043,0.7315,0.7298,0.0983,0.6455,2655,True
ACH-000842,Elagolix sodium,5.0,28671,0.7618,0.6623,0.1231,0.594,2196,True
ACH-000842,Flumatinib (mesylate),0.05,26785,0.6218,0.7855,0.0185,0.2531,1544,True
ACH-000842,Flumatinib (mesylate),0.5,29968,0.7102,0.6847,0.0503,0.4565,2409,True
ACH-000842,Flumatinib (mesylate),5.0,27653,0.6786,0.7706,-0.0039,-0.2556,1721,True
ACH-000842,Fluvoxamine (maleate),5.0,29121,0.7301,0.6702,0.0806,0.5759,1070,True
ACH-000842,Folic acid,5.0,29078,0.7431,0.6079,0.0644,0.6726,1118,True
ACH-000842,Fumaric acid,0.05,27070,0.6644,0.7942,0.0104,0.245,2413,True
ACH-000842,Fumaric acid,0.5,30063,0.7394,0.6854,0.0261,0.182,2509,True
ACH-000842,Fumaric acid,5.0,28535,0.7295,0.7883,-0.052,-0.4091,2681,True
ACH-000842,Furosemide,5.0,29334,0.7116,0.6608,0.0502,0.5277,1231,True
ACH-000842,Fusidic acid,5.0,29294,0.7441,0.6448,0.0883,0.6658,1402,True
ACH-000842,Gallic acid,5.0,29378,0.7394,0.6258,0.0912,0.6988,1295,True
ACH-000842,Gallic acid (hydrate),5.0,29045,0.7624,0.6845,0.0939,0.5989,2189,True
ACH-000842,Gemfibrozil,5.0,29155,0.7503,0.6776,0.0856,0.5924,2075,True
ACH-000842,Goserelin (acetate),5.0,29713,0.7395,0.6352,0.0799,0.6897,1369,True
ACH-000842,Hexylresorcinol,5.0,30206,0.7459,0.6522,0.0877,0.702,1802,True
ACH-000842,Homoharringtonine,5.0,30262,1.2082,1.2749,0.5959,0.8962,11241,True
ACH-000842,Hydroxyfasudil,0.05,28735,2.077,0.6727,0.002,0.0289,784,True
ACH-000842,Idarubicin (hydrochloride),5.0,31493,1.4107,1.5055,0.6749,0.8849,12248,True
ACH-000842,Irinotecan (hydrochloride),0.05,26508,0.6991,0.7676,0.0355,0.1705,3839,True
ACH-000842,Irinotecan (hydrochloride),0.5,30026,0.7463,0.6486,-0.0239,-0.2478,2939,True
ACH-000842,Irinotecan (hydrochloride),5.0,27749,0.7651,0.7454,-0.0307,-0.1012,3205,True
ACH-000842,Isocorydine,5.0,29365,0.7284,0.6403,0.0665,0.6766,1041,True
ACH-000842,L-Thyroxine (sodium salt pentahydrate),5.0,27555,2.2782,0.5972,0.0341,0.0039,403,True
ACH-000842,Larotrectinib,5.0,29189,0.7454,0.7511,0.1208,0.5901,1344,True
ACH-000842,Lenalidomide (hemihydrate),5.0,28576,0.7196,0.6683,0.0971,0.6532,1073,True
ACH-000842,Lidocaine (hydrochloride),5.0,28642,0.7786,0.7701,0.1188,0.5879,3195,True
ACH-000842,Lipoic acid,5.0,29543,0.732,0.6408,0.0691,0.604,1446,True
ACH-000842,Lumateperone (tosylate),5.0,29299,0.7389,0.6219,0.0806,0.6585,1076,True
ACH-000842,Malotilate,0.05,28584,0.7669,0.7163,0.0524,-0.006,5526,True
ACH-000842,Medroxyprogesterone acetate,5.0,28434,0.7568,0.6486,0.1043,0.5475,1772,True
ACH-000842,Megestrol,5.0,29826,0.7197,0.6755,0.0581,0.5971,1468,True
ACH-000842,Mitoxantrone (dihydrochloride),5.0,29718,0.7617,1.0289,0.1149,0.4291,2496,True
ACH-000842,Naproxen,0.05,26312,0.6084,0.7687,0.0237,0.0849,1151,True
ACH-000842,Naproxen,0.5,29937,0.6983,0.6543,-0.0127,-0.0956,1431,True
ACH-000842,Naproxen,5.0,27364,0.658,0.7311,-0.0217,-0.38,1427,True
ACH-000842,Neratinib (maleate),5.0,29027,0.7501,0.6699,0.1223,0.6379,1655,True
ACH-000842,Norepinephrine (hydrochloride),5.0,28940,0.7422,0.702,0.0915,0.4916,1683,True
ACH-000842,Olanzapine,5.0,29365,0.7474,0.6844,0.1079,0.6789,1621,True
ACH-000842,PF-06260933,0.05,28513,3.3305,0.6553,-0.0225,-0.0096,9487,True
ACH-000842,Palmatine (chloride),5.0,28974,0.7302,0.6741,0.1096,0.614,1247,True
ACH-000842,Pasireotide (acetate),5.0,29512,0.7839,0.6552,0.131,0.6207,1936,True
ACH-000842,Pentagastrin,5.0,29909,0.7435,0.6133,0.0596,0.636,1179,True
ACH-000842,Pentamidine (isethionate),0.5,28296,0.7543,0.6902,0.044,-0.0247,1781,True
ACH-000842,Pentamidine (isethionate),5.0,29454,0.738,0.7034,0.1028,0.6466,1897,True
ACH-000842,Pralsetinib,0.05,29340,0.7381,0.6889,0.0164,0.0347,3340,True
ACH-000842,Pravastatin (sodium),0.05,26437,0.6451,0.7514,0.0333,0.2525,2174,True
ACH-000842,Pravastatin (sodium),0.5,29486,0.7211,0.6335,0.0177,0.0295,2274,True
ACH-000842,Pravastatin (sodium),5.0,27975,0.7495,0.7348,-0.0682,-0.4089,3132,True
ACH-000842,Pyridoxine,5.0,28977,0.7629,0.6915,0.0772,0.5879,2232,True
ACH-000842,Pyridoxine (hydrochloride),5.0,29332,0.766,0.6265,0.0998,0.6182,1815,True
ACH-000842,Quinestrol,5.0,29675,0.7247,0.6719,0.0666,0.6435,1472,True
ACH-000842,Radotinib,5.0,28987,0.7464,0.6842,0.1158,0.7466,1837,True
ACH-000842,Ralimetinib dimesylate,0.05,28468,3.5434,0.689,0.0216,0.0096,10525,True
ACH-000842,Raltitrexed,5.0,29626,0.7413,0.6213,0.0771,0.771,1373,True
ACH-000842,Rapamycin,5.0,29549,0.7484,0.6884,0.0844,0.5737,1810,True
ACH-000842,Regorafenib,0.05,29422,0.7055,0.6732,-0.0194,-0.0826,2275,True
ACH-000842,Regorafenib,0.5,29810,0.7396,0.6276,0.0134,-0.2361,2079,True
ACH-000842,Regorafenib,5.0,26484,0.6188,0.8476,0.0091,-0.1455,1749,True
ACH-000842,Relugolix,5.0,29463,0.7358,0.6099,0.0546,0.5974,909,True
ACH-000842,Resveratrol,5.0,28619,0.7689,0.6572,0.1004,0.5292,2040,True
ACH-000842,Retinoic acid,5.0,29795,0.7354,0.6458,0.0813,0.7077,1566,True
ACH-000842,Riluzole hydrochloride,5.0,29860,0.7592,0.7223,0.1335,0.6936,2807,True
ACH-000842,Rimonabant,5.0,29412,0.7402,0.665,0.0952,0.7062,1429,True
ACH-000842,Ritonavir,5.0,28774,0.7342,0.7039,0.1186,0.5842,1388,True
ACH-000842,Ropivacaine (hydrochloride monohydrate),5.0,28899,0.7391,0.6627,0.0972,0.7441,1655,True
ACH-000842,S-Adenosyl-L-methionine (disulfate tosylate),5.0,29420,0.7458,0.6912,0.1132,0.743,2032,True
ACH-000842,Salicylic acid,5.0,29580,0.7237,0.7208,0.0833,0.657,1430,True
ACH-000842,Saquinavir,5.0,28246,0.747,0.7525,0.1427,0.5297,1349,True
ACH-000842,Selinexor ,5.0,28247,0.8649,0.7509,0.247,0.6966,3090,True
ACH-000842,Sinomenine,5.0,29070,0.7333,0.6328,0.0726,0.6411,1055,True
ACH-000842,Sodium Salicylate,5.0,29792,0.7533,0.7143,0.0964,0.6347,2537,True
ACH-000842,Sonidegib,0.05,28740,2.5289,0.6574,0.0169,0.0041,3275,True
ACH-000842,Sulfisoxazole,0.5,28305,0.8142,0.7184,0.0901,0.1439,4563,True
ACH-000842,Sulfisoxazole,5.0,29263,0.7605,0.693,0.1126,0.5111,1275,True
ACH-000842,Temsirolimus,5.0,29219,0.7379,0.6992,0.1092,0.6964,1508,True
ACH-000842,Terfenadine,0.5,27798,0.7851,0.6927,0.0955,-0.0451,2582,True
ACH-000842,Terfenadine,5.0,28956,0.7406,0.6878,0.089,0.5835,1715,True
ACH-000842,Thymol,5.0,28827,0.7576,0.6712,0.0875,0.5197,2207,True
ACH-000842,Tofacitinib,5.0,28941,0.7574,0.688,0.1319,0.6469,1564,True
ACH-000842,Tofacitinib (citrate),5.0,29463,0.7297,0.6921,0.0843,0.6553,1441,True
ACH-000842,Tolcapone,5.0,29362,0.7427,0.6621,0.0964,0.7196,1297,True
ACH-000842,Topotecan (hydrochloride),0.05,26464,0.6324,0.7654,0.0065,0.0048,2878,True
ACH-000842,Topotecan (hydrochloride),0.5,30239,0.7034,0.7771,-0.0276,-0.2801,2128,True
ACH-000842,Topotecan (hydrochloride),5.0,27244,0.6678,1.0009,-0.0236,-0.1437,2556,True
ACH-000842,Trametinib,0.05,29413,0.7637,0.8126,0.178,0.5864,4372,True
ACH-000842,Trametinib,0.5,29940,0.8238,0.8289,0.2071,0.6285,6039,True
ACH-000842,Trametinib,5.0,28239,0.7383,0.9874,0.2149,0.6009,8617,True
ACH-000842,Triamcinolone,5.0,29467,0.7653,0.6995,0.1111,0.545,2599,True
ACH-000842,Triclosan,5.0,29422,0.7415,0.6825,0.0846,0.5278,1611,True
ACH-000842,Trifluridine,5.0,28748,0.7181,0.6757,0.0888,0.6155,1094,True
ACH-000842,Trimetrexate,5.0,28894,0.7499,0.7148,0.1271,0.5877,1577,True
ACH-000842,Tucidinostat,5.0,30362,0.9101,1.1879,0.422,0.8587,4867,True
ACH-000842,Vilanterol,5.0,28991,0.7286,0.6849,0.0789,0.6647,1431,True
ACH-000842,Vinblastine (sulfate),5.0,29152,0.7563,0.772,0.1356,0.6743,2058,True
ACH-000842,c-Kit-IN-1,0.05,28636,3.6828,0.8109,-0.0118,0.0162,11150,True
ACH-000842,olaparib,0.05,28686,3.5448,0.6643,0.0791,0.0127,10468,True
ACH-000853,(R)-Verapamil (hydrochloride),5.0,16443,0.9923,0.8,0.0244,,2,True
ACH-000853,18β-Glycyrrhetinic acid,5.0,16066,1.0164,0.934,0.0567,,4,True
ACH-000853,8-Hydroxyquinoline,5.0,16071,1.051,0.8003,0.062,,27,True
ACH-000853,Acetohexamide,5.0,16348,1.0269,0.9203,0.0481,,8,True
ACH-000853,Adagrasib,0.05,24950,0.5336,0.5932,0.0868,0.8708,89,True
ACH-000853,Adenine,5.0,16132,1.0109,0.7301,0.0158,,3,True
ACH-000853,Adenosine,5.0,16060,0.9904,1.0092,0.039,,2,True
ACH-000853,Afatinib,0.05,17195,0.7729,0.8961,0.0682,-0.1061,183,False
ACH-000853,Afatinib,0.5,19152,0.7183,0.8737,0.0464,-0.3754,51,False
ACH-000853,Afatinib,5.0,17176,0.7403,1.0678,-0.0091,0.2242,66,False
ACH-000853,Aliskiren,5.0,16469,1.0128,0.8567,0.0359,,4,True
ACH-000853,Allantoin,5.0,16068,1.0315,0.8055,0.0467,,12,True
ACH-000853,Almonertinib (hydrochloride),5.0,16253,1.0206,0.8843,0.0639,,20,True
ACH-000853,Almonertinib (mesylate),0.05,15288,0.8584,0.9903,0.0406,,27,True
ACH-000853,Almonertinib (mesylate),0.5,17223,0.884,0.8194,-0.012,,6,True
ACH-000853,Almonertinib (mesylate),5.0,16300,0.9718,0.9065,-0.0236,-0.2367,69,True
ACH-000853,Amsacrine,5.0,16403,1.0213,0.8515,0.0517,,18,True
ACH-000853,Anethole trithione,5.0,16302,1.0217,0.798,0.064,,6,True
ACH-000853,Artesunate,5.0,16364,1.0396,0.7977,0.0629,,11,True
ACH-000853,Azithromycin (hydrate),5.0,16183,1.016,0.9348,0.0585,,1,True
ACH-000853,Baicalin,5.0,16520,1.0188,0.7678,0.055,,5,True
ACH-000853,Balsalazide (sodium hydrate),5.0,16570,1.0306,0.7525,0.0322,,3,True
ACH-000853,Belumosudil,0.05,16124,0.8545,0.9642,0.0083,,35,True
ACH-000853,Belumosudil,0.5,17437,0.9067,0.8399,-0.0007,-0.0174,58,True
ACH-000853,Belumosudil,5.0,15452,0.8967,1.0018,0.0564,-0.0379,59,True
ACH-000853,Berbamine,0.5,17502,0.8917,0.8792,-0.0121,-0.3888,84,True
ACH-000853,Berbamine,5.0,15775,1.0246,0.7913,0.0533,,4,True
ACH-000853,Berbamine (dihydrochloride),0.05,15944,0.8383,0.963,0.0313,,30,True
ACH-000853,Berbamine (dihydrochloride),0.5,17294,0.9234,0.779,0.0095,-0.1319,62,True
ACH-000853,Berbamine (dihydrochloride),5.0,15861,1.0453,0.935,-0.0006,-0.1207,110,True
ACH-000853,Berberine (chloride hydrate),5.0,16727,1.0071,0.7566,0.0101,,3,True
ACH-000853,Bergenin,5.0,16318,1.032,0.8179,0.0493,,3,True
ACH-000853,Bimatoprost,5.0,16414,1.0306,0.8573,0.0292,,4,True
ACH-000853,Binimetinib,0.05,17095,0.9014,0.8644,0.0561,0.5554,113,True
ACH-000853,Binimetinib,0.5,16701,0.9435,0.9461,0.0283,,3,True
ACH-000853,Binimetinib,5.0,15748,0.7166,1.0734,0.0173,,48,True
ACH-000853,Busulfan,5.0,15847,1.056,0.8228,0.06,0.5168,53,True
ACH-000853,Captopril,0.05,16212,0.8933,0.9545,0.08,,46,True
ACH-000853,Cepharanthine,5.0,15994,1.0047,1.1367,0.0779,,3,True
ACH-000853,Chlorhexidine (diacetate),0.5,17396,0.9129,0.8259,0.0263,-0.3053,128,True
ACH-000853,Chlorhexidine (diacetate),5.0,15953,1.0123,0.8957,0.0829,,31,True
ACH-000853,Ciclopirox,5.0,16019,0.9997,0.9134,0.0574,,11,True
ACH-000853,Clonidine (hydrochloride),5.0,16900,1.0205,0.7395,0.0355,,5,True
ACH-000853,Clotrimazole,5.0,16274,1.0075,0.9167,0.0611,,5,True
ACH-000853,Cloxacillin (sodium),5.0,16455,1.0177,0.7634,0.0291,,30,True
ACH-000853,Cysteamine (hydrochloride),5.0,16011,1.0381,0.7312,0.0178,,14,True
ACH-000853,Cytarabine,0.05,16236,0.8508,0.9726,0.0032,,34,True
ACH-000853,Cytarabine,0.5,17221,0.908,0.8197,-0.014,,48,True
ACH-000853,Cytarabine,5.0,15670,0.8243,1.0334,0.0288,,2,True
ACH-000853,Daidzin,0.05,15853,0.876,0.9806,0.0255,-0.1721,77,True
ACH-000853,Daidzin,0.5,17154,0.9195,0.7983,0.0343,-0.1456,50,True
ACH-000853,Daidzin,5.0,15856,1.0533,0.9434,-0.0101,-0.2,137,True
ACH-000853,Darinaparsin,5.0,16076,1.0126,0.946,0.0665,,5,True
ACH-000853,Demeclocycline,5.0,16049,1.0146,0.867,0.044,,5,True
ACH-000853,Diammonium Glycyrrhizinate,5.0,16242,1.0427,0.7913,0.0554,,11,True
ACH-000853,Docetaxel,5.0,16865,0.9853,0.8948,0.0407,,5,True
ACH-000853,Elagolix sodium,5.0,15929,1.0629,0.8019,0.0686,0.2886,73,True
ACH-000853,Flumatinib (mesylate),0.05,15591,0.8337,0.9821,0.0296,,43,True
ACH-000853,Flumatinib (mesylate),0.5,17072,0.8793,0.8727,0.0225,,28,True
ACH-000853,Flumatinib (mesylate),5.0,15765,0.882,0.962,0.0154,-0.2276,57,True
ACH-000853,Fluvoxamine (maleate),5.0,16069,1.0108,0.9058,0.0599,,1,True
ACH-000853,Folic acid,5.0,15826,1.0388,0.7305,0.0184,,5,True
ACH-000853,Fumaric acid,0.05,15634,0.8421,0.9918,0.0023,,40,True
ACH-000853,Fumaric acid,0.5,17434,0.8826,0.8515,0.0215,,17,True
ACH-000853,Fumaric acid,5.0,16272,0.937,0.9631,-0.0558,-0.3196,100,True
ACH-000853,Furosemide,5.0,16567,0.9698,0.9557,0.0073,,1,True
ACH-000853,Fusidic acid,5.0,16204,1.0077,0.7866,0.033,,3,True
ACH-000853,Gallic acid,5.0,16576,1.0103,0.7577,0.0355,,3,True
ACH-000853,Gallic acid (hydrate),5.0,16378,1.0096,0.909,0.0541,,17,True
ACH-000853,Gemfibrozil,5.0,16415,1.003,0.8925,0.0379,,19,True
ACH-000853,Goserelin (acetate),5.0,16700,1.0416,0.7582,0.0337,,45,True
ACH-000853,Hexylresorcinol,5.0,17078,0.9926,0.7701,0.0412,,5,True
ACH-000853,Homoharringtonine,5.0,16690,1.1826,1.2253,0.2624,0.777,617,True
ACH-000853,Idarubicin (hydrochloride),5.0,16175,1.2158,1.2428,0.3256,0.746,599,True
ACH-000853,Irinotecan (hydrochloride),0.05,15226,0.8733,1.0292,0.0321,-0.2267,108,True
ACH-000853,Irinotecan (hydrochloride),0.5,17054,0.9031,0.8235,-0.0201,-0.4932,86,True
ACH-000853,Irinotecan (hydrochloride),5.0,15863,0.9516,0.9517,-0.0066,-0.2016,107,True
ACH-000853,Isocorydine,5.0,16004,1.022,0.8384,0.0396,,5,True
ACH-000853,Larotrectinib,5.0,16118,1.0378,0.9332,0.087,,4,True
ACH-000853,Lenalidomide (hemihydrate),5.0,16005,1.004,0.8206,0.0614,,9,True
ACH-000853,Lidocaine (hydrochloride),5.0,15915,1.0294,0.9622,0.0759,,33,True
ACH-000853,Lipoic acid,5.0,16685,0.9906,0.7738,0.0359,,3,True
ACH-000853,Lumateperone (tosylate),5.0,16435,1.0147,0.7573,0.0187,,4,True
ACH-000853,Malotilate,0.05,16512,0.992,0.9169,0.0336,-0.1355,788,True
ACH-000853,Medroxyprogesterone acetate,5.0,16108,1.0295,0.8421,0.0162,,20,True
ACH-000853,Megestrol,5.0,16678,0.9986,0.8987,0.0289,,3,True
ACH-000853,Mitoxantrone (dihydrochloride),5.0,16243,1.034,1.272,0.0847,,14,True
ACH-000853,Naproxen,0.05,15479,0.8229,0.9845,0.0062,,25,True
ACH-000853,Naproxen,0.5,17403,0.8826,0.8317,-0.0234,,32,True
ACH-000853,Naproxen,5.0,15874,0.8758,0.9364,0.025,,22,True
ACH-000853,Neratinib (maleate),5.0,16440,1.0244,0.7742,0.0554,,18,True
ACH-000853,Norepinephrine (hydrochloride),5.0,16238,1.0136,0.8573,0.0358,,4,True
ACH-000853,Olanzapine,5.0,16156,1.0331,0.8367,0.0558,,16,True
ACH-000853,Palmatine (chloride),5.0,16153,1.0034,0.8337,0.0264,,7,True
ACH-000853,Pasireotide (acetate),5.0,16153,1.0445,0.8021,0.0488,0.5777,66,True
ACH-000853,Pentagastrin,5.0,16669,1.0124,0.752,0.0292,,2,True
ACH-000853,Pentamidine (isethionate),0.5,16589,1.0474,0.8361,0.0916,0.1828,182,True
ACH-000853,Pentamidine (isethionate),5.0,16923,0.9936,0.9194,0.038,,19,True
ACH-000853,Pralsetinib,0.05,17148,0.8896,0.8735,0.0239,0.0217,96,True
ACH-000853,Pravastatin (sodium),0.05,15372,0.8748,0.9712,0.0447,,36,True
ACH-000853,Pravastatin (sodium),0.5,17261,0.8793,0.8203,0.0047,,12,True
ACH-000853,Pravastatin (sodium),5.0,16240,0.954,0.9341,-0.073,-0.447,108,True
ACH-000853,Pyridoxine,5.0,15835,1.0217,0.9612,0.0648,,15,True
ACH-000853,Pyridoxine (hydrochloride),5.0,16164,1.0721,0.762,0.0487,,26,True
ACH-000853,Quinestrol,5.0,16427,1.0013,0.8476,0.0545,,4,True
ACH-000853,Radotinib,5.0,16154,0.9995,0.9025,0.0362,,12,True
ACH-000853,Raltitrexed,5.0,16205,1.0292,0.7217,0.0267,,27,True
ACH-000853,Rapamycin,5.0,16279,1.0372,0.9043,0.0421,,24,True
ACH-000853,Regorafenib,0.05,17051,0.9348,0.8533,0.0235,-0.2415,69,True
ACH-000853,Regorafenib,0.5,17211,0.9247,0.8045,0.0174,,21,True
ACH-000853,Regorafenib,5.0,15191,0.8036,1.1019,0.0415,,13,True
ACH-000853,Relugolix,5.0,16404,1.0138,0.7335,0.0214,,2,True
ACH-000853,Resveratrol,5.0,16087,1.0275,0.801,0.0465,0.7195,55,True
ACH-000853,Retinoic acid,5.0,16095,1.0232,0.8185,0.0503,,5,True
ACH-000853,Riluzole hydrochloride,5.0,16001,1.0537,0.7889,0.0419,,22,True
ACH-000853,Rimonabant,5.0,16259,0.994,0.8122,0.0366,,8,True
ACH-000853,Ritonavir,5.0,16164,1.0031,0.8954,0.0394,,5,True
ACH-000853,Ropivacaine (hydrochloride monohydrate),5.0,16221,1.0278,0.8277,0.0386,,22,True
ACH-000853,S-Adenosyl-L-methionine (disulfate tosylate),5.0,15971,1.0083,0.8692,0.0651,,6,True
ACH-000853,Salicylic acid,5.0,16386,0.9802,0.997,0.0343,,2,True
ACH-000853,Saquinavir,5.0,15534,1.0251,0.9781,0.085,,23,True
ACH-000853,Selinexor ,5.0,15342,1.2362,0.7925,0.109,0.1724,203,True
ACH-000853,Sinomenine,5.0,15976,1.0286,0.7639,0.0399,,25,True
ACH-000853,Sodium Salicylate,5.0,16795,1.0068,0.9135,0.0352,,4,True
ACH-000853,Sonidegib,0.05,16552,1.966,0.8572,0.0194,-0.6463,129,True
ACH-000853,Sulfisoxazole,0.5,16798,1.0131,0.8864,0.1065,0.1745,247,True
ACH-000853,Sulfisoxazole,5.0,16376,1.0109,0.852,0.0766,,2,True
ACH-000853,Temsirolimus,5.0,16406,1.0077,0.8744,0.0505,,5,True
ACH-000853,Terfenadine,0.5,16349,1.0887,0.9416,0.1644,-0.0946,193,True
ACH-000853,Terfenadine,5.0,16007,1.0079,0.9693,0.0621,,14,True
ACH-000853,Thymol,5.0,15843,1.0259,0.8344,0.0464,,18,True
ACH-000853,Tofacitinib,5.0,16095,1.0248,0.8343,0.0722,,5,True
ACH-000853,Tofacitinib (citrate),5.0,16730,0.9879,0.8518,0.0331,,40,True
ACH-000853,Tolcapone,5.0,16230,1.0178,0.8482,0.0253,,9,True
ACH-000853,Topotecan (hydrochloride),0.05,15123,0.8011,1.0603,0.0163,,25,True
ACH-000853,Topotecan (hydrochloride),0.5,17371,0.8868,0.8676,-0.0319,,34,True
ACH-000853,Topotecan (hydrochloride),5.0,15787,0.8261,1.1076,-0.0078,,13,True
ACH-000853,Trametinib,0.05,16469,0.9686,0.9258,0.0873,0.1596,100,True
ACH-000853,Trametinib,0.5,16496,0.9561,0.941,0.0799,,22,True
ACH-000853,Trametinib,5.0,17046,0.8082,1.0539,0.0103,,34,True
ACH-000853,Triamcinolone,5.0,16158,1.0067,0.8877,0.0653,,5,True
ACH-000853,Triclosan,5.0,16585,0.9879,0.8758,0.0451,,4,True
ACH-000853,Trifluridine,5.0,15868,1.0371,0.8824,0.0637,,21,True
ACH-000853,Trimetrexate,5.0,16131,1.0155,0.9443,0.0691,,2,True
ACH-000853,Tucidinostat,5.0,16421,1.0762,1.0419,0.1702,,29,True
ACH-000853,Vilanterol,5.0,16150,1.0085,0.8891,0.0271,,7,True
ACH-000853,Vinblastine (sulfate),5.0,16081,1.0176,0.9433,0.0981,,32,True
ACH-000861,(R)-Verapamil (hydrochloride),5.0,27112,0.7403,0.7108,0.0605,0.6933,749,True
ACH-000861,18β-Glycyrrhetinic acid,5.0,26287,0.7678,0.7839,0.0909,0.5212,1261,True
ACH-000861,8-Hydroxyquinoline,5.0,26753,0.7666,0.6875,0.1063,0.7136,970,True
ACH-000861,Abemaciclib,0.05,25309,3.2804,0.7293,0.034,0.0017,7482,True
ACH-000861,Acetohexamide,5.0,26910,0.7581,0.744,0.06,0.502,1055,True
ACH-000861,Adagrasib,0.05,35372,0.4868,0.5424,0.2069,0.8186,7546,True
ACH-000861,Adenine,5.0,26632,0.7722,0.6595,0.0962,0.6433,1168,True
ACH-000861,Adenosine,5.0,26797,0.7624,0.7903,0.0774,0.6264,1388,True
ACH-000861,Afatinib,0.05,26610,0.6207,0.7549,0.0427,-0.0166,1909,False
ACH-000861,Afatinib,0.5,29706,0.608,0.7246,0.0208,-0.1758,1753,False
ACH-000861,Afatinib,5.0,26758,0.6026,0.9116,-0.0161,0.2219,1579,False
ACH-000861,Aliskiren,5.0,27097,0.7571,0.7101,0.0691,0.6638,1030,True
ACH-000861,Allantoin,5.0,26492,0.8066,0.7196,0.1283,0.6166,2215,True
ACH-000861,Almonertinib (hydrochloride),5.0,26139,0.785,0.7337,0.1192,0.5832,1513,True
ACH-000861,Almonertinib (mesylate),0.05,24244,0.7023,0.7935,0.0284,0.2654,1079,True
ACH-000861,Almonertinib (mesylate),0.5,27570,0.7661,0.6837,0.0145,0.2984,1366,True
ACH-000861,Almonertinib (mesylate),5.0,25301,0.829,0.715,-0.0158,-0.0299,1007,True
ACH-000861,Amsacrine,5.0,26812,0.7973,0.8104,0.156,0.6866,1821,True
ACH-000861,Anethole trithione,5.0,26931,0.7909,0.7064,0.12,0.6795,1526,True
ACH-000861,Artesunate,5.0,26618,0.7786,0.6917,0.1095,0.7687,1596,True
ACH-000861,Azithromycin (hydrate),5.0,26577,0.7945,0.7632,0.1125,0.6585,1412,True
ACH-000861,Baicalin,5.0,27120,0.7814,0.6828,0.1042,0.7105,997,True
ACH-000861,Balsalazide (sodium hydrate),5.0,27593,0.7688,0.6862,0.0655,0.71,863,True
ACH-000861,Belumosudil,0.05,24851,0.692,0.7888,0.0235,0.3468,1163,True
ACH-000861,Belumosudil,0.5,27174,0.7364,0.7042,0.011,0.1773,1310,True
ACH-000861,Belumosudil,5.0,24763,0.7473,0.8073,0.0331,-0.0018,1360,True
ACH-000861,Berbamine,0.5,26700,0.7645,0.7135,-0.0186,-0.3568,2325,True
ACH-000861,Berbamine,5.0,26573,0.7495,0.7014,0.094,0.6434,743,True
ACH-000861,Berbamine (dihydrochloride),0.05,24723,0.6959,0.7908,0.0353,0.3125,1486,True
ACH-000861,Berbamine (dihydrochloride),0.5,26867,0.7771,0.659,-0.0055,0.0841,1371,True
ACH-000861,Berbamine (dihydrochloride),5.0,24777,0.8394,0.7422,0.026,0.1584,1177,True
ACH-000861,Berberine (chloride hydrate),5.0,27224,0.7846,0.6714,0.0681,0.6884,1098,True
ACH-000861,Bergenin,5.0,26719,0.778,0.6872,0.0779,0.6302,1061,True
ACH-000861,Bimatoprost,5.0,27109,0.7781,0.7404,0.0947,0.5847,1490,True
ACH-000861,Binimetinib,0.05,26811,0.7918,0.7395,0.1137,0.6379,2290,True
ACH-000861,Binimetinib,0.5,27916,0.7964,0.8583,0.1172,0.5255,3447,True
ACH-000861,Binimetinib,5.0,24232,0.6914,0.9209,0.1537,0.5635,5313,True
ACH-000861,Busulfan,5.0,26153,0.7859,0.6994,0.1392,0.6406,1499,True
ACH-000861,Captopril,0.05,25651,0.7484,0.7552,0.0676,-0.1437,1691,True
ACH-000861,Cepharanthine,5.0,26377,0.7715,0.8484,0.1082,0.6675,1632,True
ACH-000861,Chlorhexidine (diacetate),0.5,26665,0.7764,0.7079,-0.0061,-0.1498,2169,True
ACH-000861,Chlorhexidine (diacetate),5.0,27168,0.7633,0.7143,0.0858,0.8155,1068,True
ACH-000861,Ciclopirox,5.0,25983,0.7708,0.7557,0.1222,0.5843,1100,True
ACH-000861,Clonidine (hydrochloride),5.0,27652,0.7803,0.6685,0.0834,0.7365,983,True
ACH-000861,Clotrimazole,5.0,26959,0.7741,0.7353,0.0856,0.6026,1007,True
ACH-000861,Cloxacillin (sodium),5.0,26941,0.7612,0.6503,0.0642,0.8013,647,True
ACH-000861,Cysteamine (hydrochloride),5.0,27128,0.7546,0.6716,0.0651,0.708,856,True
ACH-000861,Cytarabine,0.05,25493,0.7173,0.7963,0.0545,0.3577,1355,True
ACH-000861,Cytarabine,0.5,26798,0.758,0.6677,0.0111,0.0427,1143,True
ACH-000861,Cytarabine,5.0,25392,0.6989,0.8133,0.0173,0.2964,932,True
ACH-000861,Daidzin,0.05,24760,0.7286,0.7817,0.0235,0.0842,1405,True
ACH-000861,Daidzin,0.5,26774,0.7659,0.6537,0.0126,0.0171,1193,True
ACH-000861,Daidzin,5.0,25111,0.8527,0.7241,0.0118,-0.0108,1169,True
ACH-000861,Darinaparsin,5.0,26630,0.7678,0.7845,0.1007,0.6581,1711,True
ACH-000861,Demeclocycline,5.0,26884,0.7647,0.696,0.0559,0.4207,1019,True
ACH-000861,Diammonium Glycyrrhizinate,5.0,26657,0.7676,0.7012,0.1008,0.6651,1005,True
ACH-000861,Docetaxel,5.0,27412,0.7549,0.7933,0.0962,0.7133,1866,True
ACH-000861,Elagolix sodium,5.0,26158,0.7983,0.699,0.1315,0.6742,1400,True
ACH-000861,Flumatinib (mesylate),0.05,24385,0.6793,0.8134,0.0294,0.2827,1349,True
ACH-000861,Flumatinib (mesylate),0.5,26713,0.7586,0.7649,0.0324,0.3432,1718,True
ACH-000861,Flumatinib (mesylate),5.0,24959,0.7273,0.787,-0.0077,-0.2623,1169,True
ACH-000861,Fluvoxamine (maleate),5.0,26535,0.758,0.739,0.0937,0.6801,1145,True
ACH-000861,Folic acid,5.0,26474,0.7745,0.644,0.0683,0.5361,640,True
ACH-000861,Fumaric acid,0.05,24612,0.7161,0.8107,0.0294,0.2297,1297,True
ACH-000861,Fumaric acid,0.5,27029,0.7628,0.7278,0.025,0.3151,1443,True
ACH-000861,Fumaric acid,5.0,25790,0.7617,0.7962,-0.0309,-0.2813,1434,True
ACH-000861,Furosemide,5.0,26684,0.7406,0.7047,0.0508,0.6722,782,True
ACH-000861,Fusidic acid,5.0,26792,0.766,0.6857,0.0739,0.7397,835,True
ACH-000861,Gallic acid,5.0,27049,0.779,0.6643,0.088,0.7241,1065,True
ACH-000861,Gallic acid (hydrate),5.0,26595,0.7965,0.7188,0.1143,0.6342,1427,True
ACH-000861,Gemfibrozil,5.0,26846,0.7793,0.7283,0.0747,0.5861,1617,True
ACH-000861,Goserelin (acetate),5.0,27150,0.7769,0.6662,0.0919,0.7122,1164,True
ACH-000861,Hexylresorcinol,5.0,27774,0.7776,0.6996,0.0973,0.6688,1425,True
ACH-000861,Homoharringtonine,5.0,28471,1.5465,1.6608,0.7215,0.9151,11817,True
ACH-000861,Hydroxyfasudil,0.05,25366,2.4437,0.7206,-0.0066,0.0116,547,True
ACH-000861,Idarubicin (hydrochloride),5.0,29518,1.436,1.7006,0.6697,0.8887,10486,True
ACH-000861,Irinotecan (hydrochloride),0.05,23868,0.7571,0.7809,0.0407,0.1868,2465,True
ACH-000861,Irinotecan (hydrochloride),0.5,26578,0.8463,0.7074,-0.0161,0.0436,3593,True
ACH-000861,Irinotecan (hydrochloride),5.0,25078,0.8559,0.7473,-0.0434,-0.2261,3413,True
ACH-000861,Isocorydine,5.0,26914,0.7736,0.6967,0.0789,0.6755,1317,True
ACH-000861,L-Thyroxine (sodium salt pentahydrate),5.0,25290,3.165,0.6487,0.0284,0.0363,6919,True
ACH-000861,Larotrectinib,5.0,26701,0.7763,0.8124,0.122,0.5716,1053,True
ACH-000861,Lenalidomide (hemihydrate),5.0,26040,0.7531,0.7132,0.1121,0.73,902,True
ACH-000861,Lidocaine (hydrochloride),5.0,26247,0.796,0.801,0.1197,0.5435,2223,True
ACH-000861,Lipoic acid,5.0,27101,0.7512,0.6706,0.0793,0.7521,844,True
ACH-000861,Lumateperone (tosylate),5.0,26829,0.7696,0.6676,0.0814,0.6875,811,True
ACH-000861,Malotilate,0.05,25982,0.8199,0.7464,0.0326,-0.0513,4908,True
ACH-000861,Medroxyprogesterone acetate,5.0,26047,0.7842,0.7148,0.1231,0.5742,1654,True
ACH-000861,Megestrol,5.0,27271,0.7572,0.7216,0.0682,0.6344,1399,True
ACH-000861,Methylprednisolone succinate,0.05,25207,3.4315,0.7264,-0.0349,-0.0043,8451,True
ACH-000861,Mitoxantrone (dihydrochloride),5.0,27124,0.7748,1.5989,0.0765,0.2378,1684,True
ACH-000861,Naproxen,0.05,23788,0.6583,0.7934,0.0338,0.1079,697,True
ACH-000861,Naproxen,0.5,26870,0.7269,0.7132,-0.017,-0.1368,825,True
ACH-000861,Naproxen,5.0,24830,0.7141,0.75,0.0023,-0.3306,713,True
ACH-000861,Neratinib (maleate),5.0,26683,0.7859,0.7003,0.1037,0.6827,1316,True
ACH-000861,Norepinephrine (hydrochloride),5.0,26442,0.7686,0.7451,0.0721,0.5415,1191,True
ACH-000861,Olanzapine,5.0,26908,0.7769,0.7273,0.1198,0.7274,1221,True
ACH-000861,PF-06260933,0.05,25338,3.3624,0.7063,-0.0337,-0.0046,7212,True
ACH-000861,Palmatine (chloride),5.0,26534,0.7541,0.7207,0.0849,0.7897,708,True
ACH-000861,Pasireotide (acetate),5.0,27130,0.8157,0.6909,0.1103,0.5915,1807,True
ACH-000861,Pentagastrin,5.0,27450,0.7821,0.6481,0.079,0.6559,966,True
ACH-000861,Pentamidine (isethionate),0.5,25749,0.7779,0.6994,0.0326,-0.0929,836,True
ACH-000861,Pentamidine (isethionate),5.0,26888,0.7601,0.7765,0.1007,0.7115,1447,True
ACH-000861,Pralsetinib,0.05,26394,0.7499,0.7369,0.0118,0.0134,1810,True
ACH-000861,Pravastatin (sodium),0.05,23800,0.6964,0.7825,0.0417,0.2302,1158,True
ACH-000861,Pravastatin (sodium),0.5,26211,0.7636,0.6815,0.009,0.1236,1471,True
ACH-000861,Pravastatin (sodium),5.0,25222,0.7919,0.7561,-0.0344,-0.3416,1441,True
ACH-000861,Pyridoxine,5.0,26457,0.7735,0.7398,0.0828,0.5307,1210,True
ACH-000861,Pyridoxine (hydrochloride),5.0,26533,0.7832,0.6577,0.0908,0.6188,1084,True
ACH-000861,Quinestrol,5.0,27177,0.7642,0.7233,0.0848,0.6826,1023,True
ACH-000861,Radotinib,5.0,26328,0.8005,0.736,0.1364,0.7208,1794,True
ACH-000861,Ralimetinib dimesylate,0.05,25237,3.6518,0.7176,0.0128,0.025,9487,True
ACH-000861,Raltitrexed,5.0,27286,0.7762,0.6709,0.08,0.698,896,True
ACH-000861,Rapamycin,5.0,26765,0.7856,0.7477,0.1058,0.5398,1579,True
ACH-000861,Regorafenib,0.05,26345,0.7467,0.7202,0.0063,-0.1451,1372,True
ACH-000861,Regorafenib,0.5,26886,0.7911,0.6591,-0.0001,-0.1985,1177,True
ACH-000861,Regorafenib,5.0,24317,0.6822,0.8809,-0.0099,-0.1783,1210,True
ACH-000861,Relugolix,5.0,27090,0.7652,0.6358,0.0478,0.6316,635,True
ACH-000861,Resveratrol,5.0,26110,0.8,0.7012,0.1016,0.5582,1341,True
ACH-000861,Retinoic acid,5.0,27239,0.7726,0.6907,0.0858,0.6502,1295,True
ACH-000861,Riluzole hydrochloride,5.0,27301,0.7996,0.7389,0.1065,0.659,1953,True
ACH-000861,Rimonabant,5.0,26893,0.7596,0.6988,0.1001,0.7354,877,True
ACH-000861,Ritonavir,5.0,26502,0.7587,0.7337,0.1035,0.6349,1060,True
ACH-000861,Ropivacaine (hydrochloride monohydrate),5.0,26405,0.7668,0.6979,0.112,0.7079,1157,True
ACH-000861,S-Adenosyl-L-methionine (disulfate tosylate),5.0,26848,0.7707,0.7544,0.1055,0.733,1487,True
ACH-000861,Salicylic acid,5.0,26937,0.7479,0.8241,0.0772,0.6042,1156,True
ACH-000861,Saquinavir,5.0,25670,0.7821,0.7874,0.151,0.5407,1076,True
ACH-000861,Selinexor ,5.0,25894,1.0262,0.7698,0.2329,0.7062,2253,True
ACH-000861,Sinomenine,5.0,26539,0.7611,0.6846,0.0887,0.6833,1060,True
ACH-000861,Sodium Salicylate,5.0,27256,0.781,0.7614,0.0964,0.6045,1743,True
ACH-000861,Sonidegib,0.05,25499,2.9888,0.7189,0.009,0.0705,208,True
ACH-000861,Sulfisoxazole,0.5,25915,0.8201,0.7307,0.0924,0.1251,2142,True
ACH-000861,Sulfisoxazole,5.0,26733,0.7792,0.7309,0.1224,0.6221,1006,True
ACH-000861,Temsirolimus,5.0,26543,0.7681,0.755,0.0997,0.675,1074,True
ACH-000861,Terfenadine,0.5,25250,0.8212,0.752,0.0868,0.0023,1809,True
ACH-000861,Terfenadine,5.0,26271,0.7687,0.7598,0.103,0.6382,1415,True
ACH-000861,Thymol,5.0,26314,0.788,0.714,0.0905,0.5632,1578,True
ACH-000861,Tofacitinib,5.0,26498,0.7856,0.7172,0.1318,0.5977,1108,True
ACH-000861,Tofacitinib (citrate),5.0,26879,0.7735,0.7188,0.0798,0.621,1301,True
ACH-000861,Tolcapone,5.0,26996,0.7642,0.7283,0.089,0.6607,980,True
ACH-000861,Topotecan (hydrochloride),0.05,23723,0.685,0.8202,0.0063,0.0839,1843,True
ACH-000861,Topotecan (hydrochloride),0.5,26896,0.7463,0.8282,-0.0375,-0.4864,1136,True
ACH-000861,Topotecan (hydrochloride),5.0,24817,0.7221,0.9622,-0.0311,-0.2457,1457,True
ACH-000861,Trametinib,0.05,26254,0.7773,0.7891,0.1533,0.5276,2232,True
ACH-000861,Trametinib,0.5,27804,0.8182,0.8674,0.1866,0.6818,3929,True
ACH-000861,Trametinib,5.0,26149,0.7857,0.9901,0.1856,0.6091,5945,True
ACH-000861,Triamcinolone,5.0,26861,0.8293,0.808,0.1641,0.5909,2563,True
ACH-000861,Triclosan,5.0,27008,0.7706,0.721,0.0908,0.6493,1214,True
ACH-000861,Trifluridine,5.0,26463,0.755,0.7232,0.0948,0.659,822,True
ACH-000861,Trimetrexate,5.0,26364,0.771,0.7586,0.1238,0.6627,1039,True
ACH-000861,Tucidinostat,5.0,27395,0.8571,1.1274,0.298,0.7929,3058,True
ACH-000861,Vilanterol,5.0,26429,0.7715,0.7368,0.1037,0.7239,1155,True
ACH-000861,Vinblastine (sulfate),5.0,26562,0.7799,0.8012,0.1336,0.6442,1516,True
ACH-000861,c-Kit-IN-1,0.05,25348,2.8228,0.8451,0.0192,-0.0252,281,True
ACH-000861,olaparib,0.05,25459,3.391,0.7226,0.0549,0.0109,8000,True
ACH-000875,(R)-Verapamil (hydrochloride),5.0,25622,0.7584,0.67,0.0552,0.7736,388,True
ACH-000875,18β-Glycyrrhetinic acid,5.0,25257,0.7852,0.7224,0.0596,0.6606,790,True
ACH-000875,8-Hydroxyquinoline,5.0,25456,0.7846,0.6575,0.081,0.8192,627,True
ACH-000875,Acetohexamide,5.0,25700,0.7682,0.705,0.0526,0.5999,694,True
ACH-000875,Adagrasib,0.05,34636,0.4471,0.5049,0.1271,0.7597,4251,True
ACH-000875,Adenine,5.0,25416,0.7803,0.6506,0.0724,0.7136,892,True
ACH-000875,Adenosine,5.0,25468,0.7686,0.7491,0.0858,0.7398,963,True
ACH-000875,Afatinib,0.05,26103,0.5987,0.7614,0.037,-0.0401,2835,False
ACH-000875,Afatinib,0.5,28707,0.6065,0.6906,0.014,0.0172,1936,False
ACH-000875,Afatinib,5.0,26721,0.633,0.9183,0.0288,0.3348,1464,False
ACH-000875,Aliskiren,5.0,25775,0.7572,0.6795,0.046,0.6652,511,True
ACH-000875,Allantoin,5.0,25102,0.8058,0.6992,0.0851,0.6091,1500,True
ACH-000875,Almonertinib (hydrochloride),5.0,25285,0.796,0.704,0.0626,0.5785,1213,True
ACH-000875,Almonertinib (mesylate),0.05,23630,0.6986,0.7682,0.0085,0.1245,680,True
ACH-000875,Almonertinib (mesylate),0.5,26290,0.7636,0.6889,-0.003,0.2312,817,True
ACH-000875,Almonertinib (mesylate),5.0,24336,0.7852,0.7247,-0.0308,-0.4519,1045,True
ACH-000875,Amsacrine,5.0,25840,0.8058,0.7301,0.1032,0.7835,1349,True
ACH-000875,Anethole trithione,5.0,25240,0.8018,0.6889,0.0886,0.6626,1183,True
ACH-000875,Artesunate,5.0,25289,0.8022,0.6718,0.0871,0.8156,1115,True
ACH-000875,Azithromycin (hydrate),5.0,25331,0.7807,0.7232,0.0617,0.6556,841,True
ACH-000875,Baicalin,5.0,25774,0.8031,0.6669,0.0793,0.7723,817,True
ACH-000875,Balsalazide (sodium hydrate),5.0,25943,0.7861,0.6638,0.0571,0.7339,502,True
ACH-000875,Belumosudil,0.05,24297,0.7118,0.7696,0.018,0.1222,676,True
ACH-000875,Belumosudil,0.5,26019,0.7492,0.6961,0.0042,-0.0025,690,True
ACH-000875,Belumosudil,5.0,23915,0.7549,0.8604,0.0204,-0.0695,1216,True
ACH-000875,Berbamine,0.5,25919,0.7676,0.6919,0.0056,-0.2814,1910,True
ACH-000875,Berbamine,5.0,25383,0.7772,0.6417,0.0379,0.6462,341,True
ACH-000875,Berbamine (dihydrochloride),0.05,24013,0.7169,0.7744,0.037,0.3523,1263,True
ACH-000875,Berbamine (dihydrochloride),0.5,25631,0.769,0.6827,0.0066,0.0485,1213,True
ACH-000875,Berbamine (dihydrochloride),5.0,24000,0.8272,0.761,0.0093,0.0239,989,True
ACH-000875,Berberine (chloride hydrate),5.0,25736,0.7938,0.6672,0.0696,0.709,625,True
ACH-000875,Bergenin,5.0,25232,0.7936,0.6591,0.045,0.6766,676,True
ACH-000875,Bimatoprost,5.0,25784,0.7875,0.7053,0.0648,0.6315,882,True
ACH-000875,Binimetinib,0.05,25913,0.7343,0.7881,0.0986,0.5162,3220,True
ACH-000875,Binimetinib,0.5,26468,0.7996,0.79,0.0725,0.391,2744,True
ACH-000875,Binimetinib,5.0,25116,0.7102,0.8223,0.0888,0.5944,3326,True
ACH-000875,Busulfan,5.0,25205,0.7929,0.6884,0.0936,0.7431,765,True
ACH-000875,Captopril,0.05,24159,0.7611,0.7464,0.0452,-0.0777,1963,True
ACH-000875,Cepharanthine,5.0,25066,0.7856,0.7927,0.0972,0.7477,913,True
ACH-000875,Chlorhexidine (diacetate),0.5,25919,0.7738,0.6933,0.0055,0.0335,1698,True
ACH-000875,Chlorhexidine (diacetate),5.0,26088,0.7754,0.6766,0.0783,0.8101,529,True
ACH-000875,Ciclopirox,5.0,24937,0.7868,0.7149,0.0964,0.6643,675,True
ACH-000875,Clonidine (hydrochloride),5.0,25990,0.786,0.6675,0.0815,0.7859,619,True
ACH-000875,Clotrimazole,5.0,25843,0.7673,0.7111,0.0587,0.7197,639,True
ACH-000875,Cloxacillin (sodium),5.0,25751,0.7798,0.6503,0.0463,0.7891,651,True
ACH-000875,Cysteamine (hydrochloride),5.0,25815,0.7642,0.6534,0.061,0.7214,615,True
ACH-000875,Cytarabine,0.05,24784,0.7336,0.7775,0.0458,0.2731,1020,True
ACH-000875,Cytarabine,0.5,25670,0.7641,0.6772,0.0061,-0.1448,728,True
ACH-000875,Cytarabine,5.0,24020,0.6942,0.8128,0.037,0.3046,746,True
ACH-000875,DTP3,0.05,25298,3.466,0.7667,-0.0164,0.0146,9065,True
ACH-000875,Daidzin,0.05,24103,0.7367,0.7783,0.0209,0.0425,1186,True
ACH-000875,Daidzin,0.5,25643,0.763,0.6892,0.0284,0.0253,975,True
ACH-000875,Daidzin,5.0,24142,0.7993,0.7577,0.0111,-0.1175,863,True
ACH-000875,Darinaparsin,5.0,25482,0.7972,0.7319,0.084,0.7214,1084,True
ACH-000875,Demeclocycline,5.0,25325,0.7767,0.71,0.0433,0.5571,707,True
ACH-000875,Diammonium Glycyrrhizinate,5.0,25776,0.7881,0.7005,0.0672,0.7933,788,True
ACH-000875,Docetaxel,5.0,26242,0.7652,0.74,0.0607,0.6657,1420,True
ACH-000875,Elagolix sodium,5.0,24870,0.7734,0.6634,0.0848,0.752,918,True
ACH-000875,Flumatinib (mesylate),0.05,23982,0.7108,0.7978,0.0162,0.1468,1319,True
ACH-000875,Flumatinib (mesylate),0.5,25750,0.758,0.7181,0.0138,0.2226,1060,True
ACH-000875,Flumatinib (mesylate),5.0,24120,0.7216,0.7927,-0.0207,-0.2746,914,True
ACH-000875,Fluvoxamine (maleate),5.0,25393,0.7764,0.6814,0.0657,0.7774,439,True
ACH-000875,Folic acid,5.0,24783,0.7782,0.6243,0.0468,0.6898,407,True
ACH-000875,Fumaric acid,0.05,24022,0.7163,0.8133,0.0166,0.0481,985,True
ACH-000875,Fumaric acid,0.5,26098,0.7715,0.7301,0.0358,0.2043,1123,True
ACH-000875,Fumaric acid,5.0,24560,0.7642,0.8215,-0.0296,-0.3362,1278,True
ACH-000875,Furosemide,5.0,25433,0.7577,0.6889,0.0454,0.6301,505,True
ACH-000875,Fusidic acid,5.0,25435,0.7741,0.6629,0.0678,0.7404,438,True
ACH-000875,Gallic acid,5.0,25481,0.7936,0.6549,0.0732,0.7009,762,True
ACH-000875,Gallic acid (hydrate),5.0,25354,0.7929,0.7092,0.0899,0.7077,965,True
ACH-000875,Gemfibrozil,5.0,25915,0.773,0.7034,0.0487,0.6378,1015,True
ACH-000875,Goserelin (acetate),5.0,25592,0.8066,0.6637,0.068,0.7198,1002,True
ACH-000875,Hexylresorcinol,5.0,26117,0.7877,0.6728,0.0755,0.7389,849,True
ACH-000875,Homoharringtonine,5.0,26438,1.3124,1.3803,0.595,0.8951,8967,True
ACH-000875,Hydroxyfasudil,0.05,25273,2.324,0.7484,-0.0243,-0.0213,785,True
ACH-000875,Idarubicin (hydrochloride),5.0,25991,1.3075,1.3782,0.5771,0.8528,7353,True
ACH-000875,Irinotecan (hydrochloride),0.05,23459,0.7299,0.7745,0.0417,0.1489,2000,True
ACH-000875,Irinotecan (hydrochloride),0.5,25761,0.7862,0.7007,-0.0279,-0.2506,1854,True
ACH-000875,Irinotecan (hydrochloride),5.0,24268,0.7906,0.7743,-0.0284,-0.221,2201,True
ACH-000875,Isocorydine,5.0,25682,0.782,0.6693,0.0656,0.5816,913,True
ACH-000875,L-Thyroxine (sodium salt pentahydrate),5.0,23690,2.2171,0.6108,0.0108,0.2035,355,True
ACH-000875,Larotrectinib,5.0,25330,0.7832,0.7522,0.0866,0.6126,583,True
ACH-000875,Lenalidomide (hemihydrate),5.0,25086,0.7706,0.692,0.0611,0.7709,480,True
ACH-000875,Lidocaine (hydrochloride),5.0,25048,0.7975,0.7647,0.0931,0.7019,1459,True
ACH-000875,Lipoic acid,5.0,25932,0.7674,0.658,0.0603,0.8109,396,True
ACH-000875,Lumateperone (tosylate),5.0,25468,0.7871,0.645,0.0739,0.6882,440,True
ACH-000875,Malotilate,0.05,24534,0.8096,0.7363,0.0311,-0.0264,3700,True
ACH-000875,Medroxyprogesterone acetate,5.0,24931,0.7693,0.7119,0.0882,0.6952,1017,True
ACH-000875,Megestrol,5.0,25773,0.7687,0.7019,0.0599,0.7059,684,True
ACH-000875,Methylprednisolone succinate,0.05,25105,3.2192,0.7477,-0.0476,0.0124,7331,True
ACH-000875,Mitoxantrone (dihydrochloride),5.0,25492,0.7947,1.1087,0.1079,0.4395,1093,True
ACH-000875,Naproxen,0.05,23574,0.6778,0.7822,-0.0069,-0.193,584,True
ACH-000875,Naproxen,0.5,25887,0.7394,0.7164,-0.0268,-0.261,603,True
ACH-000875,Naproxen,5.0,24001,0.7146,0.7607,-0.0098,-0.3169,733,True
ACH-000875,Neratinib (maleate),5.0,25564,0.8052,0.7016,0.0832,0.7188,926,True
ACH-000875,Norepinephrine (hydrochloride),5.0,25176,0.7828,0.714,0.0408,0.4574,693,True
ACH-000875,Olanzapine,5.0,25502,0.7874,0.7142,0.065,0.7664,1005,True
ACH-000875,Palmatine (chloride),5.0,25407,0.7707,0.6912,0.0627,0.7563,401,True
ACH-000875,Pasireotide (acetate),5.0,26155,0.7931,0.6786,0.0737,0.6337,1099,True
ACH-000875,Pentagastrin,5.0,25907,0.7843,0.665,0.0703,0.6705,506,True
ACH-000875,Pentamidine (isethionate),0.5,25034,0.7846,0.6661,0.0325,0.0077,836,True
ACH-000875,Pentamidine (isethionate),5.0,25727,0.7611,0.7301,0.055,0.7098,821,True
ACH-000875,Pralsetinib,0.05,25894,0.7237,0.7535,0.0238,0.0817,2298,True
ACH-000875,Pravastatin (sodium),0.05,23499,0.7118,0.7734,0.0216,0.1606,972,True
ACH-000875,Pravastatin (sodium),0.5,25527,0.7622,0.698,-0.0028,-0.0442,1088,True
ACH-000875,Pravastatin (sodium),5.0,24318,0.7712,0.7758,-0.0516,-0.4395,1604,True
ACH-000875,Pyridoxine,5.0,25185,0.7797,0.7235,0.0545,0.614,818,True
ACH-000875,Pyridoxine (hydrochloride),5.0,24893,0.7871,0.6397,0.0659,0.6099,665,True
ACH-000875,Quinestrol,5.0,25779,0.777,0.6942,0.0812,0.8262,716,True
ACH-000875,Radotinib,5.0,25231,0.8217,0.7088,0.1152,0.7018,1994,True
ACH-000875,Raltitrexed,5.0,25944,0.7824,0.6508,0.0775,0.8299,539,True
ACH-000875,Rapamycin,5.0,25363,0.8032,0.6723,0.0826,0.566,1473,True
ACH-000875,Regorafenib,0.05,25909,0.7101,0.7503,0.0059,-0.0296,1534,True
ACH-000875,Regorafenib,0.5,26221,0.7777,0.6599,0.0193,-0.2798,849,True
ACH-000875,Regorafenib,5.0,24943,0.7288,0.7734,0.008,-0.1672,748,True
ACH-000875,Relugolix,5.0,25853,0.7784,0.6324,0.0649,0.6958,347,True
ACH-000875,Resveratrol,5.0,24918,0.7981,0.6495,0.075,0.6552,992,True
ACH-000875,Retinoic acid,5.0,26070,0.775,0.6837,0.0796,0.7511,904,True
ACH-000875,Riluzole hydrochloride,5.0,26175,0.8041,0.7215,0.1056,0.7436,1411,True
ACH-000875,Rimonabant,5.0,25383,0.7819,0.6829,0.0821,0.8166,694,True
ACH-000875,Ritonavir,5.0,25300,0.7751,0.682,0.0666,0.6854,577,True
ACH-000875,Ropivacaine (hydrochloride monohydrate),5.0,25503,0.7864,0.6734,0.0721,0.8571,931,True
ACH-000875,S-Adenosyl-L-methionine (disulfate tosylate),5.0,25504,0.7974,0.7121,0.1173,0.775,972,True
ACH-000875,Salicylic acid,5.0,25615,0.7649,0.7625,0.0712,0.7697,588,True
ACH-000875,Saquinavir,5.0,24419,0.7769,0.7257,0.1049,0.5888,639,True
ACH-000875,Selinexor ,5.0,24179,1.1932,0.8794,0.3257,0.7066,2696,True
ACH-000875,Sinomenine,5.0,25361,0.7941,0.653,0.053,0.673,710,True
ACH-000875,Sodium Salicylate,5.0,26323,0.7658,0.7408,0.07,0.6095,1168,True
ACH-000875,Sonidegib,0.05,25106,2.6126,0.7404,-0.0238,-0.0127,3672,True
ACH-000875,Sulfisoxazole,0.5,25078,0.8045,0.719,0.0627,0.0539,2152,True
ACH-000875,Sulfisoxazole,5.0,25537,0.7854,0.6994,0.0734,0.5335,508,True
ACH-000875,Temsirolimus,5.0,25586,0.7808,0.697,0.0783,0.7597,645,True
ACH-000875,Terfenadine,0.5,24748,0.8074,0.682,0.0536,-0.014,1299,True
ACH-000875,Terfenadine,5.0,25258,0.7975,0.6893,0.0774,0.5848,1143,True
ACH-000875,Thymol,5.0,25105,0.7857,0.6785,0.066,0.5843,1103,True
ACH-000875,Tofacitinib,5.0,25405,0.8049,0.7263,0.1092,0.7535,875,True
ACH-000875,Tofacitinib (citrate),5.0,25923,0.7899,0.7385,0.0995,0.6483,1427,True
ACH-000875,Tolcapone,5.0,25707,0.7833,0.6967,0.0684,0.7256,590,True
ACH-000875,Topotecan (hydrochloride),0.05,23269,0.6953,0.797,0.0017,-0.0456,1163,True
ACH-000875,Topotecan (hydrochloride),0.5,25758,0.7472,0.7912,-0.0302,-0.4334,879,True
ACH-000875,Topotecan (hydrochloride),5.0,23720,0.7239,1.0309,-0.0337,-0.1392,1339,True
ACH-000875,Trametinib,0.05,25369,0.7304,0.8048,0.1206,0.3946,2640,True
ACH-000875,Trametinib,0.5,26281,0.7799,0.7567,0.0947,0.5881,2353,True
ACH-000875,Trametinib,5.0,26242,0.7599,0.9598,0.1195,0.4845,3517,True
ACH-000875,Triamcinolone,5.0,25738,0.8154,0.7841,0.134,0.6778,1874,True
ACH-000875,Triclosan,5.0,25894,0.7747,0.716,0.0607,0.7173,742,True
ACH-000875,Trifluridine,5.0,25277,0.7692,0.6778,0.0903,0.693,326,True
ACH-000875,Trimetrexate,5.0,25317,0.7724,0.7311,0.0679,0.6599,492,True
ACH-000875,Tucidinostat,5.0,26438,0.8896,1.0727,0.3196,0.8479,2886,True
ACH-000875,Vilanterol,5.0,25294,0.7843,0.7029,0.0847,0.764,829,True
ACH-000875,Vinblastine (sulfate),5.0,25913,0.7847,0.7527,0.0979,0.7144,1348,True
ACH-000890,(R)-Verapamil (hydrochloride),5.0,16228,0.9766,0.8466,0.0376,,0,True
ACH-000890,18β-Glycyrrhetinic acid,5.0,15610,0.9903,0.9933,0.0492,,5,True
ACH-000890,8-Hydroxyquinoline,5.0,15873,1.0009,0.8098,0.0516,,9,True
ACH-000890,Acetohexamide,5.0,16055,0.9689,0.9265,0.0284,,3,True
ACH-000890,Adagrasib,0.05,22766,0.5233,0.6195,0.085,,20,True
ACH-000890,Adenine,5.0,15657,1.0041,0.7773,0.0064,,10,True
ACH-000890,Adenosine,5.0,16255,0.9354,0.9115,0.0349,,1,True
ACH-000890,Afatinib,0.05,15089,0.8116,0.9856,0.0358,,15,False
ACH-000890,Afatinib,0.5,18040,0.7699,0.8044,0.0227,,10,False
ACH-000890,Afatinib,5.0,15236,0.8042,1.1034,-0.0189,,5,False
ACH-000890,Aliskiren,5.0,16081,0.9672,0.8919,0.0273,,3,True
ACH-000890,Allantoin,5.0,15788,1.0182,0.8769,0.0559,,15,True
ACH-000890,Almonertinib (hydrochloride),5.0,15515,0.981,0.9827,0.0569,,6,True
ACH-000890,Almonertinib (mesylate),0.05,13226,0.942,1.0738,-0.0058,,1,True
ACH-000890,Almonertinib (mesylate),0.5,15575,0.9805,0.7804,-0.0008,,1,True
ACH-000890,Almonertinib (mesylate),5.0,13724,1.1176,0.8803,-0.0522,,45,True
ACH-000890,Amsacrine,5.0,15755,0.9927,0.9041,0.0757,,3,True
ACH-000890,Anethole trithione,5.0,15985,0.9876,0.8262,0.059,,3,True
ACH-000890,Artesunate,5.0,16014,0.9885,0.8181,0.047,,1,True
ACH-000890,Azithromycin (hydrate),5.0,15727,0.9988,0.9816,0.0417,,2,True
ACH-000890,Baicalin,5.0,16469,0.9954,0.8087,0.0569,,4,True
ACH-000890,Balsalazide (sodium hydrate),5.0,16318,0.9812,0.8102,0.0314,,1,True
ACH-000890,Belumosudil,0.05,13304,0.8871,1.0888,-0.005,,0,True
ACH-000890,Belumosudil,0.5,15193,0.9563,0.8235,0.0091,,0,True
ACH-000890,Belumosudil,5.0,13370,1.0063,1.0325,0.039,,13,True
ACH-000890,Berbamine,0.5,15273,0.9622,0.9377,-0.0091,,5,True
ACH-000890,Berbamine,5.0,15768,0.9966,0.8735,0.0766,,4,True
ACH-000890,Berbamine (dihydrochloride),0.05,13426,0.8936,1.0839,0.0177,,1,True
ACH-000890,Berbamine (dihydrochloride),0.5,14995,1.0039,0.7776,-0.0003,,3,True
ACH-000890,Berbamine (dihydrochloride),5.0,13350,1.1403,0.9763,0.006,,37,True
ACH-000890,Berberine (chloride hydrate),5.0,16168,0.9963,0.7732,0.0342,,3,True
ACH-000890,Bergenin,5.0,15693,0.9802,0.8515,0.0417,,2,True
ACH-000890,Bimatoprost,5.0,16276,0.977,0.9128,0.0408,,4,True
ACH-000890,Binimetinib,0.05,15610,1.035,0.877,0.0647,0.504,214,True
ACH-000890,Binimetinib,0.5,15960,0.9608,0.9484,0.0622,,38,True
ACH-000890,Binimetinib,5.0,12337,0.7094,1.2126,0.0538,0.5064,72,True
ACH-000890,Busulfan,5.0,15606,1.0022,0.8992,0.0524,,11,True
ACH-000890,Captopril,0.05,14237,0.9521,0.9831,0.043,-0.0366,56,True
ACH-000890,Cepharanthine,5.0,15867,0.9811,0.9975,0.0532,,11,True
ACH-000890,Chlorhexidine (diacetate),0.5,15104,0.9657,0.925,-0.0029,,1,True
ACH-000890,Chlorhexidine (diacetate),5.0,16201,0.9942,0.8509,0.0647,,27,True
ACH-000890,Ciclopirox,5.0,15425,0.9832,0.943,0.0725,,4,True
ACH-000890,Clonidine (hydrochloride),5.0,16617,1.0061,0.7514,0.0314,,2,True
ACH-000890,Clotrimazole,5.0,16035,0.9695,0.8706,0.0229,,4,True
ACH-000890,Cloxacillin (sodium),5.0,16160,0.9756,0.8039,0.037,,3,True
ACH-000890,Cysteamine (hydrochloride),5.0,16252,0.9731,0.8459,0.046,,6,True
ACH-000890,Cytarabine,0.05,13836,0.8962,1.049,0.0098,,5,True
ACH-000890,Cytarabine,0.5,15459,0.9681,0.7933,0.0111,,1,True
ACH-000890,Cytarabine,5.0,13887,0.8662,1.0406,0.0135,,4,True
ACH-000890,Daidzin,0.05,13481,0.9229,1.0626,0.0152,,4,True
ACH-000890,Daidzin,0.5,15043,1.0033,0.7751,0.0126,,1,True
ACH-000890,Daidzin,5.0,13429,1.1655,0.9408,-0.0095,,16,True
ACH-000890,Darinaparsin,5.0,15950,0.9843,0.9815,0.0504,,7,True
ACH-000890,Demeclocycline,5.0,15918,0.9854,0.879,0.0128,,4,True
ACH-000890,Diammonium Glycyrrhizinate,5.0,15982,0.9867,0.8106,0.0598,,8,True
ACH-000890,Docetaxel,5.0,16277,0.9336,0.9773,0.004,,6,True
ACH-000890,Elagolix sodium,5.0,15324,1.027,0.8505,0.0607,,37,True
ACH-000890,Flumatinib (mesylate),0.05,13212,0.8992,1.0923,0.0086,,2,True
ACH-000890,Flumatinib (mesylate),0.5,15250,0.9489,0.8627,0.0126,,2,True
ACH-000890,Flumatinib (mesylate),5.0,13603,0.9716,1.0179,-0.021,,7,True
ACH-000890,Fluvoxamine (maleate),5.0,15838,0.9753,0.8983,0.0422,,1,True
ACH-000890,Folic acid,5.0,15514,1.0053,0.7804,0.0113,,3,True
ACH-000890,Fumaric acid,0.05,13250,0.908,1.1056,-0.0008,,3,True
ACH-000890,Fumaric acid,0.5,15348,0.962,0.813,0.0033,,0,True
ACH-000890,Fumaric acid,5.0,13976,0.9799,0.9852,-0.0477,,4,True
ACH-000890,Furosemide,5.0,16198,0.952,0.877,0.0202,,1,True
ACH-000890,Fusidic acid,5.0,15911,0.9874,0.8185,0.0452,,0,True
ACH-000890,Gallic acid,5.0,15868,0.99,0.7677,0.0326,,3,True
ACH-000890,Gallic acid (hydrate),5.0,15805,0.9969,0.8863,0.0642,,3,True
ACH-000890,Gemfibrozil,5.0,15966,0.9945,0.8686,0.0437,,4,True
ACH-000890,Goserelin (acetate),5.0,16272,0.991,0.7823,0.0231,,3,True
ACH-000890,Hexylresorcinol,5.0,16377,0.9852,0.8095,0.045,,3,True
ACH-000890,Homoharringtonine,5.0,16617,1.4009,1.4543,0.519,0.8732,1594,True
ACH-000890,Hydroxyfasudil,0.05,14892,1.7735,0.9072,-0.0137,,11,True
ACH-000890,Idarubicin (hydrochloride),5.0,16839,1.3095,1.331,0.439,0.8332,802,True
ACH-000890,Irinotecan (hydrochloride),0.05,13018,0.9728,1.0871,0.0177,,2,True
ACH-000890,Irinotecan (hydrochloride),0.5,15211,0.9947,0.7974,-0.0242,,10,True
ACH-000890,Irinotecan (hydrochloride),5.0,13684,1.0645,0.9637,-0.0184,-0.047,66,True
ACH-000890,Isocorydine,5.0,16309,0.9832,0.8156,0.0264,,1,True
ACH-000890,Larotrectinib,5.0,15843,0.9941,0.9844,0.0706,,2,True
ACH-000890,Lenalidomide (hemihydrate),5.0,15485,0.9703,0.8945,0.0558,,2,True
ACH-000890,Lidocaine (hydrochloride),5.0,15653,0.9975,1.0392,0.0734,,11,True
ACH-000890,Lipoic acid,5.0,16196,0.968,0.8482,0.0362,,2,True
ACH-000890,Lumateperone (tosylate),5.0,16001,0.9939,0.7969,0.0259,,1,True
ACH-000890,Malotilate,0.05,14136,0.983,1.0148,0.0602,-0.0242,215,True
ACH-000890,Medroxyprogesterone acetate,5.0,15277,1.0349,0.9105,0.0849,,18,True
ACH-000890,Megestrol,5.0,16514,0.9425,0.8765,0.0154,,5,True
ACH-000890,Mitoxantrone (dihydrochloride),5.0,16091,0.9587,1.3345,0.0388,,3,True
ACH-000890,Naproxen,0.05,12950,0.8782,1.0904,-0.0065,,0,True
ACH-000890,Naproxen,0.5,15195,0.9367,0.8406,-0.0272,,0,True
ACH-000890,Naproxen,5.0,13380,0.9398,1.0442,-0.0023,,3,True
ACH-000890,Neratinib (maleate),5.0,15772,0.9951,0.809,0.0462,,20,True
ACH-000890,Norepinephrine (hydrochloride),5.0,15727,0.9892,0.9394,0.0428,,3,True
ACH-000890,Olanzapine,5.0,15883,0.9841,0.9144,0.0695,,2,True
ACH-000890,Palmatine (chloride),5.0,15991,0.975,0.8698,0.0403,,8,True
ACH-000890,Pasireotide (acetate),5.0,16325,1.0101,0.8903,0.073,,47,True
ACH-000890,Pentagastrin,5.0,16542,0.9897,0.7532,0.0412,,4,True
ACH-000890,Pentamidine (isethionate),0.5,14071,1.0714,0.8679,0.0518,,30,True
ACH-000890,Pentamidine (isethionate),5.0,16083,0.9961,0.9079,0.0589,,15,True
ACH-000890,Pralsetinib,0.05,15170,0.9572,0.9411,0.0044,,49,True
ACH-000890,Pravastatin (sodium),0.05,13008,0.9187,1.0952,0.0105,,1,True
ACH-000890,Pravastatin (sodium),0.5,14648,0.9741,0.8014,-0.0141,,5,True
ACH-000890,Pravastatin (sodium),5.0,13575,1.0588,0.9563,-0.0165,,26,True
ACH-000890,Pyridoxine,5.0,15881,0.9738,0.891,0.0311,,4,True
ACH-000890,Pyridoxine (hydrochloride),5.0,15731,1.018,0.8039,0.0448,,0,True
ACH-000890,Quinestrol,5.0,16272,0.9565,0.8665,0.0512,,3,True
ACH-000890,Radotinib,5.0,15791,0.9894,0.9366,0.0624,,4,True
ACH-000890,Raltitrexed,5.0,16062,0.9987,0.7707,0.0399,,5,True
ACH-000890,Rapamycin,5.0,16153,0.9818,0.87,0.0604,,3,True
ACH-000890,Regorafenib,0.05,15105,0.9404,0.937,-0.0044,,27,True
ACH-000890,Regorafenib,0.5,15314,1.0056,0.7071,-0.0217,,1,True
ACH-000890,Regorafenib,5.0,12626,0.8993,1.2329,0.0057,,2,True
ACH-000890,Relugolix,5.0,16153,1.012,0.7579,0.0356,,4,True
ACH-000890,Resveratrol,5.0,15427,1.0294,0.8023,0.0506,,36,True
ACH-000890,Retinoic acid,5.0,16258,0.9764,0.8543,0.0329,,7,True
ACH-000890,Riluzole hydrochloride,5.0,16547,0.9789,0.8545,0.0551,,1,True
ACH-000890,Rimonabant,5.0,16146,0.973,0.8466,0.0506,,4,True
ACH-000890,Ritonavir,5.0,15884,0.9822,0.9288,0.0757,,16,True
ACH-000890,Ropivacaine (hydrochloride monohydrate),5.0,15758,0.9963,0.8955,0.047,,6,True
ACH-000890,S-Adenosyl-L-methionine (disulfate tosylate),5.0,16239,0.981,0.8477,0.0747,,6,True
ACH-000890,Salicylic acid,5.0,15968,0.9583,0.9991,0.0239,,1,True
ACH-000890,Saquinavir,5.0,15147,1.0213,1.0167,0.1056,,27,True
ACH-000890,Selinexor ,5.0,15236,1.1144,0.8563,0.1206,0.6911,132,True
ACH-000890,Sinomenine,5.0,15516,1.0139,0.8356,0.0622,,5,True
ACH-000890,Sodium Salicylate,5.0,16293,0.9601,0.9025,0.0448,,3,True
ACH-000890,Sonidegib,0.05,14782,1.7204,0.895,-0.0186,,6,True
ACH-000890,Sulfisoxazole,0.5,14267,1.0489,0.9212,0.0539,,11,True
ACH-000890,Sulfisoxazole,5.0,15905,0.9893,0.8838,0.059,,2,True
ACH-000890,Temsirolimus,5.0,15938,0.9679,0.9017,0.0452,,8,True
ACH-000890,Terfenadine,0.5,13811,1.165,0.9668,0.122,,23,True
ACH-000890,Terfenadine,5.0,15782,0.9702,0.9258,0.0303,,1,True
ACH-000890,Thymol,5.0,15516,0.9972,0.9562,0.0456,,5,True
ACH-000890,Tofacitinib,5.0,15683,0.9964,0.9144,0.0522,,3,True
ACH-000890,Tofacitinib (citrate),5.0,15939,0.9742,0.91,0.0508,,5,True
ACH-000890,Tolcapone,5.0,16159,0.9881,0.8558,0.0438,,4,True
ACH-000890,Topotecan (hydrochloride),0.05,12915,0.8655,1.1104,-0.0132,,1,True
ACH-000890,Topotecan (hydrochloride),0.5,15277,0.9439,0.9017,-0.0346,,7,True
ACH-000890,Topotecan (hydrochloride),5.0,13199,0.9185,1.1629,0.0024,,3,True
ACH-000890,Trametinib,0.05,15488,0.9754,0.9052,0.0562,,28,True
ACH-000890,Trametinib,0.5,15829,0.9553,0.9539,0.0811,,29,True
ACH-000890,Trametinib,5.0,14841,0.7978,1.1526,0.0559,0.7183,84,True
ACH-000890,Triamcinolone,5.0,16217,0.9959,0.9509,0.1045,,23,True
ACH-000890,Triclosan,5.0,15927,0.984,0.8823,0.0455,,4,True
ACH-000890,Trifluridine,5.0,15441,0.9828,0.9124,0.071,,3,True
ACH-000890,Trimetrexate,5.0,15698,0.9941,0.901,0.0528,,2,True
ACH-000890,Tucidinostat,5.0,16388,1.0186,1.0699,0.1464,,6,True
ACH-000890,Vilanterol,5.0,15702,0.9883,0.9309,0.0427,,4,True
ACH-000890,Vinblastine (sulfate),5.0,15759,1.003,0.9448,0.0741,,13,True
ACH-000900,(R)-Verapamil (hydrochloride),5.0,26304,0.7484,0.6788,0.0534,0.7437,300,True
ACH-000900,18β-Glycyrrhetinic acid,5.0,25584,0.7639,0.7503,0.0862,0.6235,528,True
ACH-000900,8-Hydroxyquinoline,5.0,25839,0.7747,0.6761,0.1018,0.7339,660,True
ACH-000900,Acetohexamide,5.0,25957,0.7546,0.7213,0.0735,0.5789,434,True
ACH-000900,Adagrasib,0.05,34211,0.4974,0.5573,0.2323,0.8176,6623,True
ACH-000900,Adenine,5.0,25962,0.767,0.6387,0.0864,0.6715,535,True
ACH-000900,Adenosine,5.0,26246,0.7471,0.7422,0.0726,0.6561,733,True
ACH-000900,Afatinib,0.05,24690,0.6103,0.7697,0.0169,-0.0511,1006,False
ACH-000900,Afatinib,0.5,28435,0.6262,0.6773,0.0057,-0.0922,501,False
ACH-000900,Afatinib,5.0,24899,0.6183,0.9327,0.0177,0.4786,376,False
ACH-000900,Aliskiren,5.0,26135,0.759,0.6988,0.0595,0.7409,385,True
ACH-000900,Allantoin,5.0,25771,0.7853,0.7019,0.1244,0.6879,1046,True
ACH-000900,Almonertinib (hydrochloride),5.0,25685,0.7674,0.7203,0.0924,0.6105,626,True
ACH-000900,Almonertinib (mesylate),0.05,22314,0.6962,0.8014,0.0271,-0.0616,131,True
ACH-000900,Almonertinib (mesylate),0.5,25765,0.7625,0.6571,0.0022,0.4291,241,True
ACH-000900,Almonertinib (mesylate),5.0,23161,0.8432,0.693,-0.0267,-0.1672,480,True
ACH-000900,Amsacrine,5.0,26022,0.7881,0.7442,0.1285,0.7638,835,True
ACH-000900,Anethole trithione,5.0,26031,0.7876,0.6808,0.1211,0.7697,799,True
ACH-000900,Artesunate,5.0,26138,0.7918,0.6743,0.1193,0.8006,883,True
ACH-000900,Azithromycin (hydrate),5.0,25801,0.7754,0.7247,0.0885,0.7098,737,True
ACH-000900,Baicalin,5.0,26589,0.7922,0.6738,0.0904,0.7939,631,True
ACH-000900,Balsalazide (sodium hydrate),5.0,26617,0.77,0.653,0.0827,0.7942,443,True
ACH-000900,Belumosudil,0.05,23011,0.6967,0.7854,0.0116,0.1714,143,True
ACH-000900,Belumosudil,0.5,25382,0.7482,0.6658,0.0066,-0.0033,245,True
ACH-000900,Belumosudil,5.0,22179,0.7556,0.8766,0.066,-0.0977,483,True
ACH-000900,Berbamine,0.5,25227,0.7771,0.6957,-0.052,-0.3739,1150,True
ACH-000900,Berbamine,5.0,25771,0.76,0.6977,0.0865,0.7396,541,True
ACH-000900,Berbamine (dihydrochloride),0.05,22886,0.6733,0.7928,0.0452,0.5547,491,True
ACH-000900,Berbamine (dihydrochloride),0.5,24991,0.7819,0.6472,0.0061,0.1029,371,True
ACH-000900,Berbamine (dihydrochloride),5.0,22831,0.8397,0.7349,0.0105,0.0937,448,True
ACH-000900,Berberine (chloride hydrate),5.0,26411,0.7877,0.6576,0.0844,0.6601,555,True
ACH-000900,Bergenin,5.0,26078,0.7629,0.679,0.0683,0.6934,550,True
ACH-000900,Bimatoprost,5.0,26175,0.777,0.7265,0.1032,0.6277,509,True
ACH-000900,Binimetinib,0.05,26022,0.7529,0.7161,0.0885,0.645,1698,True
ACH-000900,Binimetinib,0.5,26320,0.8217,0.8099,0.1602,0.4983,2684,True
ACH-000900,Binimetinib,5.0,23015,0.7249,0.9278,0.1828,0.6091,3763,True
ACH-000900,Busulfan,5.0,25380,0.7852,0.6893,0.1363,0.6399,823,True
ACH-000900,Captopril,0.05,23834,0.7159,0.7543,0.0501,-0.1456,664,True
ACH-000900,Cepharanthine,5.0,25718,0.7899,0.8761,0.1074,0.7514,1261,True
ACH-000900,Chlorhexidine (diacetate),0.5,25139,0.7912,0.6874,-0.0074,-0.1735,1002,True
ACH-000900,Chlorhexidine (diacetate),5.0,26163,0.7769,0.6952,0.1104,0.7931,554,True
ACH-000900,Ciclopirox,5.0,25448,0.7645,0.7406,0.1349,0.7128,615,True
ACH-000900,Clonidine (hydrochloride),5.0,26860,0.7945,0.6706,0.1094,0.737,554,True
ACH-000900,Clotrimazole,5.0,26366,0.7663,0.708,0.0671,0.7082,619,True
ACH-000900,Cloxacillin (sodium),5.0,26305,0.7641,0.6454,0.0556,0.7294,410,True
ACH-000900,Cysteamine (hydrochloride),5.0,25931,0.7538,0.6594,0.0723,0.7302,350,True
ACH-000900,Cytarabine,0.05,23582,0.7134,0.7813,0.0231,0.239,375,True
ACH-000900,Cytarabine,0.5,24820,0.7654,0.6549,0.0203,-0.3884,181,True
ACH-000900,Cytarabine,5.0,23569,0.7061,0.8037,-0.0006,0.3805,187,True
ACH-000900,DTP3,0.05,24647,3.0802,0.7709,0.0017,-0.0116,5109,True
ACH-000900,Daidzin,0.05,22770,0.7334,0.7907,-0.0056,-0.1936,423,True
ACH-000900,Daidzin,0.5,24718,0.7759,0.6231,0.0114,0.0046,197,True
ACH-000900,Daidzin,5.0,23131,0.8769,0.6988,0.0043,0.0414,503,True
ACH-000900,Darinaparsin,5.0,25734,0.7783,0.8145,0.0987,0.6876,935,True
ACH-000900,Demeclocycline,5.0,25868,0.7578,0.6988,0.0506,0.6137,491,True
ACH-000900,Diammonium Glycyrrhizinate,5.0,25938,0.7626,0.6885,0.0752,0.7848,347,True
ACH-000900,Docetaxel,5.0,26476,0.7627,0.7682,0.0869,0.6233,1000,True
ACH-000900,Elagolix sodium,5.0,25547,0.7902,0.6887,0.1155,0.6674,945,True
ACH-000900,Flumatinib (mesylate),0.05,22692,0.6773,0.8106,0.0079,0.1222,416,True
ACH-000900,Flumatinib (mesylate),0.5,25097,0.7485,0.7103,0.0242,0.4765,383,True
ACH-000900,Flumatinib (mesylate),5.0,23022,0.7371,0.7796,-0.006,-0.4374,298,True
ACH-000900,Fluvoxamine (maleate),5.0,25801,0.7571,0.7139,0.092,0.747,326,True
ACH-000900,Folic acid,5.0,25787,0.7776,0.6428,0.057,0.5499,383,True
ACH-000900,Fumaric acid,0.05,22670,0.7035,0.8182,0.025,0.076,336,True
ACH-000900,Fumaric acid,0.5,25214,0.781,0.699,0.0061,0.2129,251,True
ACH-000900,Fumaric acid,5.0,23800,0.7795,0.7845,-0.0462,-0.3912,338,True
ACH-000900,Furosemide,5.0,26209,0.7492,0.7023,0.0493,0.6394,381,True
ACH-000900,Fusidic acid,5.0,26198,0.7715,0.6653,0.0811,0.7914,484,True
ACH-000900,Gallic acid,5.0,26136,0.7647,0.6446,0.0886,0.784,556,True
ACH-000900,Gallic acid (hydrate),5.0,25837,0.7877,0.7111,0.0876,0.6646,796,True
ACH-000900,Gemfibrozil,5.0,26086,0.7904,0.7109,0.0757,0.7011,1034,True
ACH-000900,Goserelin (acetate),5.0,26453,0.7829,0.6527,0.07,0.7525,569,True
ACH-000900,Hexylresorcinol,5.0,26792,0.7873,0.6675,0.0801,0.6675,851,True
ACH-000900,Homoharringtonine,5.0,25129,1.3831,1.6594,0.6626,0.8565,6723,True
ACH-000900,Hydroxyfasudil,0.05,24638,2.1947,0.7442,0.0004,-0.0684,323,True
ACH-000900,Idarubicin (hydrochloride),5.0,25315,1.2096,1.3693,0.5638,0.7887,4726,True
ACH-000900,Irinotecan (hydrochloride),0.05,22121,0.7541,0.7875,0.0299,0.1324,1130,True
ACH-000900,Irinotecan (hydrochloride),0.5,24703,0.877,0.6804,-0.0053,-0.1576,2131,True
ACH-000900,Irinotecan (hydrochloride),5.0,22887,0.924,0.7237,-0.0225,-0.0938,2088,True
ACH-000900,Isocorydine,5.0,26042,0.7643,0.6686,0.0586,0.6654,512,True
ACH-000900,L-Thyroxine (sodium salt pentahydrate),5.0,24603,2.9326,0.6288,-0.0114,0.0394,4131,True
ACH-000900,Larotrectinib,5.0,25953,0.7741,0.8042,0.1165,0.6715,480,True
ACH-000900,Lenalidomide (hemihydrate),5.0,25546,0.7528,0.6939,0.0805,0.7309,586,True
ACH-000900,Lidocaine (hydrochloride),5.0,25449,0.7778,0.8168,0.1192,0.689,1332,True
ACH-000900,Lipoic acid,5.0,26219,0.7712,0.6471,0.0733,0.7814,523,True
ACH-000900,Lumateperone (tosylate),5.0,26126,0.7689,0.6545,0.0911,0.7708,467,True
ACH-000900,Malotilate,0.05,24096,0.7577,0.7622,0.0165,-0.0877,2801,True
ACH-000900,Medroxyprogesterone acetate,5.0,25450,0.7719,0.6818,0.1122,0.5555,613,True
ACH-000900,Megestrol,5.0,26303,0.7595,0.687,0.0682,0.5684,659,True
ACH-000900,Mitoxantrone (dihydrochloride),5.0,26110,0.7686,0.8437,0.0842,0.6603,617,True
ACH-000900,Naproxen,0.05,22028,0.668,0.7999,0.0019,-0.2021,129,True
ACH-000900,Naproxen,0.5,25087,0.7431,0.6794,-0.0246,-0.3434,181,True
ACH-000900,Naproxen,5.0,23008,0.7301,0.7611,-0.0117,-0.5521,143,True
ACH-000900,Neratinib (maleate),5.0,25925,0.7797,0.7004,0.1031,0.787,678,True
ACH-000900,Norepinephrine (hydrochloride),5.0,25782,0.7764,0.7261,0.1033,0.5851,577,True
ACH-000900,Olanzapine,5.0,25914,0.7807,0.7162,0.1115,0.7728,674,True
ACH-000900,PF-06260933,0.05,24442,3.0876,0.7373,-0.0162,-0.0091,6257,True
ACH-000900,Palmatine (chloride),5.0,25771,0.7632,0.7063,0.0835,0.7601,453,True
ACH-000900,Pasireotide (acetate),5.0,26029,0.7914,0.669,0.0957,0.6687,787,True
ACH-000900,Pentagastrin,5.0,26680,0.7781,0.6363,0.0606,0.7487,434,True
ACH-000900,Pentamidine (isethionate),0.5,23872,0.7991,0.6647,0.0353,0.0483,329,True
ACH-000900,Pentamidine (isethionate),5.0,26213,0.7715,0.7651,0.1096,0.7643,833,True
ACH-000900,Pralsetinib,0.05,25250,0.7203,0.7567,0.0005,0.0809,1397,True
ACH-000900,Pravastatin (sodium),0.05,22062,0.709,0.7849,0.0375,0.0334,236,True
ACH-000900,Pravastatin (sodium),0.5,24525,0.7666,0.6682,-0.0076,-0.1803,282,True
ACH-000900,Pravastatin (sodium),5.0,23122,0.7988,0.739,-0.0386,-0.5138,709,True
ACH-000900,Pyridoxine,5.0,25713,0.777,0.7182,0.085,0.6367,775,True
ACH-000900,Pyridoxine (hydrochloride),5.0,25756,0.7778,0.646,0.0848,0.695,551,True
ACH-000900,Quinestrol,5.0,26397,0.747,0.6913,0.086,0.6878,372,True
ACH-000900,Radotinib,5.0,25912,0.8043,0.7308,0.1329,0.7238,1340,True
ACH-000900,Raltitrexed,5.0,26356,0.7646,0.6651,0.088,0.7166,447,True
ACH-000900,Rapamycin,5.0,26097,0.7855,0.7312,0.1066,0.6772,692,True
ACH-000900,Regorafenib,0.05,24985,0.7178,0.7409,0.0074,-0.2053,827,True
ACH-000900,Regorafenib,0.5,25151,0.7923,0.5859,0.0146,-0.4362,205,True
ACH-000900,Regorafenib,5.0,22881,0.7129,0.8601,0.0229,-0.2123,213,True
ACH-000900,Relugolix,5.0,26415,0.7647,0.635,0.0637,0.6234,289,True
ACH-000900,Resveratrol,5.0,25605,0.8057,0.6909,0.1096,0.588,1160,True
ACH-000900,Retinoic acid,5.0,26374,0.778,0.6897,0.0812,0.7053,606,True
ACH-000900,Riluzole hydrochloride,5.0,26012,0.7926,0.7298,0.1361,0.7112,1106,True
ACH-000900,Rimonabant,5.0,26152,0.7776,0.6867,0.0955,0.7102,617,True
ACH-000900,Ritonavir,5.0,25842,0.7617,0.7278,0.0895,0.7578,553,True
ACH-000900,Ropivacaine (hydrochloride monohydrate),5.0,25920,0.7673,0.7035,0.102,0.8062,717,True
ACH-000900,S-Adenosyl-L-methionine (disulfate tosylate),5.0,25838,0.78,0.7215,0.123,0.8094,900,True
ACH-000900,Salicylic acid,5.0,26284,0.7444,0.7761,0.0606,0.7378,525,True
ACH-000900,Saquinavir,5.0,25125,0.7814,0.7729,0.1403,0.5671,686,True
ACH-000900,Selinexor ,5.0,25126,0.9892,0.7229,0.19,0.6124,1500,True
ACH-000900,Sinomenine,5.0,25893,0.7608,0.654,0.1142,0.6499,529,True
ACH-000900,Sodium Salicylate,5.0,26616,0.7682,0.7407,0.0861,0.631,965,True
ACH-000900,Sonidegib,0.05,24718,2.6034,0.7483,0.0032,-0.0136,2432,True
ACH-000900,Sulfisoxazole,0.5,24110,0.7951,0.6905,0.0585,0.2318,403,True
ACH-000900,Sulfisoxazole,5.0,26069,0.7781,0.7023,0.0879,0.5504,459,True
ACH-000900,Temsirolimus,5.0,25968,0.7726,0.7331,0.1071,0.7359,693,True
ACH-000900,Terfenadine,0.5,23439,0.8402,0.6848,0.0676,0.0977,777,True
ACH-000900,Terfenadine,5.0,25755,0.7639,0.7387,0.0792,0.6552,666,True
ACH-000900,Thymol,5.0,25517,0.7699,0.7161,0.0958,0.5622,901,True
ACH-000900,Tofacitinib,5.0,25826,0.7914,0.7177,0.1305,0.6822,832,True
ACH-000900,Tofacitinib (citrate),5.0,26209,0.7665,0.7399,0.074,0.6703,749,True
ACH-000900,Tolcapone,5.0,25950,0.7669,0.7032,0.0884,0.7277,384,True
ACH-000900,Topotecan (hydrochloride),0.05,21940,0.6798,0.8019,-0.0205,-0.2087,290,True
ACH-000900,Topotecan (hydrochloride),0.5,25148,0.7483,0.7243,-0.0186,-0.5968,275,True
ACH-000900,Topotecan (hydrochloride),5.0,22678,0.7199,0.9388,-0.0196,-0.122,349,True
ACH-000900,Trametinib,0.05,25431,0.763,0.8199,0.1577,0.5158,1765,True
ACH-000900,Trametinib,0.5,25835,0.8688,0.8192,0.2135,0.5297,2897,True
ACH-000900,Trametinib,5.0,24094,0.7923,1.0065,0.2116,0.6442,4457,True
ACH-000900,Triamcinolone,5.0,26092,0.7881,0.739,0.127,0.7971,836,True
ACH-000900,Triclosan,5.0,26223,0.7709,0.7041,0.0696,0.7233,712,True
ACH-000900,Trifluridine,5.0,25529,0.7646,0.7193,0.092,0.681,375,True
ACH-000900,Trimetrexate,5.0,25743,0.7648,0.735,0.1093,0.6776,544,True
ACH-000900,Tucidinostat,5.0,26656,0.8331,0.9717,0.2605,0.8314,1655,True
ACH-000900,Vilanterol,5.0,25785,0.7682,0.723,0.0872,0.7319,599,True
ACH-000900,Vinblastine (sulfate),5.0,25713,0.782,0.8401,0.1663,0.7609,915,True
ACH-000900,c-Kit-IN-1,0.05,24383,3.0037,0.8886,-0.0278,-0.0137,5664,True
ACH-000900,olaparib,0.05,24383,2.9302,0.7672,0.0704,-0.1053,69,True
ACH-000916,(R)-Verapamil (hydrochloride),5.0,26759,0.7662,0.6949,0.0578,0.7645,345,True
ACH-000916,18β-Glycyrrhetinic acid,5.0,26134,0.7817,0.7742,0.0855,0.7144,575,True
ACH-000916,8-Hydroxyquinoline,5.0,26193,0.7855,0.6722,0.0971,0.7171,612,True
ACH-000916,Acetohexamide,5.0,26543,0.7776,0.7468,0.0651,0.5601,566,True
ACH-000916,Adagrasib,0.05,35412,0.4445,0.5086,0.1386,0.6936,4011,True
ACH-000916,Adenine,5.0,26209,0.7842,0.6543,0.0532,0.5603,611,True
ACH-000916,Adenosine,5.0,26278,0.7666,0.7741,0.0631,0.663,723,True
ACH-000916,Afatinib,0.05,26525,0.6371,0.7842,0.0294,-0.0153,1920,False
ACH-000916,Afatinib,0.5,29431,0.6234,0.7169,0.0304,0.2684,2059,False
ACH-000916,Afatinib,5.0,26360,0.6572,0.9784,0.0773,0.5353,1903,False
ACH-000916,Aliskiren,5.0,26627,0.7661,0.7053,0.0514,0.7045,559,True
ACH-000916,Allantoin,5.0,26299,0.8209,0.6933,0.0932,0.6015,1234,True
ACH-000916,Almonertinib (hydrochloride),5.0,26056,0.8021,0.7483,0.1112,0.6065,1051,True
ACH-000916,Almonertinib (mesylate),0.05,23579,0.6998,0.8257,0.0186,0.3503,583,True
ACH-000916,Almonertinib (mesylate),0.5,26933,0.7927,0.6709,0.0024,0.0391,1053,True
ACH-000916,Almonertinib (mesylate),5.0,24540,0.8419,0.7428,-0.0309,-0.2302,818,True
ACH-000916,Amsacrine,5.0,26417,0.7936,0.7042,0.1009,0.757,593,True
ACH-000916,Anethole trithione,5.0,26531,0.813,0.697,0.0952,0.6835,1206,True
ACH-000916,Artesunate,5.0,26222,0.7871,0.666,0.1046,0.8372,919,True
ACH-000916,Azithromycin (hydrate),5.0,26189,0.79,0.7426,0.0845,0.6865,662,True
ACH-000916,Baicalin,5.0,26717,0.8104,0.6857,0.097,0.7189,699,True
ACH-000916,Balsalazide (sodium hydrate),5.0,26625,0.7798,0.6667,0.0772,0.7947,338,True
ACH-000916,Belumosudil,0.05,24435,0.6979,0.806,0.0151,0.322,649,True
ACH-000916,Belumosudil,0.5,27000,0.7582,0.6946,0.0345,0.0276,871,True
ACH-000916,Belumosudil,5.0,23411,0.7688,0.9519,0.1054,0.0761,1024,True
ACH-000916,Berbamine,0.5,26747,0.7821,0.6974,-0.0265,-0.2476,2187,True
ACH-000916,Berbamine,5.0,26317,0.7716,0.647,0.0538,0.7133,352,True
ACH-000916,Berbamine (dihydrochloride),0.05,24097,0.7157,0.8245,0.0284,0.4546,1166,True
ACH-000916,Berbamine (dihydrochloride),0.5,26271,0.7993,0.6634,0.0138,0.02,1493,True
ACH-000916,Berbamine (dihydrochloride),5.0,24228,0.8724,0.792,0.0098,0.108,981,True
ACH-000916,Berberine (chloride hydrate),5.0,26845,0.7937,0.6578,0.0675,0.6802,446,True
ACH-000916,Bergenin,5.0,26335,0.7819,0.6913,0.06,0.5407,643,True
ACH-000916,Bimatoprost,5.0,26770,0.7838,0.7344,0.0772,0.4404,768,True
ACH-000916,Binimetinib,0.05,26866,0.766,0.7718,0.1108,0.5602,2612,True
ACH-000916,Binimetinib,0.5,26696,0.8351,0.8252,0.1253,0.5458,2561,True
ACH-000916,Binimetinib,5.0,25067,0.7087,0.9277,0.172,0.6361,4398,True
ACH-000916,Busulfan,5.0,25969,0.7898,0.7013,0.1119,0.5842,801,True
ACH-000916,Captopril,0.05,25055,0.7801,0.7754,0.0475,-0.1981,2509,True
ACH-000916,Cepharanthine,5.0,26145,0.784,0.8303,0.1033,0.6842,845,True
ACH-000916,Chlorhexidine (diacetate),0.5,26801,0.7826,0.71,0.0102,-0.0025,1512,True
ACH-000916,Chlorhexidine (diacetate),5.0,26547,0.7873,0.6834,0.069,0.7162,552,True
ACH-000916,Ciclopirox,5.0,25888,0.7653,0.7501,0.1108,0.7372,658,True
ACH-000916,Clonidine (hydrochloride),5.0,27041,0.7936,0.6629,0.0834,0.717,567,True
ACH-000916,Clotrimazole,5.0,26537,0.7818,0.7429,0.0676,0.7077,649,True
ACH-000916,Cloxacillin (sodium),5.0,26431,0.7706,0.6429,0.0814,0.657,576,True
ACH-000916,Cysteamine (hydrochloride),5.0,26696,0.7733,0.6594,0.0582,0.6734,458,True
ACH-000916,Cytarabine,0.05,24495,0.71,0.8339,0.0587,0.3319,1023,True
ACH-000916,Cytarabine,0.5,26606,0.7971,0.6613,0.0182,-0.0542,1058,True
ACH-000916,Cytarabine,5.0,24384,0.7002,0.8517,0.0086,0.3141,773,True
ACH-000916,DTP3,0.05,26047,3.42,0.7723,0.0048,0.0009,8222,True
ACH-000916,Daidzin,0.05,24096,0.737,0.8083,0.0238,-0.0257,1080,True
ACH-000916,Daidzin,0.5,26218,0.7886,0.6577,0.0173,0.1159,977,True
ACH-000916,Daidzin,5.0,24248,0.8604,0.7686,0.0042,-0.0614,805,True
ACH-000916,Darinaparsin,5.0,26518,0.7883,0.7578,0.0746,0.636,893,True
ACH-000916,Demeclocycline,5.0,26367,0.7703,0.7112,0.0597,0.5269,574,True
ACH-000916,Diammonium Glycyrrhizinate,5.0,26585,0.7877,0.7097,0.0935,0.7296,675,True
ACH-000916,Docetaxel,5.0,26822,0.7622,0.7624,0.0611,0.6588,699,True
ACH-000916,Elagolix sodium,5.0,25685,0.802,0.6821,0.086,0.5752,780,True
ACH-000916,Flumatinib (mesylate),0.05,23738,0.7184,0.851,0.0058,0.1184,1238,True
ACH-000916,Flumatinib (mesylate),0.5,26388,0.7809,0.7211,0.0294,0.1221,1071,True
ACH-000916,Flumatinib (mesylate),5.0,24331,0.7344,0.8169,-0.0162,-0.3014,784,True
ACH-000916,Fluvoxamine (maleate),5.0,26395,0.7786,0.7238,0.0966,0.8452,520,True
ACH-000916,Folic acid,5.0,25737,0.8023,0.6364,0.0576,0.5225,380,True
ACH-000916,Fumaric acid,0.05,24014,0.7214,0.8533,0.0118,0.1587,803,True
ACH-000916,Fumaric acid,0.5,26657,0.7884,0.7121,0.0251,0.1272,906,True
ACH-000916,Fumaric acid,5.0,24977,0.7684,0.8271,-0.0308,-0.2801,964,True
ACH-000916,Furosemide,5.0,26337,0.7601,0.7155,0.0564,0.7693,355,True
ACH-000916,Fusidic acid,5.0,26520,0.7848,0.6723,0.0749,0.8136,438,True
ACH-000916,Gallic acid,5.0,26586,0.787,0.6636,0.0668,0.6961,585,True
ACH-000916,Gallic acid (hydrate),5.0,26363,0.7954,0.7219,0.0933,0.6775,731,True
ACH-000916,Gemfibrozil,5.0,26543,0.7753,0.7187,0.041,0.6489,775,True
ACH-000916,Goserelin (acetate),5.0,26675,0.7997,0.6593,0.0734,0.726,922,True
ACH-000916,Hexylresorcinol,5.0,26907,0.8099,0.6814,0.0881,0.7661,712,True
ACH-000916,Homoharringtonine,5.0,26819,1.4826,1.5786,0.6922,0.9035,9881,True
ACH-000916,Hydroxyfasudil,0.05,25881,2.4151,0.7543,0.0133,0.1014,463,True
ACH-000916,Idarubicin (hydrochloride),5.0,28521,1.2153,1.2036,0.5423,0.8851,7103,True
ACH-000916,Irinotecan (hydrochloride),0.05,23428,0.7485,0.8139,0.0227,0.1225,2044,True
ACH-000916,Irinotecan (hydrochloride),0.5,26856,0.8503,0.6936,-0.0274,-0.1451,2734,True
ACH-000916,Irinotecan (hydrochloride),5.0,24532,0.8422,0.7888,-0.0361,-0.0763,2666,True
ACH-000916,Isocorydine,5.0,26584,0.8065,0.6826,0.0751,0.5918,1199,True
ACH-000916,L-Thyroxine (sodium salt pentahydrate),5.0,24861,2.8511,0.6189,0.0084,0.0946,285,True
ACH-000916,Larotrectinib,5.0,26225,0.794,0.7951,0.1115,0.5531,500,True
ACH-000916,Lenalidomide (hemihydrate),5.0,25906,0.7553,0.6934,0.0692,0.7027,520,True
ACH-000916,Lidocaine (hydrochloride),5.0,26158,0.8136,0.7995,0.0798,0.5372,1427,True
ACH-000916,Lipoic acid,5.0,26859,0.7716,0.6774,0.0617,0.7727,564,True
ACH-000916,Lumateperone (tosylate),5.0,26547,0.7819,0.6529,0.0693,0.6188,414,True
ACH-000916,Malotilate,0.05,25280,0.8315,0.76,0.0331,-0.0242,3846,True
ACH-000916,Medroxyprogesterone acetate,5.0,25881,0.7945,0.7622,0.1026,0.6691,810,True
ACH-000916,Megestrol,5.0,27070,0.7699,0.7333,0.0705,0.7613,958,True
ACH-000916,Methylprednisolone succinate,0.05,25668,3.6177,0.7586,-0.0166,-0.0086,9535,True
ACH-000916,Mitoxantrone (dihydrochloride),5.0,26655,0.7865,0.8395,0.0847,0.6203,783,True
ACH-000916,Naproxen,0.05,23397,0.68,0.8111,0.0271,-0.0673,504,True
ACH-000916,Naproxen,0.5,26788,0.7554,0.6911,-0.005,-0.2076,583,True
ACH-000916,Naproxen,5.0,24074,0.7334,0.7936,0.0091,-0.2904,601,True
ACH-000916,Neratinib (maleate),5.0,26421,0.8053,0.7053,0.0874,0.5796,843,True
ACH-000916,Norepinephrine (hydrochloride),5.0,26301,0.7937,0.7242,0.0667,0.4349,683,True
ACH-000916,Olanzapine,5.0,26544,0.781,0.7241,0.0914,0.7576,636,True
ACH-000916,Palmatine (chloride),5.0,26129,0.7768,0.71,0.0838,0.6014,673,True
ACH-000916,Pasireotide (acetate),5.0,26635,0.8142,0.6897,0.0806,0.6179,928,True
ACH-000916,Pentagastrin,5.0,27208,0.7986,0.6485,0.0617,0.6625,643,True
ACH-000916,Pentamidine (isethionate),0.5,25279,0.8321,0.6919,0.0477,-0.1137,945,True
ACH-000916,Pentamidine (isethionate),5.0,26467,0.7721,0.7718,0.063,0.7132,768,True
ACH-000916,Pralsetinib,0.05,26423,0.7355,0.76,0.0132,-0.0093,1842,True
ACH-000916,Pravastatin (sodium),0.05,23415,0.7127,0.8145,0.0223,0.2019,809,True
ACH-000916,Pravastatin (sodium),0.5,26312,0.7756,0.6721,-0.0025,0.0197,846,True
ACH-000916,Pravastatin (sodium),5.0,24644,0.8104,0.7766,-0.0579,-0.3122,1207,True
ACH-000916,Pyridoxine,5.0,26213,0.7765,0.7529,0.0814,0.7195,644,True
ACH-000916,Pyridoxine (hydrochloride),5.0,25753,0.8121,0.6516,0.0845,0.6618,539,True
ACH-000916,Quinestrol,5.0,27021,0.7722,0.7246,0.088,0.8546,973,True
ACH-000916,Radotinib,5.0,26273,0.8132,0.7286,0.1083,0.6876,1250,True
ACH-000916,Ralimetinib dimesylate,0.05,25487,3.5545,0.7788,0.03,0.028,9392,True
ACH-000916,Raltitrexed,5.0,26766,0.7926,0.65,0.0616,0.7281,534,True
ACH-000916,Rapamycin,5.0,26431,0.8073,0.7676,0.1041,0.6454,932,True
ACH-000916,Regorafenib,0.05,26327,0.7201,0.7616,-0.0048,-0.25,1301,True
ACH-000916,Regorafenib,0.5,26361,0.8007,0.653,-0.006,-0.4081,834,True
ACH-000916,Regorafenib,5.0,24480,0.7374,0.8607,0.0336,-0.0577,788,True
ACH-000916,Relugolix,5.0,26485,0.7654,0.6389,0.0414,0.6894,357,True
ACH-000916,Resveratrol,5.0,25763,0.8149,0.698,0.0966,0.5942,912,True
ACH-000916,Retinoic acid,5.0,26955,0.7827,0.6969,0.0808,0.7386,874,True
ACH-000916,Riluzole hydrochloride,5.0,26849,0.8042,0.7209,0.1139,0.6623,1064,True
ACH-000916,Rimonabant,5.0,26367,0.7788,0.6917,0.0906,0.7964,651,True
ACH-000916,Ritonavir,5.0,26244,0.778,0.7129,0.085,0.7288,666,True
ACH-000916,Ropivacaine (hydrochloride monohydrate),5.0,26352,0.7878,0.6843,0.0819,0.7906,697,True
ACH-000916,S-Adenosyl-L-methionine (disulfate tosylate),5.0,26652,0.7927,0.747,0.126,0.8121,949,True
ACH-000916,Salicylic acid,5.0,26483,0.7797,0.8059,0.0794,0.6561,538,True
ACH-000916,Saquinavir,5.0,25472,0.7907,0.757,0.1331,0.579,692,True
ACH-000916,Selinexor ,5.0,25256,1.0335,0.788,0.2206,0.6444,2216,True
ACH-000916,Sinomenine,5.0,26252,0.7797,0.6722,0.0762,0.7289,621,True
ACH-000916,Sodium Salicylate,5.0,27006,0.7813,0.7515,0.0703,0.6239,838,True
ACH-000916,Sonidegib,0.05,25784,2.5934,0.7464,0.0013,-0.023,447,True
ACH-000916,Sulfisoxazole,0.5,25369,0.8368,0.7247,0.0844,0.0596,1360,True
ACH-000916,Sulfisoxazole,5.0,26446,0.7963,0.7384,0.1025,0.5781,610,True
ACH-000916,Temsirolimus,5.0,26563,0.7774,0.7623,0.1039,0.807,719,True
ACH-000916,Terfenadine,0.5,25040,0.8695,0.6869,0.0417,-0.0921,1679,True
ACH-000916,Terfenadine,5.0,26234,0.7925,0.7051,0.0742,0.6972,948,True
ACH-000916,Thymol,5.0,26289,0.7803,0.7118,0.0559,0.5482,886,True
ACH-000916,Tofacitinib,5.0,26110,0.7988,0.7338,0.1162,0.6046,899,True
ACH-000916,Tofacitinib (citrate),5.0,26695,0.7832,0.7364,0.0743,0.6205,975,True
ACH-000916,Tolcapone,5.0,26802,0.7781,0.7031,0.0815,0.7528,521,True
ACH-000916,Topotecan (hydrochloride),0.05,23149,0.6775,0.8365,-0.0061,-0.0527,1136,True
ACH-000916,Topotecan (hydrochloride),0.5,26825,0.7647,0.7855,-0.0378,-0.4002,986,True
ACH-000916,Topotecan (hydrochloride),5.0,23989,0.7239,1.1745,-0.039,-0.1993,972,True
ACH-000916,Trametinib,0.05,26303,0.7605,0.8332,0.1566,0.5393,2035,True
ACH-000916,Trametinib,0.5,26747,0.8707,0.8192,0.1898,0.6516,3070,True
ACH-000916,Trametinib,5.0,26410,0.803,1.003,0.2057,0.6409,4736,True
ACH-000916,Triamcinolone,5.0,26595,0.8144,0.824,0.1626,0.7466,1587,True
ACH-000916,Triclosan,5.0,26588,0.7699,0.7306,0.066,0.813,558,True
ACH-000916,Trifluridine,5.0,25925,0.7715,0.6927,0.0733,0.6724,383,True
ACH-000916,Trimetrexate,5.0,26102,0.7801,0.7375,0.1045,0.7631,524,True
ACH-000916,Tucidinostat,5.0,27071,0.8726,1.0972,0.3286,0.8515,1926,True
ACH-000916,Vilanterol,5.0,26231,0.777,0.7003,0.0684,0.7782,728,True
ACH-000916,Vinblastine (sulfate),5.0,26463,0.8247,0.889,0.1661,0.7834,1529,True
ACH-000916,olaparib,0.05,25707,3.5337,0.7515,0.0553,0.0249,8965,True
ACH-000927,(R)-Verapamil (hydrochloride),5.0,24810,0.7991,0.7122,0.0595,0.7151,359,True
ACH-000927,18β-Glycyrrhetinic acid,5.0,24096,0.8048,0.8388,0.1323,0.6421,525,True
ACH-000927,8-Hydroxyquinoline,5.0,24551,0.8078,0.6944,0.1076,0.8014,384,True
ACH-000927,Acetohexamide,5.0,24847,0.7921,0.7932,0.047,0.6085,558,True
ACH-000927,Adagrasib,0.05,32342,0.4578,0.54,0.1126,0.6854,2524,True
ACH-000927,Adenine,5.0,24614,0.7985,0.686,0.0755,0.8069,444,True
ACH-000927,Adenosine,5.0,24766,0.8018,0.7646,0.0869,0.7101,515,True
ACH-000927,Afatinib,0.05,22968,0.6986,0.8092,0.0477,0.0836,2170,False
ACH-000927,Afatinib,0.5,26171,0.7239,0.8303,0.1519,0.7033,3058,False
ACH-000927,Afatinib,5.0,22742,0.7879,1.0537,0.1801,0.6766,2368,False
ACH-000927,Aliskiren,5.0,24834,0.7927,0.7137,0.0699,0.624,355,True
ACH-000927,Allantoin,5.0,24362,0.8446,0.7307,0.1178,0.5842,899,True
ACH-000927,Almonertinib (hydrochloride),5.0,24127,0.8232,0.8512,0.1113,0.4303,777,True
ACH-000927,Almonertinib (mesylate),0.05,19925,0.7147,0.8681,0.0114,0.3231,102,True
ACH-000927,Almonertinib (mesylate),0.5,23323,0.7986,0.7363,0.0259,0.2727,194,True
ACH-000927,Almonertinib (mesylate),5.0,20454,0.8884,0.915,-0.0207,-0.1243,397,True
ACH-000927,Amsacrine,5.0,25102,0.832,0.7972,0.1495,0.7781,853,True
ACH-000927,Anethole trithione,5.0,24653,0.8241,0.7332,0.1207,0.7438,618,True
ACH-000927,Artesunate,5.0,24223,0.8516,0.7627,0.1687,0.8021,1440,True
ACH-000927,Azithromycin (hydrate),5.0,24502,0.812,0.7776,0.1132,0.6592,465,True
ACH-000927,Baicalin,5.0,25171,0.8351,0.6909,0.0917,0.6725,702,True
ACH-000927,Balsalazide (sodium hydrate),5.0,25413,0.8004,0.6879,0.0765,0.773,277,True
ACH-000927,Belumosudil,0.05,20363,0.7214,0.8571,0.0233,0.4841,102,True
ACH-000927,Belumosudil,0.5,23100,0.792,0.7333,0.0046,-0.0086,140,True
ACH-000927,Belumosudil,5.0,20013,0.7783,0.8743,0.0125,-0.158,356,True
ACH-000927,Berbamine,0.5,23651,0.818,0.7198,-0.0218,-0.3597,859,True
ACH-000927,Berbamine,5.0,24475,0.7881,0.6786,0.0642,0.6679,306,True
ACH-000927,Berbamine (dihydrochloride),0.05,20213,0.7003,0.8775,0.0311,0.6541,248,True
ACH-000927,Berbamine (dihydrochloride),0.5,22814,0.8182,0.6746,0.0061,0.2922,259,True
ACH-000927,Berbamine (dihydrochloride),5.0,20634,0.8809,0.7885,0.0063,0.1065,480,True
ACH-000927,Berberine (chloride hydrate),5.0,24955,0.8344,0.7659,0.1102,0.5282,808,True
ACH-000927,Bergenin,5.0,24335,0.8065,0.7121,0.0779,0.58,553,True
ACH-000927,Bimatoprost,5.0,24961,0.7997,0.7622,0.0861,0.6616,487,True
ACH-000927,Binimetinib,0.05,24117,0.7545,0.7855,0.1008,0.5877,1471,True
ACH-000927,Binimetinib,0.5,23659,0.8483,0.7709,0.1128,0.7075,963,True
ACH-000927,Binimetinib,5.0,22140,0.7568,0.9041,0.1312,0.6067,2067,True
ACH-000927,Busulfan,5.0,24180,0.8044,0.7325,0.0953,0.5415,621,True
ACH-000927,Captopril,0.05,21467,0.7647,0.8135,0.0699,-0.0861,426,True
ACH-000927,Cepharanthine,5.0,24224,0.8075,0.9112,0.106,0.662,545,True
ACH-000927,Chlorhexidine (diacetate),0.5,23607,0.823,0.7123,-0.0092,-0.107,646,True
ACH-000927,Chlorhexidine (diacetate),5.0,24896,0.8007,0.7189,0.0855,0.781,279,True
ACH-000927,Ciclopirox,5.0,23973,0.8195,0.8238,0.1474,0.497,717,True
ACH-000927,Clonidine (hydrochloride),5.0,25166,0.8149,0.6557,0.0941,0.7871,361,True
ACH-000927,Clotrimazole,5.0,24844,0.8096,0.7672,0.1054,0.7739,565,True
ACH-000927,Cloxacillin (sodium),5.0,24686,0.8036,0.6689,0.0704,0.6681,324,True
ACH-000927,Cysteamine (hydrochloride),5.0,24995,0.8004,0.684,0.0648,0.5671,512,True
ACH-000927,Cytarabine,0.05,20725,0.7283,0.8809,0.0061,0.1757,257,True
ACH-000927,Cytarabine,0.5,22779,0.8016,0.6886,0.0049,-0.0455,129,True
ACH-000927,Cytarabine,5.0,20938,0.7216,0.8715,0.0182,0.3022,117,True
ACH-000927,Daidzin,0.05,20610,0.7521,0.8498,0.0187,0.1372,279,True
ACH-000927,Daidzin,0.5,22547,0.803,0.6767,0.0101,0.3185,274,True
ACH-000927,Daidzin,5.0,20650,0.9425,0.7919,0.0106,0.0777,575,True
ACH-000927,Darinaparsin,5.0,24577,0.8086,0.8039,0.0924,0.6045,607,True
ACH-000927,Demeclocycline,5.0,24710,0.7939,0.736,0.0442,0.2833,415,True
ACH-000927,Diammonium Glycyrrhizinate,5.0,24552,0.8049,0.7033,0.0716,0.7546,297,True
ACH-000927,Docetaxel,5.0,25389,0.779,0.7739,0.0634,0.6711,829,True
ACH-000927,Elagolix sodium,5.0,24080,0.8027,0.719,0.129,0.6921,545,True
ACH-000927,Flumatinib (mesylate),0.05,19953,0.7088,0.8645,0.0214,0.2976,266,True
ACH-000927,Flumatinib (mesylate),0.5,22483,0.7926,0.7362,0.0189,0.3773,288,True
ACH-000927,Flumatinib (mesylate),5.0,20452,0.7451,0.8777,-0.0116,-0.2259,199,True
ACH-000927,Fluvoxamine (maleate),5.0,24483,0.7969,0.7094,0.082,0.6441,239,True
ACH-000927,Folic acid,5.0,24362,0.8022,0.6481,0.07,0.6465,314,True
ACH-000927,Fumaric acid,0.05,20240,0.7286,0.8805,-0.0055,0.1571,273,True
ACH-000927,Fumaric acid,0.5,22960,0.8139,0.7372,0.0114,0.2795,200,True
ACH-000927,Fumaric acid,5.0,21070,0.786,0.8522,-0.0231,-0.1728,520,True
ACH-000927,Furosemide,5.0,24828,0.7723,0.7306,0.0623,0.7545,204,True
ACH-000927,Fusidic acid,5.0,24783,0.8091,0.7027,0.0905,0.7713,413,True
ACH-000927,Gallic acid,5.0,24656,0.8014,0.6983,0.0978,0.7197,436,True
ACH-000927,Gallic acid (hydrate),5.0,24426,0.82,0.7576,0.1099,0.6602,628,True
ACH-000927,Gemfibrozil,5.0,24661,0.8142,0.7291,0.0763,0.703,732,True
ACH-000927,Goserelin (acetate),5.0,24775,0.8181,0.6766,0.0703,0.6611,428,True
ACH-000927,Hexylresorcinol,5.0,25336,0.8221,0.6866,0.0867,0.5555,622,True
ACH-000927,Homoharringtonine,5.0,26051,1.3745,1.4034,0.6346,0.9074,8804,True
ACH-000927,Hydroxyfasudil,0.05,23220,1.6405,0.8143,-0.0346,0.007,507,True
ACH-000927,Idarubicin (hydrochloride),5.0,25490,1.4963,1.6607,0.6605,0.8601,6628,True
ACH-000927,Irinotecan (hydrochloride),0.05,19681,0.7581,0.8698,0.0328,0.1734,774,True
ACH-000927,Irinotecan (hydrochloride),0.5,22752,0.9282,0.7128,-0.0011,0.0819,1978,True
ACH-000927,Irinotecan (hydrochloride),5.0,20721,0.9467,0.7935,-0.0069,-0.0293,2073,True
ACH-000927,Isocorydine,5.0,24453,0.7957,0.6773,0.0743,0.6922,170,True
ACH-000927,L-Thyroxine (sodium salt pentahydrate),5.0,23168,1.8911,0.6438,0.0331,0.1659,377,True
ACH-000927,Larotrectinib,5.0,24495,0.8147,0.839,0.125,0.6082,438,True
ACH-000927,Lenalidomide (hemihydrate),5.0,23940,0.7952,0.7499,0.1103,0.5809,376,True
ACH-000927,Lidocaine (hydrochloride),5.0,24171,0.8163,0.8916,0.0977,0.6183,759,True
ACH-000927,Lipoic acid,5.0,25182,0.7855,0.7302,0.077,0.7158,383,True
ACH-000927,Lumateperone (tosylate),5.0,24638,0.8108,0.6737,0.0865,0.8042,308,True
ACH-000927,Malotilate,0.05,21530,0.8367,0.7932,0.052,-0.0171,1572,True
ACH-000927,Medroxyprogesterone acetate,5.0,24194,0.8146,0.786,0.1427,0.7143,712,True
ACH-000927,Megestrol,5.0,25086,0.8002,0.7398,0.0686,0.7163,550,True
ACH-000927,Mitoxantrone (dihydrochloride),5.0,25056,0.8003,1.3933,0.0456,0.2549,484,True
ACH-000927,Naproxen,0.05,19397,0.6881,0.8762,0.0106,-0.1766,84,True
ACH-000927,Naproxen,0.5,22763,0.7802,0.7109,-0.0115,-0.2907,126,True
ACH-000927,Naproxen,5.0,20354,0.7436,0.8287,-0.0224,-0.4231,160,True
ACH-000927,Neratinib (maleate),5.0,24060,0.8271,0.9499,0.1565,0.5661,659,True
ACH-000927,Norepinephrine (hydrochloride),5.0,24417,0.8229,0.7679,0.0787,0.5463,622,True
ACH-000927,Olanzapine,5.0,24725,0.8048,0.743,0.0898,0.7353,415,True
ACH-000927,Palmatine (chloride),5.0,24347,0.7968,0.7316,0.0955,0.6732,307,True
ACH-000927,Pasireotide (acetate),5.0,24760,0.8253,0.6929,0.0966,0.6559,490,True
ACH-000927,Pentagastrin,5.0,25382,0.8141,0.6628,0.0561,0.6064,322,True
ACH-000927,Pentamidine (isethionate),0.5,22070,0.8726,0.6887,0.0409,-0.0718,385,True
ACH-000927,Pentamidine (isethionate),5.0,25096,0.7947,0.7787,0.0893,0.7673,592,True
ACH-000927,Pralsetinib,0.05,23485,0.752,0.8148,0.0205,0.0316,1303,True
ACH-000927,Pravastatin (sodium),0.05,19523,0.7239,0.8536,0.0249,0.4066,243,True
ACH-000927,Pravastatin (sodium),0.5,22380,0.7965,0.6987,0.0161,-0.2278,171,True
ACH-000927,Pravastatin (sodium),5.0,20736,0.8317,0.8061,-0.0597,-0.5031,500,True
ACH-000927,Pyridoxine,5.0,24386,0.826,0.7515,0.0906,0.5796,776,True
ACH-000927,Pyridoxine (hydrochloride),5.0,24658,0.801,0.674,0.0945,0.7714,330,True
ACH-000927,Quinestrol,5.0,24912,0.803,0.7352,0.0935,0.7605,559,True
ACH-000927,Radotinib,5.0,24231,0.8588,0.7835,0.1727,0.7243,1138,True
ACH-000927,Raltitrexed,5.0,24865,0.8047,0.6605,0.0785,0.7582,411,True
ACH-000927,Rapamycin,5.0,24538,0.8283,0.7653,0.119,0.6714,704,True
ACH-000927,Regorafenib,0.05,23668,0.7239,0.7927,-0.0191,-0.0684,849,True
ACH-000927,Regorafenib,0.5,23317,0.8111,0.5978,-0.0036,-0.492,243,True
ACH-000927,Regorafenib,5.0,21488,0.7585,0.879,-0.0014,-0.2594,268,True
ACH-000927,Relugolix,5.0,24944,0.8041,0.6515,0.0607,0.718,333,True
ACH-000927,Resveratrol,5.0,23885,0.8324,0.7079,0.1163,0.5965,659,True
ACH-000927,Retinoic acid,5.0,24819,0.8052,0.7256,0.0978,0.7234,459,True
ACH-000927,Riluzole hydrochloride,5.0,24805,0.8398,0.7534,0.129,0.6277,735,True
ACH-000927,Rimonabant,5.0,24736,0.8205,0.7253,0.0971,0.7266,545,True
ACH-000927,Ritonavir,5.0,24341,0.7898,0.7256,0.09,0.6988,295,True
ACH-000927,Ropivacaine (hydrochloride monohydrate),5.0,24428,0.8102,0.7071,0.1075,0.7916,467,True
ACH-000927,S-Adenosyl-L-methionine (disulfate tosylate),5.0,24501,0.819,0.7176,0.1047,0.752,530,True
ACH-000927,Salicylic acid,5.0,24778,0.7791,0.7919,0.0846,0.7781,367,True
ACH-000927,Saquinavir,5.0,23604,0.8056,0.8515,0.145,0.4644,496,True
ACH-000927,Selinexor ,5.0,23840,0.9221,0.7572,0.2021,0.7973,1462,True
ACH-000927,Sinomenine,5.0,24393,0.8038,0.6967,0.104,0.7528,347,True
ACH-000927,Sodium Salicylate,5.0,25186,0.803,0.784,0.0925,0.6416,667,True
ACH-000927,Sonidegib,0.05,23448,2.4267,0.7772,-0.0388,-0.0712,305,True
ACH-000927,Sulfisoxazole,0.5,22107,0.9255,0.7434,0.1183,0.1888,1565,True
ACH-000927,Sulfisoxazole,5.0,24536,0.8275,0.7387,0.1076,0.4907,552,True
ACH-000927,Temsirolimus,5.0,24430,0.8199,0.7701,0.1058,0.7058,582,True
ACH-000927,Terfenadine,0.5,21763,0.8743,0.6776,0.0428,-0.2024,411,True
ACH-000927,Terfenadine,5.0,24039,0.7962,0.7185,0.1069,0.6519,484,True
ACH-000927,Thymol,5.0,24237,0.8073,0.7418,0.0833,0.5103,669,True
ACH-000927,Tofacitinib,5.0,24446,0.8476,0.7959,0.1754,0.7334,969,True
ACH-000927,Tofacitinib (citrate),5.0,24709,0.8222,0.8117,0.1162,0.5887,740,True
ACH-000927,Tolcapone,5.0,24672,0.8106,0.7063,0.0679,0.5572,408,True
ACH-000927,Topotecan (hydrochloride),0.05,19433,0.694,0.8945,0.0023,-0.0736,273,True
ACH-000927,Topotecan (hydrochloride),0.5,22970,0.786,0.7833,-0.0111,-0.3387,141,True
ACH-000927,Topotecan (hydrochloride),5.0,20444,0.7422,0.9294,-0.0304,-0.0734,217,True
ACH-000927,Trametinib,0.05,23671,0.787,0.8491,0.1691,0.5478,2005,True
ACH-000927,Trametinib,0.5,23369,0.911,0.7829,0.1424,0.5854,1570,True
ACH-000927,Trametinib,5.0,22952,0.8054,1.0585,0.1499,0.6005,2452,True
ACH-000927,Triamcinolone,5.0,24634,0.845,0.8107,0.1478,0.5793,976,True
ACH-000927,Triclosan,5.0,24904,0.8025,0.7582,0.08,0.586,508,True
ACH-000927,Trifluridine,5.0,24311,0.7812,0.7418,0.1086,0.7363,304,True
ACH-000927,Trimetrexate,5.0,24189,0.8006,0.7472,0.084,0.5987,517,True
ACH-000927,Tucidinostat,5.0,25481,0.8801,1.1673,0.296,0.8323,1586,True
ACH-000927,Vilanterol,5.0,24108,0.798,0.7192,0.0994,0.6791,452,True
ACH-000927,Vinblastine (sulfate),5.0,24362,0.8264,0.8497,0.1672,0.7326,925,True
ACH-000927,c-Kit-IN-1,0.05,22680,3.27,0.8985,0.018,0.0144,6018,True
ACH-000927,olaparib,0.05,23043,2.9832,0.7816,0.0315,0.0034,4016,True
ACH-000932,(R)-Verapamil (hydrochloride),5.0,19991,0.8679,0.7376,0.0427,,40,True
ACH-000932,18β-Glycyrrhetinic acid,5.0,19371,0.8852,0.8413,0.1057,,49,True
ACH-000932,8-Hydroxyquinoline,5.0,19760,0.894,0.6893,0.0765,0.7576,83,True
ACH-000932,Abemaciclib,0.05,20113,2.9507,0.7147,-0.0184,,35,True
ACH-000932,Acetohexamide,5.0,20083,0.8746,0.7884,0.0666,0.6904,74,True
ACH-000932,Adagrasib,0.05,29964,0.4889,0.5708,0.0973,0.7336,983,True
ACH-000932,Adenine,5.0,19722,0.8688,0.6704,0.0533,,17,True
ACH-000932,Adenosine,5.0,20118,0.8543,0.7862,0.047,,46,True
ACH-000932,Afatinib,0.05,21417,0.7043,0.7787,0.0598,-0.0036,461,False
ACH-000932,Afatinib,0.5,23759,0.6109,0.8091,0.0386,-0.0417,503,False
ACH-000932,Afatinib,5.0,19547,0.6104,1.0237,-0.0133,0.1703,279,False
ACH-000932,Aliskiren,5.0,20035,0.8822,0.7333,0.0651,,40,True
ACH-000932,Allantoin,5.0,19404,0.8869,0.7536,0.0768,0.4547,149,True
ACH-000932,Almonertinib (hydrochloride),5.0,19010,0.9016,0.7583,0.1088,0.5588,163,True
ACH-000932,Almonertinib (mesylate),0.05,19391,0.7056,0.846,0.023,0.1586,121,True
ACH-000932,Almonertinib (mesylate),0.5,22844,0.83,0.7051,-0.0017,0.5051,362,True
ACH-000932,Almonertinib (mesylate),5.0,20102,0.9476,0.7882,-0.0448,-0.2808,545,True
ACH-000932,Amsacrine,5.0,19670,0.8836,0.8164,0.1244,0.6947,64,True
ACH-000932,Anethole trithione,5.0,19663,0.8841,0.7046,0.065,0.7934,81,True
ACH-000932,Artesunate,5.0,19252,0.9375,0.8025,0.1671,0.8402,639,True
ACH-000932,Azithromycin (hydrate),5.0,19584,0.8959,0.7842,0.0904,0.6977,54,True
ACH-000932,Baicalin,5.0,20047,0.8963,0.7106,0.0681,0.9037,62,True
ACH-000932,Balsalazide (sodium hydrate),5.0,20338,0.8805,0.6865,0.0445,,20,True
ACH-000932,Belumosudil,0.05,20049,0.7092,0.8614,0.0277,0.4351,120,True
ACH-000932,Belumosudil,0.5,22470,0.7981,0.7461,0.0087,-0.0176,143,True
ACH-000932,Belumosudil,5.0,19197,0.7897,0.8822,0.0378,-0.0594,504,True
ACH-000932,Berbamine,0.5,21046,0.7263,0.8323,-0.0427,-0.2825,793,True
ACH-000932,Berbamine,5.0,19493,0.8597,0.711,0.0329,,34,True
ACH-000932,Berbamine (dihydrochloride),0.05,19769,0.7062,0.8491,0.0291,0.3474,265,True
ACH-000932,Berbamine (dihydrochloride),0.5,22414,0.8311,0.6886,0.0072,0.2495,449,True
ACH-000932,Berbamine (dihydrochloride),5.0,19889,0.989,0.8065,-0.0124,-0.0575,1093,True
ACH-000932,Berberine (chloride hydrate),5.0,20080,0.8945,0.6918,0.0515,,34,True
ACH-000932,Bergenin,5.0,19420,0.8771,0.7249,0.0878,0.8536,51,True
ACH-000932,Bimatoprost,5.0,20128,0.8651,0.8229,0.0816,,25,True
ACH-000932,Binimetinib,0.05,20728,0.8936,0.7289,0.0824,0.3287,580,True
ACH-000932,Binimetinib,0.5,20756,0.7959,0.8691,0.0871,0.5092,573,True
ACH-000932,Binimetinib,5.0,17136,0.5712,1.0664,0.0604,0.3688,1477,True
ACH-000932,Busulfan,5.0,19417,0.8939,0.7619,0.0932,0.673,63,True
ACH-000932,Captopril,0.05,20843,0.7651,0.8219,0.0613,-0.3254,408,True
ACH-000932,Cepharanthine,5.0,19189,0.8792,0.9063,0.0995,0.8551,139,True
ACH-000932,Chlorhexidine (diacetate),0.5,21028,0.7501,0.8498,-0.0218,-0.031,638,True
ACH-000932,Chlorhexidine (diacetate),5.0,19307,0.9633,0.9074,0.2208,0.8071,828,True
ACH-000932,Ciclopirox,5.0,19044,0.8895,0.7902,0.1406,0.6627,69,True
ACH-000932,Clonidine (hydrochloride),5.0,20209,0.8829,0.6815,0.062,,39,True
ACH-000932,Clotrimazole,5.0,20164,0.8657,0.7849,0.0717,,39,True
ACH-000932,Cloxacillin (sodium),5.0,19730,0.8872,0.68,0.0488,,40,True
ACH-000932,Cysteamine (hydrochloride),5.0,19806,0.872,0.6917,0.0508,,36,True
ACH-000932,Cytarabine,0.05,20638,0.7485,0.8802,0.0632,0.3653,263,True
ACH-000932,Cytarabine,0.5,22293,0.7914,0.7077,0.0051,-0.2563,172,True
ACH-000932,Cytarabine,5.0,20212,0.7185,0.8899,0.0151,0.247,125,True
ACH-000932,DTP3,0.05,20196,3.1027,0.7136,0.0023,-0.0229,3533,True
ACH-000932,Daidzin,0.05,20091,0.748,0.8542,0.0168,-0.1209,228,True
ACH-000932,Daidzin,0.5,22162,0.8608,0.6578,0.0254,0.019,679,True
ACH-000932,Daidzin,5.0,20424,0.9745,0.7775,0.0028,0.2071,620,True
ACH-000932,Darinaparsin,5.0,19651,0.873,0.8197,0.0552,,43,True
ACH-000932,Demeclocycline,5.0,19780,0.8566,0.7447,0.0094,,12,True
ACH-000932,Diammonium Glycyrrhizinate,5.0,19595,0.865,0.7301,0.0624,,43,True
ACH-000932,Docetaxel,5.0,20698,0.8324,0.7925,0.0397,0.833,94,True
ACH-000932,Elagolix sodium,5.0,19369,0.865,0.7349,0.0843,0.7942,110,True
ACH-000932,Flumatinib (mesylate),0.05,19531,0.6932,0.8419,0.0473,0.3646,256,True
ACH-000932,Flumatinib (mesylate),0.5,22085,0.82,0.7619,0.0564,0.4896,652,True
ACH-000932,Flumatinib (mesylate),5.0,19396,0.742,0.877,0.0033,-0.2172,203,True
ACH-000932,Fluvoxamine (maleate),5.0,19645,0.869,0.7347,0.0654,,26,True
ACH-000932,Folic acid,5.0,19771,0.8712,0.6678,0.0305,0.4905,50,True
ACH-000932,Fumaric acid,0.05,19915,0.7406,0.8688,0.0152,0.1119,304,True
ACH-000932,Fumaric acid,0.5,22433,0.8252,0.7414,0.0162,0.1848,221,True
ACH-000932,Fumaric acid,5.0,20529,0.8223,0.8596,-0.0605,-0.159,539,True
ACH-000932,Furosemide,5.0,19942,0.84,0.728,0.0363,,12,True
ACH-000932,Fusidic acid,5.0,19759,0.8756,0.7029,0.0529,,23,True
ACH-000932,Gallic acid,5.0,19561,0.8632,0.6676,0.0387,0.7196,117,True
ACH-000932,Gallic acid (hydrate),5.0,19543,0.9013,0.7645,0.1049,0.7168,76,True
ACH-000932,Gemfibrozil,5.0,19698,0.8915,0.7811,0.0615,0.7987,56,True
ACH-000932,Goserelin (acetate),5.0,19914,0.8816,0.6841,0.0712,,46,True
ACH-000932,Hexylresorcinol,5.0,20444,0.8962,0.7189,0.0794,,47,True
ACH-000932,Homoharringtonine,5.0,18610,1.3238,1.5345,0.5887,0.8233,2310,True
ACH-000932,Hydroxyfasudil,0.05,20227,1.7666,0.6992,-0.0071,0.0453,339,True
ACH-000932,Idarubicin (hydrochloride),5.0,19106,1.485,1.6342,0.6039,0.7508,1637,True
ACH-000932,Irinotecan (hydrochloride),0.05,19246,0.8116,0.8341,0.0284,0.0652,863,True
ACH-000932,Irinotecan (hydrochloride),0.5,21773,0.8696,0.697,-0.0108,-0.284,849,True
ACH-000932,Irinotecan (hydrochloride),5.0,19589,1.0003,0.8286,-0.0091,-0.1402,995,True
ACH-000932,Isocorydine,5.0,19757,0.8855,0.6797,0.0326,0.6805,79,True
ACH-000932,L-Thyroxine (sodium salt pentahydrate),5.0,18258,2.027,0.6541,0.0551,0.2347,154,True
ACH-000932,Larotrectinib,5.0,19826,0.9034,0.8566,0.1194,,34,True
ACH-000932,Lenalidomide (hemihydrate),5.0,19117,0.8676,0.7685,0.0838,,34,True
ACH-000932,Lidocaine (hydrochloride),5.0,19318,0.8752,0.9693,0.0786,0.6507,129,True
ACH-000932,Lipoic acid,5.0,20020,0.8762,0.6976,0.0476,,35,True
ACH-000932,Lumateperone (tosylate),5.0,19873,0.8717,0.6916,0.0578,,27,True
ACH-000932,Malotilate,0.05,20902,0.8727,0.8041,0.1021,0.1205,1536,True
ACH-000932,Medroxyprogesterone acetate,5.0,19055,0.8829,0.7438,0.089,0.4656,73,True
ACH-000932,Megestrol,5.0,20276,0.8506,0.7513,0.0664,,33,True
ACH-000932,Mitoxantrone (dihydrochloride),5.0,19772,0.8647,1.7152,0.0424,0.3567,52,True
ACH-000932,Naproxen,0.05,18977,0.6882,0.8718,0.0401,0.0195,101,True
ACH-000932,Naproxen,0.5,22338,0.7961,0.7066,-0.0121,-0.212,192,True
ACH-000932,Naproxen,5.0,19589,0.7219,0.8363,0.0153,-0.3829,133,True
ACH-000932,Neratinib (maleate),5.0,19304,0.8938,0.7599,0.0935,0.6643,104,True
ACH-000932,Norepinephrine (hydrochloride),5.0,19351,0.8689,0.7824,0.0699,0.6833,56,True
ACH-000932,Olanzapine,5.0,19728,0.8709,0.7527,0.081,,34,True
ACH-000932,Palmatine (chloride),5.0,19606,0.8675,0.729,0.0581,,29,True
ACH-000932,Pasireotide (acetate),5.0,20236,0.9296,0.6969,0.1018,0.68,102,True
ACH-000932,Pentagastrin,5.0,20283,0.8933,0.6715,0.0296,,34,True
ACH-000932,Pentamidine (isethionate),0.5,20283,0.8228,0.8109,0.0556,0.0329,233,True
ACH-000932,Pentamidine (isethionate),5.0,19832,0.8913,0.8177,0.0984,0.8464,155,True
ACH-000932,Pralsetinib,0.05,21000,0.8923,0.7324,0.0194,0.1005,441,True
ACH-000932,Pravastatin (sodium),0.05,19049,0.7246,0.8402,0.0319,0.2184,260,True
ACH-000932,Pravastatin (sodium),0.5,21786,0.7949,0.6958,0.0019,0.0404,264,True
ACH-000932,Pravastatin (sodium),5.0,20095,0.8646,0.831,-0.0655,-0.3827,632,True
ACH-000932,Pyridoxine,5.0,19447,0.8853,0.7577,0.0519,0.6083,52,True
ACH-000932,Pyridoxine (hydrochloride),5.0,20098,0.8921,0.6744,0.0429,,27,True
ACH-000932,Quinestrol,5.0,20061,0.8563,0.7443,0.0568,,23,True
ACH-000932,Radotinib,5.0,19043,0.9268,0.8355,0.1703,0.6158,242,True
ACH-000932,Ralimetinib dimesylate,0.05,19836,2.854,0.7228,0.0067,0.0568,51,True
ACH-000932,Raltitrexed,5.0,20180,0.8889,0.6742,0.0513,0.7949,68,True
ACH-000932,Rapamycin,5.0,20081,0.8924,0.7909,0.0827,0.7588,87,True
ACH-000932,Regorafenib,0.05,20881,0.8554,0.7141,0.0096,0.1758,163,True
ACH-000932,Regorafenib,0.5,21447,0.7831,0.7512,0.0334,0.0409,217,True
ACH-000932,Regorafenib,5.0,17592,0.6274,1.0411,0.0007,-0.1638,161,True
ACH-000932,Relugolix,5.0,19936,0.887,0.6664,0.0387,,21,True
ACH-000932,Resveratrol,5.0,19150,0.9057,0.7099,0.0739,0.6689,165,True
ACH-000932,Retinoic acid,5.0,20059,0.8809,0.7062,0.0583,,45,True
ACH-000932,Riluzole hydrochloride,5.0,20141,0.8851,0.7676,0.0786,0.8878,90,True
ACH-000932,Rimonabant,5.0,19784,0.8811,0.7159,0.0756,,33,True
ACH-000932,Ritonavir,5.0,19367,0.8647,0.8117,0.0869,,39,True
ACH-000932,Ropivacaine (hydrochloride monohydrate),5.0,19342,0.8671,0.7217,0.0806,0.8615,105,True
ACH-000932,S-Adenosyl-L-methionine (disulfate tosylate),5.0,19416,0.8611,0.7422,0.0661,0.8252,65,True
ACH-000932,Salicylic acid,5.0,19978,0.8535,0.7831,0.0501,,25,True
ACH-000932,Saquinavir,5.0,18803,0.9041,0.8559,0.1745,0.4189,118,True
ACH-000932,Selinexor ,5.0,18580,1.1483,0.955,0.3295,0.6966,607,True
ACH-000932,Sinomenine,5.0,19471,0.8794,0.6977,0.0681,,44,True
ACH-000932,Sodium Salicylate,5.0,20381,0.8853,0.8003,0.0726,0.8367,79,True
ACH-000932,Sonidegib,0.05,20269,2.4859,0.6725,-0.0072,-0.1503,187,True
ACH-000932,Sulfisoxazole,0.5,20152,0.8511,0.8675,0.1322,0.184,784,True
ACH-000932,Sulfisoxazole,5.0,19551,0.8941,0.7869,0.1224,,34,True
ACH-000932,Temsirolimus,5.0,19465,0.8759,0.7827,0.0851,,42,True
ACH-000932,Terfenadine,0.5,19658,0.8708,0.8386,0.1334,-0.0911,445,True
ACH-000932,Terfenadine,5.0,19210,0.9105,0.7714,0.1141,0.7022,250,True
ACH-000932,Thymol,5.0,19338,0.8669,0.7568,0.0561,,26,True
ACH-000932,Tofacitinib,5.0,19493,0.8918,0.7912,0.133,0.6308,85,True
ACH-000932,Tofacitinib (citrate),5.0,19729,0.8677,0.7833,0.0782,,47,True
ACH-000932,Tolcapone,5.0,19587,0.872,0.7309,0.0826,,46,True
ACH-000932,Topotecan (hydrochloride),0.05,19078,0.703,0.8633,-0.0007,0.0389,249,True
ACH-000932,Topotecan (hydrochloride),0.5,22550,0.785,0.7923,0.0085,-0.3512,200,True
ACH-000932,Topotecan (hydrochloride),5.0,19078,0.7184,1.2548,-0.0067,-0.0019,300,True
ACH-000932,Trametinib,0.05,20437,0.8813,0.7784,0.1302,0.3264,555,True
ACH-000932,Trametinib,0.5,20382,0.8395,0.9335,0.1729,0.5598,574,True
ACH-000932,Trametinib,5.0,17718,0.6244,1.1002,0.0689,0.354,2270,True
ACH-000932,Triamcinolone,5.0,19456,0.8839,0.7697,0.0871,0.6192,71,True
ACH-000932,Triclosan,5.0,20133,0.8657,0.7835,0.0656,,35,True
ACH-000932,Trifluridine,5.0,19372,0.8758,0.76,0.0669,0.7032,71,True
ACH-000932,Trimetrexate,5.0,19243,0.8926,0.8366,0.1348,0.6441,78,True
ACH-000932,Tucidinostat,5.0,20211,0.9033,0.9749,0.1643,0.7383,118,True
ACH-000932,Vilanterol,5.0,19332,0.8648,0.778,0.0797,,12,True
ACH-000932,Vinblastine (sulfate),5.0,19399,0.8904,0.8433,0.125,0.6924,176,True
ACH-000940,(R)-Verapamil (hydrochloride),5.0,18854,0.889,0.73,0.02,,4,True
ACH-000940,18β-Glycyrrhetinic acid,5.0,18110,0.9075,0.7694,0.0669,,17,True
ACH-000940,8-Hydroxyquinoline,5.0,18502,0.9206,0.6881,0.069,,16,True
ACH-000940,Acetohexamide,5.0,18551,0.912,0.7764,0.0453,,5,True
ACH-000940,Adagrasib,0.05,26567,0.5055,0.5878,0.1023,0.8593,227,True
ACH-000940,Adenine,5.0,18634,0.9161,0.6397,0.0469,,7,True
ACH-000940,Adenosine,5.0,19071,0.875,0.7725,0.0329,,11,True
ACH-000940,Afatinib,0.05,17844,0.735,0.8993,0.0822,0.309,105,False
ACH-000940,Afatinib,0.5,21001,0.7141,0.762,0.0359,,47,False
ACH-000940,Afatinib,5.0,18017,0.744,1.0177,-0.0305,,38,False
ACH-000940,Aliskiren,5.0,18785,0.9021,0.7162,0.0247,,5,True
ACH-000940,Allantoin,5.0,18185,0.9303,0.7593,0.083,0.7102,51,True
ACH-000940,Almonertinib (hydrochloride),5.0,18208,0.9338,0.7228,0.0583,,25,True
ACH-000940,Almonertinib (mesylate),0.05,15763,0.8108,0.9299,0.0308,,16,True
ACH-000940,Almonertinib (mesylate),0.5,17957,0.8757,0.7301,-0.0183,,6,True
ACH-000940,Almonertinib (mesylate),5.0,16024,1.1637,0.8629,-0.0602,-0.1762,395,True
ACH-000940,Amsacrine,5.0,19451,0.9103,0.7759,0.0815,0.7143,58,True
ACH-000940,Anethole trithione,5.0,18730,0.9272,0.7032,0.0434,,19,True
ACH-000940,Artesunate,5.0,18110,0.9413,0.7624,0.1262,0.7418,99,True
ACH-000940,Azithromycin (hydrate),5.0,18592,0.9289,0.7345,0.0583,,11,True
ACH-000940,Baicalin,5.0,19045,0.9065,0.6995,0.0628,,16,True
ACH-000940,Balsalazide (sodium hydrate),5.0,19118,0.9135,0.689,0.0128,,8,True
ACH-000940,Belumosudil,0.05,16326,0.7911,0.9437,0.0137,,6,True
ACH-000940,Belumosudil,0.5,18087,0.868,0.7625,0.0235,,15,True
ACH-000940,Belumosudil,5.0,15599,0.9256,0.9764,0.023,-0.0843,150,True
ACH-000940,Berbamine,0.5,18021,0.8692,0.7865,-0.0279,,32,True
ACH-000940,Berbamine,5.0,18370,0.9155,0.6647,0.0226,,7,True
ACH-000940,Berbamine (dihydrochloride),0.05,15952,0.8004,0.9443,0.0036,,16,True
ACH-000940,Berbamine (dihydrochloride),0.5,18045,0.8988,0.7376,0.0138,,25,True
ACH-000940,Berbamine (dihydrochloride),5.0,15999,0.9972,0.8927,0.0036,0.0,167,True
ACH-000940,Berberine (chloride hydrate),5.0,18790,0.9353,0.676,0.0451,,10,True
ACH-000940,Bergenin,5.0,18419,0.9194,0.6931,0.0276,,8,True
ACH-000940,Bimatoprost,5.0,19428,0.8816,0.7878,0.0645,,6,True
ACH-000940,Binimetinib,0.05,18298,0.8402,0.8248,0.0534,0.2524,162,True
ACH-000940,Binimetinib,0.5,18175,0.9008,0.8443,0.0307,,5,True
ACH-000940,Binimetinib,5.0,16334,0.6865,1.068,0.0448,0.4681,182,True
ACH-000940,Busulfan,5.0,18004,0.9784,0.7345,0.1076,0.4851,159,True
ACH-000940,Captopril,0.05,16634,0.8525,0.9287,0.0692,0.0267,59,True
ACH-000940,Cepharanthine,5.0,18420,0.8931,0.8556,0.0469,,6,True
ACH-000940,Chlorhexidine (diacetate),0.5,18367,0.8793,0.7684,-0.0054,-0.371,53,True
ACH-000940,Chlorhexidine (diacetate),5.0,18319,0.9446,0.7529,0.0763,0.7135,54,True
ACH-000940,Ciclopirox,5.0,17965,0.9298,0.7565,0.073,,13,True
ACH-000940,Clonidine (hydrochloride),5.0,19104,0.9266,0.6502,0.042,,12,True
ACH-000940,Clotrimazole,5.0,19111,0.888,0.7495,0.0419,,20,True
ACH-000940,Cloxacillin (sodium),5.0,18623,0.9212,0.6559,0.0196,,3,True
ACH-000940,Cysteamine (hydrochloride),5.0,18440,0.9156,0.6578,0.0208,,5,True
ACH-000940,Cytarabine,0.05,16647,0.8353,0.9567,0.0328,,34,True
ACH-000940,Cytarabine,0.5,17702,0.8751,0.726,0.0123,,15,True
ACH-000940,Cytarabine,5.0,16241,0.812,0.9851,-0.0036,,2,True
ACH-000940,DTP3,0.05,17549,2.1908,0.8458,0.0253,,15,True
ACH-000940,Daidzin,0.05,16121,0.8405,0.914,0.0168,,24,True
ACH-000940,Daidzin,0.5,17881,0.8956,0.7065,0.0248,,33,True
ACH-000940,Daidzin,5.0,16215,0.9959,0.8745,-0.048,-0.0414,156,True
ACH-000940,Darinaparsin,5.0,18703,0.9089,0.7693,0.043,,23,True
ACH-000940,Demeclocycline,5.0,18792,0.8944,0.7488,0.0311,,7,True
ACH-000940,Diammonium Glycyrrhizinate,5.0,18231,0.9156,0.7076,0.0592,,24,True
ACH-000940,Docetaxel,5.0,19749,0.853,0.7737,0.0203,0.7351,98,True
ACH-000940,Elagolix sodium,5.0,18349,0.9162,0.7179,0.064,,19,True
ACH-000940,Flumatinib (mesylate),0.05,15976,0.7953,0.9462,0.0223,,17,True
ACH-000940,Flumatinib (mesylate),0.5,17623,0.8622,0.816,0.0478,,12,True
ACH-000940,Flumatinib (mesylate),5.0,15663,0.8406,0.9585,-0.0327,,29,True
ACH-000940,Fluvoxamine (maleate),5.0,18243,0.8937,0.7284,0.0545,,2,True
ACH-000940,Folic acid,5.0,18487,0.8998,0.6453,0.0351,,7,True
ACH-000940,Fumaric acid,0.05,16141,0.8444,0.9525,0.0445,,31,True
ACH-000940,Fumaric acid,0.5,17767,0.8909,0.7701,-0.0116,,10,True
ACH-000940,Fumaric acid,5.0,16186,0.8891,0.9449,-0.0651,,46,True
ACH-000940,Furosemide,5.0,19035,0.8641,0.7202,0.0193,,8,True
ACH-000940,Fusidic acid,5.0,18737,0.9196,0.6719,0.0466,,3,True
ACH-000940,Gallic acid,5.0,18549,0.9162,0.6442,0.0382,,11,True
ACH-000940,Gallic acid (hydrate),5.0,18476,0.9101,0.7702,0.0614,,26,True
ACH-000940,Gemfibrozil,5.0,18493,0.9369,0.7518,0.0715,,30,True
ACH-000940,Goserelin (acetate),5.0,19142,0.9035,0.6718,0.0244,,3,True
ACH-000940,Hexylresorcinol,5.0,19747,0.8849,0.7131,0.0509,,27,True
ACH-000940,Homoharringtonine,5.0,17147,1.5606,1.7787,0.6853,0.8123,1021,True
ACH-000940,Hydroxyfasudil,0.05,17433,1.8566,0.8269,0.0311,0.1313,61,True
ACH-000940,Idarubicin (hydrochloride),5.0,19592,1.3627,1.4436,0.5223,0.829,1973,True
ACH-000940,Irinotecan (hydrochloride),0.05,15586,0.9996,0.9165,0.0275,-0.058,492,True
ACH-000940,Irinotecan (hydrochloride),0.5,17421,1.0031,0.7485,-0.0432,-0.2762,313,True
ACH-000940,Irinotecan (hydrochloride),5.0,15725,1.2861,0.9188,-0.084,-0.1653,490,True
ACH-000940,Isocorydine,5.0,18351,0.9082,0.665,0.0402,,10,True
ACH-000940,L-Thyroxine (sodium salt pentahydrate),5.0,17090,1.7824,0.6426,0.0645,0.1992,99,True
ACH-000940,Larotrectinib,5.0,19043,0.9022,0.8032,0.0845,,15,True
ACH-000940,Lenalidomide (hemihydrate),5.0,18157,0.9153,0.7416,0.0728,,15,True
ACH-000940,Lidocaine (hydrochloride),5.0,17904,0.915,0.9523,0.088,0.4671,57,True
ACH-000940,Lipoic acid,5.0,19357,0.8821,0.6868,0.0164,,9,True
ACH-000940,Lumateperone (tosylate),5.0,18890,0.9072,0.6682,0.0354,,11,True
ACH-000940,Malotilate,0.05,16488,0.996,0.8887,0.1265,0.1167,748,True
ACH-000940,Medroxyprogesterone acetate,5.0,17975,0.9076,0.7043,0.0591,,19,True
ACH-000940,Megestrol,5.0,19123,0.8907,0.7302,0.0325,,4,True
ACH-000940,Mitoxantrone (dihydrochloride),5.0,19306,0.9038,1.2448,0.0638,,32,True
ACH-000940,Naproxen,0.05,15493,0.7995,0.9943,0.0623,,7,True
ACH-000940,Naproxen,0.5,17801,0.8689,0.7574,-0.0063,,2,True
ACH-000940,Naproxen,5.0,15564,0.8151,0.9597,0.0327,,4,True
ACH-000940,Neratinib (maleate),5.0,18337,0.9237,0.7032,0.0547,,34,True
ACH-000940,Norepinephrine (hydrochloride),5.0,18411,0.9092,0.7852,0.0677,,4,True
ACH-000940,Olanzapine,5.0,18826,0.9064,0.7349,0.0411,,22,True
ACH-000940,Palmatine (chloride),5.0,18399,0.9015,0.7131,0.0455,,11,True
ACH-000940,Pasireotide (acetate),5.0,19067,0.9553,0.6854,0.0482,,16,True
ACH-000940,Pentagastrin,5.0,18917,0.9224,0.651,0.0071,,3,True
ACH-000940,Pentamidine (isethionate),0.5,17407,0.9484,0.7463,0.0623,0.1849,52,True
ACH-000940,Pentamidine (isethionate),5.0,18657,0.917,0.8047,0.0721,0.8661,61,True
ACH-000940,Pralsetinib,0.05,18073,0.8331,0.8834,0.0335,0.2805,206,True
ACH-000940,Pravastatin (sodium),0.05,15404,0.8389,0.9648,0.0586,,33,True
ACH-000940,Pravastatin (sodium),0.5,17445,0.8916,0.7438,-0.0138,-0.0609,60,True
ACH-000940,Pravastatin (sodium),5.0,15953,0.9804,0.893,-0.0524,-0.1947,249,True
ACH-000940,Pyridoxine,5.0,18236,0.9179,0.7638,0.0515,,16,True
ACH-000940,Pyridoxine (hydrochloride),5.0,19208,0.9227,0.6644,0.0541,,1,True
ACH-000940,Quinestrol,5.0,19056,0.8864,0.7175,0.0353,,5,True
ACH-000940,Radotinib,5.0,18285,0.9225,0.728,0.0798,,40,True
ACH-000940,Raltitrexed,5.0,18816,0.9331,0.6525,0.0538,,24,True
ACH-000940,Rapamycin,5.0,18926,0.9171,0.7583,0.0643,,39,True
ACH-000940,Regorafenib,0.05,17960,0.8922,0.8386,0.0341,0.192,197,True
ACH-000940,Regorafenib,0.5,18090,0.9097,0.6788,0.0273,,11,True
ACH-000940,Regorafenib,5.0,16083,0.7928,1.0333,-0.0201,,6,True
ACH-000940,Relugolix,5.0,18862,0.9176,0.6392,0.0008,,5,True
ACH-000940,Resveratrol,5.0,18176,0.9233,0.7053,0.0587,,33,True
ACH-000940,Retinoic acid,5.0,18783,0.9176,0.7022,0.0642,,13,True
ACH-000940,Riluzole hydrochloride,5.0,18621,0.948,0.7171,0.073,,17,True
ACH-000940,Rimonabant,5.0,19011,0.8972,0.7079,0.0485,,11,True
ACH-000940,Ritonavir,5.0,18593,0.9191,0.7719,0.0556,,6,True
ACH-000940,Ropivacaine (hydrochloride monohydrate),5.0,18186,0.908,0.7308,0.0792,,14,True
ACH-000940,S-Adenosyl-L-methionine (disulfate tosylate),5.0,18282,0.9096,0.7636,0.0665,,17,True
ACH-000940,Salicylic acid,5.0,19027,0.8962,0.7576,0.0598,,13,True
ACH-000940,Saquinavir,5.0,17602,0.9344,0.7792,0.0986,,47,True
ACH-000940,Selinexor ,5.0,17578,1.0157,0.7483,0.1527,0.6412,132,True
ACH-000940,Sinomenine,5.0,18582,0.9136,0.6967,0.0436,,9,True
ACH-000940,Sodium Salicylate,5.0,19281,0.8809,0.7955,0.0785,,36,True
ACH-000940,Sonidegib,0.05,17539,1.9497,0.822,0.0149,-0.1422,140,True
ACH-000940,Sulfisoxazole,0.5,17573,1.0166,0.7533,0.1068,0.3818,428,True
ACH-000940,Sulfisoxazole,5.0,18547,0.9232,0.7569,0.0824,,6,True
ACH-000940,Temsirolimus,5.0,18470,0.9102,0.7778,0.0662,,8,True
ACH-000940,Terfenadine,0.5,16772,0.9436,0.8526,0.148,0.0142,66,True
ACH-000940,Terfenadine,5.0,18164,0.9134,0.7804,0.0475,,15,True
ACH-000940,Thymol,5.0,18190,0.9317,0.7297,0.034,,26,True
ACH-000940,Tofacitinib,5.0,18601,0.9343,0.7691,0.1092,,8,True
ACH-000940,Tofacitinib (citrate),5.0,18784,0.9166,0.7437,0.0549,,13,True
ACH-000940,Tolcapone,5.0,18664,0.904,0.7425,0.046,,12,True
ACH-000940,Topotecan (hydrochloride),0.05,15615,0.7843,0.9531,0.0166,,14,True
ACH-000940,Topotecan (hydrochloride),0.5,18141,0.8585,0.8166,-0.0227,,5,True
ACH-000940,Topotecan (hydrochloride),5.0,15413,0.7867,1.0506,0.0112,,5,True
ACH-000940,Trametinib,0.05,17867,0.881,0.8406,0.0534,0.1146,282,True
ACH-000940,Trametinib,0.5,17703,0.9368,0.8793,0.1356,0.6248,99,True
ACH-000940,Trametinib,5.0,16889,0.7456,1.0882,0.0207,0.3537,375,True
ACH-000940,Triamcinolone,5.0,18658,0.9366,0.7421,0.0643,,20,True
ACH-000940,Triclosan,5.0,19115,0.9014,0.7389,0.0469,,16,True
ACH-000940,Trifluridine,5.0,18202,0.9286,0.7074,0.064,,24,True
ACH-000940,Trimetrexate,5.0,18174,0.9563,0.7917,0.1193,0.3536,77,True
ACH-000940,Tucidinostat,5.0,19267,0.9345,0.9551,0.1681,,22,True
ACH-000940,Vilanterol,5.0,18385,0.9153,0.7692,0.0519,,15,True
ACH-000940,Vinblastine (sulfate),5.0,18223,0.9427,0.8088,0.0973,,36,True
ACH-000940,olaparib,0.05,17400,1.9838,0.8586,0.1013,0.0025,117,True
ACH-000943,(R)-Verapamil (hydrochloride),5.0,23284,0.7908,0.7001,0.061,0.6801,309,True
ACH-000943,18β-Glycyrrhetinic acid,5.0,22500,0.7907,0.7595,0.0921,0.5632,368,True
ACH-000943,8-Hydroxyquinoline,5.0,23072,0.8115,0.6839,0.0977,0.6986,308,True
ACH-000943,Abemaciclib,0.05,21742,3.1271,0.7715,0.0091,0.0008,6287,True
ACH-000943,Acetohexamide,5.0,22970,0.7954,0.7285,0.0711,0.662,282,True
ACH-000943,Adagrasib,0.05,31875,0.4622,0.5434,0.1075,0.7312,2472,True
ACH-000943,Adenine,5.0,22895,0.7937,0.6576,0.0677,0.6538,442,True
ACH-000943,Adenosine,5.0,23404,0.8001,0.7444,0.0615,0.6746,527,True
ACH-000943,Afatinib,0.05,22367,0.6338,0.7919,0.0325,-0.0119,915,False
ACH-000943,Afatinib,0.5,25720,0.6391,0.7097,0.0308,0.0203,597,False
ACH-000943,Afatinib,5.0,22305,0.6497,0.9118,-0.002,0.289,390,False
ACH-000943,Aliskiren,5.0,23053,0.7996,0.679,0.0688,0.6169,330,True
ACH-000943,Allantoin,5.0,22615,0.8233,0.7115,0.095,0.6181,899,True
ACH-000943,Almonertinib (hydrochloride),5.0,22541,0.806,0.7014,0.0922,0.5045,580,True
ACH-000943,Almonertinib (mesylate),0.05,19655,0.709,0.8164,0.0073,0.0069,143,True
ACH-000943,Almonertinib (mesylate),0.5,22780,0.7893,0.6797,-0.0019,0.2082,272,True
ACH-000943,Almonertinib (mesylate),5.0,20199,0.8947,0.7364,-0.0346,-0.162,516,True
ACH-000943,Amsacrine,5.0,23293,0.8391,0.7813,0.1186,0.7101,789,True
ACH-000943,Anethole trithione,5.0,23185,0.8199,0.6901,0.0882,0.7336,576,True
ACH-000943,Artesunate,5.0,22804,0.8253,0.7308,0.1383,0.7824,1016,True
ACH-000943,Azithromycin (hydrate),5.0,22969,0.8133,0.7231,0.0911,0.6222,438,True
ACH-000943,Baicalin,5.0,23519,0.8322,0.6824,0.1156,0.7164,450,True
ACH-000943,Balsalazide (sodium hydrate),5.0,23766,0.7992,0.6823,0.0665,0.7732,194,True
ACH-000943,Belumosudil,0.05,20202,0.6959,0.8096,0.0232,0.2774,184,True
ACH-000943,Belumosudil,0.5,22462,0.7713,0.727,0.0338,0.4114,184,True
ACH-000943,Belumosudil,5.0,19463,0.7779,0.8588,0.0544,-0.0709,559,True
ACH-000943,Berbamine,0.5,22589,0.7922,0.7153,-0.0457,-0.4185,860,True
ACH-000943,Berbamine,5.0,22673,0.7896,0.6666,0.0685,0.5728,195,True
ACH-000943,Berbamine (dihydrochloride),0.05,19994,0.7001,0.814,0.0237,0.5421,250,True
ACH-000943,Berbamine (dihydrochloride),0.5,22205,0.8029,0.6751,0.0165,0.1369,249,True
ACH-000943,Berbamine (dihydrochloride),5.0,20153,0.8371,0.7617,-0.0007,0.0236,482,True
ACH-000943,Berberine (chloride hydrate),5.0,23412,0.8206,0.6755,0.0549,0.6132,327,True
ACH-000943,Bergenin,5.0,22901,0.8066,0.6771,0.059,0.5834,463,True
ACH-000943,Bimatoprost,5.0,23496,0.8096,0.7471,0.087,0.5772,324,True
ACH-000943,Binimetinib,0.05,23132,0.7787,0.754,0.1009,0.4997,1365,True
ACH-000943,Binimetinib,0.5,23250,0.8139,0.8123,0.1252,0.5603,1454,True
ACH-000943,Binimetinib,5.0,20137,0.6817,0.9136,0.1053,0.5219,2681,True
ACH-000943,Busulfan,5.0,22474,0.811,0.7078,0.1159,0.6452,422,True
ACH-000943,Captopril,0.05,20784,0.7461,0.8066,0.0614,-0.013,749,True
ACH-000943,Cepharanthine,5.0,22690,0.8037,0.8091,0.0959,0.6996,540,True
ACH-000943,Chlorhexidine (diacetate),0.5,22427,0.802,0.7106,-0.0013,0.0097,742,True
ACH-000943,Chlorhexidine (diacetate),5.0,23197,0.7957,0.6796,0.0604,0.7404,175,True
ACH-000943,Ciclopirox,5.0,22357,0.7982,0.752,0.1103,0.5646,400,True
ACH-000943,Clonidine (hydrochloride),5.0,23802,0.8093,0.6662,0.0665,0.818,344,True
ACH-000943,Clotrimazole,5.0,23541,0.8193,0.7196,0.0751,0.6734,454,True
ACH-000943,Cloxacillin (sodium),5.0,23323,0.7958,0.6596,0.0519,0.6426,245,True
ACH-000943,Cysteamine (hydrochloride),5.0,22755,0.7887,0.6593,0.0647,0.6745,278,True
ACH-000943,Cytarabine,0.05,20782,0.7397,0.8217,0.057,0.2805,428,True
ACH-000943,Cytarabine,0.5,22201,0.7944,0.7032,-0.003,-0.062,247,True
ACH-000943,Cytarabine,5.0,20739,0.7154,0.8616,0.005,0.1534,169,True
ACH-000943,DTP3,0.05,22172,2.9648,0.7913,-0.018,-0.0115,3896,True
ACH-000943,Daidzin,0.05,20033,0.7253,0.8182,-0.0035,-0.1368,308,True
ACH-000943,Daidzin,0.5,21997,0.7954,0.6521,0.0087,0.0269,332,True
ACH-000943,Daidzin,5.0,20304,0.8978,0.7456,0.0263,0.0617,425,True
ACH-000943,Darinaparsin,5.0,22937,0.8025,0.7981,0.0659,0.6323,535,True
ACH-000943,Demeclocycline,5.0,23098,0.801,0.715,0.0461,0.522,334,True
ACH-000943,Diammonium Glycyrrhizinate,5.0,22931,0.7916,0.6973,0.0692,0.803,185,True
ACH-000943,Docetaxel,5.0,23679,0.8063,0.8145,0.1026,0.6703,444,True
ACH-000943,Elagolix sodium,5.0,22798,0.8071,0.7013,0.1173,0.5981,665,True
ACH-000943,Flumatinib (mesylate),0.05,19700,0.6848,0.8111,0.0216,0.2727,243,True
ACH-000943,Flumatinib (mesylate),0.5,22054,0.7689,0.7256,0.0318,0.5757,200,True
ACH-000943,Flumatinib (mesylate),5.0,19932,0.7309,0.8118,0.0276,0.061,212,True
ACH-000943,Fluvoxamine (maleate),5.0,22876,0.787,0.7065,0.0813,0.644,254,True
ACH-000943,Folic acid,5.0,22957,0.8025,0.6391,0.05,0.6014,242,True
ACH-000943,Fumaric acid,0.05,20068,0.7338,0.8344,0.0012,0.1798,356,True
ACH-000943,Fumaric acid,0.5,22467,0.8106,0.7191,0.0073,0.2491,369,True
ACH-000943,Fumaric acid,5.0,20660,0.8053,0.8171,-0.0698,-0.3589,546,True
ACH-000943,Furosemide,5.0,23317,0.7726,0.6877,0.046,0.6067,272,True
ACH-000943,Fusidic acid,5.0,23199,0.8011,0.6653,0.06,0.7728,236,True
ACH-000943,Gallic acid,5.0,23066,0.7956,0.6611,0.0668,0.7577,268,True
ACH-000943,Gallic acid (hydrate),5.0,22811,0.8195,0.7248,0.1112,0.6109,544,True
ACH-000943,Gemfibrozil,5.0,22963,0.818,0.7079,0.0754,0.5395,531,True
ACH-000943,Goserelin (acetate),5.0,23648,0.8181,0.6756,0.0756,0.7227,398,True
ACH-000943,Hexylresorcinol,5.0,24142,0.82,0.7075,0.0861,0.6929,484,True
ACH-000943,Homoharringtonine,5.0,21734,1.299,1.7601,0.5912,0.8127,4208,True
ACH-000943,Hydroxyfasudil,0.05,22017,1.8763,0.7629,-0.0169,-0.0136,342,True
ACH-000943,Idarubicin (hydrochloride),5.0,23511,1.5348,1.7425,0.6628,0.8441,5799,True
ACH-000943,Irinotecan (hydrochloride),0.05,19320,0.7634,0.7963,0.0097,0.1028,979,True
ACH-000943,Irinotecan (hydrochloride),0.5,21927,0.845,0.6818,-0.0206,-0.2458,1249,True
ACH-000943,Irinotecan (hydrochloride),5.0,20026,0.9108,0.784,-0.0045,0.0066,1906,True
ACH-000943,Isocorydine,5.0,23043,0.7954,0.6666,0.0628,0.6627,347,True
ACH-000943,L-Thyroxine (sodium salt pentahydrate),5.0,21631,2.5327,0.6279,0.0469,0.1375,205,True
ACH-000943,Larotrectinib,5.0,23202,0.8254,0.7947,0.1194,0.6596,403,True
ACH-000943,Lenalidomide (hemihydrate),5.0,22501,0.784,0.6943,0.0972,0.6359,309,True
ACH-000943,Lidocaine (hydrochloride),5.0,22354,0.8048,0.8559,0.1056,0.5681,915,True
ACH-000943,Lipoic acid,5.0,23452,0.8065,0.6747,0.0534,0.6928,350,True
ACH-000943,Lumateperone (tosylate),5.0,23168,0.7977,0.6676,0.066,0.4124,211,True
ACH-000943,Malotilate,0.05,21006,0.8127,0.7753,0.0727,0.0019,2289,True
ACH-000943,Medroxyprogesterone acetate,5.0,22326,0.7987,0.6936,0.1008,0.6385,398,True
ACH-000943,Megestrol,5.0,23613,0.8013,0.6965,0.0579,0.5079,411,True
ACH-000943,Methylprednisolone succinate,0.05,21627,3.4721,0.7731,-0.0219,0.0127,7740,True
ACH-000943,Mitoxantrone (dihydrochloride),5.0,23305,0.8066,1.1532,0.0407,0.305,376,True
ACH-000943,Naproxen,0.05,19034,0.6715,0.8188,0.0124,-0.0739,119,True
ACH-000943,Naproxen,0.5,22144,0.7782,0.6995,-0.0058,-0.151,190,True
ACH-000943,Naproxen,5.0,19835,0.7239,0.7792,-0.01,-0.4702,168,True
ACH-000943,Neratinib (maleate),5.0,22779,0.8028,0.7216,0.0856,0.707,528,True
ACH-000943,Norepinephrine (hydrochloride),5.0,22656,0.8018,0.7465,0.0786,0.6473,350,True
ACH-000943,Olanzapine,5.0,23216,0.8133,0.7137,0.0854,0.7565,396,True
ACH-000943,PF-06260933,0.05,21707,2.9357,0.7536,-0.0313,0.0031,4355,True
ACH-000943,Palmatine (chloride),5.0,22794,0.7789,0.7057,0.0597,0.668,199,True
ACH-000943,Pasireotide (acetate),5.0,23360,0.8457,0.6775,0.0966,0.6372,738,True
ACH-000943,Pentagastrin,5.0,23613,0.8074,0.6562,0.054,0.7323,245,True
ACH-000943,Pentamidine (isethionate),0.5,21402,0.8284,0.694,0.0353,0.0458,336,True
ACH-000943,Pentamidine (isethionate),5.0,23440,0.798,0.7376,0.0711,0.6932,307,True
ACH-000943,Pralsetinib,0.05,22589,0.7571,0.7925,0.0285,0.0747,1546,True
ACH-000943,Pravastatin (sodium),0.05,19056,0.7103,0.7924,0.0201,0.239,360,True
ACH-000943,Pravastatin (sodium),0.5,21607,0.7828,0.6844,-0.0006,-0.2806,395,True
ACH-000943,Pravastatin (sodium),5.0,20248,0.8434,0.7726,-0.0595,-0.2802,773,True
ACH-000943,Pyridoxine,5.0,22616,0.7992,0.7282,0.0732,0.6078,353,True
ACH-000943,Pyridoxine (hydrochloride),5.0,23228,0.8092,0.6545,0.0817,0.6284,349,True
ACH-000943,Quinestrol,5.0,23271,0.8124,0.7111,0.0799,0.7254,400,True
ACH-000943,Radotinib,5.0,22583,0.8894,0.7517,0.1503,0.6582,1851,True
ACH-000943,Ralimetinib dimesylate,0.05,21482,2.9942,0.7619,0.0415,0.0136,4807,True
ACH-000943,Raltitrexed,5.0,23542,0.8128,0.6552,0.0782,0.7485,307,True
ACH-000943,Rapamycin,5.0,23237,0.8395,0.7412,0.0804,0.6055,704,True
ACH-000943,Regorafenib,0.05,22562,0.7195,0.7743,0.0055,0.0607,765,True
ACH-000943,Regorafenib,0.5,22604,0.802,0.6371,0.0042,-0.2695,263,True
ACH-000943,Regorafenib,5.0,20301,0.7109,0.891,-0.0097,-0.0117,256,True
ACH-000943,Relugolix,5.0,23440,0.7924,0.6533,0.0223,0.5094,205,True
ACH-000943,Resveratrol,5.0,22580,0.8284,0.6959,0.0941,0.5996,667,True
ACH-000943,Retinoic acid,5.0,23348,0.8246,0.6809,0.0771,0.7294,479,True
ACH-000943,Riluzole hydrochloride,5.0,23270,0.8333,0.7309,0.1012,0.7902,595,True
ACH-000943,Rimonabant,5.0,23259,0.806,0.6947,0.0702,0.8177,505,True
ACH-000943,Ritonavir,5.0,22815,0.7933,0.7286,0.0836,0.6679,257,True
ACH-000943,Ropivacaine (hydrochloride monohydrate),5.0,22811,0.7894,0.6897,0.091,0.7821,381,True
ACH-000943,S-Adenosyl-L-methionine (disulfate tosylate),5.0,23018,0.8086,0.737,0.0947,0.7893,498,True
ACH-000943,Salicylic acid,5.0,23455,0.7871,0.7621,0.0662,0.7357,304,True
ACH-000943,Saquinavir,5.0,22076,0.8099,0.7798,0.1631,0.6567,376,True
ACH-000943,Selinexor ,5.0,22159,0.9837,0.8562,0.3033,0.7952,2381,True
ACH-000943,Sinomenine,5.0,23054,0.8018,0.6668,0.0813,0.6807,335,True
ACH-000943,Sodium Salicylate,5.0,23725,0.8318,0.7665,0.0977,0.6347,747,True
ACH-000943,Sonidegib,0.05,22094,2.4701,0.7563,-0.0194,0.0258,264,True
ACH-000943,Sulfisoxazole,0.5,21561,0.8747,0.7209,0.0973,0.3415,926,True
ACH-000943,Sulfisoxazole,5.0,23056,0.8199,0.7268,0.1142,0.579,419,True
ACH-000943,Temsirolimus,5.0,22861,0.8125,0.7456,0.1031,0.7124,399,True
ACH-000943,Terfenadine,0.5,20873,0.8699,0.7071,0.086,-0.1622,975,True
ACH-000943,Terfenadine,5.0,22772,0.803,0.7353,0.0795,0.6985,719,True
ACH-000943,Thymol,5.0,22408,0.8014,0.6962,0.0949,0.5693,549,True
ACH-000943,Tofacitinib,5.0,22827,0.821,0.7524,0.1478,0.6173,696,True
ACH-000943,Tofacitinib (citrate),5.0,23303,0.8199,0.7474,0.0862,0.6983,683,True
ACH-000943,Tolcapone,5.0,23001,0.7909,0.7102,0.0817,0.6561,302,True
ACH-000943,Topotecan (hydrochloride),0.05,19299,0.6946,0.8291,-0.0307,-0.196,342,True
ACH-000943,Topotecan (hydrochloride),0.5,22351,0.7717,0.8149,-0.0344,-0.4115,287,True
ACH-000943,Topotecan (hydrochloride),5.0,19368,0.7147,1.6524,-0.0073,0.0907,349,True
ACH-000943,Trametinib,0.05,22687,0.7574,0.8306,0.1414,0.4419,1338,True
ACH-000943,Trametinib,0.5,22883,0.8436,0.8141,0.1599,0.6468,1598,True
ACH-000943,Trametinib,5.0,21702,0.759,1.0168,0.1347,0.6089,3316,True
ACH-000943,Triamcinolone,5.0,23064,0.8349,0.7432,0.1225,0.7,815,True
ACH-000943,Triclosan,5.0,23441,0.8144,0.7153,0.1038,0.6596,406,True
ACH-000943,Trifluridine,5.0,22598,0.7911,0.7122,0.1035,0.6679,344,True
ACH-000943,Trimetrexate,5.0,22450,0.8162,0.7352,0.1143,0.6497,417,True
ACH-000943,Tucidinostat,5.0,23760,0.8876,0.9999,0.2591,0.8278,1490,True
ACH-000943,Vilanterol,5.0,22727,0.789,0.7314,0.0739,0.5391,423,True
ACH-000943,Vinblastine (sulfate),5.0,22504,0.8133,0.8178,0.1592,0.7448,776,True
ACH-000943,c-Kit-IN-1,0.05,21752,2.9346,0.898,0.0167,0.0282,4282,True
ACH-000943,olaparib,0.05,22028,2.7329,0.7644,0.0448,0.0147,233,True
ACH-000950,(R)-Verapamil (hydrochloride),5.0,27736,0.7294,0.6663,0.0739,0.8019,553,True
ACH-000950,18β-Glycyrrhetinic acid,5.0,26947,0.7478,0.7603,0.0895,0.6389,925,True
ACH-000950,8-Hydroxyquinoline,5.0,27186,0.7563,0.6689,0.1117,0.7027,979,True
ACH-000950,Abemaciclib,0.05,26431,3.8649,0.7706,0.0326,0.0322,10996,True
ACH-000950,Acetohexamide,5.0,27537,0.7421,0.7123,0.053,0.4476,743,True
ACH-000950,Adagrasib,0.05,35848,0.4386,0.5012,0.1365,0.7426,4812,True
ACH-000950,Adenine,5.0,27302,0.7574,0.6494,0.0763,0.6782,949,True
ACH-000950,Adenosine,5.0,27586,0.7379,0.7443,0.0916,0.7134,1312,True
ACH-000950,Afatinib,0.05,27111,0.6138,0.763,0.0263,-0.0144,2715,False
ACH-000950,Afatinib,0.5,30017,0.5962,0.697,0.0187,0.0193,1816,False
ACH-000950,Afatinib,5.0,27197,0.6292,0.9515,0.0514,0.4749,1759,False
ACH-000950,Aliskiren,5.0,27635,0.7333,0.6816,0.0622,0.6967,737,True
ACH-000950,Allantoin,5.0,27018,0.7921,0.6981,0.1159,0.6541,1849,True
ACH-000950,Almonertinib (hydrochloride),5.0,26936,0.7682,0.7103,0.094,0.6106,1361,True
ACH-000950,Almonertinib (mesylate),0.05,24054,0.6663,0.7954,0.0191,0.2415,582,True
ACH-000950,Almonertinib (mesylate),0.5,27496,0.7515,0.6672,-0.0028,0.2446,873,True
ACH-000950,Almonertinib (mesylate),5.0,25121,0.789,0.73,-0.0442,-0.2064,1108,True
ACH-000950,Amsacrine,5.0,27264,0.778,0.7402,0.116,0.66,1200,True
ACH-000950,Anethole trithione,5.0,27501,0.7776,0.6878,0.1099,0.7381,1839,True
ACH-000950,Artesunate,5.0,27241,0.7794,0.6944,0.1347,0.8096,1651,True
ACH-000950,Azithromycin (hydrate),5.0,27136,0.7677,0.7408,0.0899,0.5812,1310,True
ACH-000950,Baicalin,5.0,27881,0.7789,0.6721,0.102,0.7362,1015,True
ACH-000950,Balsalazide (sodium hydrate),5.0,28113,0.7552,0.6713,0.0764,0.6585,561,True
ACH-000950,Belumosudil,0.05,24848,0.6801,0.7745,0.0074,0.2917,736,True
ACH-000950,Belumosudil,0.5,27168,0.7286,0.7493,0.026,0.0765,909,True
ACH-000950,Belumosudil,5.0,23937,0.7271,0.8541,0.0713,-0.0122,1781,True
ACH-000950,Berbamine,0.5,26868,0.7538,0.689,-0.0225,-0.2186,2519,True
ACH-000950,Berbamine,5.0,27165,0.7475,0.6674,0.0632,0.6976,720,True
ACH-000950,Berbamine (dihydrochloride),0.05,24368,0.6834,0.7905,0.0295,0.3617,1255,True
ACH-000950,Berbamine (dihydrochloride),0.5,26678,0.7685,0.656,-0.0027,0.083,1610,True
ACH-000950,Berbamine (dihydrochloride),5.0,24814,0.8407,0.7538,0.001,0.0143,1449,True
ACH-000950,Berberine (chloride hydrate),5.0,27769,0.7758,0.6452,0.0806,0.6267,994,True
ACH-000950,Bergenin,5.0,27168,0.7618,0.6721,0.069,0.5491,1050,True
ACH-000950,Bimatoprost,5.0,27768,0.7528,0.7275,0.1041,0.643,1137,True
ACH-000950,Binimetinib,0.05,27380,0.7751,0.7682,0.1336,0.5363,3692,True
ACH-000950,Binimetinib,0.5,27042,0.8009,0.8044,0.1392,0.5703,2717,True
ACH-000950,Binimetinib,5.0,25132,0.7401,0.9187,0.1835,0.6013,4983,True
ACH-000950,Busulfan,5.0,27004,0.7719,0.6937,0.1076,0.591,1380,True
ACH-000950,Captopril,0.05,25461,0.7301,0.7417,0.0264,-0.2351,1972,True
ACH-000950,Cepharanthine,5.0,26921,0.7628,0.8191,0.1142,0.7512,1663,True
ACH-000950,Chlorhexidine (diacetate),0.5,26913,0.7824,0.7029,-0.0083,0.0017,2131,True
ACH-000950,Chlorhexidine (diacetate),5.0,27739,0.7488,0.6948,0.0766,0.7593,796,True
ACH-000950,Ciclopirox,5.0,26703,0.7457,0.7352,0.111,0.6174,878,True
ACH-000950,Clonidine (hydrochloride),5.0,28052,0.7657,0.6569,0.0847,0.7481,1091,True
ACH-000950,Clotrimazole,5.0,27666,0.7426,0.7011,0.0765,0.619,751,True
ACH-000950,Cloxacillin (sodium),5.0,27610,0.7519,0.6435,0.0717,0.7451,831,True
ACH-000950,Cysteamine (hydrochloride),5.0,27880,0.7286,0.6575,0.0451,0.7387,723,True
ACH-000950,Cytarabine,0.05,25355,0.7001,0.798,0.0387,0.2337,1365,True
ACH-000950,Cytarabine,0.5,26809,0.7645,0.6644,0.0015,-0.1372,1096,True
ACH-000950,Cytarabine,5.0,25147,0.6711,0.8365,0.0381,0.2662,780,True
ACH-000950,DTP3,0.05,26684,3.5898,0.7914,0.0105,0.0168,9696,True
ACH-000950,Daidzin,0.05,24633,0.7056,0.7822,-0.0006,0.0252,1324,True
ACH-000950,Daidzin,0.5,26575,0.7565,0.653,0.0206,0.1086,1090,True
ACH-000950,Daidzin,5.0,24990,0.8142,0.7241,0.0036,0.043,1132,True
ACH-000950,Darinaparsin,5.0,27269,0.7536,0.7513,0.0952,0.722,1378,True
ACH-000950,Demeclocycline,5.0,27406,0.7454,0.6974,0.0648,0.5412,709,True
ACH-000950,Diammonium Glycyrrhizinate,5.0,27436,0.755,0.6841,0.069,0.7545,804,True
ACH-000950,Docetaxel,5.0,27709,0.739,0.7538,0.0962,0.6306,1510,True
ACH-000950,Elagolix sodium,5.0,26771,0.7716,0.6843,0.1122,0.5865,1539,True
ACH-000950,Flumatinib (mesylate),0.05,24147,0.6728,0.8109,0.0215,0.2694,1297,True
ACH-000950,Flumatinib (mesylate),0.5,26815,0.7313,0.7006,0.021,0.3144,1107,True
ACH-000950,Flumatinib (mesylate),5.0,24855,0.7067,0.8102,-0.0139,-0.3511,980,True
ACH-000950,Fluvoxamine (maleate),5.0,27367,0.7542,0.7194,0.0843,0.6572,951,True
ACH-000950,Folic acid,5.0,26951,0.7528,0.6341,0.0606,0.5761,502,True
ACH-000950,Fumaric acid,0.05,24440,0.684,0.8202,0.0231,0.0503,1049,True
ACH-000950,Fumaric acid,0.5,27055,0.7563,0.7059,0.0175,0.2037,1277,True
ACH-000950,Fumaric acid,5.0,25433,0.7434,0.8026,-0.0519,-0.343,1514,True
ACH-000950,Furosemide,5.0,27440,0.7385,0.6889,0.0471,0.6408,629,True
ACH-000950,Fusidic acid,5.0,27475,0.7586,0.6669,0.0983,0.7621,779,True
ACH-000950,Gallic acid,5.0,27432,0.7595,0.6495,0.1039,0.7188,889,True
ACH-000950,Gallic acid (hydrate),5.0,27239,0.778,0.7076,0.0863,0.5723,1444,True
ACH-000950,Gemfibrozil,5.0,27477,0.7649,0.6945,0.0603,0.5631,1578,True
ACH-000950,Goserelin (acetate),5.0,27712,0.7807,0.6515,0.0741,0.749,1551,True
ACH-000950,Hexylresorcinol,5.0,28459,0.7643,0.675,0.075,0.685,1442,True
ACH-000950,Homoharringtonine,5.0,28137,1.5173,1.6842,0.7133,0.8954,11533,True
ACH-000950,Hydroxyfasudil,0.05,26800,1.8853,0.7361,-0.0115,0.0225,671,True
ACH-000950,Idarubicin (hydrochloride),5.0,29146,1.4547,1.5588,0.6593,0.8724,10667,True
ACH-000950,Irinotecan (hydrochloride),0.05,23660,0.7251,0.7724,0.0396,0.1079,2335,True
ACH-000950,Irinotecan (hydrochloride),0.5,26683,0.8099,0.687,-0.0145,-0.0862,2773,True
ACH-000950,Irinotecan (hydrochloride),5.0,24805,0.839,0.7543,-0.0221,-0.127,3363,True
ACH-000950,Isocorydine,5.0,27704,0.7507,0.6876,0.079,0.6218,1172,True
ACH-000950,L-Thyroxine (sodium salt pentahydrate),5.0,25730,2.7534,0.6344,0.0287,-0.0263,288,True
ACH-000950,Larotrectinib,5.0,27222,0.7554,0.7988,0.1173,0.6454,886,True
ACH-000950,Lenalidomide (hemihydrate),5.0,26729,0.7311,0.6915,0.1014,0.7029,938,True
ACH-000950,Lidocaine (hydrochloride),5.0,26713,0.767,0.7887,0.1132,0.6056,1841,True
ACH-000950,Lipoic acid,5.0,27683,0.7537,0.6687,0.0652,0.7386,1229,True
ACH-000950,Lumateperone (tosylate),5.0,27563,0.754,0.6563,0.0755,0.7073,635,True
ACH-000950,Malotilate,0.05,25599,0.7687,0.7366,0.0137,-0.1319,3389,True
ACH-000950,Medroxyprogesterone acetate,5.0,26620,0.7612,0.681,0.0896,0.5395,1002,True
ACH-000950,Megestrol,5.0,27889,0.7471,0.6964,0.0516,0.5755,1083,True
ACH-000950,Methylprednisolone succinate,0.05,26382,3.57,0.7477,-0.0083,0.0265,9863,True
ACH-000950,Mitoxantrone (dihydrochloride),5.0,27538,0.7434,0.8918,0.0727,0.5181,1155,True
ACH-000950,Naproxen,0.05,23702,0.644,0.7741,0.0164,0.0838,527,True
ACH-000950,Naproxen,0.5,26764,0.7233,0.6849,-0.0093,-0.2724,691,True
ACH-000950,Naproxen,5.0,24523,0.6904,0.755,0.0001,-0.4421,681,True
ACH-000950,Neratinib (maleate),5.0,27363,0.7835,0.7529,0.1195,0.7267,1505,True
ACH-000950,Norepinephrine (hydrochloride),5.0,27158,0.756,0.7158,0.0773,0.5009,1076,True
ACH-000950,Olanzapine,5.0,27442,0.7579,0.7098,0.0943,0.7749,950,True
ACH-000950,PF-06260933,0.05,26491,3.8364,0.7144,-0.0213,-0.0009,10999,True
ACH-000950,Palmatine (chloride),5.0,27059,0.7428,0.6926,0.0767,0.7464,700,True
ACH-000950,Pasireotide (acetate),5.0,27987,0.7904,0.675,0.1042,0.6239,1444,True
ACH-000950,Pentagastrin,5.0,28006,0.7563,0.6488,0.068,0.6355,746,True
ACH-000950,Pentamidine (isethionate),0.5,25760,0.8119,0.6826,0.0439,-0.088,1291,True
ACH-000950,Pentamidine (isethionate),5.0,27503,0.7423,0.7408,0.0779,0.6976,1412,True
ACH-000950,Pralsetinib,0.05,27150,0.7257,0.7482,0.0222,0.0131,3246,True
ACH-000950,Pravastatin (sodium),0.05,23779,0.681,0.7754,0.0154,0.2639,1105,True
ACH-000950,Pravastatin (sodium),0.5,26472,0.7442,0.6736,-0.0037,-0.2204,1170,True
ACH-000950,Pravastatin (sodium),5.0,25172,0.7714,0.7698,-0.0602,-0.3617,1836,True
ACH-000950,Pyridoxine,5.0,26988,0.7477,0.7194,0.069,0.6155,1092,True
ACH-000950,Pyridoxine (hydrochloride),5.0,27087,0.7733,0.6367,0.0824,0.6202,1116,True
ACH-000950,Quinestrol,5.0,27707,0.7508,0.6907,0.0835,0.7176,1129,True
ACH-000950,Radotinib,5.0,26972,0.8145,0.7405,0.1535,0.7136,2996,True
ACH-000950,Ralimetinib dimesylate,0.05,26238,3.7947,0.7566,0.0438,0.0304,10672,True
ACH-000950,Raltitrexed,5.0,27799,0.7555,0.6517,0.0663,0.7699,805,True
ACH-000950,Rapamycin,5.0,27372,0.7795,0.7102,0.0994,0.4986,1483,True
ACH-000950,Regorafenib,0.05,27258,0.6841,0.7353,-0.0242,-0.1132,1682,True
ACH-000950,Regorafenib,0.5,27202,0.7728,0.6353,-0.0034,-0.2624,968,True
ACH-000950,Regorafenib,5.0,25160,0.6976,0.8459,0.0203,-0.1515,941,True
ACH-000950,Relugolix,5.0,27754,0.7512,0.6349,0.0432,0.6149,504,True
ACH-000950,Resveratrol,5.0,26671,0.7761,0.6648,0.0876,0.5253,1324,True
ACH-000950,Retinoic acid,5.0,27913,0.7474,0.6818,0.0749,0.7191,972,True
ACH-000950,Riluzole hydrochloride,5.0,27838,0.7729,0.7277,0.1225,0.6966,2098,True
ACH-000950,Rimonabant,5.0,27394,0.7594,0.6821,0.0942,0.76,1020,True
ACH-000950,Ritonavir,5.0,27117,0.7485,0.7257,0.0921,0.713,800,True
ACH-000950,Ropivacaine (hydrochloride monohydrate),5.0,27189,0.7516,0.6849,0.0842,0.7832,1123,True
ACH-000950,S-Adenosyl-L-methionine (disulfate tosylate),5.0,27424,0.7638,0.731,0.111,0.7347,1470,True
ACH-000950,Salicylic acid,5.0,27588,0.7282,0.7714,0.0681,0.6262,964,True
ACH-000950,Saquinavir,5.0,26321,0.7644,0.7661,0.1285,0.542,1045,True
ACH-000950,Selinexor ,5.0,26384,0.9218,0.7803,0.2318,0.6896,2922,True
ACH-000950,Sinomenine,5.0,27059,0.7501,0.6577,0.0918,0.6761,939,True
ACH-000950,Sodium Salicylate,5.0,27909,0.7687,0.7323,0.0954,0.5234,1733,True
ACH-000950,Sonidegib,0.05,26724,2.4798,0.726,0.0122,-0.0053,4245,True
ACH-000950,Sulfisoxazole,0.5,26012,0.8031,0.7047,0.0684,0.1348,1681,True
ACH-000950,Sulfisoxazole,5.0,27472,0.7656,0.7122,0.0979,0.6206,838,True
ACH-000950,Temsirolimus,5.0,27285,0.7535,0.7156,0.0893,0.7082,1129,True
ACH-000950,Terfenadine,0.5,25463,0.8354,0.6761,0.0665,-0.0199,1624,True
ACH-000950,Terfenadine,5.0,27132,0.7708,0.7021,0.0829,0.6259,1513,True
ACH-000950,Thymol,5.0,27050,0.7679,0.6871,0.075,0.5462,1376,True
ACH-000950,Tofacitinib,5.0,27226,0.7875,0.7275,0.1203,0.6941,1445,True
ACH-000950,Tofacitinib (citrate),5.0,27627,0.7634,0.7387,0.0796,0.5763,1342,True
ACH-000950,Tolcapone,5.0,27632,0.747,0.6945,0.0778,0.7769,772,True
ACH-000950,Topotecan (hydrochloride),0.05,23602,0.6607,0.7981,-0.0109,-0.0895,1385,True
ACH-000950,Topotecan (hydrochloride),0.5,26927,0.7261,0.7948,-0.0254,-0.2686,1000,True
ACH-000950,Topotecan (hydrochloride),5.0,24171,0.692,0.9384,-0.0166,-0.1808,1239,True
ACH-000950,Trametinib,0.05,26967,0.7515,0.8597,0.1662,0.5553,3485,True
ACH-000950,Trametinib,0.5,26656,0.8508,0.8332,0.2036,0.5712,3348,True
ACH-000950,Trametinib,5.0,26169,0.7938,0.9788,0.1984,0.6407,5698,True
ACH-000950,Triamcinolone,5.0,27508,0.7797,0.7449,0.1148,0.7022,2012,True
ACH-000950,Triclosan,5.0,27697,0.745,0.7081,0.0682,0.6991,1036,True
ACH-000950,Trifluridine,5.0,27060,0.7354,0.6878,0.0726,0.6079,462,True
ACH-000950,Trimetrexate,5.0,26967,0.7465,0.7206,0.1006,0.6295,1064,True
ACH-000950,Tucidinostat,5.0,27990,0.8202,1.0115,0.2685,0.8116,2779,True
ACH-000950,Vilanterol,5.0,27072,0.756,0.703,0.0681,0.6721,1103,True
ACH-000950,Vinblastine (sulfate),5.0,27385,0.7854,0.7851,0.1528,0.6943,1843,True
ACH-000950,olaparib,0.05,26639,3.1914,0.7382,0.0494,0.0053,8221,True
ACH-000954,(R)-Verapamil (hydrochloride),5.0,28484,0.7144,0.6622,0.055,0.7635,572,True
ACH-000954,18β-Glycyrrhetinic acid,5.0,27716,0.7437,0.7556,0.0828,0.7389,988,True
ACH-000954,8-Hydroxyquinoline,5.0,28106,0.7483,0.6587,0.0949,0.6654,1122,True
ACH-000954,Abemaciclib,0.05,26252,3.3326,0.7908,0.0454,0.0166,8752,True
ACH-000954,Acetohexamide,5.0,28270,0.744,0.704,0.0631,0.4596,837,True
ACH-000954,Adagrasib,0.05,35845,0.4362,0.4969,0.153,0.7196,4545,True
ACH-000954,Adenine,5.0,28066,0.7414,0.6341,0.0654,0.652,986,True
ACH-000954,Adenosine,5.0,28199,0.7313,0.7263,0.0648,0.6783,1127,True
ACH-000954,Afatinib,0.05,26656,0.6109,0.7726,0.0139,0.0494,2440,False
ACH-000954,Afatinib,0.5,30176,0.6304,0.6462,0.0213,-0.0084,1383,False
ACH-000954,Afatinib,5.0,27554,0.639,0.9075,0.0473,0.4288,1014,False
ACH-000954,Aliskiren,5.0,28434,0.7325,0.682,0.076,0.6869,732,True
ACH-000954,Allantoin,5.0,27891,0.7659,0.6837,0.1127,0.6139,1979,True
ACH-000954,Almonertinib (hydrochloride),5.0,27642,0.7541,0.7149,0.0943,0.5319,1641,True
ACH-000954,Almonertinib (mesylate),0.05,23593,0.6844,0.8133,0.001,0.1612,264,True
ACH-000954,Almonertinib (mesylate),0.5,26971,0.7663,0.6593,0.0096,0.3068,541,True
ACH-000954,Almonertinib (mesylate),5.0,24500,0.8107,0.7197,-0.0218,-0.0232,702,True
ACH-000954,Amsacrine,5.0,28288,0.7693,0.7298,0.1281,0.6316,1634,True
ACH-000954,Anethole trithione,5.0,28095,0.7663,0.6809,0.1052,0.7271,1824,True
ACH-000954,Artesunate,5.0,27953,0.7788,0.6878,0.1432,0.7857,2204,True
ACH-000954,Azithromycin (hydrate),5.0,27868,0.7546,0.7087,0.0892,0.5796,1346,True
ACH-000954,Baicalin,5.0,28678,0.7683,0.6498,0.1122,0.7393,880,True
ACH-000954,Balsalazide (sodium hydrate),5.0,28551,0.7356,0.6553,0.0837,0.7062,500,True
ACH-000954,Belumosudil,0.05,24381,0.6888,0.781,0.0168,0.3244,436,True
ACH-000954,Belumosudil,0.5,26769,0.7442,0.6849,-0.0117,-0.163,488,True
ACH-000954,Belumosudil,5.0,24061,0.7617,0.7937,0.0081,-0.2414,1071,True
ACH-000954,Berbamine,0.5,26951,0.7804,0.6615,-0.0163,-0.3462,1379,True
ACH-000954,Berbamine,5.0,28036,0.7382,0.6425,0.0625,0.6137,682,True
ACH-000954,Berbamine (dihydrochloride),0.05,24158,0.6944,0.7903,0.0441,0.4239,866,True
ACH-000954,Berbamine (dihydrochloride),0.5,25926,0.7696,0.6463,0.0049,0.2026,833,True
ACH-000954,Berbamine (dihydrochloride),5.0,24233,0.8387,0.7303,0.007,0.062,764,True
ACH-000954,Berberine (chloride hydrate),5.0,28620,0.7548,0.6294,0.0672,0.6718,763,True
ACH-000954,Bergenin,5.0,28028,0.7374,0.662,0.0681,0.5889,976,True
ACH-000954,Bimatoprost,5.0,28498,0.746,0.7092,0.0722,0.5898,926,True
ACH-000954,Binimetinib,0.05,28080,0.7462,0.7585,0.1061,0.5715,3544,True
ACH-000954,Binimetinib,0.5,27888,0.8106,0.7709,0.123,0.5069,2643,True
ACH-000954,Binimetinib,5.0,26056,0.7113,0.8586,0.1397,0.6313,3758,True
ACH-000954,Busulfan,5.0,27939,0.7677,0.6932,0.1071,0.6326,1504,True
ACH-000954,Captopril,0.05,25125,0.7274,0.7655,0.0295,-0.1631,1795,True
ACH-000954,Cepharanthine,5.0,27734,0.7564,0.8021,0.1375,0.7227,1400,True
ACH-000954,Chlorhexidine (diacetate),0.5,26954,0.7989,0.653,0.0156,-0.1281,1317,True
ACH-000954,Chlorhexidine (diacetate),5.0,28572,0.7478,0.6854,0.0836,0.71,852,True
ACH-000954,Ciclopirox,5.0,27578,0.7274,0.7162,0.1001,0.7247,1002,True
ACH-000954,Clonidine (hydrochloride),5.0,28782,0.7625,0.6664,0.0926,0.7662,1021,True
ACH-000954,Clotrimazole,5.0,28290,0.7304,0.6904,0.0834,0.6212,772,True
ACH-000954,Cloxacillin (sodium),5.0,28227,0.7501,0.6398,0.0716,0.6739,926,True
ACH-000954,Cysteamine (hydrochloride),5.0,28431,0.7316,0.64,0.057,0.7316,679,True
ACH-000954,Cytarabine,0.05,24710,0.7,0.7989,0.0401,0.2737,702,True
ACH-000954,Cytarabine,0.5,26442,0.7732,0.6553,0.0036,-0.0974,550,True
ACH-000954,Cytarabine,5.0,24769,0.6868,0.8045,0.0194,0.1704,459,True
ACH-000954,DTP3,0.05,26685,3.4162,0.795,-0.0311,-0.0159,9272,True
ACH-000954,Daidzin,0.05,24127,0.724,0.7839,-0.0118,-0.0592,721,True
ACH-000954,Daidzin,0.5,25999,0.7663,0.6394,-0.0075,-0.1433,497,True
ACH-000954,Daidzin,5.0,24400,0.8498,0.7258,0.0176,0.077,756,True
ACH-000954,Darinaparsin,5.0,28180,0.7521,0.7575,0.0965,0.6836,1658,True
ACH-000954,Demeclocycline,5.0,28070,0.7296,0.696,0.0647,0.5289,673,True
ACH-000954,Diammonium Glycyrrhizinate,5.0,28325,0.7366,0.6769,0.0677,0.7527,786,True
ACH-000954,Docetaxel,5.0,28785,0.7268,0.75,0.076,0.7129,1691,True
ACH-000954,Elagolix sodium,5.0,27593,0.7652,0.6694,0.099,0.6155,1454,True
ACH-000954,Flumatinib (mesylate),0.05,23644,0.6884,0.8188,0.0337,0.2459,980,True
ACH-000954,Flumatinib (mesylate),0.5,26408,0.7494,0.7075,0.0254,0.3047,690,True
ACH-000954,Flumatinib (mesylate),5.0,24443,0.7231,0.7928,0.0026,-0.3342,608,True
ACH-000954,Fluvoxamine (maleate),5.0,27994,0.74,0.685,0.0945,0.7392,972,True
ACH-000954,Folic acid,5.0,27760,0.7505,0.6311,0.0528,0.5043,420,True
ACH-000954,Fumaric acid,0.05,23836,0.6882,0.8248,0.0163,0.1346,672,True
ACH-000954,Fumaric acid,0.5,26438,0.7713,0.7118,0.0072,0.298,576,True
ACH-000954,Fumaric acid,5.0,25144,0.7537,0.8085,-0.042,-0.3712,1052,True
ACH-000954,Furosemide,5.0,28178,0.7183,0.6853,0.0603,0.5844,615,True
ACH-000954,Fusidic acid,5.0,28269,0.7396,0.6734,0.0811,0.832,741,True
ACH-000954,Gallic acid,5.0,28234,0.7423,0.6363,0.0697,0.721,871,True
ACH-000954,Gallic acid (hydrate),5.0,28094,0.7634,0.6996,0.0863,0.5937,1400,True
ACH-000954,Gemfibrozil,5.0,28239,0.7531,0.6806,0.0695,0.6237,1533,True
ACH-000954,Goserelin (acetate),5.0,28434,0.77,0.6563,0.091,0.6722,1801,True
ACH-000954,Hexylresorcinol,5.0,28997,0.7592,0.6507,0.0773,0.7377,1407,True
ACH-000954,Homoharringtonine,5.0,29545,1.3138,1.3579,0.6299,0.9011,11077,True
ACH-000954,Hydroxyfasudil,0.05,26615,2.1482,0.7615,-0.0224,-0.0321,574,True
ACH-000954,Idarubicin (hydrochloride),5.0,31927,1.5583,1.6883,0.7154,0.8981,12613,True
ACH-000954,Irinotecan (hydrochloride),0.05,23119,0.7134,0.7949,0.0125,0.1934,1564,True
ACH-000954,Irinotecan (hydrochloride),0.5,26352,0.7821,0.6905,-0.0277,-0.3204,1172,True
ACH-000954,Irinotecan (hydrochloride),5.0,24232,0.8178,0.7474,-0.0325,-0.1862,1079,True
ACH-000954,Isocorydine,5.0,28352,0.7516,0.6692,0.0658,0.6092,1595,True
ACH-000954,L-Thyroxine (sodium salt pentahydrate),5.0,26565,3.1679,0.6055,-0.0065,0.0313,5597,True
ACH-000954,Larotrectinib,5.0,28064,0.7366,0.7996,0.1178,0.6089,725,True
ACH-000954,Lenalidomide (hemihydrate),5.0,27516,0.7172,0.6771,0.1086,0.7693,853,True
ACH-000954,Lidocaine (hydrochloride),5.0,27742,0.7706,0.7793,0.1113,0.5878,2200,True
ACH-000954,Lipoic acid,5.0,28378,0.7377,0.6521,0.0661,0.7159,848,True
ACH-000954,Lumateperone (tosylate),5.0,28329,0.7358,0.6468,0.0736,0.7716,463,True
ACH-000954,Malotilate,0.05,25421,0.7526,0.7516,0.0151,-0.0913,3176,True
ACH-000954,Medroxyprogesterone acetate,5.0,27618,0.7486,0.6737,0.081,0.4913,1039,True
ACH-000954,Megestrol,5.0,28537,0.7216,0.693,0.0439,0.5882,757,True
ACH-000954,Mitoxantrone (dihydrochloride),5.0,28561,0.7677,1.22,0.1413,0.4718,1344,True
ACH-000954,Naproxen,0.05,23201,0.6673,0.7903,0.0127,0.0469,217,True
ACH-000954,Naproxen,0.5,26500,0.7345,0.6884,-0.0152,-0.227,343,True
ACH-000954,Naproxen,5.0,24151,0.7091,0.7492,-0.0121,-0.4116,301,True
ACH-000954,Neratinib (maleate),5.0,28166,0.7512,0.6906,0.1014,0.6984,1188,True
ACH-000954,Norepinephrine (hydrochloride),5.0,27889,0.7401,0.6998,0.0877,0.5712,1033,True
ACH-000954,Olanzapine,5.0,28210,0.7462,0.6955,0.1093,0.7605,941,True
ACH-000954,PF-06260933,0.05,26425,3.0995,0.7492,-0.0315,-0.0107,3616,True
ACH-000954,Palmatine (chloride),5.0,27956,0.7312,0.6833,0.0844,0.7326,792,True
ACH-000954,Pasireotide (acetate),5.0,28481,0.7751,0.6717,0.1012,0.6647,1837,True
ACH-000954,Pentagastrin,5.0,28690,0.7566,0.6425,0.0639,0.6033,1038,True
ACH-000954,Pentamidine (isethionate),0.5,25585,0.8126,0.6324,0.0206,0.1358,873,True
ACH-000954,Pentamidine (isethionate),5.0,28275,0.7403,0.7389,0.0938,0.6274,1326,True
ACH-000954,Pralsetinib,0.05,26947,0.6818,0.7645,0.0126,0.0183,2453,True
ACH-000954,Pravastatin (sodium),0.05,23222,0.6843,0.7955,0.0302,0.1398,620,True
ACH-000954,Pravastatin (sodium),0.5,25980,0.7654,0.6675,-0.0009,-0.0053,635,True
ACH-000954,Pravastatin (sodium),5.0,24722,0.7906,0.7522,-0.0772,-0.4682,1071,True
ACH-000954,Pyridoxine,5.0,27946,0.7547,0.713,0.0602,0.5217,1121,True
ACH-000954,Pyridoxine (hydrochloride),5.0,27828,0.768,0.6325,0.0852,0.5607,1049,True
ACH-000954,Quinestrol,5.0,28550,0.7253,0.6816,0.0688,0.6961,732,True
ACH-000954,Radotinib,5.0,27760,0.7769,0.7112,0.1161,0.7067,2453,True
ACH-000954,Raltitrexed,5.0,28504,0.751,0.6384,0.0626,0.7327,915,True
ACH-000954,Rapamycin,5.0,28285,0.7548,0.7112,0.0799,0.6377,1228,True
ACH-000954,Regorafenib,0.05,26980,0.6716,0.7585,0.004,-0.0944,1501,True
ACH-000954,Regorafenib,0.5,26680,0.7726,0.5764,-0.0067,-0.4057,599,True
ACH-000954,Regorafenib,5.0,25394,0.7274,0.7731,0.0005,-0.294,470,True
ACH-000954,Relugolix,5.0,28322,0.7325,0.635,0.0423,0.5849,587,True
ACH-000954,Resveratrol,5.0,27633,0.7691,0.6562,0.0762,0.4029,1498,True
ACH-000954,Retinoic acid,5.0,28559,0.7545,0.6696,0.0657,0.6288,1318,True
ACH-000954,Riluzole hydrochloride,5.0,28616,0.7712,0.7249,0.1288,0.6807,2356,True
ACH-000954,Rimonabant,5.0,28178,0.7487,0.6741,0.1042,0.7614,766,True
ACH-000954,Ritonavir,5.0,27939,0.7376,0.712,0.0999,0.6276,863,True
ACH-000954,Ropivacaine (hydrochloride monohydrate),5.0,27992,0.7486,0.6696,0.107,0.7431,1406,True
ACH-000954,S-Adenosyl-L-methionine (disulfate tosylate),5.0,28377,0.7612,0.7186,0.1138,0.8219,1429,True
ACH-000954,Salicylic acid,5.0,28299,0.7304,0.7667,0.0748,0.6138,869,True
ACH-000954,Saquinavir,5.0,27141,0.7375,0.758,0.1273,0.6431,825,True
ACH-000954,Selinexor ,5.0,27276,0.9064,0.7271,0.2105,0.6387,2515,True
ACH-000954,Sinomenine,5.0,27992,0.7451,0.6457,0.0868,0.63,1015,True
ACH-000954,Sodium Salicylate,5.0,28717,0.7543,0.7177,0.0846,0.5172,1914,True
ACH-000954,Sonidegib,0.05,26622,2.3129,0.7547,-0.0331,0.0058,575,True
ACH-000954,Sulfisoxazole,0.5,25672,0.8186,0.6611,0.077,0.2457,1018,True
ACH-000954,Sulfisoxazole,5.0,28287,0.7456,0.6974,0.0856,0.6349,679,True
ACH-000954,Temsirolimus,5.0,28202,0.736,0.713,0.088,0.7524,1103,True
ACH-000954,Terfenadine,0.5,25126,0.8576,0.6323,0.0114,-0.0922,1624,True
ACH-000954,Terfenadine,5.0,27942,0.7591,0.691,0.0732,0.5466,1863,True
ACH-000954,Thymol,5.0,27825,0.7588,0.6807,0.0763,0.4319,1563,True
ACH-000954,Tofacitinib,5.0,27992,0.7474,0.6834,0.1029,0.6094,736,True
ACH-000954,Tofacitinib (citrate),5.0,28367,0.7521,0.6857,0.0749,0.6198,1722,True
ACH-000954,Tolcapone,5.0,28424,0.7414,0.675,0.0922,0.7383,716,True
ACH-000954,Topotecan (hydrochloride),0.05,23079,0.6699,0.7998,0.0088,0.0093,940,True
ACH-000954,Topotecan (hydrochloride),0.5,26450,0.7389,0.7577,-0.0329,-0.4149,670,True
ACH-000954,Topotecan (hydrochloride),5.0,24320,0.7354,0.9278,-0.0151,-0.1447,934,True
ACH-000954,Trametinib,0.05,27508,0.7395,0.8117,0.159,0.4756,3452,True
ACH-000954,Trametinib,0.5,27683,0.8315,0.7793,0.1535,0.581,2731,True
ACH-000954,Trametinib,5.0,27220,0.7611,0.9582,0.1629,0.6941,3693,True
ACH-000954,Triamcinolone,5.0,28349,0.7956,0.7402,0.1041,0.5063,2628,True
ACH-000954,Triclosan,5.0,28330,0.7306,0.6993,0.0695,0.6345,955,True
ACH-000954,Trifluridine,5.0,27900,0.7343,0.6797,0.081,0.5136,714,True
ACH-000954,Trimetrexate,5.0,27856,0.7516,0.7,0.0944,0.6408,925,True
ACH-000954,Tucidinostat,5.0,28663,0.8048,0.9424,0.2432,0.7807,2705,True
ACH-000954,Vilanterol,5.0,28026,0.7402,0.6794,0.0793,0.7831,1191,True
ACH-000954,Vinblastine (sulfate),5.0,28176,0.763,0.7283,0.1027,0.6673,1689,True
ACH-000954,c-Kit-IN-1,0.05,26549,3.3392,0.8737,0.032,0.0081,8651,True
ACH-000954,olaparib,0.05,26349,3.3978,0.7477,0.0429,-0.0024,8787,True
ACH-000957,(R)-Verapamil (hydrochloride),5.0,25138,0.7439,0.7218,0.0508,0.78,349,True
ACH-000957,18β-Glycyrrhetinic acid,5.0,24253,0.7472,0.8143,0.0797,0.6083,547,True
ACH-000957,8-Hydroxyquinoline,5.0,24825,0.7677,0.689,0.072,0.7085,787,True
ACH-000957,Abemaciclib,0.05,24288,3.6712,0.7811,0.0543,0.0413,9273,True
ACH-000957,Acetohexamide,5.0,24861,0.7549,0.7432,0.0358,0.3817,653,True
ACH-000957,Adagrasib,0.05,33737,0.4424,0.5174,0.1168,0.6907,3441,True
ACH-000957,Adenine,5.0,24757,0.7699,0.667,0.0757,0.5806,822,True
ACH-000957,Adenosine,5.0,24918,0.757,0.766,0.0808,0.7651,714,True
ACH-000957,Afatinib,0.05,24934,0.6355,0.7695,0.0143,-0.0472,2217,False
ACH-000957,Afatinib,0.5,27920,0.6209,0.7343,0.009,-0.105,1598,False
ACH-000957,Afatinib,5.0,24970,0.6232,0.9661,0.0272,0.433,1082,False
ACH-000957,Aliskiren,5.0,25119,0.7521,0.7074,0.0505,0.7041,416,True
ACH-000957,Allantoin,5.0,24717,0.792,0.7296,0.1038,0.6572,1597,True
ACH-000957,Almonertinib (hydrochloride),5.0,24198,0.7663,0.756,0.1064,0.5482,1066,True
ACH-000957,Almonertinib (mesylate),0.05,22064,0.6802,0.8134,0.0233,0.2644,357,True
ACH-000957,Almonertinib (mesylate),0.5,25470,0.779,0.6718,0.0045,0.3061,751,True
ACH-000957,Almonertinib (mesylate),5.0,23212,0.8273,0.7481,-0.0208,-0.1812,820,True
ACH-000957,Amsacrine,5.0,24773,0.7909,0.8334,0.1464,0.6465,1239,True
ACH-000957,Anethole trithione,5.0,24811,0.7869,0.7067,0.1111,0.7132,1208,True
ACH-000957,Artesunate,5.0,24551,0.8136,0.762,0.1628,0.7725,1792,True
ACH-000957,Azithromycin (hydrate),5.0,24472,0.7681,0.78,0.1025,0.577,756,True
ACH-000957,Baicalin,5.0,25274,0.7946,0.7001,0.1059,0.7291,801,True
ACH-000957,Balsalazide (sodium hydrate),5.0,25370,0.7727,0.6899,0.0572,0.6973,394,True
ACH-000957,Belumosudil,0.05,22783,0.6897,0.7915,0.0072,0.2639,531,True
ACH-000957,Belumosudil,0.5,25354,0.755,0.7014,-0.0049,-0.0009,825,True
ACH-000957,Belumosudil,5.0,22650,0.769,0.8291,0.0212,-0.0813,1247,True
ACH-000957,Berbamine,0.5,24802,0.7582,0.7235,-0.0243,-0.2384,1695,True
ACH-000957,Berbamine,5.0,24707,0.7569,0.7009,0.0574,0.6509,530,True
ACH-000957,Berbamine (dihydrochloride),0.05,22486,0.6994,0.8121,0.0263,0.4449,931,True
ACH-000957,Berbamine (dihydrochloride),0.5,24647,0.7883,0.6693,0.0065,0.2052,1176,True
ACH-000957,Berbamine (dihydrochloride),5.0,23011,0.8486,0.759,0.0164,-0.0654,1437,True
ACH-000957,Berberine (chloride hydrate),5.0,25363,0.78,0.6741,0.0712,0.6578,557,True
ACH-000957,Bergenin,5.0,24663,0.7693,0.6957,0.0596,0.526,913,True
ACH-000957,Bimatoprost,5.0,25142,0.7588,0.7511,0.0922,0.6042,562,True
ACH-000957,Binimetinib,0.05,25727,0.7929,0.7566,0.1319,0.5856,2516,True
ACH-000957,Binimetinib,0.5,25806,0.8101,0.7995,0.0972,0.4301,2874,True
ACH-000957,Binimetinib,5.0,22925,0.668,0.8815,0.1385,0.5983,3587,True
ACH-000957,Busulfan,5.0,24492,0.7698,0.7196,0.085,0.6072,962,True
ACH-000957,Captopril,0.05,23736,0.7342,0.7704,0.0335,-0.0987,2048,True
ACH-000957,Cepharanthine,5.0,24348,0.7795,0.8516,0.1287,0.6417,1155,True
ACH-000957,Chlorhexidine (diacetate),0.5,24775,0.7882,0.7234,-0.0062,-0.0065,1590,True
ACH-000957,Chlorhexidine (diacetate),5.0,25091,0.7565,0.7172,0.066,0.7876,428,True
ACH-000957,Ciclopirox,5.0,24026,0.7563,0.7943,0.147,0.5188,521,True
ACH-000957,Clonidine (hydrochloride),5.0,25550,0.7794,0.6879,0.0889,0.7722,586,True
ACH-000957,Clotrimazole,5.0,25007,0.7601,0.7452,0.0521,0.625,674,True
ACH-000957,Cloxacillin (sodium),5.0,24761,0.7542,0.6839,0.0779,0.6901,535,True
ACH-000957,Cysteamine (hydrochloride),5.0,25250,0.7528,0.6765,0.0451,0.7503,523,True
ACH-000957,Cytarabine,0.05,23142,0.7084,0.8144,0.0453,0.294,718,True
ACH-000957,Cytarabine,0.5,25093,0.7836,0.6883,-0.0042,-0.1162,846,True
ACH-000957,Cytarabine,5.0,23392,0.703,0.8665,0.0294,0.3905,550,True
ACH-000957,Daidzin,0.05,22715,0.7184,0.8031,0.0138,-0.1006,757,True
ACH-000957,Daidzin,0.5,24688,0.7852,0.6577,0.0146,-0.0854,817,True
ACH-000957,Daidzin,5.0,23088,0.8759,0.7361,0.0268,-0.0186,735,True
ACH-000957,Darinaparsin,5.0,24673,0.7696,0.7738,0.094,0.667,1160,True
ACH-000957,Demeclocycline,5.0,24605,0.7544,0.7292,0.0601,0.5863,399,True
ACH-000957,Diammonium Glycyrrhizinate,5.0,24951,0.7613,0.7164,0.0631,0.7056,559,True
ACH-000957,Docetaxel,5.0,25279,0.7462,0.7776,0.0603,0.6588,972,True
ACH-000957,Elagolix sodium,5.0,24245,0.7881,0.7134,0.1136,0.5206,1266,True
ACH-000957,Flumatinib (mesylate),0.05,22064,0.688,0.8173,0.0348,0.3257,1103,True
ACH-000957,Flumatinib (mesylate),0.5,24839,0.7737,0.7074,0.019,0.371,1032,True
ACH-000957,Flumatinib (mesylate),5.0,23010,0.7262,0.8076,-0.0153,-0.4199,686,True
ACH-000957,Fluvoxamine (maleate),5.0,24702,0.7576,0.7421,0.0713,0.7524,499,True
ACH-000957,Folic acid,5.0,24500,0.7713,0.6556,0.043,0.4142,386,True
ACH-000957,Fumaric acid,0.05,22316,0.6968,0.8347,0.0168,0.1599,712,True
ACH-000957,Fumaric acid,0.5,25042,0.7799,0.7221,0.0059,0.1998,750,True
ACH-000957,Fumaric acid,5.0,23716,0.7717,0.8097,-0.0291,-0.2557,1154,True
ACH-000957,Furosemide,5.0,24815,0.743,0.7232,0.0294,0.4827,621,True
ACH-000957,Fusidic acid,5.0,24862,0.7653,0.6946,0.0854,0.7976,456,True
ACH-000957,Gallic acid,5.0,25029,0.7672,0.6797,0.0729,0.634,569,True
ACH-000957,Gallic acid (hydrate),5.0,24778,0.7889,0.7416,0.1076,0.6343,828,True
ACH-000957,Gemfibrozil,5.0,24824,0.771,0.7265,0.0698,0.6472,782,True
ACH-000957,Goserelin (acetate),5.0,24915,0.7829,0.6817,0.0846,0.6818,1203,True
ACH-000957,Hexylresorcinol,5.0,25531,0.7875,0.7136,0.0863,0.6348,1021,True
ACH-000957,Homoharringtonine,5.0,25733,1.2731,1.3458,0.5968,0.8958,8720,True
ACH-000957,Hydroxyfasudil,0.05,24583,2.0487,0.7414,-0.004,0.0433,551,True
ACH-000957,Idarubicin (hydrochloride),5.0,27706,1.4491,1.5009,0.6552,0.8877,9326,True
ACH-000957,Irinotecan (hydrochloride),0.05,21567,0.7189,0.7992,0.028,0.0909,1623,True
ACH-000957,Irinotecan (hydrochloride),0.5,25079,0.8017,0.6981,-0.0132,-0.2236,1559,True
ACH-000957,Irinotecan (hydrochloride),5.0,23029,0.8129,0.7808,-0.0108,-0.0848,1818,True
ACH-000957,Isocorydine,5.0,24911,0.7865,0.6854,0.0599,0.7047,977,True
ACH-000957,L-Thyroxine (sodium salt pentahydrate),5.0,23327,2.775,0.6778,0.008,0.0221,255,True
ACH-000957,Larotrectinib,5.0,24655,0.7691,0.8534,0.1244,0.5495,465,True
ACH-000957,Lenalidomide (hemihydrate),5.0,24201,0.7451,0.7316,0.0893,0.6407,622,True
ACH-000957,Lidocaine (hydrochloride),5.0,24154,0.7744,0.8539,0.1185,0.5643,1799,True
ACH-000957,Lipoic acid,5.0,25043,0.7649,0.697,0.0676,0.6542,720,True
ACH-000957,Lumateperone (tosylate),5.0,24935,0.751,0.6815,0.0566,0.7057,373,True
ACH-000957,Malotilate,0.05,23885,0.777,0.7756,0.0552,0.0227,3385,True
ACH-000957,Medroxyprogesterone acetate,5.0,24068,0.7672,0.7202,0.0925,0.5292,860,True
ACH-000957,Megestrol,5.0,25153,0.749,0.7423,0.0667,0.5167,524,True
ACH-000957,Methylprednisolone succinate,0.05,24189,3.4338,0.7529,-0.0021,0.0147,8353,True
ACH-000957,Mitoxantrone (dihydrochloride),5.0,24938,0.7641,0.9737,0.0811,0.5381,842,True
ACH-000957,Naproxen,0.05,21588,0.6576,0.7886,0.0081,0.0178,274,True
ACH-000957,Naproxen,0.5,25055,0.7536,0.6986,-0.0176,-0.3263,502,True
ACH-000957,Naproxen,5.0,22716,0.7068,0.7697,0.0236,-0.4391,325,True
ACH-000957,Neratinib (maleate),5.0,24608,0.7942,0.754,0.1112,0.7462,1062,True
ACH-000957,Norepinephrine (hydrochloride),5.0,24531,0.7682,0.7584,0.0797,0.4428,672,True
ACH-000957,Olanzapine,5.0,24830,0.7633,0.7354,0.0846,0.6472,700,True
ACH-000957,PF-06260933,0.05,24400,3.4361,0.7294,-0.0151,0.0048,8639,True
ACH-000957,Palmatine (chloride),5.0,24571,0.7533,0.7222,0.0773,0.6752,528,True
ACH-000957,Pasireotide (acetate),5.0,25217,0.8072,0.7043,0.0911,0.6163,1042,True
ACH-000957,Pentagastrin,5.0,25345,0.7862,0.6868,0.0615,0.597,561,True
ACH-000957,Pentamidine (isethionate),0.5,23614,0.8228,0.712,0.0461,0.0456,1129,True
ACH-000957,Pentamidine (isethionate),5.0,24933,0.7647,0.7748,0.069,0.5523,1054,True
ACH-000957,Pralsetinib,0.05,24991,0.7551,0.7585,0.0299,0.0926,1984,True
ACH-000957,Pravastatin (sodium),0.05,21745,0.6938,0.7996,0.0116,0.2505,706,True
ACH-000957,Pravastatin (sodium),0.5,24501,0.7683,0.6885,-0.0101,0.0032,776,True
ACH-000957,Pravastatin (sodium),5.0,23347,0.7963,0.7732,-0.0486,-0.3894,1318,True
ACH-000957,Pyridoxine,5.0,24511,0.767,0.7359,0.0581,0.6318,678,True
ACH-000957,Pyridoxine (hydrochloride),5.0,24668,0.7857,0.6738,0.0832,0.5545,804,True
ACH-000957,Quinestrol,5.0,25074,0.7669,0.7174,0.0775,0.7668,573,True
ACH-000957,Radotinib,5.0,24448,0.7902,0.7689,0.1119,0.7503,1499,True
ACH-000957,Raltitrexed,5.0,25184,0.7731,0.6758,0.0638,0.7464,647,True
ACH-000957,Rapamycin,5.0,24696,0.7758,0.7634,0.1106,0.4782,971,True
ACH-000957,Regorafenib,0.05,25108,0.7145,0.7506,-0.0132,-0.0422,1219,True
ACH-000957,Regorafenib,0.5,24933,0.7793,0.6688,-0.0098,-0.3224,598,True
ACH-000957,Regorafenib,5.0,22755,0.6873,0.8614,-0.0031,-0.4458,487,True
ACH-000957,Relugolix,5.0,25019,0.76,0.6699,0.0307,0.6466,301,True
ACH-000957,Resveratrol,5.0,24114,0.7938,0.6941,0.0992,0.4907,984,True
ACH-000957,Retinoic acid,5.0,25243,0.7845,0.7202,0.0688,0.705,982,True
ACH-000957,Riluzole hydrochloride,5.0,25363,0.7831,0.7594,0.1102,0.7181,1480,True
ACH-000957,Rimonabant,5.0,24720,0.762,0.7106,0.0943,0.7424,654,True
ACH-000957,Ritonavir,5.0,24507,0.7541,0.7488,0.0902,0.67,528,True
ACH-000957,Ropivacaine (hydrochloride monohydrate),5.0,24550,0.7653,0.7001,0.0831,0.7653,803,True
ACH-000957,S-Adenosyl-L-methionine (disulfate tosylate),5.0,25083,0.7888,0.7429,0.1047,0.8256,908,True
ACH-000957,Salicylic acid,5.0,24749,0.7458,0.8436,0.0866,0.5477,653,True
ACH-000957,Saquinavir,5.0,23818,0.774,0.8212,0.1548,0.6196,546,True
ACH-000957,Selinexor ,5.0,23929,1.042,0.8381,0.2846,0.7039,2582,True
ACH-000957,Sinomenine,5.0,24527,0.7672,0.687,0.0829,0.6044,519,True
ACH-000957,Sodium Salicylate,5.0,25218,0.7848,0.7766,0.0869,0.5545,1419,True
ACH-000957,Sonidegib,0.05,24627,2.2381,0.7338,0.0101,-0.0516,563,True
ACH-000957,Sulfisoxazole,0.5,23612,0.8811,0.7399,0.1361,0.1916,1922,True
ACH-000957,Sulfisoxazole,5.0,24718,0.7801,0.7377,0.0983,0.5464,623,True
ACH-000957,Temsirolimus,5.0,24622,0.7593,0.7495,0.1152,0.7214,575,True
ACH-000957,Terfenadine,0.5,23301,0.8824,0.711,0.071,-0.0587,1810,True
ACH-000957,Terfenadine,5.0,24486,0.7734,0.7326,0.0677,0.605,1274,True
ACH-000957,Thymol,5.0,24429,0.7715,0.7231,0.0631,0.5042,1089,True
ACH-000957,Tofacitinib,5.0,24481,0.7564,0.7346,0.1029,0.5765,614,True
ACH-000957,Tofacitinib (citrate),5.0,24825,0.7656,0.7446,0.0928,0.6356,793,True
ACH-000957,Tolcapone,5.0,25114,0.7687,0.7237,0.0892,0.7701,427,True
ACH-000957,Topotecan (hydrochloride),0.05,21332,0.6532,0.8285,0.0144,0.0176,851,True
ACH-000957,Topotecan (hydrochloride),0.5,25019,0.7473,0.8063,-0.0262,-0.2993,955,True
ACH-000957,Topotecan (hydrochloride),5.0,22587,0.7241,0.9717,-0.0115,-0.1688,882,True
ACH-000957,Trametinib,0.05,25260,0.7615,0.8135,0.1486,0.5321,2457,True
ACH-000957,Trametinib,0.5,25530,0.8157,0.8233,0.1673,0.5571,2583,True
ACH-000957,Trametinib,5.0,24117,0.7443,1.0046,0.1434,0.5966,3846,True
ACH-000957,Triamcinolone,5.0,24694,0.7986,0.7767,0.113,0.6601,1412,True
ACH-000957,Triclosan,5.0,25044,0.7558,0.7675,0.0671,0.7013,716,True
ACH-000957,Trifluridine,5.0,24451,0.7449,0.731,0.0986,0.6822,517,True
ACH-000957,Trimetrexate,5.0,24479,0.758,0.7656,0.0998,0.6438,490,True
ACH-000957,Tucidinostat,5.0,25652,0.8862,1.1683,0.3593,0.8536,2565,True
ACH-000957,Vilanterol,5.0,24588,0.7632,0.7152,0.095,0.6989,717,True
ACH-000957,Vinblastine (sulfate),5.0,24640,0.7946,0.8741,0.1654,0.755,1661,True
ACH-000957,c-Kit-IN-1,0.05,24344,3.2198,0.8153,0.0258,0.0172,7288,True
ACH-000957,olaparib,0.05,24517,3.529,0.7273,0.0453,-0.0063,8881,True
ACH-000958,(R)-Verapamil (hydrochloride),5.0,22677,0.7813,0.7546,0.0558,0.8638,190,True
ACH-000958,18β-Glycyrrhetinic acid,5.0,21695,0.7933,0.8704,0.1029,0.6419,322,True
ACH-000958,8-Hydroxyquinoline,5.0,22062,0.8173,0.7332,0.0976,0.7128,271,True
ACH-000958,Acetohexamide,5.0,22366,0.7853,0.7982,0.0532,0.6497,201,True
ACH-000958,Adagrasib,0.05,29867,0.468,0.5686,0.1179,0.7437,1273,True
ACH-000958,Adenine,5.0,22352,0.8125,0.6905,0.0483,0.6558,319,True
ACH-000958,Adenosine,5.0,22361,0.7899,0.788,0.0508,0.6872,318,True
ACH-000958,Afatinib,0.05,20806,0.709,0.8403,0.0417,-0.0554,683,False
ACH-000958,Afatinib,0.5,24126,0.6742,0.7299,0.0297,-0.1357,265,False
ACH-000958,Afatinib,5.0,20584,0.6872,1.0261,0.0278,0.3003,272,False
ACH-000958,Aliskiren,5.0,22538,0.8058,0.7441,0.0614,0.8155,209,True
ACH-000958,Allantoin,5.0,21933,0.817,0.7611,0.1207,0.6934,496,True
ACH-000958,Almonertinib (hydrochloride),5.0,21641,0.83,0.7894,0.1184,0.6052,628,True
ACH-000958,Almonertinib (mesylate),0.05,17442,0.7164,0.908,0.0081,0.3741,63,True
ACH-000958,Almonertinib (mesylate),0.5,21258,0.8384,0.7005,-0.01,0.2969,102,True
ACH-000958,Almonertinib (mesylate),5.0,18645,1.0,0.7856,-0.0291,-0.0454,355,True
ACH-000958,Amsacrine,5.0,22015,0.8332,0.9333,0.1853,0.6698,490,True
ACH-000958,Anethole trithione,5.0,22270,0.8366,0.7176,0.0962,0.639,804,True
ACH-000958,Artesunate,5.0,21973,0.8643,0.7932,0.1671,0.7825,1003,True
ACH-000958,Azithromycin (hydrate),5.0,21794,0.8078,0.7757,0.1216,0.5175,330,True
ACH-000958,Baicalin,5.0,22787,0.8322,0.7297,0.0957,0.774,307,True
ACH-000958,Balsalazide (sodium hydrate),5.0,22794,0.8066,0.7149,0.0746,0.8497,177,True
ACH-000958,Belumosudil,0.05,18266,0.725,0.9015,0.0043,0.4235,78,True
ACH-000958,Belumosudil,0.5,21270,0.8172,0.7291,0.0068,0.1387,109,True
ACH-000958,Belumosudil,5.0,18803,0.8722,0.8579,-0.0182,-0.0878,494,True
ACH-000958,Berbamine,0.5,20887,0.8271,0.7725,-0.0365,-0.3317,723,True
ACH-000958,Berbamine,5.0,22158,0.7942,0.7279,0.0522,0.6838,177,True
ACH-000958,Berbamine (dihydrochloride),0.05,17672,0.7148,0.9205,0.0428,0.5352,181,True
ACH-000958,Berbamine (dihydrochloride),0.5,20543,0.8394,0.6824,-0.0043,0.0449,227,True
ACH-000958,Berbamine (dihydrochloride),5.0,18449,1.0141,0.8201,0.0118,0.0721,443,True
ACH-000958,Berberine (chloride hydrate),5.0,22766,0.8271,0.6915,0.0589,0.7114,228,True
ACH-000958,Bergenin,5.0,22089,0.8258,0.7438,0.0814,0.5561,575,True
ACH-000958,Bimatoprost,5.0,22601,0.7919,0.8066,0.0842,0.6435,159,True
ACH-000958,Binimetinib,0.05,21533,0.8383,0.805,0.1293,0.4796,969,True
ACH-000958,Binimetinib,0.5,20868,0.8814,0.853,0.146,0.5865,885,True
ACH-000958,Binimetinib,5.0,18326,0.727,1.0233,0.0976,0.525,1395,True
ACH-000958,Busulfan,5.0,21739,0.8116,0.7749,0.1108,0.6647,375,True
ACH-000958,Captopril,0.05,19415,0.7978,0.8524,0.0404,-0.1889,830,True
ACH-000958,Cepharanthine,5.0,21889,0.8071,0.8513,0.0975,0.7195,396,True
ACH-000958,Chlorhexidine (diacetate),0.5,20928,0.8313,0.7595,-0.01,-0.049,552,True
ACH-000958,Chlorhexidine (diacetate),5.0,22353,0.814,0.7631,0.0867,0.7083,245,True
ACH-000958,Ciclopirox,5.0,21652,0.8076,0.8636,0.137,0.6925,327,True
ACH-000958,Clonidine (hydrochloride),5.0,23082,0.8361,0.7052,0.0763,0.6825,520,True
ACH-000958,Clotrimazole,5.0,22397,0.804,0.775,0.0715,0.7237,185,True
ACH-000958,Cloxacillin (sodium),5.0,22155,0.793,0.7152,0.054,0.6662,232,True
ACH-000958,Cysteamine (hydrochloride),5.0,22424,0.7876,0.716,0.0513,0.6959,80,True
ACH-000958,Cytarabine,0.05,18133,0.7117,0.9127,0.0461,0.2451,200,True
ACH-000958,Cytarabine,0.5,20903,0.8303,0.7111,0.0019,-0.2054,112,True
ACH-000958,Cytarabine,5.0,18828,0.7374,0.9251,0.0203,-0.0279,79,True
ACH-000958,Daidzin,0.05,17847,0.754,0.8985,0.001,-0.1268,203,True
ACH-000958,Daidzin,0.5,20550,0.848,0.6622,0.0061,-0.1056,148,True
ACH-000958,Daidzin,5.0,18663,1.0301,0.7821,-0.0028,0.049,321,True
ACH-000958,Darinaparsin,5.0,22178,0.8077,0.8274,0.0728,0.7492,337,True
ACH-000958,Demeclocycline,5.0,22167,0.7865,0.7612,0.0512,0.6391,179,True
ACH-000958,Diammonium Glycyrrhizinate,5.0,22234,0.8022,0.7495,0.0778,0.8526,186,True
ACH-000958,Docetaxel,5.0,22911,0.7863,0.8076,0.0772,0.7669,449,True
ACH-000958,Elagolix sodium,5.0,21743,0.8376,0.745,0.1193,0.6218,473,True
ACH-000958,Flumatinib (mesylate),0.05,17347,0.7075,0.93,0.0139,0.3392,172,True
ACH-000958,Flumatinib (mesylate),0.5,20580,0.8186,0.7563,0.0264,0.3504,114,True
ACH-000958,Flumatinib (mesylate),5.0,18204,0.7968,0.8693,-0.0049,-0.5381,142,True
ACH-000958,Fluvoxamine (maleate),5.0,22086,0.8003,0.7576,0.0761,0.8294,126,True
ACH-000958,Folic acid,5.0,22059,0.812,0.6793,0.0421,0.6063,196,True
ACH-000958,Fumaric acid,0.05,17709,0.7269,0.9388,0.0199,0.3113,144,True
ACH-000958,Fumaric acid,0.5,20792,0.8583,0.7343,0.0159,0.1835,109,True
ACH-000958,Fumaric acid,5.0,19140,0.8384,0.8651,-0.0521,-0.3749,350,True
ACH-000958,Furosemide,5.0,22400,0.7653,0.7512,0.0444,0.743,158,True
ACH-000958,Fusidic acid,5.0,22467,0.8052,0.7357,0.0803,0.7712,270,True
ACH-000958,Gallic acid,5.0,22472,0.8219,0.7007,0.0549,0.7244,386,True
ACH-000958,Gallic acid (hydrate),5.0,22117,0.8229,0.7931,0.0932,0.6045,289,True
ACH-000958,Gemfibrozil,5.0,22217,0.8089,0.7822,0.0791,0.7048,302,True
ACH-000958,Goserelin (acetate),5.0,22474,0.832,0.7193,0.0756,0.7691,525,True
ACH-000958,Hexylresorcinol,5.0,22863,0.8347,0.7264,0.0924,0.6809,533,True
ACH-000958,Homoharringtonine,5.0,22983,1.408,1.475,0.6549,0.8968,6661,True
ACH-000958,Hydroxyfasudil,0.05,20739,1.9769,0.793,-0.0395,-0.0623,338,True
ACH-000958,Idarubicin (hydrochloride),5.0,22515,1.4422,1.6344,0.6289,0.8338,4563,True
ACH-000958,Irinotecan (hydrochloride),0.05,16992,0.7925,0.9133,0.0477,0.0989,552,True
ACH-000958,Irinotecan (hydrochloride),0.5,20791,0.8466,0.71,-0.0275,-0.3588,251,True
ACH-000958,Irinotecan (hydrochloride),5.0,18250,1.0364,0.8344,-0.0205,-0.0919,556,True
ACH-000958,Isocorydine,5.0,22292,0.8101,0.7144,0.0773,0.6685,384,True
ACH-000958,L-Thyroxine (sodium salt pentahydrate),5.0,20967,2.1415,0.6962,0.0521,0.1519,267,True
ACH-000958,Larotrectinib,5.0,22191,0.8151,0.9186,0.1245,0.3959,196,True
ACH-000958,Lenalidomide (hemihydrate),5.0,21652,0.7933,0.7807,0.093,0.707,217,True
ACH-000958,Lidocaine (hydrochloride),5.0,21736,0.8103,0.9149,0.1094,0.6274,641,True
ACH-000958,Lipoic acid,5.0,22600,0.7985,0.7214,0.0621,0.8032,341,True
ACH-000958,Lumateperone (tosylate),5.0,22498,0.8027,0.7079,0.0676,0.7595,187,True
ACH-000958,Malotilate,0.05,19478,0.8719,0.8415,0.1016,-0.0245,1573,True
ACH-000958,Medroxyprogesterone acetate,5.0,21504,0.8129,0.76,0.1298,0.5714,220,True
ACH-000958,Megestrol,5.0,22833,0.7793,0.7566,0.0518,0.7557,169,True
ACH-000958,Methylprednisolone succinate,0.05,20216,2.5817,0.8151,-0.018,0.0595,62,True
ACH-000958,Mitoxantrone (dihydrochloride),5.0,22462,0.79,1.2086,0.0686,0.4823,264,True
ACH-000958,Naproxen,0.05,16860,0.701,0.9236,0.0241,0.3153,69,True
ACH-000958,Naproxen,0.5,20913,0.814,0.7295,0.0026,-0.3275,58,True
ACH-000958,Naproxen,5.0,18109,0.7545,0.868,0.0263,-0.3247,122,True
ACH-000958,Neratinib (maleate),5.0,22315,0.8598,0.7894,0.106,0.7226,843,True
ACH-000958,Norepinephrine (hydrochloride),5.0,21930,0.789,0.8057,0.0587,0.633,231,True
ACH-000958,Olanzapine,5.0,22364,0.8102,0.7683,0.0792,0.7776,337,True
ACH-000958,Palmatine (chloride),5.0,21882,0.781,0.7822,0.0786,0.7674,205,True
ACH-000958,Pasireotide (acetate),5.0,22591,0.8492,0.7294,0.0794,0.6407,402,True
ACH-000958,Pentagastrin,5.0,23019,0.8186,0.6913,0.0513,0.7674,156,True
ACH-000958,Pentamidine (isethionate),0.5,19390,0.9315,0.7334,0.0564,0.055,269,True
ACH-000958,Pentamidine (isethionate),5.0,22445,0.8031,0.8114,0.075,0.7038,407,True
ACH-000958,Pralsetinib,0.05,21089,0.7744,0.8236,0.0027,0.0185,688,True
ACH-000958,Pravastatin (sodium),0.05,17049,0.7337,0.9072,0.0503,0.157,186,True
ACH-000958,Pravastatin (sodium),0.5,20370,0.8344,0.7074,-0.0054,-0.2046,273,True
ACH-000958,Pravastatin (sodium),5.0,18673,0.8813,0.8223,-0.0622,-0.363,469,True
ACH-000958,Pyridoxine,5.0,22066,0.8037,0.7868,0.0631,0.7254,224,True
ACH-000958,Pyridoxine (hydrochloride),5.0,22404,0.8354,0.6906,0.0845,0.5751,278,True
ACH-000958,Quinestrol,5.0,22323,0.7985,0.7576,0.0819,0.7934,282,True
ACH-000958,Radotinib,5.0,21939,0.8015,0.7743,0.0886,0.6752,392,True
ACH-000958,Raltitrexed,5.0,22606,0.8169,0.6848,0.0687,0.7132,195,True
ACH-000958,Rapamycin,5.0,22641,0.8036,0.7824,0.0876,0.7157,365,True
ACH-000958,Regorafenib,0.05,20973,0.7604,0.8115,-0.0106,-0.1194,388,True
ACH-000958,Regorafenib,0.5,20734,0.8658,0.6501,-0.0149,-0.3592,203,True
ACH-000958,Regorafenib,5.0,18597,0.7468,0.919,-0.0075,-0.464,134,True
ACH-000958,Relugolix,5.0,22258,0.8002,0.6945,0.0422,0.7028,149,True
ACH-000958,Resveratrol,5.0,21654,0.8276,0.7337,0.0924,0.3589,450,True
ACH-000958,Retinoic acid,5.0,22670,0.8218,0.7352,0.0612,0.7393,456,True
ACH-000958,Riluzole hydrochloride,5.0,22620,0.8152,0.779,0.097,0.7732,455,True
ACH-000958,Rimonabant,5.0,22260,0.8092,0.7491,0.0988,0.7957,318,True
ACH-000958,Ritonavir,5.0,21958,0.7903,0.7831,0.0878,0.7058,167,True
ACH-000958,Ropivacaine (hydrochloride monohydrate),5.0,21786,0.7965,0.737,0.088,0.7735,339,True
ACH-000958,S-Adenosyl-L-methionine (disulfate tosylate),5.0,22249,0.8163,0.7705,0.1163,0.8403,396,True
ACH-000958,Salicylic acid,5.0,22420,0.7868,0.7951,0.0833,0.7281,238,True
ACH-000958,Saquinavir,5.0,21282,0.8191,0.8637,0.1728,0.5816,252,True
ACH-000958,Selinexor ,5.0,21655,0.9674,0.8379,0.2556,0.6938,1511,True
ACH-000958,Sinomenine,5.0,21864,0.818,0.7196,0.0918,0.6193,314,True
ACH-000958,Sodium Salicylate,5.0,22496,0.8277,0.7935,0.0874,0.701,410,True
ACH-000958,Sonidegib,0.05,20593,2.3314,0.7931,-0.0177,0.0149,211,True
ACH-000958,Sulfisoxazole,0.5,19554,0.9353,0.7691,0.1044,0.0626,584,True
ACH-000958,Sulfisoxazole,5.0,22156,0.8149,0.7906,0.1171,0.7446,261,True
ACH-000958,Temsirolimus,5.0,22166,0.7917,0.783,0.0729,0.7435,232,True
ACH-000958,Terfenadine,0.5,19221,0.9877,0.7426,0.0733,-0.0757,442,True
ACH-000958,Terfenadine,5.0,21959,0.8185,0.7814,0.0958,0.6938,747,True
ACH-000958,Thymol,5.0,21861,0.7894,0.7854,0.0782,0.6195,280,True
ACH-000958,Tofacitinib,5.0,21824,0.8246,0.8019,0.1282,0.7215,320,True
ACH-000958,Tofacitinib (citrate),5.0,22314,0.8151,0.7907,0.0777,0.7241,561,True
ACH-000958,Tolcapone,5.0,22382,0.8102,0.753,0.0982,0.7705,241,True
ACH-000958,Topotecan (hydrochloride),0.05,17016,0.6784,0.9328,0.0002,-0.0696,210,True
ACH-000958,Topotecan (hydrochloride),0.5,21040,0.8094,0.8054,-0.0274,-0.3808,167,True
ACH-000958,Topotecan (hydrochloride),5.0,17907,0.748,0.9931,-0.0181,-0.2365,203,True
ACH-000958,Trametinib,0.05,21275,0.7951,0.8532,0.1079,0.5286,719,True
ACH-000958,Trametinib,0.5,20667,0.8874,0.8484,0.1838,0.5402,703,True
ACH-000958,Trametinib,5.0,19800,0.7924,1.0596,0.151,0.6659,1461,True
ACH-000958,Triamcinolone,5.0,22198,0.8347,0.795,0.1237,0.7547,601,True
ACH-000958,Triclosan,5.0,22266,0.8113,0.7702,0.0949,0.6088,258,True
ACH-000958,Trifluridine,5.0,21615,0.8075,0.7874,0.0955,0.4748,266,True
ACH-000958,Trimetrexate,5.0,21906,0.7956,0.8318,0.0994,0.6994,268,True
ACH-000958,Tucidinostat,5.0,22637,0.8493,1.0025,0.2154,0.8297,743,True
ACH-000958,Vilanterol,5.0,22039,0.8,0.7759,0.0892,0.7963,355,True
ACH-000958,Vinblastine (sulfate),5.0,22180,0.819,0.8142,0.1238,0.7439,583,True
ACH-000958,olaparib,0.05,20631,2.5904,0.7988,0.0275,0.0979,125,True
ACH-000997,(R)-Verapamil (hydrochloride),5.0,22107,0.8044,0.7272,0.0553,0.9201,54,True
ACH-000997,18β-Glycyrrhetinic acid,5.0,21134,0.8071,0.8486,0.1047,0.6794,107,True
ACH-000997,8-Hydroxyquinoline,5.0,21493,0.8375,0.701,0.0692,0.7861,200,True
ACH-000997,Acetohexamide,5.0,21805,0.8293,0.7709,0.0403,0.2131,175,True
ACH-000997,Adagrasib,0.05,30793,0.4686,0.5577,0.1128,0.784,1406,True
ACH-000997,Adenine,5.0,21601,0.8357,0.6729,0.0524,0.6746,94,True
ACH-000997,Adenosine,5.0,21836,0.8174,0.769,0.0474,0.7483,68,True
ACH-000997,Afatinib,0.05,22388,0.702,0.7686,0.0451,-0.0351,685,False
ACH-000997,Afatinib,0.5,25226,0.614,0.7698,0.0151,0.1273,848,False
ACH-000997,Afatinib,5.0,21748,0.6397,0.9839,-0.0045,0.4431,317,False
ACH-000997,Aliskiren,5.0,21796,0.8157,0.7189,0.0474,,49,True
ACH-000997,Allantoin,5.0,21013,0.8456,0.7419,0.1157,0.6127,419,True
ACH-000997,Almonertinib (hydrochloride),5.0,21275,0.8201,0.7736,0.1013,0.5686,147,True
ACH-000997,Almonertinib (mesylate),0.05,19776,0.6896,0.8648,0.0377,0.1899,174,True
ACH-000997,Almonertinib (mesylate),0.5,23794,0.7976,0.6827,0.0053,0.4795,411,True
ACH-000997,Almonertinib (mesylate),5.0,20970,0.8695,0.7854,-0.033,0.0145,405,True
ACH-000997,Amsacrine,5.0,21970,0.8446,0.7545,0.0961,0.7964,214,True
ACH-000997,Anethole trithione,5.0,21963,0.8442,0.6972,0.086,0.8166,193,True
ACH-000997,Artesunate,5.0,21343,0.8726,0.7707,0.1508,0.7792,582,True
ACH-000997,Azithromycin (hydrate),5.0,21447,0.8265,0.7833,0.0827,0.7603,115,True
ACH-000997,Baicalin,5.0,21980,0.8332,0.7085,0.0881,0.7865,85,True
ACH-000997,Balsalazide (sodium hydrate),5.0,22156,0.8276,0.6917,0.0501,0.6599,53,True
ACH-000997,Belumosudil,0.05,20494,0.6791,0.8374,0.0168,0.435,160,True
ACH-000997,Belumosudil,0.5,23679,0.7669,0.7281,0.0335,0.4129,388,True
ACH-000997,Belumosudil,5.0,20158,0.7665,0.8528,0.0255,-0.0314,378,True
ACH-000997,Berbamine,0.5,21620,0.7138,0.8158,-0.0131,-0.3145,688,True
ACH-000997,Berbamine,5.0,21267,0.8066,0.7025,0.0436,0.8024,55,True
ACH-000997,Berbamine (dihydrochloride),0.05,19907,0.6694,0.8597,0.046,0.4552,315,True
ACH-000997,Berbamine (dihydrochloride),0.5,23083,0.7983,0.6818,-0.0022,0.1333,308,True
ACH-000997,Berbamine (dihydrochloride),5.0,20874,0.8648,0.807,-0.019,0.1561,492,True
ACH-000997,Berberine (chloride hydrate),5.0,21804,0.8443,0.6729,0.0523,0.7548,65,True
ACH-000997,Bergenin,5.0,21450,0.8157,0.7095,0.0554,0.7505,84,True
ACH-000997,Bimatoprost,5.0,21974,0.8182,0.786,0.0764,0.6815,64,True
ACH-000997,Binimetinib,0.05,22138,0.8912,0.7494,0.1188,0.4986,1044,True
ACH-000997,Binimetinib,0.5,22422,0.8072,0.8484,0.1002,0.4584,1087,True
ACH-000997,Binimetinib,5.0,18158,0.559,1.0271,0.112,0.4598,1732,True
ACH-000997,Busulfan,5.0,20950,0.865,0.7485,0.1173,0.5634,272,True
ACH-000997,Captopril,0.05,21552,0.7567,0.802,0.0654,0.13,685,True
ACH-000997,Cepharanthine,5.0,21318,0.8398,0.8782,0.1178,0.7482,259,True
ACH-000997,Chlorhexidine (diacetate),0.5,21975,0.7477,0.7883,0.0092,-0.0648,750,True
ACH-000997,Chlorhexidine (diacetate),5.0,22074,0.8497,0.7428,0.1111,0.8358,182,True
ACH-000997,Ciclopirox,5.0,20885,0.833,0.8176,0.1301,0.567,125,True
ACH-000997,Clonidine (hydrochloride),5.0,22447,0.8419,0.6775,0.0839,0.8318,76,True
ACH-000997,Clotrimazole,5.0,21981,0.8167,0.7573,0.0581,0.8226,62,True
ACH-000997,Cloxacillin (sodium),5.0,21863,0.8295,0.6874,0.0529,,43,True
ACH-000997,Cysteamine (hydrochloride),5.0,21834,0.8181,0.6993,0.0503,,37,True
ACH-000997,Cytarabine,0.05,21035,0.71,0.8525,0.0382,0.2215,394,True
ACH-000997,Cytarabine,0.5,23270,0.7957,0.6865,0.0066,-0.2449,389,True
ACH-000997,Cytarabine,5.0,21371,0.7062,0.8739,0.0242,0.3938,171,True
ACH-000997,DTP3,0.05,21614,2.5957,0.731,0.0108,0.0625,130,True
ACH-000997,Daidzin,0.05,20410,0.7086,0.8501,0.0067,-0.0635,286,True
ACH-000997,Daidzin,0.5,22870,0.791,0.6665,0.0442,0.0754,317,True
ACH-000997,Daidzin,5.0,21053,0.9502,0.7741,0.0014,0.1191,391,True
ACH-000997,Darinaparsin,5.0,21674,0.839,0.7771,0.0887,0.8206,163,True
ACH-000997,Demeclocycline,5.0,21678,0.8139,0.7257,0.0341,0.599,80,True
ACH-000997,Diammonium Glycyrrhizinate,5.0,21454,0.8129,0.7132,0.0634,0.7036,88,True
ACH-000997,Docetaxel,5.0,22492,0.803,0.7941,0.0443,0.7286,334,True
ACH-000997,Elagolix sodium,5.0,21194,0.8417,0.7181,0.087,0.5422,303,True
ACH-000997,Flumatinib (mesylate),0.05,19586,0.6791,0.8699,0.0281,0.4395,253,True
ACH-000997,Flumatinib (mesylate),0.5,23039,0.7792,0.7391,0.0328,0.5133,541,True
ACH-000997,Flumatinib (mesylate),5.0,20618,0.7266,0.8428,-0.0001,-0.1461,224,True
ACH-000997,Fluvoxamine (maleate),5.0,21660,0.8156,0.7378,0.0695,,32,True
ACH-000997,Folic acid,5.0,21551,0.8245,0.6578,0.0491,,47,True
ACH-000997,Fumaric acid,0.05,20027,0.6843,0.8717,0.0178,0.1594,361,True
ACH-000997,Fumaric acid,0.5,23368,0.8034,0.7315,0.0261,0.311,315,True
ACH-000997,Fumaric acid,5.0,21332,0.7982,0.8498,-0.0438,-0.2878,613,True
ACH-000997,Furosemide,5.0,21810,0.7945,0.72,0.033,,45,True
ACH-000997,Fusidic acid,5.0,21711,0.8183,0.6968,0.0603,,36,True
ACH-000997,Gallic acid,5.0,21719,0.8287,0.6734,0.0682,0.6389,107,True
ACH-000997,Gallic acid (hydrate),5.0,21413,0.8351,0.7555,0.1055,0.5736,126,True
ACH-000997,Gemfibrozil,5.0,21368,0.8369,0.7434,0.0827,0.5702,155,True
ACH-000997,Goserelin (acetate),5.0,22305,0.8269,0.7019,0.054,0.7487,99,True
ACH-000997,Hexylresorcinol,5.0,22703,0.8183,0.7288,0.0706,0.798,90,True
ACH-000997,Homoharringtonine,5.0,22672,1.4175,1.5977,0.6533,0.8856,5823,True
ACH-000997,Hydroxyfasudil,0.05,21491,1.8806,0.7133,0.0192,-0.0175,402,True
ACH-000997,Idarubicin (hydrochloride),5.0,23837,1.4071,1.5026,0.6078,0.8654,4761,True
ACH-000997,Irinotecan (hydrochloride),0.05,19487,0.7424,0.8577,0.0427,0.2408,845,True
ACH-000997,Irinotecan (hydrochloride),0.5,22945,0.8126,0.6936,-0.0112,-0.201,720,True
ACH-000997,Irinotecan (hydrochloride),5.0,20873,0.8616,0.7901,-0.0347,-0.0639,937,True
ACH-000997,Isocorydine,5.0,21976,0.8301,0.6768,0.0666,0.7211,107,True
ACH-000997,L-Thyroxine (sodium salt pentahydrate),5.0,20214,1.6022,0.6566,0.0784,0.0755,187,True
ACH-000997,Larotrectinib,5.0,21648,0.8289,0.8548,0.1175,0.6774,56,True
ACH-000997,Lenalidomide (hemihydrate),5.0,20925,0.8071,0.7471,0.0809,0.6643,70,True
ACH-000997,Lidocaine (hydrochloride),5.0,20839,0.851,0.899,0.124,0.6023,465,True
ACH-000997,Lipoic acid,5.0,22143,0.8209,0.7037,0.0373,0.636,107,True
ACH-000997,Lumateperone (tosylate),5.0,21906,0.8227,0.6847,0.0784,,26,True
ACH-000997,Malotilate,0.05,21519,0.8421,0.7835,0.0979,0.0501,1884,True
ACH-000997,Medroxyprogesterone acetate,5.0,20737,0.8314,0.7247,0.0783,0.093,194,True
ACH-000997,Megestrol,5.0,22235,0.8195,0.7358,0.0513,0.6811,68,True
ACH-000997,Methylprednisolone succinate,0.05,21246,2.7152,0.7237,-0.0095,0.1123,57,True
ACH-000997,Mitoxantrone (dihydrochloride),5.0,22142,0.8371,0.9064,0.0836,0.6834,227,True
ACH-000997,Naproxen,0.05,19023,0.6335,0.8549,0.0144,0.005,72,True
ACH-000997,Naproxen,0.5,23007,0.765,0.6975,-0.0197,-0.2484,201,True
ACH-000997,Naproxen,5.0,20198,0.6827,0.8066,0.0115,-0.4823,116,True
ACH-000997,Neratinib (maleate),5.0,21531,0.8367,0.8027,0.104,0.7683,124,True
ACH-000997,Norepinephrine (hydrochloride),5.0,21073,0.8102,0.7702,0.0837,0.4993,152,True
ACH-000997,Olanzapine,5.0,21724,0.8289,0.7432,0.0805,0.8828,73,True
ACH-000997,PF-06260933,0.05,21283,2.6251,0.7064,-0.0197,-0.1291,96,True
ACH-000997,Palmatine (chloride),5.0,21391,0.8188,0.7244,0.0605,0.6701,147,True
ACH-000997,Pasireotide (acetate),5.0,22375,0.8532,0.7263,0.091,0.6982,157,True
ACH-000997,Pentagastrin,5.0,22347,0.8266,0.68,0.0615,,48,True
ACH-000997,Pentamidine (isethionate),0.5,20892,0.8332,0.7763,0.0843,0.0389,317,True
ACH-000997,Pentamidine (isethionate),5.0,21836,0.8275,0.7725,0.0833,0.7564,208,True
ACH-000997,Pralsetinib,0.05,22225,0.8465,0.7271,0.0463,0.2002,689,True
ACH-000997,Pravastatin (sodium),0.05,19227,0.684,0.8404,0.0219,0.147,279,True
ACH-000997,Pravastatin (sodium),0.5,22599,0.7682,0.6796,0.0119,-0.0019,325,True
ACH-000997,Pravastatin (sodium),5.0,20874,0.8028,0.828,-0.0483,-0.3952,642,True
ACH-000997,Pyridoxine,5.0,21280,0.8277,0.7571,0.0669,0.5357,89,True
ACH-000997,Pyridoxine (hydrochloride),5.0,22188,0.8661,0.675,0.0837,0.6481,188,True
ACH-000997,Quinestrol,5.0,21997,0.8181,0.7228,0.0751,0.8384,68,True
ACH-000997,Radotinib,5.0,21181,0.8243,0.7413,0.0904,0.6314,182,True
ACH-000997,Ralimetinib dimesylate,0.05,21169,2.6327,0.725,0.0504,-0.0096,101,True
ACH-000997,Raltitrexed,5.0,22171,0.8388,0.682,0.0754,0.8778,83,True
ACH-000997,Rapamycin,5.0,21731,0.8429,0.7708,0.0849,0.6766,163,True
ACH-000997,Regorafenib,0.05,22274,0.8217,0.7147,0.0159,0.1706,325,True
ACH-000997,Regorafenib,0.5,23048,0.7816,0.7073,0.002,-0.2442,184,True
ACH-000997,Regorafenib,5.0,18698,0.6177,0.9648,-0.0119,-0.0609,152,True
ACH-000997,Relugolix,5.0,22005,0.8176,0.6553,0.0321,,40,True
ACH-000997,Resveratrol,5.0,20877,0.8617,0.6991,0.0992,0.4581,270,True
ACH-000997,Retinoic acid,5.0,22441,0.8288,0.7157,0.0824,0.8058,149,True
ACH-000997,Riluzole hydrochloride,5.0,22002,0.8478,0.759,0.0926,0.7707,260,True
ACH-000997,Rimonabant,5.0,21930,0.8262,0.721,0.0822,0.7907,149,True
ACH-000997,Ritonavir,5.0,21184,0.8159,0.7731,0.0912,0.6326,99,True
ACH-000997,Ropivacaine (hydrochloride monohydrate),5.0,21267,0.8156,0.7117,0.0755,0.8632,151,True
ACH-000997,S-Adenosyl-L-methionine (disulfate tosylate),5.0,21607,0.8354,0.7339,0.1037,0.8251,176,True
ACH-000997,Salicylic acid,5.0,22048,0.8129,0.7799,0.0751,0.7615,58,True
ACH-000997,Saquinavir,5.0,20565,0.8346,0.8474,0.1688,0.5512,120,True
ACH-000997,Selinexor ,5.0,20945,0.9496,0.8122,0.2217,0.7538,1014,True
ACH-000997,Sinomenine,5.0,21468,0.8146,0.7054,0.0683,0.6216,84,True
ACH-000997,Sodium Salicylate,5.0,22254,0.8288,0.797,0.0805,0.8023,197,True
ACH-000997,Sonidegib,0.05,21555,2.2662,0.6927,0.0151,0.0822,221,True
ACH-000997,Sulfisoxazole,0.5,21011,0.8454,0.8194,0.1277,0.2867,705,True
ACH-000997,Sulfisoxazole,5.0,21500,0.8294,0.7661,0.0883,,36,True
ACH-000997,Temsirolimus,5.0,21561,0.8128,0.7576,0.0704,0.8296,91,True
ACH-000997,Terfenadine,0.5,20425,0.8983,0.8105,0.1766,0.032,1052,True
ACH-000997,Terfenadine,5.0,21407,0.8263,0.7467,0.0593,0.7438,151,True
ACH-000997,Thymol,5.0,21030,0.8286,0.7392,0.077,0.4996,268,True
ACH-000997,Tofacitinib,5.0,21278,0.8443,0.7704,0.1158,0.7024,138,True
ACH-000997,Tofacitinib (citrate),5.0,21908,0.8166,0.7806,0.0624,0.7778,119,True
ACH-000997,Tolcapone,5.0,21750,0.8192,0.7258,0.0742,,47,True
ACH-000997,Topotecan (hydrochloride),0.05,19368,0.6627,0.8395,0.004,-0.0346,447,True
ACH-000997,Topotecan (hydrochloride),0.5,23416,0.7681,0.8249,-0.0385,-0.5088,310,True
ACH-000997,Topotecan (hydrochloride),5.0,20114,0.6955,1.0228,-0.0025,-0.1683,380,True
ACH-000997,Trametinib,0.05,22012,0.8468,0.7899,0.1274,0.4681,1061,True
ACH-000997,Trametinib,0.5,22232,0.8233,0.908,0.1597,0.4885,1080,True
ACH-000997,Trametinib,5.0,20122,0.6777,1.0525,0.1406,0.6137,2341,True
ACH-000997,Triamcinolone,5.0,21915,0.8358,0.768,0.1005,0.7865,247,True
ACH-000997,Triclosan,5.0,21675,0.8219,0.7797,0.0688,0.8657,55,True
ACH-000997,Trifluridine,5.0,21277,0.8143,0.7633,0.074,0.7229,53,True
ACH-000997,Trimetrexate,5.0,21139,0.8123,0.7786,0.1126,0.7724,75,True
ACH-000997,Tucidinostat,5.0,22384,0.8869,0.9765,0.2198,0.8247,427,True
ACH-000997,Vilanterol,5.0,21353,0.817,0.7456,0.082,0.7257,94,True
ACH-000997,Vinblastine (sulfate),5.0,21737,0.8344,0.7888,0.1258,0.8637,176,True
ACH-000997,c-Kit-IN-1,0.05,21362,2.6404,0.8032,-0.0259,0.0502,111,True
ACH-000997,olaparib,0.05,21627,2.5103,0.6957,0.0808,0.0534,239,True
ACH-001021,(R)-Verapamil (hydrochloride),5.0,23915,0.7855,0.7476,0.0675,0.7857,177,True
ACH-001021,18β-Glycyrrhetinic acid,5.0,23189,0.7875,0.8281,0.0863,0.626,299,True
ACH-001021,8-Hydroxyquinoline,5.0,23557,0.8139,0.6931,0.1126,0.7265,402,True
ACH-001021,Acetohexamide,5.0,23668,0.799,0.7783,0.0645,0.5052,324,True
ACH-001021,Adagrasib,0.05,30617,0.4712,0.5687,0.1089,0.7687,1348,True
ACH-001021,Adenine,5.0,23785,0.8014,0.6852,0.0596,0.5764,288,True
ACH-001021,Adenosine,5.0,23943,0.7827,0.7727,0.0726,0.7734,351,True
ACH-001021,Afatinib,0.05,21116,0.6937,0.844,0.0285,0.0027,1040,False
ACH-001021,Afatinib,0.5,24635,0.7019,0.7119,0.0062,-0.156,212,False
ACH-001021,Afatinib,5.0,21605,0.7049,0.9477,-0.0245,0.3765,207,False
ACH-001021,Aliskiren,5.0,24060,0.7882,0.7321,0.0566,0.5965,249,True
ACH-001021,Allantoin,5.0,23183,0.8228,0.7371,0.0838,0.611,979,True
ACH-001021,Almonertinib (hydrochloride),5.0,23110,0.8141,0.75,0.1091,0.5672,637,True
ACH-001021,Almonertinib (mesylate),0.05,17923,0.7454,0.8806,0.0207,0.2779,71,True
ACH-001021,Almonertinib (mesylate),0.5,21418,0.8319,0.7327,0.0212,0.4518,105,True
ACH-001021,Almonertinib (mesylate),5.0,18923,0.9776,0.7878,-0.0235,-0.1268,188,True
ACH-001021,Amsacrine,5.0,23703,0.8041,0.7719,0.0984,0.7382,378,True
ACH-001021,Anethole trithione,5.0,23825,0.8296,0.7445,0.0829,0.773,670,True
ACH-001021,Artesunate,5.0,23917,0.8235,0.7112,0.1029,0.7991,615,True
ACH-001021,Azithromycin (hydrate),5.0,23321,0.8025,0.7809,0.1204,0.5557,385,True
ACH-001021,Baicalin,5.0,24241,0.8252,0.7119,0.0836,0.8092,365,True
ACH-001021,Balsalazide (sodium hydrate),5.0,24492,0.801,0.7012,0.068,0.7876,222,True
ACH-001021,Belumosudil,0.05,18563,0.7431,0.903,0.0193,0.3125,78,True
ACH-001021,Belumosudil,0.5,21246,0.8206,0.7583,-0.0018,0.2337,97,True
ACH-001021,Belumosudil,5.0,19142,0.8557,0.8514,-0.0066,-0.3062,214,True
ACH-001021,Berbamine,0.5,21724,0.8293,0.7139,-0.024,-0.3421,332,True
ACH-001021,Berbamine,5.0,23555,0.7794,0.7079,0.0492,0.5995,126,True
ACH-001021,Berbamine (dihydrochloride),0.05,18577,0.7197,0.9124,0.0243,0.5922,131,True
ACH-001021,Berbamine (dihydrochloride),0.5,20862,0.8424,0.7088,-0.004,0.1566,147,True
ACH-001021,Berbamine (dihydrochloride),5.0,18774,0.92,0.8215,0.0075,-0.0065,278,True
ACH-001021,Berberine (chloride hydrate),5.0,24255,0.824,0.6767,0.0481,0.7379,360,True
ACH-001021,Bergenin,5.0,23837,0.8056,0.7185,0.0686,0.6328,412,True
ACH-001021,Bimatoprost,5.0,23994,0.8015,0.784,0.1022,0.6694,355,True
ACH-001021,Binimetinib,0.05,22319,0.8062,0.8289,0.104,0.4501,1684,True
ACH-001021,Binimetinib,0.5,21749,0.881,0.8285,0.1382,0.6043,890,True
ACH-001021,Binimetinib,5.0,18878,0.7577,0.9953,0.1261,0.6156,1730,True
ACH-001021,Busulfan,5.0,23053,0.8423,0.7376,0.1198,0.5447,647,True
ACH-001021,Captopril,0.05,19751,0.7935,0.8357,0.048,-0.1695,290,True
ACH-001021,Cepharanthine,5.0,23154,0.7986,0.8957,0.0984,0.6641,420,True
ACH-001021,Chlorhexidine (diacetate),0.5,21627,0.8591,0.7097,0.001,-0.0864,284,True
ACH-001021,Chlorhexidine (diacetate),5.0,23839,0.7962,0.7139,0.0718,0.8,208,True
ACH-001021,Ciclopirox,5.0,22819,0.8101,0.7816,0.1344,0.6838,404,True
ACH-001021,Clonidine (hydrochloride),5.0,24414,0.816,0.682,0.0823,0.7963,273,True
ACH-001021,Clotrimazole,5.0,23984,0.7866,0.7644,0.0711,0.7656,268,True
ACH-001021,Cloxacillin (sodium),5.0,23655,0.7927,0.6876,0.0763,0.7015,219,True
ACH-001021,Cysteamine (hydrochloride),5.0,23867,0.7955,0.6943,0.0509,0.6245,223,True
ACH-001021,Cytarabine,0.05,19137,0.7955,0.9007,0.0574,0.1859,186,True
ACH-001021,Cytarabine,0.5,20746,0.8286,0.7191,0.0019,-0.3476,70,True
ACH-001021,Cytarabine,5.0,19355,0.7618,0.8849,0.0057,-0.0044,63,True
ACH-001021,DTP3,0.05,21391,3.2773,0.8453,-0.0261,-0.0215,6376,True
ACH-001021,Daidzin,0.05,18785,0.7967,0.867,0.019,-0.1058,126,True
ACH-001021,Daidzin,0.5,20778,0.8448,0.6792,0.0065,0.0659,124,True
ACH-001021,Daidzin,5.0,19186,0.9699,0.7873,0.0038,-0.0458,182,True
ACH-001021,Darinaparsin,5.0,23600,0.8114,0.818,0.0958,0.6909,547,True
ACH-001021,Demeclocycline,5.0,23612,0.7888,0.7345,0.0454,0.6007,270,True
ACH-001021,Diammonium Glycyrrhizinate,5.0,23416,0.7941,0.7311,0.0662,0.737,268,True
ACH-001021,Docetaxel,5.0,24460,0.7722,0.7722,0.0641,0.7023,623,True
ACH-001021,Elagolix sodium,5.0,23084,0.8234,0.7227,0.1103,0.561,573,True
ACH-001021,Flumatinib (mesylate),0.05,18191,0.7222,0.8983,0.0359,0.6446,107,True
ACH-001021,Flumatinib (mesylate),0.5,20758,0.8096,0.7808,0.0234,0.5638,272,True
ACH-001021,Flumatinib (mesylate),5.0,18535,0.8142,0.8628,0.0194,-0.1981,185,True
ACH-001021,Fluvoxamine (maleate),5.0,23373,0.7927,0.7434,0.0834,0.7316,231,True
ACH-001021,Folic acid,5.0,23707,0.8075,0.6736,0.0509,0.6597,200,True
ACH-001021,Fumaric acid,0.05,18360,0.7562,0.9079,0.0261,0.0409,171,True
ACH-001021,Fumaric acid,0.5,20707,0.8412,0.7584,0.0154,0.2019,103,True
ACH-001021,Fumaric acid,5.0,19771,0.8433,0.8635,-0.0377,-0.4464,210,True
ACH-001021,Furosemide,5.0,23847,0.7684,0.7282,0.0289,0.799,174,True
ACH-001021,Fusidic acid,5.0,23792,0.7938,0.7189,0.0775,0.8705,208,True
ACH-001021,Gallic acid,5.0,23854,0.8102,0.6883,0.0753,0.7596,342,True
ACH-001021,Gallic acid (hydrate),5.0,23538,0.8151,0.7675,0.0917,0.6479,399,True
ACH-001021,Gemfibrozil,5.0,23531,0.8092,0.7603,0.0613,0.6786,529,True
ACH-001021,Goserelin (acetate),5.0,24005,0.8153,0.6998,0.0717,0.7292,427,True
ACH-001021,Hexylresorcinol,5.0,24422,0.8273,0.7148,0.0921,0.6715,524,True
ACH-001021,Homoharringtonine,5.0,25750,1.2887,1.3942,0.6142,0.9111,7861,True
ACH-001021,Hydroxyfasudil,0.05,21451,1.8584,0.8126,-0.0578,-0.0792,461,True
ACH-001021,Idarubicin (hydrochloride),5.0,23916,1.3681,1.5045,0.6141,0.8466,5454,True
ACH-001021,Irinotecan (hydrochloride),0.05,17883,0.7929,0.8903,0.0174,0.0339,356,True
ACH-001021,Irinotecan (hydrochloride),0.5,20604,0.8974,0.736,-0.0161,-0.0241,660,True
ACH-001021,Irinotecan (hydrochloride),5.0,18716,1.1744,0.8155,-0.023,-0.0843,953,True
ACH-001021,Isocorydine,5.0,23587,0.7985,0.6873,0.0736,0.6369,299,True
ACH-001021,L-Thyroxine (sodium salt pentahydrate),5.0,22221,2.8724,0.6846,0.0336,0.1125,207,True
ACH-001021,Larotrectinib,5.0,23636,0.8035,0.8882,0.1191,0.6701,252,True
ACH-001021,Lenalidomide (hemihydrate),5.0,22937,0.7921,0.754,0.1046,0.5966,296,True
ACH-001021,Lidocaine (hydrochloride),5.0,22864,0.8195,0.9129,0.114,0.5011,1035,True
ACH-001021,Lipoic acid,5.0,24086,0.7945,0.7026,0.0673,0.7393,297,True
ACH-001021,Lumateperone (tosylate),5.0,23799,0.7974,0.6971,0.0756,0.7027,163,True
ACH-001021,Malotilate,0.05,19676,0.849,0.8373,0.0649,0.0296,1217,True
ACH-001021,Medroxyprogesterone acetate,5.0,22892,0.8123,0.7319,0.0984,0.5976,366,True
ACH-001021,Megestrol,5.0,24215,0.7827,0.7472,0.0575,0.6927,285,True
ACH-001021,Mitoxantrone (dihydrochloride),5.0,23920,0.8197,1.0346,0.093,0.4773,666,True
ACH-001021,Naproxen,0.05,17757,0.7223,0.9217,0.0073,,44,True
ACH-001021,Naproxen,0.5,20728,0.8165,0.7498,-0.0174,-0.3316,64,True
ACH-001021,Naproxen,5.0,18532,0.7932,0.8502,0.0172,-0.3452,67,True
ACH-001021,Neratinib (maleate),5.0,23681,0.8249,0.7287,0.0894,0.6825,426,True
ACH-001021,Norepinephrine (hydrochloride),5.0,23341,0.8069,0.7796,0.0849,0.6527,406,True
ACH-001021,Olanzapine,5.0,23830,0.7951,0.7514,0.0682,0.6782,341,True
ACH-001021,PF-06260933,0.05,21352,3.3437,0.8153,-0.045,-0.0027,6612,True
ACH-001021,Palmatine (chloride),5.0,23113,0.7894,0.7427,0.1006,0.7058,274,True
ACH-001021,Pasireotide (acetate),5.0,23905,0.8308,0.7098,0.1114,0.6613,406,True
ACH-001021,Pentagastrin,5.0,24382,0.8248,0.6672,0.0615,0.6289,238,True
ACH-001021,Pentamidine (isethionate),0.5,20258,0.8948,0.6988,0.0372,-0.0523,158,True
ACH-001021,Pentamidine (isethionate),5.0,23867,0.7938,0.806,0.0824,0.7673,511,True
ACH-001021,Pralsetinib,0.05,21643,0.7587,0.8403,0.0209,0.0702,1153,True
ACH-001021,Pravastatin (sodium),0.05,17659,0.7573,0.8985,0.0397,0.0705,144,True
ACH-001021,Pravastatin (sodium),0.5,20308,0.8314,0.7242,-0.0046,-0.1132,166,True
ACH-001021,Pravastatin (sodium),5.0,19043,0.8933,0.8279,-0.0571,-0.4536,422,True
ACH-001021,Pyridoxine,5.0,23416,0.8082,0.7628,0.0804,0.6307,411,True
ACH-001021,Pyridoxine (hydrochloride),5.0,23810,0.8166,0.6839,0.0839,0.7131,291,True
ACH-001021,Quinestrol,5.0,24287,0.7968,0.7386,0.0887,0.812,349,True
ACH-001021,Radotinib,5.0,23487,0.8188,0.7756,0.1146,0.7879,782,True
ACH-001021,Ralimetinib dimesylate,0.05,20848,2.8372,0.8309,0.0222,,32,True
ACH-001021,Raltitrexed,5.0,24019,0.8043,0.6765,0.0564,0.766,261,True
ACH-001021,Rapamycin,5.0,24036,0.8181,0.778,0.0881,0.6978,787,True
ACH-001021,Regorafenib,0.05,21772,0.7709,0.8244,0.009,0.1061,804,True
ACH-001021,Regorafenib,0.5,21300,0.8643,0.6164,0.0339,-0.2336,133,True
ACH-001021,Regorafenib,5.0,19182,0.7596,0.9618,-0.0016,-0.3344,81,True
ACH-001021,Relugolix,5.0,23960,0.7943,0.666,0.0431,0.6153,210,True
ACH-001021,Resveratrol,5.0,23055,0.8307,0.7106,0.0843,0.6257,524,True
ACH-001021,Retinoic acid,5.0,24290,0.7933,0.7206,0.0604,0.8346,288,True
ACH-001021,Riluzole hydrochloride,5.0,23997,0.8244,0.7593,0.0968,0.7549,568,True
ACH-001021,Rimonabant,5.0,23815,0.7977,0.719,0.0622,0.7792,350,True
ACH-001021,Ritonavir,5.0,23214,0.7828,0.754,0.1054,0.6402,334,True
ACH-001021,Ropivacaine (hydrochloride monohydrate),5.0,23239,0.7949,0.7274,0.0898,0.736,329,True
ACH-001021,S-Adenosyl-L-methionine (disulfate tosylate),5.0,23503,0.8099,0.7513,0.1027,0.7767,443,True
ACH-001021,Salicylic acid,5.0,24137,0.7786,0.8069,0.0763,0.7923,316,True
ACH-001021,Saquinavir,5.0,22653,0.8097,0.8249,0.1584,0.598,321,True
ACH-001021,Selinexor ,5.0,23196,0.9232,0.7786,0.1815,0.7665,1321,True
ACH-001021,Sinomenine,5.0,23483,0.7925,0.7171,0.0884,0.7368,319,True
ACH-001021,Sodium Salicylate,5.0,24154,0.801,0.7969,0.0896,0.7399,586,True
ACH-001021,Sonidegib,0.05,21685,2.7738,0.7914,-0.0459,-0.0437,2838,True
ACH-001021,Sulfisoxazole,0.5,20490,0.9348,0.7397,0.0675,0.0755,697,True
ACH-001021,Sulfisoxazole,5.0,23649,0.8096,0.7559,0.0993,0.711,233,True
ACH-001021,Temsirolimus,5.0,23605,0.7964,0.7703,0.0989,0.786,353,True
ACH-001021,Terfenadine,0.5,20072,0.9163,0.724,0.0472,-0.0826,551,True
ACH-001021,Terfenadine,5.0,23227,0.8106,0.7539,0.0939,0.6215,522,True
ACH-001021,Thymol,5.0,23210,0.8009,0.7508,0.089,0.5124,630,True
ACH-001021,Tofacitinib,5.0,23493,0.832,0.8053,0.15,0.7347,720,True
ACH-001021,Tofacitinib (citrate),5.0,23767,0.811,0.8063,0.1037,0.6329,557,True
ACH-001021,Tolcapone,5.0,23579,0.7929,0.7372,0.077,0.7559,275,True
ACH-001021,Topotecan (hydrochloride),0.05,17383,0.727,0.9262,0.0005,-0.1451,119,True
ACH-001021,Topotecan (hydrochloride),0.5,21257,0.8186,0.8751,-0.0438,-0.0494,99,True
ACH-001021,Topotecan (hydrochloride),5.0,18219,0.7687,1.3683,-0.0126,-0.0533,126,True
ACH-001021,Trametinib,0.05,21831,0.7981,0.873,0.1477,0.5127,1398,True
ACH-001021,Trametinib,0.5,21327,0.9195,0.8346,0.1805,0.61,1046,True
ACH-001021,Trametinib,5.0,20018,0.8319,1.0627,0.1398,0.5881,1901,True
ACH-001021,Triamcinolone,5.0,23646,0.8221,0.796,0.1165,0.6605,696,True
ACH-001021,Triclosan,5.0,23953,0.7971,0.7532,0.0935,0.7204,376,True
ACH-001021,Trifluridine,5.0,23203,0.778,0.731,0.0708,0.6147,154,True
ACH-001021,Trimetrexate,5.0,23240,0.8008,0.7907,0.1011,0.7,394,True
ACH-001021,Tucidinostat,5.0,24508,0.896,1.1163,0.3037,0.8183,1378,True
ACH-001021,Vilanterol,5.0,23270,0.7922,0.7624,0.0893,0.6885,291,True
ACH-001021,Vinblastine (sulfate),5.0,23383,0.8189,0.8434,0.1495,0.7816,741,True
ACH-001021,c-Kit-IN-1,0.05,21287,3.3346,0.9012,-0.0097,-0.0047,6351,True
ACH-001021,olaparib,0.05,21273,3.0216,0.8276,0.0256,0.0055,4624,True
ACH-001039,(R)-Verapamil (hydrochloride),5.0,22256,0.7946,0.7466,0.0406,0.7482,248,True
ACH-001039,18β-Glycyrrhetinic acid,5.0,21302,0.8372,0.8149,0.0774,0.7935,313,True
ACH-001039,8-Hydroxyquinoline,5.0,21654,0.8455,0.7329,0.0887,0.7621,249,True
ACH-001039,Abemaciclib,0.05,21737,3.06,0.8046,0.0598,0.043,127,True
ACH-001039,Acetohexamide,5.0,22038,0.8012,0.7933,0.0487,0.5886,409,True
ACH-001039,Adagrasib,0.05,30521,0.4639,0.5451,0.0889,0.8024,1277,True
ACH-001039,Adenine,5.0,21747,0.8379,0.6965,0.0661,0.7192,262,True
ACH-001039,Adenosine,5.0,22098,0.8169,0.7828,0.0702,0.6974,502,True
ACH-001039,Afatinib,0.05,22418,0.6964,0.7867,0.0436,-0.0268,911,False
ACH-001039,Afatinib,0.5,24997,0.6327,0.7699,0.0256,-0.0378,648,False
ACH-001039,Afatinib,5.0,20136,0.6103,1.0448,0.0234,0.3295,339,False
ACH-001039,Aliskiren,5.0,22162,0.8128,0.7416,0.0642,0.7626,266,True
ACH-001039,Allantoin,5.0,21315,0.858,0.7794,0.0957,0.7996,545,True
ACH-001039,Almonertinib (hydrochloride),5.0,21102,0.8337,0.801,0.0791,0.6973,319,True
ACH-001039,Almonertinib (mesylate),0.05,19531,0.7031,0.8643,0.0057,0.3327,139,True
ACH-001039,Almonertinib (mesylate),0.5,23278,0.8152,0.6902,-0.0044,0.3005,341,True
ACH-001039,Almonertinib (mesylate),5.0,20648,0.9307,0.8082,-0.0347,-0.1463,487,True
ACH-001039,Amsacrine,5.0,21976,0.8433,0.7769,0.0842,0.8048,282,True
ACH-001039,Anethole trithione,5.0,22006,0.8457,0.7523,0.0862,0.761,338,True
ACH-001039,Artesunate,5.0,21508,0.8874,0.7737,0.1567,0.8008,838,True
ACH-001039,Azithromycin (hydrate),5.0,21473,0.856,0.7737,0.0678,0.6715,313,True
ACH-001039,Baicalin,5.0,22218,0.8508,0.7317,0.0979,0.8434,356,True
ACH-001039,Balsalazide (sodium hydrate),5.0,22394,0.8323,0.7225,0.0595,0.7593,231,True
ACH-001039,Belumosudil,0.05,20368,0.7072,0.8587,0.0153,0.4989,180,True
ACH-001039,Belumosudil,0.5,23038,0.769,0.7336,-0.003,0.0612,298,True
ACH-001039,Belumosudil,5.0,19832,0.7947,0.9027,0.0381,-0.0945,446,True
ACH-001039,Berbamine,0.5,22009,0.7501,0.7966,-0.0313,-0.376,628,True
ACH-001039,Berbamine,5.0,21652,0.8339,0.7337,0.0841,0.7709,236,True
ACH-001039,Berbamine (dihydrochloride),0.05,19909,0.718,0.8702,0.037,0.6254,232,True
ACH-001039,Berbamine (dihydrochloride),0.5,22321,0.8074,0.6937,0.0088,0.2532,305,True
ACH-001039,Berbamine (dihydrochloride),5.0,20347,0.9333,0.8198,0.0047,0.1206,490,True
ACH-001039,Berberine (chloride hydrate),5.0,22325,0.8549,0.7192,0.0643,0.7926,341,True
ACH-001039,Bergenin,5.0,21625,0.8392,0.7252,0.0661,0.7673,301,True
ACH-001039,Bimatoprost,5.0,22266,0.8065,0.7942,0.0866,0.6674,391,True
ACH-001039,Binimetinib,0.05,22309,0.8696,0.7648,0.1006,0.3464,877,True
ACH-001039,Binimetinib,0.5,22462,0.8327,0.8855,0.1649,0.4187,913,True
ACH-001039,Binimetinib,5.0,18000,0.6508,1.0479,0.1076,0.5172,1716,True
ACH-001039,Busulfan,5.0,21478,0.8568,0.7591,0.0916,0.6932,362,True
ACH-001039,Captopril,0.05,21211,0.792,0.8138,0.0405,-0.1392,926,True
ACH-001039,Cepharanthine,5.0,21261,0.8385,0.8639,0.0913,0.7887,509,True
ACH-001039,Chlorhexidine (diacetate),0.5,22135,0.7747,0.7905,-0.0178,-0.097,667,True
ACH-001039,Chlorhexidine (diacetate),5.0,21804,0.8355,0.7617,0.1023,0.8148,385,True
ACH-001039,Ciclopirox,5.0,21165,0.8366,0.8148,0.0971,0.7466,298,True
ACH-001039,Clonidine (hydrochloride),5.0,22385,0.8421,0.6962,0.0651,0.8671,183,True
ACH-001039,Clotrimazole,5.0,22264,0.8054,0.7731,0.0607,0.7215,329,True
ACH-001039,Cloxacillin (sodium),5.0,21762,0.8358,0.7111,0.0599,0.8586,104,True
ACH-001039,Cysteamine (hydrochloride),5.0,22410,0.7959,0.7426,0.0493,0.7749,380,True
ACH-001039,Cytarabine,0.05,20595,0.7347,0.8844,0.037,0.3231,412,True
ACH-001039,Cytarabine,0.5,22802,0.8107,0.6854,-0.0106,-0.3864,338,True
ACH-001039,Cytarabine,5.0,21076,0.7375,0.8807,-0.009,0.1173,213,True
ACH-001039,DTP3,0.05,22145,3.0901,0.7797,-0.0149,-0.0188,4140,True
ACH-001039,Daidzin,0.05,20287,0.7372,0.8645,0.0055,-0.0561,447,True
ACH-001039,Daidzin,0.5,22350,0.8268,0.6751,0.0324,0.017,371,True
ACH-001039,Daidzin,5.0,20623,0.9327,0.8064,0.0118,0.028,527,True
ACH-001039,Darinaparsin,5.0,21876,0.8249,0.7948,0.0541,0.6614,416,True
ACH-001039,Demeclocycline,5.0,21776,0.8044,0.752,0.0349,0.6162,306,True
ACH-001039,Diammonium Glycyrrhizinate,5.0,22010,0.8389,0.7517,0.057,0.8208,237,True
ACH-001039,Docetaxel,5.0,22354,0.7986,0.7991,0.0572,0.7369,495,True
ACH-001039,Elagolix sodium,5.0,21348,0.8321,0.7448,0.0916,0.6417,329,True
ACH-001039,Flumatinib (mesylate),0.05,19524,0.7103,0.8733,0.0433,0.3261,275,True
ACH-001039,Flumatinib (mesylate),0.5,22563,0.7869,0.7372,0.0186,0.2141,392,True
ACH-001039,Flumatinib (mesylate),5.0,20414,0.7682,0.8648,-0.0069,-0.3092,266,True
ACH-001039,Fluvoxamine (maleate),5.0,21844,0.8313,0.7485,0.0551,0.7556,203,True
ACH-001039,Folic acid,5.0,21599,0.8378,0.6986,0.0615,0.6823,289,True
ACH-001039,Fumaric acid,0.05,19771,0.7176,0.8779,0.0217,0.1995,285,True
ACH-001039,Fumaric acid,0.5,22644,0.8098,0.7366,0.0021,0.1053,305,True
ACH-001039,Fumaric acid,5.0,20959,0.8078,0.8665,-0.0569,-0.2585,396,True
ACH-001039,Furosemide,5.0,21923,0.8003,0.7331,0.0421,0.7494,248,True
ACH-001039,Fusidic acid,5.0,21876,0.8259,0.7231,0.0544,0.8101,209,True
ACH-001039,Gallic acid,5.0,21960,0.8455,0.7073,0.0665,0.815,214,True
ACH-001039,Gallic acid (hydrate),5.0,21876,0.8442,0.7742,0.0643,0.6735,360,True
ACH-001039,Gemfibrozil,5.0,21894,0.8295,0.7744,0.0745,0.7227,405,True
ACH-001039,Goserelin (acetate),5.0,22106,0.8598,0.7102,0.0774,0.7024,292,True
ACH-001039,Hexylresorcinol,5.0,22743,0.8437,0.7466,0.0964,0.6986,349,True
ACH-001039,Homoharringtonine,5.0,21143,1.46,1.5792,0.6719,0.9008,5871,True
ACH-001039,Hydroxyfasudil,0.05,22124,1.6157,0.7442,-0.0037,-0.0317,504,True
ACH-001039,Idarubicin (hydrochloride),5.0,22060,1.2424,1.2913,0.5354,0.8575,4259,True
ACH-001039,Irinotecan (hydrochloride),0.05,19443,0.7879,0.849,0.0232,0.0382,1168,True
ACH-001039,Irinotecan (hydrochloride),0.5,22633,0.871,0.7003,-0.02,-0.125,1274,True
ACH-001039,Irinotecan (hydrochloride),5.0,20452,0.9106,0.8198,-0.0499,-0.1549,1016,True
ACH-001039,Isocorydine,5.0,22142,0.8185,0.7356,0.0471,0.5645,228,True
ACH-001039,L-Thyroxine (sodium salt pentahydrate),5.0,20333,1.4685,0.7103,0.0402,0.0674,214,True
ACH-001039,Larotrectinib,5.0,21749,0.8261,0.8401,0.0972,0.7265,214,True
ACH-001039,Lenalidomide (hemihydrate),5.0,21091,0.8198,0.7619,0.072,0.7321,191,True
ACH-001039,Lidocaine (hydrochloride),5.0,21156,0.8524,0.8876,0.0795,0.6089,662,True
ACH-001039,Lipoic acid,5.0,22194,0.8043,0.7262,0.0635,0.7319,255,True
ACH-001039,Lumateperone (tosylate),5.0,21905,0.8426,0.7073,0.0455,0.7355,214,True
ACH-001039,Malotilate,0.05,21170,0.8487,0.8,0.0775,-0.0149,1761,True
ACH-001039,Medroxyprogesterone acetate,5.0,20920,0.8406,0.7479,0.0988,0.5364,368,True
ACH-001039,Megestrol,5.0,22470,0.8097,0.7657,0.0422,0.6516,410,True
ACH-001039,Methylprednisolone succinate,0.05,21741,2.8186,0.7667,-0.0078,-0.0084,3014,True
ACH-001039,Mitoxantrone (dihydrochloride),5.0,22232,0.8102,1.0613,0.0595,0.4305,573,True
ACH-001039,Naproxen,0.05,19114,0.6779,0.8803,0.0007,-0.0254,94,True
ACH-001039,Naproxen,0.5,22360,0.7763,0.7175,-0.0215,-0.1688,116,True
ACH-001039,Naproxen,5.0,20026,0.734,0.8262,0.0029,-0.5391,122,True
ACH-001039,Neratinib (maleate),5.0,21568,0.8339,0.768,0.1074,0.7488,386,True
ACH-001039,Norepinephrine (hydrochloride),5.0,21524,0.8124,0.7838,0.0618,0.622,455,True
ACH-001039,Olanzapine,5.0,21942,0.824,0.7666,0.0732,0.8662,235,True
ACH-001039,PF-06260933,0.05,21754,3.2254,0.763,-0.0191,-0.0014,6105,True
ACH-001039,Palmatine (chloride),5.0,21449,0.8339,0.7513,0.0752,0.798,249,True
ACH-001039,Pasireotide (acetate),5.0,22340,0.8724,0.7395,0.0918,0.6112,455,True
ACH-001039,Pentagastrin,5.0,22578,0.8353,0.6884,0.0295,0.751,168,True
ACH-001039,Pentamidine (isethionate),0.5,20964,0.8573,0.7739,0.0585,-0.0398,343,True
ACH-001039,Pentamidine (isethionate),5.0,21925,0.83,0.783,0.0788,0.8005,515,True
ACH-001039,Pralsetinib,0.05,22486,0.8092,0.7858,0.026,-0.0155,1014,True
ACH-001039,Pravastatin (sodium),0.05,19145,0.7102,0.8551,0.0285,0.2729,310,True
ACH-001039,Pravastatin (sodium),0.5,22153,0.7819,0.6965,-0.0053,-0.1477,315,True
ACH-001039,Pravastatin (sodium),5.0,20672,0.841,0.8224,-0.0659,-0.4979,589,True
ACH-001039,Pyridoxine,5.0,21807,0.8141,0.7652,0.0517,0.7203,398,True
ACH-001039,Pyridoxine (hydrochloride),5.0,21854,0.8557,0.7138,0.0695,0.7594,286,True
ACH-001039,Quinestrol,5.0,22169,0.8222,0.752,0.0773,0.7399,380,True
ACH-001039,Radotinib,5.0,21319,0.8797,0.7891,0.1317,0.741,776,True
ACH-001039,Ralimetinib dimesylate,0.05,21675,3.039,0.7844,0.0529,0.0188,4288,True
ACH-001039,Raltitrexed,5.0,22409,0.8409,0.7089,0.0778,0.7533,196,True
ACH-001039,Rapamycin,5.0,22230,0.8377,0.7878,0.085,0.6742,665,True
ACH-001039,Regorafenib,0.05,22417,0.7706,0.7778,0.0112,-0.1784,665,True
ACH-001039,Regorafenib,0.5,22532,0.8249,0.7042,0.0187,-0.3751,265,True
ACH-001039,Regorafenib,5.0,19076,0.6809,1.0042,0.0081,0.0525,340,True
ACH-001039,Relugolix,5.0,22058,0.8309,0.6963,0.0224,0.7109,135,True
ACH-001039,Resveratrol,5.0,21280,0.8548,0.7372,0.0923,0.6872,369,True
ACH-001039,Retinoic acid,5.0,22474,0.8282,0.7644,0.0529,0.8344,336,True
ACH-001039,Riluzole hydrochloride,5.0,22487,0.8141,0.785,0.0933,0.7536,688,True
ACH-001039,Rimonabant,5.0,21785,0.8344,0.7489,0.086,0.8077,250,True
ACH-001039,Ritonavir,5.0,21341,0.8337,0.7752,0.0863,0.7985,279,True
ACH-001039,Ropivacaine (hydrochloride monohydrate),5.0,21442,0.8334,0.7355,0.0752,0.8146,253,True
ACH-001039,S-Adenosyl-L-methionine (disulfate tosylate),5.0,21934,0.8428,0.7671,0.1006,0.786,419,True
ACH-001039,Salicylic acid,5.0,22148,0.8138,0.783,0.0551,0.7403,376,True
ACH-001039,Saquinavir,5.0,20896,0.8315,0.812,0.1073,0.6724,368,True
ACH-001039,Selinexor ,5.0,20828,0.9588,0.8238,0.2305,0.8122,1363,True
ACH-001039,Sinomenine,5.0,21528,0.8348,0.7232,0.0794,0.68,219,True
ACH-001039,Sodium Salicylate,5.0,22391,0.8205,0.8048,0.0641,0.7208,556,True
ACH-001039,Sonidegib,0.05,22140,2.3005,0.7438,0.0166,0.0146,315,True
ACH-001039,Sulfisoxazole,0.5,20962,0.8892,0.8187,0.1,0.0749,989,True
ACH-001039,Sulfisoxazole,5.0,21773,0.8433,0.7887,0.087,0.7646,292,True
ACH-001039,Temsirolimus,5.0,21624,0.8217,0.7984,0.0847,0.7756,308,True
ACH-001039,Terfenadine,0.5,20696,0.9343,0.7715,0.0884,-0.0044,620,True
ACH-001039,Terfenadine,5.0,21418,0.8399,0.7719,0.067,0.6555,330,True
ACH-001039,Thymol,5.0,21569,0.8361,0.7545,0.0649,0.7472,461,True
ACH-001039,Tofacitinib,5.0,21612,0.8745,0.8294,0.1524,0.7604,569,True
ACH-001039,Tofacitinib (citrate),5.0,21927,0.8303,0.8512,0.0849,0.5498,483,True
ACH-001039,Tolcapone,5.0,22086,0.8288,0.7631,0.0757,0.8307,229,True
ACH-001039,Topotecan (hydrochloride),0.05,19227,0.6848,0.8838,-0.0136,0.0397,329,True
ACH-001039,Topotecan (hydrochloride),0.5,22859,0.7726,0.8469,-0.0221,-0.3724,311,True
ACH-001039,Topotecan (hydrochloride),5.0,19750,0.7231,1.099,-0.0308,-0.3,250,True
ACH-001039,Trametinib,0.05,22058,0.8306,0.8442,0.1399,0.4563,929,True
ACH-001039,Trametinib,0.5,22180,0.8379,0.9283,0.2036,0.5153,937,True
ACH-001039,Trametinib,5.0,19017,0.6886,1.0894,0.0977,0.4724,1821,True
ACH-001039,Triamcinolone,5.0,21780,0.8383,0.7838,0.1075,0.7194,486,True
ACH-001039,Triclosan,5.0,21959,0.8234,0.7833,0.0775,0.7338,308,True
ACH-001039,Trifluridine,5.0,21542,0.8179,0.7541,0.0844,0.8732,140,True
ACH-001039,Trimetrexate,5.0,21529,0.8451,0.7899,0.0875,0.7774,314,True
ACH-001039,Tucidinostat,5.0,22137,0.862,1.031,0.2017,0.7159,680,True
ACH-001039,Vilanterol,5.0,21405,0.8222,0.7823,0.066,0.7176,193,True
ACH-001039,Vinblastine (sulfate),5.0,21450,0.8702,0.9302,0.1597,0.7662,770,True
ACH-001039,olaparib,0.05,22138,2.5894,0.7456,0.0492,0.095,323,True
ACH-001190,(R)-Verapamil (hydrochloride),5.0,25215,0.7958,0.6949,0.054,0.7791,127,True
ACH-001190,18β-Glycyrrhetinic acid,5.0,24514,0.811,0.7529,0.081,0.8259,153,True
ACH-001190,8-Hydroxyquinoline,5.0,24880,0.8231,0.6705,0.0741,0.8712,189,True
ACH-001190,Abemaciclib,0.05,24068,2.9572,0.7202,0.022,0.0018,4799,True
ACH-001190,Acetohexamide,5.0,24943,0.8003,0.7288,0.0599,0.7229,155,True
ACH-001190,Adagrasib,0.05,34015,0.4516,0.5165,0.1284,0.6853,2302,True
ACH-001190,Adenine,5.0,24758,0.8023,0.6387,0.0882,0.7733,196,True
ACH-001190,Adenosine,5.0,25074,0.7898,0.7689,0.0768,0.761,237,True
ACH-001190,Afatinib,0.05,25512,0.6572,0.7523,0.0315,-0.0838,808,False
ACH-001190,Afatinib,0.5,28366,0.5908,0.7253,0.0244,-0.1174,965,False
ACH-001190,Afatinib,5.0,23724,0.5888,0.9996,0.0167,0.2614,716,False
ACH-001190,Aliskiren,5.0,25239,0.7916,0.7,0.0538,0.7184,210,True
ACH-001190,Allantoin,5.0,24554,0.8321,0.709,0.1045,0.7988,392,True
ACH-001190,Almonertinib (hydrochloride),5.0,24456,0.8188,0.7218,0.0818,0.7178,296,True
ACH-001190,Almonertinib (mesylate),0.05,23468,0.6863,0.8123,0.0322,0.3203,339,True
ACH-001190,Almonertinib (mesylate),0.5,26779,0.772,0.6657,0.0291,0.1709,621,True
ACH-001190,Almonertinib (mesylate),5.0,24196,0.8191,0.7491,-0.0383,-0.1952,683,True
ACH-001190,Amsacrine,5.0,25338,0.8396,0.7597,0.1196,0.8048,497,True
ACH-001190,Anethole trithione,5.0,25071,0.843,0.677,0.1099,0.8143,365,True
ACH-001190,Artesunate,5.0,24446,0.8418,0.7128,0.1367,0.8216,728,True
ACH-001190,Azithromycin (hydrate),5.0,24679,0.8223,0.7335,0.0832,0.7829,258,True
ACH-001190,Baicalin,5.0,25387,0.8349,0.6803,0.0917,0.7092,243,True
ACH-001190,Balsalazide (sodium hydrate),5.0,25435,0.8161,0.6674,0.0609,0.8666,154,True
ACH-001190,Belumosudil,0.05,24038,0.694,0.7962,0.0107,0.3423,365,True
ACH-001190,Belumosudil,0.5,26388,0.7507,0.7045,0.0243,0.2608,391,True
ACH-001190,Belumosudil,5.0,22970,0.7475,0.8525,0.0509,-0.1401,913,True
ACH-001190,Berbamine,0.5,25473,0.7528,0.7371,-0.0347,-0.3953,1499,True
ACH-001190,Berbamine,5.0,24747,0.8052,0.667,0.0516,0.8545,103,True
ACH-001190,Berbamine (dihydrochloride),0.05,23853,0.6831,0.8079,0.0464,0.4557,778,True
ACH-001190,Berbamine (dihydrochloride),0.5,26202,0.7808,0.6553,0.0268,0.0933,824,True
ACH-001190,Berbamine (dihydrochloride),5.0,23941,0.8423,0.7803,-0.0097,0.1133,781,True
ACH-001190,Berberine (chloride hydrate),5.0,25367,0.8306,0.6555,0.0803,0.7994,201,True
ACH-001190,Bergenin,5.0,25051,0.8124,0.6782,0.0628,0.7191,267,True
ACH-001190,Bimatoprost,5.0,25183,0.8009,0.7455,0.0864,0.7387,216,True
ACH-001190,Binimetinib,0.05,24936,0.8292,0.6999,0.1007,0.2843,954,True
ACH-001190,Binimetinib,0.5,25237,0.8223,0.8864,0.1708,0.5744,1741,True
ACH-001190,Binimetinib,5.0,21563,0.6852,1.0188,0.1636,0.5298,4015,True
ACH-001190,Busulfan,5.0,24364,0.8214,0.7116,0.0831,0.6806,268,True
ACH-001190,Captopril,0.05,24938,0.76,0.7728,0.045,-0.0911,1410,True
ACH-001190,Cepharanthine,5.0,24661,0.8107,0.8127,0.0832,0.8076,298,True
ACH-001190,Chlorhexidine (diacetate),0.5,25763,0.7725,0.7322,-0.0101,-0.1692,1326,True
ACH-001190,Chlorhexidine (diacetate),5.0,25219,0.811,0.6792,0.07,0.8813,133,True
ACH-001190,Ciclopirox,5.0,24255,0.8034,0.7538,0.1043,0.7371,275,True
ACH-001190,Clonidine (hydrochloride),5.0,25626,0.8233,0.6414,0.0773,0.8451,189,True
ACH-001190,Clotrimazole,5.0,25384,0.7982,0.727,0.0518,0.8852,179,True
ACH-001190,Cloxacillin (sodium),5.0,25086,0.8134,0.6515,0.0578,0.7671,158,True
ACH-001190,Cysteamine (hydrochloride),5.0,25026,0.8074,0.6498,0.0626,0.7822,139,True
ACH-001190,Cytarabine,0.05,24643,0.7012,0.8098,0.0316,0.3682,716,True
ACH-001190,Cytarabine,0.5,26332,0.78,0.6619,0.017,-0.1747,414,True
ACH-001190,Cytarabine,5.0,24252,0.6747,0.8449,0.0148,0.2273,570,True
ACH-001190,Daidzin,0.05,23913,0.7231,0.815,0.0142,0.0155,827,True
ACH-001190,Daidzin,0.5,26016,0.7708,0.6373,-0.0041,-0.1662,679,True
ACH-001190,Daidzin,5.0,24104,0.8554,0.7509,-0.0236,-0.044,628,True
ACH-001190,Darinaparsin,5.0,24781,0.8171,0.7748,0.0852,0.7462,396,True
ACH-001190,Demeclocycline,5.0,24881,0.7947,0.7072,0.0395,0.7026,131,True
ACH-001190,Diammonium Glycyrrhizinate,5.0,24675,0.8142,0.6751,0.0751,0.789,104,True
ACH-001190,Docetaxel,5.0,25399,0.7891,0.7515,0.0704,0.7449,419,True
ACH-001190,Elagolix sodium,5.0,24307,0.8173,0.695,0.1085,0.6722,387,True
ACH-001190,Flumatinib (mesylate),0.05,23486,0.6799,0.8107,0.0233,0.3485,715,True
ACH-001190,Flumatinib (mesylate),0.5,25982,0.7584,0.7192,0.0342,0.3221,742,True
ACH-001190,Flumatinib (mesylate),5.0,23706,0.7191,0.822,0.0012,-0.2016,586,True
ACH-001190,Fluvoxamine (maleate),5.0,24752,0.8098,0.7158,0.071,0.8228,162,True
ACH-001190,Folic acid,5.0,24393,0.8248,0.6181,0.0692,0.6006,199,True
ACH-001190,Fumaric acid,0.05,23718,0.6973,0.8374,0.0181,0.2768,726,True
ACH-001190,Fumaric acid,0.5,26337,0.7712,0.7076,0.0311,0.224,674,True
ACH-001190,Fumaric acid,5.0,24584,0.7578,0.8276,-0.0406,-0.2806,841,True
ACH-001190,Furosemide,5.0,25083,0.7806,0.7121,0.0409,0.8627,117,True
ACH-001190,Fusidic acid,5.0,25015,0.8244,0.6602,0.0823,0.8734,203,True
ACH-001190,Gallic acid,5.0,24846,0.8202,0.6427,0.0728,0.746,216,True
ACH-001190,Gallic acid (hydrate),5.0,24621,0.8339,0.7217,0.0793,0.7602,243,True
ACH-001190,Gemfibrozil,5.0,25023,0.8203,0.6988,0.0622,0.7958,360,True
ACH-001190,Goserelin (acetate),5.0,25233,0.8335,0.6468,0.0726,0.7698,294,True
ACH-001190,Hexylresorcinol,5.0,25824,0.8166,0.6821,0.089,0.8136,373,True
ACH-001190,Homoharringtonine,5.0,24053,1.4163,1.6171,0.6504,0.8615,5871,True
ACH-001190,Hydroxyfasudil,0.05,24339,1.9124,0.6862,-0.0058,-0.1257,409,True
ACH-001190,Idarubicin (hydrochloride),5.0,24152,1.2948,1.4197,0.5719,0.7867,3466,True
ACH-001190,Irinotecan (hydrochloride),0.05,23109,0.7488,0.8046,0.0345,0.1388,1709,True
ACH-001190,Irinotecan (hydrochloride),0.5,26039,0.8246,0.6799,-0.0161,-0.1475,1916,True
ACH-001190,Irinotecan (hydrochloride),5.0,24100,0.8767,0.7816,-0.0345,-0.0951,2543,True
ACH-001190,Isocorydine,5.0,24757,0.8146,0.6657,0.069,0.653,185,True
ACH-001190,L-Thyroxine (sodium salt pentahydrate),5.0,23169,2.644,0.6206,0.0134,0.034,111,True
ACH-001190,Larotrectinib,5.0,24842,0.8213,0.7846,0.0981,0.7789,240,True
ACH-001190,Lenalidomide (hemihydrate),5.0,24238,0.8062,0.6983,0.08,0.8286,207,True
ACH-001190,Lidocaine (hydrochloride),5.0,24268,0.8177,0.8047,0.1039,0.7319,505,True
ACH-001190,Lipoic acid,5.0,25209,0.8012,0.6568,0.0372,0.7865,191,True
ACH-001190,Lumateperone (tosylate),5.0,25026,0.8095,0.6454,0.0635,0.8567,130,True
ACH-001190,Malotilate,0.05,24901,0.8156,0.7573,0.059,-0.1068,2784,True
ACH-001190,Medroxyprogesterone acetate,5.0,24146,0.8157,0.6848,0.112,0.6927,204,True
ACH-001190,Megestrol,5.0,25243,0.7905,0.6952,0.0687,0.6831,246,True
ACH-001190,Methylprednisolone succinate,0.05,24111,2.8621,0.7131,-0.0086,0.0039,4082,True
ACH-001190,Mitoxantrone (dihydrochloride),5.0,24884,0.8046,0.9822,0.0723,0.6934,186,True
ACH-001190,Naproxen,0.05,23044,0.6666,0.81,0.0117,-0.1067,278,True
ACH-001190,Naproxen,0.5,26051,0.7449,0.6789,-0.0136,-0.3581,345,True
ACH-001190,Naproxen,5.0,23493,0.6908,0.7938,0.004,-0.4688,346,True
ACH-001190,Neratinib (maleate),5.0,24493,0.8384,0.7732,0.1321,0.8202,420,True
ACH-001190,Norepinephrine (hydrochloride),5.0,24704,0.8093,0.7217,0.0685,0.7686,154,True
ACH-001190,Olanzapine,5.0,24954,0.8126,0.7147,0.0916,0.8552,214,True
ACH-001190,Palmatine (chloride),5.0,24687,0.7975,0.7161,0.0632,0.8405,108,True
ACH-001190,Pasireotide (acetate),5.0,25110,0.8383,0.6796,0.0931,0.7039,349,True
ACH-001190,Pentagastrin,5.0,25505,0.8233,0.6272,0.0609,0.7657,163,True
ACH-001190,Pentamidine (isethionate),0.5,24646,0.794,0.7238,0.0476,-0.1621,662,True
ACH-001190,Pentamidine (isethionate),5.0,25251,0.7879,0.7744,0.072,0.8851,228,True
ACH-001190,Pralsetinib,0.05,25038,0.8211,0.7295,0.0021,-0.077,885,True
ACH-001190,Pravastatin (sodium),0.05,23067,0.7007,0.792,0.0376,0.1852,622,True
ACH-001190,Pravastatin (sodium),0.5,25840,0.7617,0.6619,0.0203,-0.089,530,True
ACH-001190,Pravastatin (sodium),5.0,24124,0.7786,0.7986,-0.0511,-0.3881,933,True
ACH-001190,Pyridoxine,5.0,24607,0.8236,0.723,0.0638,0.7401,233,True
ACH-001190,Pyridoxine (hydrochloride),5.0,24690,0.8294,0.6295,0.0929,0.6776,270,True
ACH-001190,Quinestrol,5.0,25346,0.8018,0.6992,0.0745,0.7903,183,True
ACH-001190,Radotinib,5.0,24350,0.8455,0.7373,0.0939,0.6855,810,True
ACH-001190,Raltitrexed,5.0,25109,0.8162,0.6476,0.0725,0.8518,140,True
ACH-001190,Rapamycin,5.0,25110,0.8232,0.7529,0.086,0.8232,298,True
ACH-001190,Regorafenib,0.05,25091,0.7896,0.6995,-0.0202,-0.4566,516,True
ACH-001190,Regorafenib,0.5,25940,0.7719,0.6702,-0.0074,-0.468,619,True
ACH-001190,Regorafenib,5.0,22190,0.633,0.9113,0.0183,-0.0354,588,True
ACH-001190,Relugolix,5.0,25135,0.8122,0.6264,0.0452,0.8056,97,True
ACH-001190,Resveratrol,5.0,24210,0.8315,0.673,0.0732,0.6495,349,True
ACH-001190,Retinoic acid,5.0,25330,0.8114,0.6973,0.09,0.862,334,True
ACH-001190,Riluzole hydrochloride,5.0,24970,0.8307,0.7144,0.1081,0.8281,301,True
ACH-001190,Rimonabant,5.0,25006,0.8112,0.6985,0.0837,0.8936,187,True
ACH-001190,Ritonavir,5.0,24583,0.8064,0.7382,0.0858,0.7402,124,True
ACH-001190,Ropivacaine (hydrochloride monohydrate),5.0,24630,0.824,0.6908,0.08,0.7768,296,True
ACH-001190,S-Adenosyl-L-methionine (disulfate tosylate),5.0,24776,0.8235,0.7366,0.1092,0.8896,273,True
ACH-001190,Salicylic acid,5.0,25127,0.7934,0.8099,0.0735,0.7654,217,True
ACH-001190,Saquinavir,5.0,23868,0.8126,0.7925,0.1313,0.7898,201,True
ACH-001190,Selinexor ,5.0,23433,1.1684,0.7812,0.2214,0.5679,858,True
ACH-001190,Sinomenine,5.0,24803,0.814,0.6601,0.0666,0.7895,188,True
ACH-001190,Sodium Salicylate,5.0,25608,0.8058,0.7611,0.0616,0.8232,457,True
ACH-001190,Sonidegib,0.05,24301,2.623,0.6925,-0.0221,0.0114,201,True
ACH-001190,Sulfisoxazole,0.5,24790,0.8096,0.7472,0.0641,0.2013,1061,True
ACH-001190,Sulfisoxazole,5.0,24904,0.8238,0.7258,0.0967,0.6994,130,True
ACH-001190,Temsirolimus,5.0,24739,0.8097,0.7525,0.0959,0.8528,248,True
ACH-001190,Terfenadine,0.5,24131,0.8652,0.7473,0.1094,-0.0512,1316,True
ACH-001190,Terfenadine,5.0,24650,0.8127,0.7387,0.0831,0.7625,212,True
ACH-001190,Thymol,5.0,24438,0.8174,0.7041,0.0778,0.6002,263,True
ACH-001190,Tofacitinib,5.0,24789,0.8248,0.7144,0.1,0.777,228,True
ACH-001190,Tofacitinib (citrate),5.0,25207,0.7965,0.7297,0.0676,0.6374,353,True
ACH-001190,Tolcapone,5.0,24984,0.817,0.6877,0.0743,0.8783,211,True
ACH-001190,Topotecan (hydrochloride),0.05,23129,0.6847,0.8148,0.0132,0.0783,776,True
ACH-001190,Topotecan (hydrochloride),0.5,26637,0.7465,0.7659,-0.0239,-0.2682,575,True
ACH-001190,Topotecan (hydrochloride),5.0,23260,0.6976,0.9505,-0.0055,-0.1721,677,True
ACH-001190,Trametinib,0.05,24654,0.8155,0.8067,0.1405,0.4953,841,True
ACH-001190,Trametinib,0.5,24895,0.8691,0.9045,0.2587,0.5957,1880,True
ACH-001190,Trametinib,5.0,22541,0.7349,1.0186,0.1956,0.5646,4247,True
ACH-001190,Triamcinolone,5.0,25134,0.8315,0.7471,0.1112,0.7537,503,True
ACH-001190,Triclosan,5.0,25261,0.8023,0.7204,0.0752,0.8759,160,True
ACH-001190,Trifluridine,5.0,24421,0.7946,0.6971,0.0817,0.7739,72,True
ACH-001190,Trimetrexate,5.0,24445,0.8136,0.7444,0.0947,0.7815,180,True
ACH-001190,Tucidinostat,5.0,25436,0.8993,1.1233,0.3094,0.8785,799,True
ACH-001190,Vilanterol,5.0,24601,0.8122,0.7228,0.0695,0.8545,222,True
ACH-001190,Vinblastine (sulfate),5.0,24741,0.8493,0.8747,0.1711,0.8196,725,True
ACH-001190,olaparib,0.05,24229,2.9542,0.6971,0.0387,-0.0021,4081,True
ACH-001333,(R)-Verapamil (hydrochloride),5.0,23123,0.8118,0.698,0.0565,0.6155,78,True
ACH-001333,18β-Glycyrrhetinic acid,5.0,22182,0.8237,0.7473,0.0853,0.7523,118,True
ACH-001333,8-Hydroxyquinoline,5.0,22552,0.8281,0.6631,0.0713,0.8208,137,True
ACH-001333,Abemaciclib,0.05,21725,2.6785,0.7686,0.0052,0.0844,71,True
ACH-001333,Acetohexamide,5.0,22629,0.8228,0.7192,0.0531,0.4274,82,True
ACH-001333,Adagrasib,0.05,31131,0.4632,0.5504,0.1177,0.7377,1376,True
ACH-001333,Adenine,5.0,22593,0.8171,0.6356,0.0719,0.5793,107,True
ACH-001333,Adenosine,5.0,23081,0.81,0.7622,0.0596,0.6674,152,True
ACH-001333,Afatinib,0.05,22137,0.6841,0.7814,0.0399,-0.147,1257,False
ACH-001333,Afatinib,0.5,25307,0.6503,0.7717,0.0613,0.5026,1559,False
ACH-001333,Afatinib,5.0,21860,0.7029,0.9667,0.0449,0.5164,376,False
ACH-001333,Aliskiren,5.0,22893,0.8362,0.6979,0.0575,0.7563,97,True
ACH-001333,Allantoin,5.0,22279,0.8208,0.7087,0.084,0.6972,228,True
ACH-001333,Almonertinib (hydrochloride),5.0,22158,0.8271,0.7577,0.107,0.6077,300,True
ACH-001333,Almonertinib (mesylate),0.05,19476,0.7148,0.8363,0.0162,0.2339,78,True
ACH-001333,Almonertinib (mesylate),0.5,22593,0.8092,0.713,-0.0129,0.1187,66,True
ACH-001333,Almonertinib (mesylate),5.0,19850,0.8709,0.8536,-0.0298,-0.0198,416,True
ACH-001333,Amsacrine,5.0,23020,0.8441,0.7386,0.1182,0.8486,241,True
ACH-001333,Anethole trithione,5.0,22747,0.8455,0.6745,0.1057,0.8301,168,True
ACH-001333,Artesunate,5.0,22328,0.8324,0.6863,0.0981,0.7634,287,True
ACH-001333,Azithromycin (hydrate),5.0,22563,0.8406,0.7148,0.0964,0.6378,159,True
ACH-001333,Baicalin,5.0,22982,0.8361,0.6774,0.0807,0.8778,143,True
ACH-001333,Balsalazide (sodium hydrate),5.0,23279,0.829,0.676,0.0758,0.5385,61,True
ACH-001333,Belumosudil,0.05,20033,0.7003,0.8501,0.0169,0.1031,73,True
ACH-001333,Belumosudil,0.5,22522,0.801,0.7123,0.0225,0.1863,105,True
ACH-001333,Belumosudil,5.0,19102,0.772,0.8828,0.0344,-0.0887,388,True
ACH-001333,Berbamine,0.5,22329,0.8051,0.7395,-0.0345,-0.4111,782,True
ACH-001333,Berbamine,5.0,22444,0.8264,0.6634,0.0797,0.7101,143,True
ACH-001333,Berbamine (dihydrochloride),0.05,19846,0.7067,0.8503,0.028,0.3086,156,True
ACH-001333,Berbamine (dihydrochloride),0.5,22455,0.8113,0.6795,-0.0007,0.2137,140,True
ACH-001333,Berbamine (dihydrochloride),5.0,20293,0.8189,0.8112,-0.013,0.2191,309,True
ACH-001333,Berberine (chloride hydrate),5.0,22783,0.8435,0.671,0.0734,0.5803,118,True
ACH-001333,Bergenin,5.0,22580,0.8319,0.6774,0.06,0.6816,101,True
ACH-001333,Bimatoprost,5.0,23141,0.8308,0.7394,0.0707,0.6526,109,True
ACH-001333,Binimetinib,0.05,22321,0.7976,0.768,0.0902,0.5662,867,True
ACH-001333,Binimetinib,0.5,22165,0.8189,0.7975,0.0645,0.5288,162,True
ACH-001333,Binimetinib,5.0,19918,0.6475,0.9549,0.1125,0.4059,1290,True
ACH-001333,Busulfan,5.0,22023,0.8488,0.7075,0.1163,0.586,267,True
ACH-001333,Captopril,0.05,20686,0.7695,0.8239,0.0746,0.0652,413,True
ACH-001333,Cepharanthine,5.0,22410,0.8395,0.8249,0.0872,0.881,334,True
ACH-001333,Chlorhexidine (diacetate),0.5,22602,0.7954,0.7526,-0.0192,-0.2424,462,True
ACH-001333,Chlorhexidine (diacetate),5.0,22760,0.8438,0.7036,0.0958,0.7474,246,True
ACH-001333,Ciclopirox,5.0,22078,0.8214,0.7301,0.0905,0.7024,97,True
ACH-001333,Clonidine (hydrochloride),5.0,23298,0.833,0.6561,0.07,0.8102,114,True
ACH-001333,Clotrimazole,5.0,22936,0.8274,0.7119,0.0735,0.6709,146,True
ACH-001333,Cloxacillin (sodium),5.0,22927,0.8248,0.6655,0.0543,0.7677,65,True
ACH-001333,Cysteamine (hydrochloride),5.0,22584,0.821,0.6532,0.04,,27,True
ACH-001333,Cytarabine,0.05,20741,0.7266,0.8456,0.0541,0.2302,168,True
ACH-001333,Cytarabine,0.5,22302,0.7909,0.6686,0.007,-0.3016,84,True
ACH-001333,Cytarabine,5.0,20091,0.6868,0.8827,0.0119,,42,True
ACH-001333,DTP3,0.05,21888,2.8005,0.7933,0.0063,-0.0021,3481,True
ACH-001333,Daidzin,0.05,20257,0.7389,0.8465,-0.0018,-0.1102,135,True
ACH-001333,Daidzin,0.5,22064,0.8039,0.6554,0.0014,-0.3075,121,True
ACH-001333,Daidzin,5.0,20307,0.8423,0.7891,-0.0037,-0.0972,262,True
ACH-001333,Darinaparsin,5.0,22777,0.8339,0.7511,0.0821,0.6565,175,True
ACH-001333,Demeclocycline,5.0,22812,0.8116,0.7078,0.0315,0.6652,80,True
ACH-001333,Diammonium Glycyrrhizinate,5.0,22481,0.8276,0.6915,0.069,0.72,107,True
ACH-001333,Docetaxel,5.0,23503,0.8033,0.7451,0.0422,0.7903,174,True
ACH-001333,Elagolix sodium,5.0,22416,0.8183,0.6982,0.0907,0.689,182,True
ACH-001333,Flumatinib (mesylate),0.05,19534,0.6962,0.8531,0.02,0.4984,80,True
ACH-001333,Flumatinib (mesylate),0.5,22205,0.7949,0.7274,0.0361,0.4089,278,True
ACH-001333,Flumatinib (mesylate),5.0,19580,0.7315,0.8665,-0.0057,-0.4349,161,True
ACH-001333,Fluvoxamine (maleate),5.0,22477,0.8251,0.7091,0.0824,0.7118,84,True
ACH-001333,Folic acid,5.0,22520,0.8152,0.6395,0.0456,0.7019,73,True
ACH-001333,Fumaric acid,0.05,19987,0.7382,0.8697,0.0327,0.2224,147,True
ACH-001333,Fumaric acid,0.5,22461,0.82,0.7268,0.0103,0.0452,195,True
ACH-001333,Fumaric acid,5.0,20314,0.78,0.8581,-0.0576,-0.3058,313,True
ACH-001333,Furosemide,5.0,22943,0.8046,0.6976,0.0277,,48,True
ACH-001333,Fusidic acid,5.0,22734,0.8293,0.6612,0.078,0.7862,58,True
ACH-001333,Gallic acid,5.0,22667,0.8258,0.6503,0.0845,0.8337,113,True
ACH-001333,Gallic acid (hydrate),5.0,22445,0.8555,0.7235,0.0926,0.679,192,True
ACH-001333,Gemfibrozil,5.0,22632,0.8387,0.7119,0.0723,0.7087,116,True
ACH-001333,Goserelin (acetate),5.0,23168,0.8416,0.6686,0.0576,0.7885,112,True
ACH-001333,Hexylresorcinol,5.0,23725,0.824,0.6957,0.0647,0.6265,239,True
ACH-001333,Homoharringtonine,5.0,21824,1.1473,1.3465,0.4951,0.7978,3301,True
ACH-001333,Hydroxyfasudil,0.05,21768,1.8457,0.7539,-0.001,-0.0202,374,True
ACH-001333,Idarubicin (hydrochloride),5.0,24257,1.336,1.4022,0.5756,0.8621,4580,True
ACH-001333,Irinotecan (hydrochloride),0.05,19365,0.8023,0.8401,0.0191,0.0163,803,True
ACH-001333,Irinotecan (hydrochloride),0.5,22335,0.8331,0.7017,-0.0213,-0.2001,402,True
ACH-001333,Irinotecan (hydrochloride),5.0,19991,0.8747,0.829,-0.004,-0.0476,799,True
ACH-001333,Isocorydine,5.0,22790,0.8312,0.6668,0.0583,0.7216,144,True
ACH-001333,L-Thyroxine (sodium salt pentahydrate),5.0,21098,1.9641,0.6237,0.0602,0.1805,318,True
ACH-001333,Larotrectinib,5.0,22781,0.8424,0.7856,0.0941,0.681,150,True
ACH-001333,Lenalidomide (hemihydrate),5.0,22114,0.7943,0.6987,0.0557,0.2891,89,True
ACH-001333,Lidocaine (hydrochloride),5.0,21945,0.8276,0.8232,0.1133,0.7191,281,True
ACH-001333,Lipoic acid,5.0,23228,0.8194,0.6618,0.0642,0.6387,111,True
ACH-001333,Lumateperone (tosylate),5.0,22747,0.8293,0.6686,0.0742,0.8697,65,True
ACH-001333,Malotilate,0.05,20830,0.8652,0.7872,0.0755,0.0082,1467,True
ACH-001333,Medroxyprogesterone acetate,5.0,21868,0.8409,0.6879,0.1023,0.42,185,True
ACH-001333,Megestrol,5.0,23229,0.8259,0.7051,0.0592,0.6573,108,True
ACH-001333,Mitoxantrone (dihydrochloride),5.0,23235,0.8394,0.9925,0.1047,0.5844,193,True
ACH-001333,Naproxen,0.05,19105,0.6809,0.8798,0.0215,,40,True
ACH-001333,Naproxen,0.5,22142,0.7807,0.6923,-0.005,-0.1667,61,True
ACH-001333,Naproxen,5.0,19369,0.706,0.8421,0.0099,-0.4271,99,True
ACH-001333,Neratinib (maleate),5.0,22470,0.8348,0.7471,0.1246,0.8566,220,True
ACH-001333,Norepinephrine (hydrochloride),5.0,22398,0.8254,0.7284,0.0766,0.7108,96,True
ACH-001333,Olanzapine,5.0,22818,0.8404,0.7122,0.0846,0.854,115,True
ACH-001333,Palmatine (chloride),5.0,22413,0.8111,0.6894,0.062,0.8599,75,True
ACH-001333,Pasireotide (acetate),5.0,23208,0.8584,0.6725,0.0765,0.6583,216,True
ACH-001333,Pentagastrin,5.0,23195,0.8325,0.6428,0.0342,0.6203,65,True
ACH-001333,Pentamidine (isethionate),0.5,21577,0.8267,0.7219,0.0297,-0.0939,150,True
ACH-001333,Pentamidine (isethionate),5.0,22949,0.8235,0.7439,0.0802,0.8165,169,True
ACH-001333,Pralsetinib,0.05,22378,0.786,0.7816,0.011,0.027,955,True
ACH-001333,Pravastatin (sodium),0.05,19170,0.7373,0.8385,0.0387,0.1106,286,True
ACH-001333,Pravastatin (sodium),0.5,21874,0.7874,0.6789,-0.0087,-0.2517,255,True
ACH-001333,Pravastatin (sodium),5.0,19953,0.8334,0.8212,-0.081,-0.3503,466,True
ACH-001333,Pyridoxine,5.0,22362,0.838,0.748,0.0875,0.457,152,True
ACH-001333,Pyridoxine (hydrochloride),5.0,23200,0.8482,0.6588,0.059,0.6749,99,True
ACH-001333,Quinestrol,5.0,23163,0.8162,0.7134,0.0675,0.8668,126,True
ACH-001333,Radotinib,5.0,22434,0.8237,0.6967,0.0763,0.7044,130,True
ACH-001333,Ralimetinib dimesylate,0.05,21440,2.8537,0.7625,0.0159,0.0089,3544,True
ACH-001333,Raltitrexed,5.0,22941,0.8296,0.6301,0.0517,0.7206,93,True
ACH-001333,Rapamycin,5.0,23094,0.8414,0.7159,0.0714,0.6743,213,True
ACH-001333,Regorafenib,0.05,22358,0.7902,0.7593,-0.0006,-0.0433,354,True
ACH-001333,Regorafenib,0.5,22522,0.8049,0.6514,0.0061,-0.2744,168,True
ACH-001333,Regorafenib,5.0,20104,0.704,0.897,-0.0073,-0.069,96,True
ACH-001333,Relugolix,5.0,22874,0.8165,0.6342,0.0416,,46,True
ACH-001333,Resveratrol,5.0,22168,0.8534,0.69,0.0804,0.558,305,True
ACH-001333,Retinoic acid,5.0,23023,0.8384,0.6697,0.0807,0.7011,193,True
ACH-001333,Riluzole hydrochloride,5.0,23061,0.8464,0.7221,0.1031,0.7729,214,True
ACH-001333,Rimonabant,5.0,22848,0.8338,0.687,0.0812,0.8449,157,True
ACH-001333,Ritonavir,5.0,22394,0.8175,0.7217,0.0674,0.609,57,True
ACH-001333,Ropivacaine (hydrochloride monohydrate),5.0,22450,0.8228,0.6888,0.0731,0.8277,118,True
ACH-001333,S-Adenosyl-L-methionine (disulfate tosylate),5.0,22576,0.8332,0.7292,0.0934,0.8511,152,True
ACH-001333,Salicylic acid,5.0,23185,0.8156,0.7372,0.0623,0.7019,77,True
ACH-001333,Saquinavir,5.0,21752,0.8377,0.7484,0.1265,0.5224,143,True
ACH-001333,Selinexor ,5.0,22075,0.918,0.7673,0.2221,0.7624,952,True
ACH-001333,Sinomenine,5.0,22634,0.8393,0.6628,0.0902,0.7276,112,True
ACH-001333,Sodium Salicylate,5.0,23534,0.8304,0.7541,0.0627,0.7472,308,True
ACH-001333,Sonidegib,0.05,21903,2.3226,0.7217,-0.022,-0.0321,240,True
ACH-001333,Sulfisoxazole,0.5,21632,0.8622,0.7431,0.0756,0.3128,574,True
ACH-001333,Sulfisoxazole,5.0,22774,0.8508,0.7235,0.087,0.6886,107,True
ACH-001333,Temsirolimus,5.0,22567,0.8272,0.7535,0.1007,0.685,113,True
ACH-001333,Terfenadine,0.5,21038,0.8666,0.7726,0.0889,-0.0804,599,True
ACH-001333,Terfenadine,5.0,22298,0.8356,0.7351,0.0824,0.5731,140,True
ACH-001333,Thymol,5.0,22045,0.8191,0.6861,0.0961,0.4646,206,True
ACH-001333,Tofacitinib,5.0,22575,0.8528,0.7337,0.1182,0.7266,181,True
ACH-001333,Tofacitinib (citrate),5.0,22968,0.8287,0.7369,0.068,0.6326,165,True
ACH-001333,Tolcapone,5.0,22628,0.8256,0.6926,0.0826,0.6907,114,True
ACH-001333,Topotecan (hydrochloride),0.05,19230,0.6985,0.8455,-0.0053,-0.226,198,True
ACH-001333,Topotecan (hydrochloride),0.5,22460,0.7909,0.7495,-0.0233,-0.4282,102,True
ACH-001333,Topotecan (hydrochloride),5.0,19019,0.7039,0.9942,-0.0207,-0.1981,256,True
ACH-001333,Trametinib,0.05,22127,0.8006,0.8036,0.1364,0.5554,958,True
ACH-001333,Trametinib,0.5,21699,0.8502,0.7953,0.1365,0.5979,563,True
ACH-001333,Trametinib,5.0,21514,0.7355,1.0313,0.1032,0.528,2352,True
ACH-001333,Triamcinolone,5.0,22998,0.8537,0.7423,0.0986,0.7077,464,True
ACH-001333,Triclosan,5.0,22999,0.8123,0.7128,0.0655,0.6699,99,True
ACH-001333,Trifluridine,5.0,22257,0.8179,0.7004,0.0851,0.7467,158,True
ACH-001333,Trimetrexate,5.0,22300,0.8282,0.7372,0.0965,0.6581,110,True
ACH-001333,Tucidinostat,5.0,23189,0.9075,1.012,0.2802,0.8548,570,True
ACH-001333,Vilanterol,5.0,22485,0.831,0.734,0.0823,0.7522,147,True
ACH-001333,Vinblastine (sulfate),5.0,22495,0.833,0.7321,0.0937,0.791,120,True
ACH-001333,c-Kit-IN-1,0.05,21611,2.5953,0.8384,0.0106,0.0682,125,True
ACH-001333,olaparib,0.05,21937,2.6231,0.7267,0.0476,0.0666,71,True
NA,(R)-Verapamil (hydrochloride),5.0,23332,0.7887,0.7543,0.062,0.6821,237,True
NA,18β-Glycyrrhetinic acid,5.0,22279,0.8009,0.8965,0.1008,0.639,420,True
NA,8-Hydroxyquinoline,5.0,23037,0.8212,0.7174,0.0938,0.6636,547,True
NA,Abemaciclib,0.05,21156,2.9512,0.8357,0.0194,-0.1807,77,True
NA,Acetohexamide,5.0,23193,0.7916,0.796,0.0538,0.3588,453,True
NA,Adagrasib,0.05,30833,0.4678,0.5622,0.1017,0.7127,1574,True
NA,Adenine,5.0,22879,0.8093,0.6991,0.0559,0.6741,447,True
NA,Adenosine,5.0,23136,0.7964,0.8079,0.0482,0.6349,420,True
NA,Afatinib,0.05,21047,0.6507,0.8567,0.0244,0.0555,886,False
NA,Afatinib,0.5,24830,0.709,0.69,0.0143,-0.0512,222,False
NA,Afatinib,5.0,21777,0.6934,0.9135,-0.0359,0.2749,252,False
NA,Aliskiren,5.0,23207,0.8054,0.7402,0.0641,0.6147,301,True
NA,Allantoin,5.0,22617,0.8457,0.7629,0.119,0.6153,974,True
NA,Almonertinib (hydrochloride),5.0,22279,0.8331,0.7705,0.1146,0.5297,629,True
NA,Almonertinib (mesylate),0.05,18720,0.7864,0.8633,-0.0015,,43,True
NA,Almonertinib (mesylate),0.5,22008,0.8276,0.7047,0.0112,0.2728,215,True
NA,Almonertinib (mesylate),5.0,19267,0.9418,0.7577,-0.0616,-0.1254,413,True
NA,Amsacrine,5.0,22980,0.8314,0.8251,0.1089,0.757,660,True
NA,Anethole trithione,5.0,22992,0.8314,0.7272,0.0987,0.753,503,True
NA,Artesunate,5.0,22803,0.8254,0.7303,0.103,0.7393,650,True
NA,Azithromycin (hydrate),5.0,22620,0.8232,0.8014,0.1008,0.6232,548,True
NA,Baicalin,5.0,23403,0.8173,0.7186,0.0902,0.724,314,True
NA,Balsalazide (sodium hydrate),5.0,23976,0.8144,0.7231,0.0672,0.6603,299,True
NA,Belumosudil,0.05,19348,0.7468,0.858,0.0398,0.2088,80,True
NA,Belumosudil,0.5,21462,0.7926,0.7557,0.0178,0.247,140,True
NA,Belumosudil,5.0,19216,0.8515,0.847,-0.0085,0.0188,245,True
NA,Berbamine,0.5,21207,0.8289,0.7621,-0.0553,-0.4619,417,True
NA,Berbamine,5.0,22748,0.8074,0.7359,0.0614,0.5312,368,True
NA,Berbamine (dihydrochloride),0.05,19262,0.7499,0.8752,0.0242,0.5281,161,True
NA,Berbamine (dihydrochloride),0.5,20868,0.8643,0.7004,0.0207,0.1606,140,True
NA,Berbamine (dihydrochloride),5.0,19061,0.9089,0.8151,0.0076,0.0903,321,True
NA,Berberine (chloride hydrate),5.0,23399,0.8388,0.7025,0.0662,0.6553,361,True
NA,Bergenin,5.0,22813,0.8102,0.7351,0.0634,0.5943,352,True
NA,Bimatoprost,5.0,23364,0.8155,0.8033,0.0975,0.5516,646,True
NA,Binimetinib,0.05,22852,0.8297,0.7695,0.0743,0.3964,1050,True
NA,Binimetinib,0.5,23527,0.8064,0.7929,0.0422,0.2788,573,True
NA,Binimetinib,5.0,19396,0.6739,0.9607,0.0412,0.3991,1370,True
NA,Busulfan,5.0,22451,0.8497,0.759,0.1135,0.5515,776,True
NA,Captopril,0.05,20005,0.7785,0.8422,0.0642,-0.0149,483,True
NA,Cepharanthine,5.0,22407,0.8097,0.958,0.0844,0.6635,540,True
NA,Chlorhexidine (diacetate),0.5,21167,0.8414,0.7361,-0.0418,-0.3515,398,True
NA,Chlorhexidine (diacetate),5.0,23226,0.814,0.74,0.077,0.7215,300,True
NA,Ciclopirox,5.0,22055,0.8294,0.8483,0.1498,0.5035,419,True
NA,Clonidine (hydrochloride),5.0,23849,0.8197,0.6901,0.0687,0.7102,334,True
NA,Clotrimazole,5.0,23437,0.8102,0.7627,0.0771,0.6854,347,True
NA,Cloxacillin (sodium),5.0,22987,0.7993,0.6967,0.0577,0.74,235,True
NA,Cysteamine (hydrochloride),5.0,23382,0.7972,0.7154,0.0563,0.7003,334,True
NA,Cytarabine,0.05,19996,0.7761,0.8563,0.0325,0.145,233,True
NA,Cytarabine,0.5,20954,0.8344,0.7294,0.0071,-0.14,109,True
NA,Cytarabine,5.0,19714,0.7722,0.8812,0.0026,0.2258,83,True
NA,DTP3,0.05,21282,2.7312,0.8245,-0.0219,0.0237,145,True
NA,Daidzin,0.05,19383,0.8131,0.8358,0.0068,-0.1045,200,True
NA,Daidzin,0.5,20825,0.858,0.6893,0.0159,-0.0312,63,True
NA,Daidzin,5.0,19443,0.9261,0.7551,0.0079,-0.096,316,True
NA,Darinaparsin,5.0,22687,0.8133,0.8554,0.0665,0.6085,604,True
NA,Demeclocycline,5.0,22973,0.7944,0.7324,0.0269,0.544,341,True
NA,Diammonium Glycyrrhizinate,5.0,22868,0.818,0.7477,0.0832,0.6501,351,True
NA,Docetaxel,5.0,23764,0.789,0.8298,0.0757,0.6538,977,True
NA,Elagolix sodium,5.0,22488,0.833,0.7593,0.1109,0.5797,735,True
NA,Flumatinib (mesylate),0.05,18812,0.7429,0.8678,0.0215,0.2174,154,True
NA,Flumatinib (mesylate),0.5,20874,0.8057,0.8131,0.0173,0.2575,240,True
NA,Flumatinib (mesylate),5.0,19144,0.7956,0.8419,-0.0098,-0.5243,68,True
NA,Fluvoxamine (maleate),5.0,22822,0.8066,0.7756,0.076,0.7234,329,True
NA,Folic acid,5.0,22886,0.8289,0.6838,0.0501,0.6116,274,True
NA,Fumaric acid,0.05,19121,0.7742,0.8904,0.0036,-0.0946,79,True
NA,Fumaric acid,0.5,21286,0.8466,0.7556,0.0183,0.3469,92,True
NA,Fumaric acid,5.0,19853,0.8484,0.8354,-0.056,-0.565,154,True
NA,Furosemide,5.0,23153,0.7883,0.7395,0.0419,0.6947,329,True
NA,Fusidic acid,5.0,23038,0.8085,0.7304,0.0848,0.6521,282,True
NA,Gallic acid,5.0,23185,0.8132,0.7089,0.0534,0.7752,345,True
NA,Gallic acid (hydrate),5.0,22772,0.8287,0.7652,0.0849,0.5188,492,True
NA,Gemfibrozil,5.0,22855,0.832,0.7846,0.0578,0.5339,617,True
NA,Goserelin (acetate),5.0,23361,0.82,0.712,0.0758,0.7616,353,True
NA,Hexylresorcinol,5.0,23893,0.8343,0.7324,0.0971,0.778,547,True
NA,Homoharringtonine,5.0,23300,1.5771,1.6852,0.6961,0.8959,7580,True
NA,Hydroxyfasudil,0.05,21268,1.9212,0.8031,-0.0201,0.0196,397,True
NA,Idarubicin (hydrochloride),5.0,25161,1.4133,1.5461,0.6254,0.8732,6342,True
NA,Irinotecan (hydrochloride),0.05,18329,0.8516,0.854,0.0031,-0.0646,613,True
NA,Irinotecan (hydrochloride),0.5,20837,0.8892,0.734,-0.0248,0.0443,647,True
NA,Irinotecan (hydrochloride),5.0,19122,0.9505,0.7937,-0.0439,-0.0386,904,True
NA,Isocorydine,5.0,23250,0.8101,0.7221,0.0559,0.6696,341,True
NA,L-Thyroxine (sodium salt pentahydrate),5.0,21601,2.0664,0.6891,0.0537,0.0482,423,True
NA,Larotrectinib,5.0,22962,0.8331,0.8844,0.1195,0.5895,459,True
NA,Lenalidomide (hemihydrate),5.0,22191,0.8118,0.775,0.117,0.736,315,True
NA,Lidocaine (hydrochloride),5.0,22160,0.8343,0.9401,0.1042,0.5285,1159,True
NA,Lipoic acid,5.0,23270,0.7994,0.7333,0.0837,0.7537,257,True
NA,Lumateperone (tosylate),5.0,23115,0.812,0.7215,0.058,0.6902,333,True
NA,Malotilate,0.05,20203,0.8491,0.837,0.06,0.0405,2079,True
NA,Medroxyprogesterone acetate,5.0,22127,0.8486,0.7675,0.1343,0.597,659,True
NA,Megestrol,5.0,23494,0.7973,0.7689,0.0676,0.5812,465,True
NA,Methylprednisolone succinate,0.05,20642,2.4781,0.8418,-0.0159,-0.0396,245,True
NA,Mitoxantrone (dihydrochloride),5.0,23352,0.8148,1.3368,0.073,0.3203,670,True
NA,Naproxen,0.05,18291,0.7354,0.8885,0.0107,-0.3072,55,True
NA,Naproxen,0.5,20907,0.8004,0.7685,0.0038,-0.113,68,True
NA,Naproxen,5.0,19067,0.7842,0.8246,-0.0105,-0.6288,66,True
NA,Neratinib (maleate),5.0,22595,0.8521,0.7796,0.1013,0.6191,590,True
NA,Norepinephrine (hydrochloride),5.0,22517,0.8148,0.7842,0.0784,0.5669,470,True
NA,Olanzapine,5.0,23106,0.8198,0.7685,0.0793,0.6786,591,True
NA,PF-06260933,0.05,21024,2.0656,0.801,-0.0412,-0.1548,462,True
NA,Palmatine (chloride),5.0,22624,0.7931,0.753,0.087,0.6814,396,True
NA,Pasireotide (acetate),5.0,23219,0.8516,0.7312,0.1149,0.6853,846,True
NA,Pentagastrin,5.0,23694,0.8261,0.6958,0.0566,0.5452,285,True
NA,Pentamidine (isethionate),0.5,20100,0.8715,0.7379,0.0406,-0.0904,196,True
NA,Pentamidine (isethionate),5.0,23083,0.7987,0.8153,0.0714,0.6472,588,True
NA,Pralsetinib,0.05,21711,0.7802,0.8159,0.018,0.21,1395,True
NA,Pravastatin (sodium),0.05,18342,0.7782,0.8437,0.0321,-0.0753,98,True
NA,Pravastatin (sodium),0.5,20381,0.8503,0.7326,0.0327,0.1859,250,True
NA,Pravastatin (sodium),5.0,19311,0.8831,0.7965,-0.0482,-0.3767,450,True
NA,Pyridoxine,5.0,22623,0.8087,0.7657,0.0596,0.5109,460,True
NA,Pyridoxine (hydrochloride),5.0,23093,0.8431,0.7042,0.0818,0.6413,563,True
NA,Quinestrol,5.0,23164,0.8016,0.7583,0.0779,0.6919,345,True
NA,Radotinib,5.0,22499,0.8418,0.8322,0.1427,0.7329,905,True
NA,Ralimetinib dimesylate,0.05,20834,2.5122,0.8197,0.0224,0.0961,245,True
NA,Raltitrexed,5.0,23612,0.8261,0.6971,0.0627,0.8092,277,True
NA,Rapamycin,5.0,23140,0.8344,0.7836,0.0729,0.5448,719,True
NA,Regorafenib,0.05,21917,0.7338,0.8113,0.0046,-0.0899,720,True
NA,Regorafenib,0.5,21431,0.8698,0.6257,0.0137,-0.3455,77,True
NA,Regorafenib,5.0,19186,0.7582,0.9304,-0.0039,-0.257,85,True
NA,Relugolix,5.0,23301,0.7983,0.6796,0.035,0.6839,190,True
NA,Resveratrol,5.0,22242,0.8674,0.7441,0.1084,0.4989,645,True
NA,Retinoic acid,5.0,23545,0.8191,0.7434,0.0553,0.6907,484,True
NA,Riluzole hydrochloride,5.0,23507,0.8199,0.7807,0.0775,0.6753,840,True
NA,Rimonabant,5.0,23075,0.8063,0.7386,0.0771,0.6738,387,True
NA,Ritonavir,5.0,22655,0.8117,0.8046,0.095,0.6067,467,True
NA,Ropivacaine (hydrochloride monohydrate),5.0,22541,0.7967,0.7495,0.0891,0.737,455,True
NA,S-Adenosyl-L-methionine (disulfate tosylate),5.0,23052,0.8256,0.7864,0.1068,0.8186,468,True
NA,Salicylic acid,5.0,23181,0.7896,0.8417,0.0663,0.661,411,True
NA,Saquinavir,5.0,21808,0.8312,0.8692,0.1781,0.5147,478,True
NA,Selinexor ,5.0,22358,0.9448,0.7906,0.191,0.7136,1393,True
NA,Sinomenine,5.0,22661,0.8238,0.7426,0.092,0.626,378,True
NA,Sodium Salicylate,5.0,23446,0.8193,0.7934,0.0642,0.476,694,True
NA,Sonidegib,0.05,21353,2.4861,0.8065,-0.0303,-0.0868,222,True
NA,Sulfisoxazole,0.5,20145,0.9252,0.7745,0.0841,0.1693,565,True
NA,Sulfisoxazole,5.0,22884,0.8149,0.7776,0.1101,0.6283,298,True
NA,Temsirolimus,5.0,22800,0.8076,0.7947,0.0811,0.8284,338,True
NA,Terfenadine,0.5,19488,0.8669,0.7549,0.0622,-0.0798,325,True
NA,Terfenadine,5.0,22714,0.8058,0.785,0.1173,0.6975,428,True
NA,Thymol,5.0,22518,0.8234,0.7566,0.0937,0.5342,727,True
NA,Tofacitinib,5.0,22733,0.8299,0.7724,0.1003,0.5721,496,True
NA,Tofacitinib (citrate),5.0,22950,0.8111,0.7556,0.0945,0.7383,366,True
NA,Tolcapone,5.0,23179,0.8019,0.7565,0.0722,0.7418,249,True
NA,Topotecan (hydrochloride),0.05,18276,0.7311,0.9025,-0.0053,-0.0756,183,True
NA,Topotecan (hydrochloride),0.5,20832,0.8001,0.9102,-0.0478,-0.5717,110,True
NA,Topotecan (hydrochloride),5.0,18958,0.7991,1.0449,-0.0266,-0.0601,110,True
NA,Trametinib,0.05,22322,0.7728,0.8003,0.1209,0.5249,839,True
NA,Trametinib,0.5,23505,0.8198,0.8381,0.0997,0.5618,745,True
NA,Trametinib,5.0,21109,0.7725,1.0158,0.0886,0.5547,2021,True
NA,Triamcinolone,5.0,22829,0.8656,0.8432,0.1424,0.6108,891,True
NA,Triclosan,5.0,23022,0.8221,0.7741,0.0933,0.6804,475,True
NA,Trifluridine,5.0,22570,0.7919,0.7609,0.0771,0.5805,271,True
NA,Trimetrexate,5.0,22561,0.8273,0.8217,0.1143,0.6203,351,True
NA,Tucidinostat,5.0,23738,0.882,1.106,0.2501,0.785,1431,True
NA,Vilanterol,5.0,22432,0.8025,0.7946,0.1082,0.7271,411,True
NA,Vinblastine (sulfate),5.0,22577,0.8082,0.859,0.1152,0.5964,457,True
NA,c-Kit-IN-1,0.05,20857,2.598,0.9186,0.0472,0.1662,223,True
NA,olaparib,0.05,21149,3.3632,0.8263,0.0387,-0.0092,5782,True
